IsolateID	IsolateName	3TC	ABC	AZT	D4T	DDI	TDF	NRTIDRMs	Mutation_List
9918	CA9918	200.0	4.6	0.6	1.0	1.6		M184V	['M184V']
3832	CA3832	200.0	8.8	3.2	1.9	2.1		M41L, L74LV, M184V, L210W, T215Y	['M41L', 'L74LV', 'M184V', 'L210W', 'T215Y']
10464	CA10464	200.0	14.0	307	6.4	2.7		M41L, E44A, D67N, T69D, M184V, L210W, T215Y	['M41L', 'E44A', 'D67N', 'T69D', 'M184V', 'L210W', 'T215Y']
9928	CA9928	200.0	6.7	6.5	1.6	1.4		M41L, M184V, T215Y	['M41L', 'M184V', 'T215Y']
4372	CA4372	200.0	7.1	0.8	1.3	1.9		D67N, K70G, M184V, T215F, K219Q	['D67N', 'K70G', 'M184V', 'T215F', 'K219Q']
4391	CA4391	200.0	5.9	1.9	1.3	1.7		D67N, K70R, M184V, K219Q	['D67N', 'K70R', 'M184V', 'K219Q']
9912	CA9912	200.0	18.0	100	11.0	3.5		E40F, M41L, D67N, V75M, M184V, L210W, T215Y, K219Q	['E40F', 'M41L', 'D67N', 'V75M', 'M184V', 'L210W', 'T215Y', 'K219Q']
9945	CA9945	200.0	29.0	726	10.0	4.1		M41L, D67N, T69D, K70R, V75M, M184V, T215F, K219W	['M41L', 'D67N', 'T69D', 'K70R', 'V75M', 'M184V', 'T215F', 'K219W']
9916	CA9916	200.0	7.7	7.9	2.3	1.8		D67N, K70R, M184V, K219Q	['D67N', 'K70R', 'M184V', 'K219Q']
9944	CA9944	200.0	8.5	14	1.7	1.7		M41L, M184V, L210W, T215Y	['M41L', 'M184V', 'L210W', 'T215Y']
3871	CA3871	200.0	8.1	4.7	1.8	1.7		M41L, L74V, M184V, L210W, T215Y	['M41L', 'L74V', 'M184V', 'L210W', 'T215Y']
10474	CA10474	200.0	8.6	10	1.7	1.9		M41L, M184V, T215Y	['M41L', 'M184V', 'T215Y']
9919	CA9919	200.0	20.0	228	11.0	20.0		A62V, S68G, K70G, V75I, F77L, Y115F, F116Y, Q151M, M184V	['A62V', 'S68G', 'K70G', 'V75I', 'F77L', 'Y115F', 'F116Y', 'Q151M', 'M184V']
2633	CA2633	200.0	4.3	3.9	1.4	1.2		M41L, M184V, L210W, T215Y	['M41L', 'M184V', 'L210W', 'T215Y']
9435	CA9435	200.0	9.6	35	3.3	2.1		M41L, E44D, D67N, T69D, M184V, L210W, T215Y	['M41L', 'E44D', 'D67N', 'T69D', 'M184V', 'L210W', 'T215Y']
10470	CA10470	4.1	3.5	22	3.2	1.4		M41L, E44D, D67N, K70R, L74I, L210W, K219E	['M41L', 'E44D', 'D67N', 'K70R', 'L74I', 'L210W', 'K219E']
10499	CA10499	4.6	6.7	340	3.0	1.8		M41L, D67N, K70R, T215Y, K219Q	['M41L', 'D67N', 'K70R', 'T215Y', 'K219Q']
9949	41731906	200.0	4.8	0.5	0.8	1.5		M184V	['M184V']
10465	CA10465	200.0	7.7	4.4	1.7	1.5		M41L, E44D, M184V, L210W, T215Y	['M41L', 'E44D', 'M184V', 'L210W', 'T215Y']
9915	CA9915	200.0	9.9	100	3.9	2.1		M41L, E44D, D67N, M184V, L210W, T215Y, K219N	['M41L', 'E44D', 'D67N', 'M184V', 'L210W', 'T215Y', 'K219N']
11265	SD-5		4.0		1.0			M184V	['M184V']
11251	SD-16		1.0					K70R	['K70R']
11255	SD-13		5.0					M41L, S68SG, M184V, L210W, T215Y	['M41L', 'S68SG', 'M184V', 'L210W', 'T215Y']
11247	SD-18		2.0					D67N, K70R, M184V, K219Q	['D67N', 'K70R', 'M184V', 'K219Q']
11261	SD-7		5.0					L74V, M184V	['L74V', 'M184V']
11259	SD-10		3.0		1.0			M184V	['M184V']
11243	SD-20		4.0					M41L, M184V, T215Y	['M41L', 'M184V', 'T215Y']
11263	SD-6		4.0					D67G, S68G, K70R, M184V, K219Q	['D67G', 'S68G', 'K70R', 'M184V', 'K219Q']
11267	SD-2		7.0		2.7			M41L, M184V, L210W, T215Y	['M41L', 'M184V', 'L210W', 'T215Y']
11253	SD-14		5.0					M41L, L74I, M184V, L210W, T215Y	['M41L', 'L74I', 'M184V', 'L210W', 'T215Y']
11241	SD-21	1.0	1.0						[]
11245	SD-19		4.0					M41L, M184V, T215Y	['M41L', 'M184V', 'T215Y']
15465	P268	200.0		37	2.1	2.5		M41L, D67N, M184V, L210W, T215Y, K219Q	['M41L', 'D67N', 'M184V', 'L210W', 'T215Y', 'K219Q']
15058	nrti-10	22.0	16.0	1,000	13.0	3.0		M41L, A62V, T69S_SA, L210W, T215Y	['M41L', 'A62V', 'T69S_SA', 'L210W', 'T215Y']
15052	nrti-4	200.0	3.1	0.3	0.8	1.2		M184I	['M184I']
15479	P686	3.5		22	2.0	0.9		M41L, L210W, T215F	['M41L', 'L210W', 'T215F']
15049	nrti-1	2.0	2.6	11	1.5	0.9		M41L, T215Y	['M41L', 'T215Y']
15059	nrti-11	1.4	5.7	7.4	2.9	6.8		Q151M	['Q151M']
15060	nrti-12	200.0	29.0	307	12.0	18.0		A62V, V75I, F77L, F116Y, Q151M, M184V	['A62V', 'V75I', 'F77L', 'F116Y', 'Q151M', 'M184V']
15467	P372	200.0		2.8	1.5	1.2		D67N, T69D, K70R, M184V, K219Q	['D67N', 'T69D', 'K70R', 'M184V', 'K219Q']
15053	nrti-5	200.0	3.4	4.8	1.4	1.4		M41L, D67N, K70R, M184V, T215Y, K219Q	['M41L', 'D67N', 'K70R', 'M184V', 'T215Y', 'K219Q']
15050	nrti-2	3.0	2.8	55	1.9	0.9		M41L, D67N, K70R, T215Y, K219Q	['M41L', 'D67N', 'K70R', 'T215Y', 'K219Q']
15051	nrti-3	200.0	3.8	0.4	0.8	0.9		M184V	['M184V']
15463	P178	200.0		40	1.6	1.4		M41L, D67N, K70R, M184V, L210W, T215Y	['M41L', 'D67N', 'K70R', 'M184V', 'L210W', 'T215Y']
15475	P675	200.0			1.1	1.8		M41L, L74V, M184V, T215Y	['M41L', 'L74V', 'M184V', 'T215Y']
15056	nrti-8	2.6		1.1	0.9	1.8		L74V	['L74V']
15054	nrti-6	1.1	1.0	7.3	1.4	0.5		M41L, D67N, K70R, T215Y, K219Q	['M41L', 'D67N', 'K70R', 'T215Y', 'K219Q']
15473	P649	0.9		3.3	0.7	1.0		D67N, K219Q	['D67N', 'K219Q']
15469	P644	1.6		1.0	0.8	1.2			[]
15057	nrti-9	3.5		0.6	1.9	1.2		V75T	['V75T']
15055	nrti-7	12.0	2.6	0.4	1.7	1.8		K65R	['K65R']
15477	P682	200.0		21	2.8	1.5		M41L, D67N, M184V, L210W, T215Y	['M41L', 'D67N', 'M184V', 'L210W', 'T215Y']
82898	62-69-215	8.1	9.7	999	8.0	2.6		M41L, A62V, T69S_SA, T215Y	['M41L', 'A62V', 'T69S_SA', 'T215Y']
19034	41-184-215	200.0	6.9	1.7	1.3	1.3		M41L, M184V, T215Y	['M41L', 'M184V', 'T215Y']
19035	151-184	200.0	21.0	2.1	2.4	6.8		Q151M, M184V	['Q151M', 'M184V']
19772	SD-19_4	200.0	6.3	0.7	1.3	1.7		M41L, L74V, M184V, T215Y	['M41L', 'L74V', 'M184V', 'T215Y']
19750	SD-15_1	200.0	5.5	5.5	1.7	1.7		M41L, S68G, M184V, L210W, T215Y	['M41L', 'S68G', 'M184V', 'L210W', 'T215Y']
19760	SD-17_2	200.0	2.3	0.3	0.7	1.0		M184V	['M184V']
19784	SD-1_11	8.3	4.2	1,221	4.3	2.0		D67N, T69D, K70R, T215F, K219Q	['D67N', 'T69D', 'K70R', 'T215F', 'K219Q']
19806	SD-2_18	21.0	7.8	74	2.4	1.9		M41L, S68G, M184V, L210W, T215Y	['M41L', 'S68G', 'M184V', 'L210W', 'T215Y']
19744	SD-14_4	200.0	5.0	4.0	1.9	1.3		M41L, A62AV, L74I, M184V, L210W, T215Y	['M41L', 'A62AV', 'L74I', 'M184V', 'L210W', 'T215Y']
19810	SD-5_16	200.0	3.5	0.9	0.6	1.6		M184V	['M184V']
19726	SD-10_13	200.0	5.1	0.6	0.8	1.5		M184V	['M184V']
19770	SD-19_2	200.0	4.6	2.3	1.6	1.5		M41L, M184V, T215Y	['M41L', 'M184V', 'T215Y']
19764	SD-18_8	200.0	3.5	1.9	1.2	1.4		D67N, K70R, M184V, K219Q	['D67N', 'K70R', 'M184V', 'K219Q']
19820	SD-7_8	200.0	5.7	0.3	1.0	2.6		L74V, M184V	['L74V', 'M184V']
19780	SD-1_4	200.0	8.5	42	3.4	2.5		D67N, T69D, K70R, M184V, T215F, K219Q	['D67N', 'T69D', 'K70R', 'M184V', 'T215F', 'K219Q']
19804	SD-2_10	200.0	7.5	16	2.1	2.1		M41L, S68G, M184V, L210W, T215Y	['M41L', 'S68G', 'M184V', 'L210W', 'T215Y']
19730	SD-10_26	200.0	6.8	1.0	1.1	2.1		M184V, T215Y	['M184V', 'T215Y']
19812	SD-5_44	200.0	3.1	0.9	0.9	1.6		M184V	['M184V']
19758	SD-16_4	1.1	1.1	5.3	1.3	1.2		K70R	['K70R']
19786	SD-20_12	200.0	7.7	5.1	1.3	1.7		M41L, M184V, T215Y	['M41L', 'M184V', 'T215Y']
10626	CA10626	4.3	1.3	9.1	1.6	0.9	0.9	D67N, T69D, K70R, T215F, K219Q	['D67N', 'T69D', 'K70R', 'T215F', 'K219Q']
15983	CA15983	200.0	5.2	12	2.2	1.7	0.9	M41L, D67N, M184V, L210W, T215Y	['M41L', 'D67N', 'M184V', 'L210W', 'T215Y']
11732	CA11732	3.4	4.2	19	2.6	1.9	1.4	M41L, L74V, L210W, T215Y	['M41L', 'L74V', 'L210W', 'T215Y']
35533	CA35533	200.0	3.5	2.5	1.1	1.6		K70R	['K70R']
11961	CA11961	200.0	3.4	4.6	1.5	1.4	0.9	D67N, K70R, M184V, T215V, K219Q	['D67N', 'K70R', 'M184V', 'T215V', 'K219Q']
11193	CA11193	7.6	6.8	1,000	6.4	2.5	4.6	E40F, M41L, D67N, L210W, T215Y, K219N	['E40F', 'M41L', 'D67N', 'L210W', 'T215Y', 'K219N']
35545	CA35545	200.0	6.6	7.5	1.3	1.6		M41L, M184V, L210W, T215Y	['M41L', 'M184V', 'L210W', 'T215Y']
24202	CA24202	50.0	31.0	1,000	11.0	4.1	28.0	M41L, T69S_SS, L210W, T215Y	['M41L', 'T69S_SS', 'L210W', 'T215Y']
13897	CA13897	200.0	6.0	4.6	1.6	2.2	1.1	M41L, A62V, V75T, M184V, T215Y	['M41L', 'A62V', 'V75T', 'M184V', 'T215Y']
4364	CA4364	2.9	5.2	6.7	5.4	5.3	0.9	S68G, F116Y, Q151M	['S68G', 'F116Y', 'Q151M']
10967	CA10967	14.0	3.7	0.2	1.0	2.4	0.4	A62V, L74V, V75T	['A62V', 'L74V', 'V75T']
16903	CA16903	5.3	2.9	137	2.4	1.7	2.7	M41L, D67N, T215Y	['M41L', 'D67N', 'T215Y']
35535	CA35535	200.0	20.0	1,044	11.0	15.0		S68G, V75I, F77L, Y115F, F116Y, Q151M, M184V	['S68G', 'V75I', 'F77L', 'Y115F', 'F116Y', 'Q151M', 'M184V']
35549	CA35549	200.0	7.2	84	5.3	2.7		M41L, E44D, D67N, V75M, M184V, L210W, T215Y, K219N	['M41L', 'E44D', 'D67N', 'V75M', 'M184V', 'L210W', 'T215Y', 'K219N']
22661	DK-125	200.0	6.6	972	8.8	3.7		E40F, M41L, D67N, T69D, M184V, L210W, T215Y	['E40F', 'M41L', 'D67N', 'T69D', 'M184V', 'L210W', 'T215Y']
22813	DK-6905	200.0	5.9	83	2.7	2.3		M41L, D67N, K70R, M184V, T215F, K219E	['M41L', 'D67N', 'K70R', 'M184V', 'T215F', 'K219E']
22841	DK-8284	1.3	1.2	10	1.6	0.9		D67N, K70R, K219Q	['D67N', 'K70R', 'K219Q']
22701	DK-1584	8.8	3.2	0.6	1.6	2.3		K65R, S68G	['K65R', 'S68G']
22711	DK-2194	1.0	0.9	1.2	1.1	1.1			[]
22817	DK-7205	200.0	6.0	4.5	3.0	2.2		M41L, E44D, D67N, V75VA, M184V, L210W, T215Y	['M41L', 'E44D', 'D67N', 'V75VA', 'M184V', 'L210W', 'T215Y']
22739	DK-3484	200.0	2.1	0.9	0.8	1.2		K70KR, M184V	['K70KR', 'M184V']
22707	DK-1894	200.0	4.2	2.0	1.7	1.8		D67N, T69ND, K70R, M184V, T215F, K219Q	['D67N', 'T69ND', 'K70R', 'M184V', 'T215F', 'K219Q']
22837	DK-7984	3.0	3.1	199	2.6	1.7		M41L, L210W, T215Y	['M41L', 'L210W', 'T215Y']
22759	DK-4305	200.0	6.7	6.3	2.1	2.5		M41L, D67N, T69D, M184V, T215Y	['M41L', 'D67N', 'T69D', 'M184V', 'T215Y']
22881	DK-9884	200.0	6.6	15	3.2	2.5		M41L, D67N, L74I, M184V, L210W, T215Y, K219Q	['M41L', 'D67N', 'L74I', 'M184V', 'L210W', 'T215Y', 'K219Q']
22827	DK-7515	0.9	0.7	0.9	0.8	1.1			[]
22879	DK-9584	200.0	6.7	2.3	1.6	2.3		M41L, M184V, T215F	['M41L', 'M184V', 'T215F']
22695	DK-1115	200.0	6.7	26	3.3	2.3		M41L, E44D, D67N, T69D, M184V, L210W, T215Y	['M41L', 'E44D', 'D67N', 'T69D', 'M184V', 'L210W', 'T215Y']
22741	DK-3494	200.0	6.3	13	1.7	1.5		M184V, T215Y	['M184V', 'T215Y']
22761	DK-4315	200.0	7.0	33	1.9	1.9		M41L, E44ED, S68G, M184V, L210W, T215Y	['M41L', 'E44ED', 'S68G', 'M184V', 'L210W', 'T215Y']
22673	DK-505	200.0	11.0	27	4.9	2.0		M41L, E44D, T69D, M184V, L210W, T215Y, K219R	['M41L', 'E44D', 'T69D', 'M184V', 'L210W', 'T215Y', 'K219R']
22683	DK-815	7.1	6.6	575	4.3	1.9		M41L, E44D, D67N, V75M, L210W, T215Y	['M41L', 'E44D', 'D67N', 'V75M', 'L210W', 'T215Y']
22727	DK-3025	200.0	3.8	2.0	1.4	1.6		M41L, A62AV, M184V, T215Y	['M41L', 'A62AV', 'M184V', 'T215Y']
22745	DK-3705	3.5	3.0	64	2.2	1.5		M41L, D67N, T215Y	['M41L', 'D67N', 'T215Y']
22753	DK-4094	3.3	3.5	121	2.3	1.3		M41L, D67N, K70R, T215F, K219E	['M41L', 'D67N', 'K70R', 'T215F', 'K219E']
22853	DK-8805	200.0	9.2	43	3.9	2.3		M41L, E44D, D67N, T69D, M184V, L210W, T215Y	['M41L', 'E44D', 'D67N', 'T69D', 'M184V', 'L210W', 'T215Y']
22807	DK-6684	200.0	5.0	11	2.4	2.6		M41L, E44ED, D67N, K70R, M184V, L210W, T215Y, K219E	['M41L', 'E44ED', 'D67N', 'K70R', 'M184V', 'L210W', 'T215Y', 'K219E']
22797	DK-6215	5.4	3.7	76	1.9	2.0		M41ML, D67N, K70R, T215Y	['M41ML', 'D67N', 'K70R', 'T215Y']
22719	DK-2415	200.0	5.1	20	3.1	2.1		M41L, D67N, M184V, L210W, T215Y, K219KE	['M41L', 'D67N', 'M184V', 'L210W', 'T215Y', 'K219KE']
22799	DK-6225	200.0	4.6	23	1.8	1.5		M41L, D67N, K70R, M184V, T215F, K219Q	['M41L', 'D67N', 'K70R', 'M184V', 'T215F', 'K219Q']
22721	DK-2715	4.8	3.6	175	5.1	1.6		M41L, E44D, D67N, V75M, L210W, T215Y	['M41L', 'E44D', 'D67N', 'V75M', 'L210W', 'T215Y']
22863	DK-9115	200.0	7.7	0.8	1.4	2.1		D67N, K70G, M184V, T215F, K219Q	['D67N', 'K70G', 'M184V', 'T215F', 'K219Q']
22709	DK-2105	1.0	0.8	1.2	1.0	1.1			[]
22839	DK-8125	200.0	7.9	6.4	2.2	1.8		M41L, E44EA, M184V, L210W, T215Y	['M41L', 'E44EA', 'M184V', 'L210W', 'T215Y']
22667	DK-294	200.0	3.3	0.3	0.9	1.6		M41L, A62AV, K70KT, V75I, M184V	['M41L', 'A62AV', 'K70KT', 'V75I', 'M184V']
22819	DK-7294	200.0	4.4	0.7	0.9	1.7		M184V	['M184V']
22861	DK-9105	200.0	4.6	0.5	0.9	1.6		M184V	['M184V']
22675	DK-594	2.2	1.6	7.9	1.7	1.2		D67N, K70R, T215I, K219Q	['D67N', 'K70R', 'T215I', 'K219Q']
22835	DK-7974	4.4	2.3	119	3.6	1.6		M41L, E44D, D67N, L210W, T215Y	['M41L', 'E44D', 'D67N', 'L210W', 'T215Y']
22717	DK-2405	200.0	3.3	0.6	0.8	1.7		M184V	['M184V']
22735	DK-3184	3.2	2.5	108	3.0	1.9		M41L, E44D, S68SG, L210W, T215Y	['M41L', 'E44D', 'S68SG', 'L210W', 'T215Y']
22805	DK-6384	1.9	2.0	29	2.0	1.5		M41L, T215Y, K219KQ	['M41L', 'T215Y', 'K219KQ']
22725	DK-3015	200.0	4.0	1.2	1.1	1.4		D67N, K70R, M184V	['D67N', 'K70R', 'M184V']
22825	DK-7505	200.0	5.1	17	1.8	1.8		M41L, D67N, M184V, T215Y	['M41L', 'D67N', 'M184V', 'T215Y']
22779	DK-5605	200.0	4.9	13	1.7	2.2		M41L, D67DN, K70R, M184V, T215Y	['M41L', 'D67DN', 'K70R', 'M184V', 'T215Y']
22775	DK-5394	200.0	9.0	12	1.9	1.7		M41L, M184V, T215Y	['M41L', 'M184V', 'T215Y']
22831	DK-7815	9.0	6.6	6.6	8.8	5.4		D67N, K70G, F116Y, Q151M, L210LW, T215Y	['D67N', 'K70G', 'F116Y', 'Q151M', 'L210LW', 'T215Y']
23199	KZ-CID2	3.9	2.1	36	1.7	0.7		D67N, K70R, T215Y, K219Q	['D67N', 'K70R', 'T215Y', 'K219Q']
26679	157948	1.1	0.9	0.6	0.8	0.9			[]
26707	207317	1.2	0.8	1.7	1.2	1.1			[]
26699	218297	1.1	1.1	0.6	0.9	1.0			[]
26697	218296	1.3	1.1	1.0	1.0	1.1			[]
26703	184442	1.2	0.8	0.5	0.7	0.7			[]
26711	194429	2.1	0.6	0.6	1.3	1.2		A62V, L210W, T215D	['A62V', 'L210W', 'T215D']
26639	194933	1.4	0.8	1.1	1.2	1.2		L210W	['L210W']
26659	211746	1.0	0.8	1.0	1.2	1.2			[]
26645	214124	1.2	1.1	0.6	1.0	0.9			[]
26675	202511	1.3	0.7	1.4	1.0	0.9		K70R	['K70R']
26689	212172	1.7	0.9	2.8	1.4	1.2			[]
26691	217476	200.0	2.9	0.4	0.7	1.5		M184V	['M184V']
26665	160624	0.9	0.8	0.8	0.7	1.0			[]
26655	212366	4.7	5.1	100	2.6	1.3		D67N, L210W, T215Y	['D67N', 'L210W', 'T215Y']
26649	218805	1.1	1.0	0.9	1.1	1.0			[]
26701	216113	0.9	0.8	0.4	0.7	0.8			[]
26695	212280	1.2	0.9	0.9	0.9	0.9			[]
26705	210844	1.0	0.7	0.7	1.0	1.1			[]
26661	206078	2.0	0.7	1.2	1.2	1.1		D67N, T215L, K219Q	['D67N', 'T215L', 'K219Q']
26709	163230	0.9	0.7	0.6	0.8	0.7			[]
26641	184052	1.1	1.0	1.1	1.0	1.0			[]
26713	214467	1.3	1.4	1.0	1.1	1.3			[]
26671	150755	1.2	1.6	0.9	1.1	0.9			[]
26647	157091	1.1	0.8	0.8	0.8	1.0			[]
26673	196705	1.3	1.0	0.8	1.1	1.1			[]
26667	160480	2.0	1.7	12	2.1	1.2		M41L, T215Y	['M41L', 'T215Y']
26687	217474	200.0	2.5	0.2	0.8	1.3		M184V	['M184V']
26643	211183	0.8	0.9	0.7	0.8	0.8			[]
26657	150281	1.1	1.4	0.7	1.1	0.9			[]
26683	208547	200.0	1.9	0.7	1.0	1.7		M184V	['M184V']
26681	222221	1.1	0.7	0.8	1.2	1.3			[]
26677	215566	4.7	1.9	7.3	1.7	1.8		D67N, T69D, T215Y, K219N	['D67N', 'T69D', 'T215Y', 'K219N']
26693	207692	1.0	0.8	1.1	0.9	1.0			[]
35531	CA35531	1.0	1.5	1.5	1.3	1.2		M41L, L74V, T215Y	['M41L', 'L74V', 'T215Y']
34671	CA34671	1.5	1.0	0.4	0.8	1.0	0.6	K219N	['K219N']
13105	CA13105	200.0	4.9	0.2	0.7	2.0	0.3	S68G, L74V, M184V, K219E	['S68G', 'L74V', 'M184V', 'K219E']
35553	CA35553	200.0	5.8	8.1	2.0	2.0		M41L, M184V, T215F	['M41L', 'M184V', 'T215F']
7970	CA7970	200.0	4.2	1.5	1.2	1.3	0.9	A62V, T69S_SS, K70R, M184V	['A62V', 'T69S_SS', 'K70R', 'M184V']
12495	CA12495	25.0	9.6	1,000	6.7	2.3	8.9	M41L, E44D, D67N, L210W, T215Y, K219KR	['M41L', 'E44D', 'D67N', 'L210W', 'T215Y', 'K219KR']
9129	CA9129	200.0	5.5	29	2.0	1.5		D67N, K70R, M184V, T215F, K219Q	['D67N', 'K70R', 'M184V', 'T215F', 'K219Q']
29298	ALD-pt13	2.4	2.3	40	1.7	0.8		L210W, T215Y	['L210W', 'T215Y']
29310	ALD-pt16	200.0	8.4	29	2.5	1.6		M41L, D67N, M184V, L210W, T215Y	['M41L', 'D67N', 'M184V', 'L210W', 'T215Y']
29288	ALD-pt5	0.7	0.7	1.4	1.0	0.8			[]
29292	ALD-pt6	200.0	4.0	5.7	1.4	1.2		M41L, M184V, L210W, T215Y	['M41L', 'M184V', 'L210W', 'T215Y']
29282	ALD-pt1	17.0	31.0	224	15.0	4.0		M41L, D67E, T69S_SG, K70R, V75M, T215Y	['M41L', 'D67E', 'T69S_SG', 'K70R', 'V75M', 'T215Y']
29306	ALD-pt15	200.0	5.1	7.6	1.4	1.5		M41L, S68G, M184V, T215Y	['M41L', 'S68G', 'M184V', 'T215Y']
29302	ALD-pt14	200.0	7.7	3.9	1.1	1.3		M41L, E44D, A62AV, M184V, T215Y	['M41L', 'E44D', 'A62AV', 'M184V', 'T215Y']
29290	ALD-pt11	200.0	4.9	5.1	1.8	1.6		M41L, M184V, L210LW, T215Y	['M41L', 'M184V', 'L210LW', 'T215Y']
29286	ALD-pt3	2.3	1.3	11	1.7	1.3		T215Y	['T215Y']
29304	ALD-pt9	200.0	14.0	8.0	3.8	2.9		M41L, D67N, K70R, L74I, V75S, M184V, T215F, K219Q	['M41L', 'D67N', 'K70R', 'L74I', 'V75S', 'M184V', 'T215F', 'K219Q']
29284	ALD-pt2	1.0	0.7	1.3	1.1	1.1			[]
29312	ALD-pt17	11.0	5.8	262	6.1	2.4		M41L, E44D, D67N, V75M, L210W, T215Y	['M41L', 'E44D', 'D67N', 'V75M', 'L210W', 'T215Y']
29300	ALD-pt8	15.0	4.0	8.0	2.0	1.3		M41L, E44A, D67N, K70R, V75M, M184V, T215Y	['M41L', 'E44A', 'D67N', 'K70R', 'V75M', 'M184V', 'T215Y']
29294	ALD-pt12	0.9	0.7	0.8	0.8	0.6			[]
35460	WAC-1	200.0	24.0	2,400	9.0	4.4	3.8	M41L, A62V, T69S_SA, L74V, M184V, L210W, T215Y	['M41L', 'A62V', 'T69S_SA', 'L74V', 'M184V', 'L210W', 'T215Y']
35470	WAC-8	2.8	1.6	83	3.2	0.8	2.1	D67N, T69D, K70R, T215F, K219Q	['D67N', 'T69D', 'K70R', 'T215F', 'K219Q']
35478	WAC-15	200.0	2.5	1.7	1.3	1.2	0.6	M41L, E44D, D67N, M184V, L210W, T215Y, K219E	['M41L', 'E44D', 'D67N', 'M184V', 'L210W', 'T215Y', 'K219E']
35464	WAC-5	200.0	3.2	5.5	1.0	1.2	1.0	M41L, M184V, T215Y	['M41L', 'M184V', 'T215Y']
35472	WAC-10	200.0	6.1	34	1.7	1.6	1.8	M41L, D67N, K70R, M184V, T215Y, K219E	['M41L', 'D67N', 'K70R', 'M184V', 'T215Y', 'K219E']
35468	WAC-7	7.8	6.6	2,400	6.9	2.3	5.6	M41L, D67N, L210W, T215Y	['M41L', 'D67N', 'L210W', 'T215Y']
35476	WAC-13	4.2	2.3	241	2.3	1.1	2.5	M41L, D67N, V75M, L210W, T215Y	['M41L', 'D67N', 'V75M', 'L210W', 'T215Y']
35462	WAC-3	200.0	15.0	244	11.0	20.0	0.9	A62V, V75I, F77L, F116Y, Q151M, M184V	['A62V', 'V75I', 'F77L', 'F116Y', 'Q151M', 'M184V']
35474	WAC-11	200.0	2.7	0.5	0.7	1.3	0.5	M184V	['M184V']
35466	WAC-6	7.0	4.1	2,400	3.3	1.7	4.7	D67N, T69D, K70R, T215F, K219Q	['D67N', 'T69D', 'K70R', 'T215F', 'K219Q']
17367	CA17367	12.0	14.0	380	6.2	2.9	6.6	M41ML, T69S_SG, V75M, L210W, T215Y	['M41ML', 'T69S_SG', 'V75M', 'L210W', 'T215Y']
24573	CA24573	200.0	5.1	12	1.7	1.4	1.5	M41L, D67N, V75M, M184V, L210W, T215Y	['M41L', 'D67N', 'V75M', 'M184V', 'L210W', 'T215Y']
24633	CA24633	200.0	9.7	8.0	2.6	2.1	0.8	M41L, L74V, M184V, L210W, T215F	['M41L', 'L74V', 'M184V', 'L210W', 'T215F']
16447	CA16447	1.3	2.3	1.9	2.4	3.0	0.7	Q151M	['Q151M']
36826	MM-01A	9.7	2.3	0.4	1.6	1.6	1.7	K65R	['K65R']
36827	MM-01B	9.0	2.4	0.6	1.8	1.6	1.9	K65R, S68G	['K65R', 'S68G']
36828	MM-01C	6.3	1.6	0.5	1.4	1.3	1.8	A62V, K65R	['A62V', 'K65R']
37039	NTP-01	200.0	5.5	1.3	1.3	2.5	0.6	M41L, D67N, T69D, L74V, M184V, T215Y	['M41L', 'D67N', 'T69D', 'L74V', 'M184V', 'T215Y']
37041	NTP-03	8.2	3.6	0.2	1.6	1.5	1.2	K65R, T69D, K70R	['K65R', 'T69D', 'K70R']
37040	NTP-02	200.0	4.5	3.1	1.5	1.5	0.8	M184V, L210W, T215Y, K219N	['M184V', 'L210W', 'T215Y', 'K219N']
42566	65.74.184	200.0	12.0	0.3	1.2	6.7	0.9	K65R, L74V, M184V	['K65R', 'L74V', 'M184V']
42563	HX-65.184	200.0	10.0	0.3	1.0	3.6	1.2	K65R, M184V	['K65R', 'M184V']
42561	HX-115	1.6	2.8	0.9	0.8	0.8	1.3	Y115F	['Y115F']
42565	HX-115.184	200.0	9.8	0.7	0.9	2.0	0.9	Y115F, M184V	['Y115F', 'M184V']
42558	HX	1.0	0.9	0.8	0.8	0.8	0.9		[]
42562	HX-184	200.0	3.9	0.3	0.9	1.4	0.5	M184V	['M184V']
42560	HX-74	1.6	2.1	0.4	1.1	1.5	0.6	L74V	['L74V']
42564	HX-74.184	200.0	8.5	0.3	0.9	2.4	0.4	L74V, M184V	['L74V', 'M184V']
42559	HX-65	9.7	3.0	0.5	1.8	2.1	2.1	K65R	['K65R']
46877	A0247	200.0	6.1	3.9	1.4	1.3		M41L, M184V, T215F	['M41L', 'M184V', 'T215F']
46647	A0131	200.0	4.7	2.4	1.3	1.4		M41L, S68G, M184V, T215Y	['M41L', 'S68G', 'M184V', 'T215Y']
46417	A0016	200.0	2.1	0.4	0.7	1.2		M184V	['M184V']
46559	A0087	200.0	3.8	0.9	0.7	1.6		M184V	['M184V']
46449	A0032	200.0	3.1	0.8	0.9	1.2		K70R, M184V	['K70R', 'M184V']
46565	A0090	200.0	3.6	0.6	0.8	1.4		K70R, M184V	['K70R', 'M184V']
47003	A0311	200.0	3.4	0.6	0.7	1.4		M184V	['M184V']
47145	A0384	200.0	5.7	2.7	1.4	1.5		M184V, T215Y	['M184V', 'T215Y']
47107	A0364	200.0	2.8	0.5	0.8	1.3		M184V	['M184V']
47131	A0377	200.0	4.1	0.7	0.9	1.5		M184V	['M184V']
46663	A0139	200.0	4.0	1.0	0.9	1.3		M184V	['M184V']
46843	A0230	1.1	1.1	1.2	1.0	0.9		S68G	['S68G']
46965	A0291	200.0	3.7	0.7	1.0	1.8		M184V	['M184V']
46699	A0158	200.0	2.7	0.7	0.7	1.3		S68N, M184V, T215D	['S68N', 'M184V', 'T215D']
46729	A0173	200.0	3.7	0.5	0.7	1.1		M184V	['M184V']
46469	A0042	200.0	6.8	6.2	1.5	1.6		M41L, M184V, T215Y	['M41L', 'M184V', 'T215Y']
47123	A0373	200.0	5.2	4.6	1.7	1.3		M41L, S68G, M184V, L210LW, T215Y	['M41L', 'S68G', 'M184V', 'L210LW', 'T215Y']
46715	A0166	200.0	3.2	0.5	0.7	1.2		M184V	['M184V']
46853	A0235	200.0	3.1	0.7	0.7	1.0		M184V	['M184V']
46709	A0163	200.0	3.7	0.9	0.8	1.3		M184V	['M184V']
47045	A0332	200.0	4.3	1.3	1.1	1.6		M184V, T215Y	['M184V', 'T215Y']
46783	A0200	200.0	3.0	0.4	0.7	1.2		M184V	['M184V']
46817	A0217	200.0	3.6	0.4	0.7	1.4		M184V	['M184V']
46515	A0065	200.0	7.1	21	2.0	1.5		M41L, M184V, L210W, T215Y	['M41L', 'M184V', 'L210W', 'T215Y']
46925	A0271	1.1	1.0	0.8	1.1	0.9			[]
46427	A0021	200.0	3.3	0.8	0.7	1.2		K70R, M184V	['K70R', 'M184V']
46397	A0006	200.0	1.7	0.3	0.6	1.1		M184V	['M184V']
46951	A0284	200.0	2.2	0.9	0.6	0.8		K70R, M184V	['K70R', 'M184V']
46535	A0075	200.0	4.0	0.9	0.7	1.3		M184V	['M184V']
46763	A0190	200.0	4.3	0.5	0.7	1.4		K70R, M184V	['K70R', 'M184V']
46937	A0277	200.0	3.3	0.4	0.7	1.4		M184V	['M184V']
46621	A0118	200.0	4.2	1.0	1.0	1.6		M184V	['M184V']
46605	A0110	200.0	4.3	0.8	0.9	1.4		M41L, M184V	['M41L', 'M184V']
46615	A0115	200.0	11.0	8.0	4.3	7.1		D67N, F77L, F116FY, Q151M, M184V	['D67N', 'F77L', 'F116FY', 'Q151M', 'M184V']
46543	A0079	200.0	2.9	0.3	0.7	1.3		M184V	['M184V']
46887	A0252	0.9	0.9	1.3	1.0	0.9			[]
46859	A0238	200.0	3.1	0.6	0.8	1.2		M184V	['M184V']
46637	A0126	200.0	2.7	0.6	0.7	1.2		M184V	['M184V']
46771	A0194	200.0	4.0	0.6	0.9	1.4		M184V	['M184V']
47179	A0401	200.0	3.5	0.4	0.6	1.3		M184V	['M184V']
47021	A0320	200.0	2.2	0.3	0.6	1.1		M184V	['M184V']
46679	A0147	200.0	2.5	0.7	0.4	1.3		K70R, M184V	['K70R', 'M184V']
47067	A0343	200.0	3.6	0.8	0.9	1.5		M184V	['M184V']
46675	A0145	200.0	4.4	0.6	0.8	1.9		S68G, M184V	['S68G', 'M184V']
26633	4676-2	200.0	5.0	3.6	1.6	1.6	1.2	M41L, M184V, L210W, T215Y	['M41L', 'M184V', 'L210W', 'T215Y']
26636	7295-2	200.0	5.5	3.1	1.8	1.8	0.8	D67N, K70R, M184V, T215F, K219Q	['D67N', 'K70R', 'M184V', 'T215F', 'K219Q']
37237	1666-4	0.8	0.6	0.7	0.8	0.9	0.6		[]
26625	883-3	200.0	8.4	59	5.4	3.3	1.7	E40F, M41L, D67N, M184V, L210W, T215Y	['E40F', 'M41L', 'D67N', 'M184V', 'L210W', 'T215Y']
26608	29129-2	200.0	6.0	30	2.2	1.7	1.6	M41L, D67N, M184V, L210W, T215Y	['M41L', 'D67N', 'M184V', 'L210W', 'T215Y']
26629	50680-2	0.8	0.8	30	1.4	0.8	1.4	D67N, K70R, T215F, K219Q	['D67N', 'K70R', 'T215F', 'K219Q']
26619	53147-24	22.0	6.0	0.4	0.9	1.8	1.5	K65R, Y115F	['K65R', 'Y115F']
37240	48511-11	64.0	11.0	101	20.0	22.0	4.9	A62V, K65R, S68G, V75I, F77L, Q151M	['A62V', 'K65R', 'S68G', 'V75I', 'F77L', 'Q151M']
26602	7542-1	200.0	4.6	5.2	2.3	1.4	1.2	M41L, M184V, L210W, T215Y	['M41L', 'M184V', 'L210W', 'T215Y']
26609	4675-1	200.0	6.4	4.9	2.2	1.6	1.0	D67N, M184V, L210W, T215Y, K219R	['D67N', 'M184V', 'L210W', 'T215Y', 'K219R']
26622	49110-3	5.9	3.4	154	2.4	1.4	3.0	D67N, K70R, T215F, K219Q	['D67N', 'K70R', 'T215F', 'K219Q']
26613	5531-2	200.0	7.7	113	3.0	1.9	2.4	M41L, E44D, D67N, K70R, M184V, L210W, T215Y, K219Q	['M41L', 'E44D', 'D67N', 'K70R', 'M184V', 'L210W', 'T215Y', 'K219Q']
26612	5531-1	200.0	7.7	139	2.9	1.8	2.5	M41L, E44D, D67N, K70R, M184V, L210W, T215Y, K219Q	['M41L', 'E44D', 'D67N', 'K70R', 'M184V', 'L210W', 'T215Y', 'K219Q']
26624	41779-2	3.0	5.0	9.5	7.1	8.1	1.4	F116Y, Q151M	['F116Y', 'Q151M']
26595	4463-1	1.1	1.1	1.1	1.0	1.0	1.2		[]
26638	10076-4	200.0	3.8	6.3	1.6	1.6	1.3	M41L, M184V, T215Y	['M41L', 'M184V', 'T215Y']
26628	50680-1	0.9	0.9	35	1.1	0.7	1.2	D67N, K70R, T215F, K219Q	['D67N', 'K70R', 'T215F', 'K219Q']
26604	7542-7	200.0	4.8	1.9	2.0	1.7	0.8	M41L, D67G, M184V, L210W, T215Y	['M41L', 'D67G', 'M184V', 'L210W', 'T215Y']
37238	3496-3	200.0	4.6	0.7	1.0	1.9	0.4	M184V, T215Y	['M184V', 'T215Y']
26597	7324-2	2.0	2.3	102	2.2	1.2	2.8	D67N, S68G, K70R, T215F, K219E	['D67N', 'S68G', 'K70R', 'T215F', 'K219E']
37241	7303-4	10.0	7.3	2,400	7.1	2.4	6.1	M41L, E44D, D67N, T69D, L210W, T215Y	['M41L', 'E44D', 'D67N', 'T69D', 'L210W', 'T215Y']
26621	49110-1	4.3	2.8	177	2.0	1.2	3.5	D67N, K70R, T215I, K219Q	['D67N', 'K70R', 'T215I', 'K219Q']
37239	4463-4	200.0	3.7	1.1	1.3	1.4	0.6	M184V, T215Y	['M184V', 'T215Y']
26603	7542-3	200.0	3.4	11	2.5	1.8	1.3	M41L, V75A, M184V, L210W, T215Y	['M41L', 'V75A', 'M184V', 'L210W', 'T215Y']
26630	6560-3	200.0	6.5	7.7	1.5	1.7	1.1	D67N, K70R, M184V, T215F, K219Q	['D67N', 'K70R', 'M184V', 'T215F', 'K219Q']
37236	819-10	200.0	6.9	9.9	2.0	1.8	1.2	M41L, D67N, T69G, M184V, L210W, T215Y	['M41L', 'D67N', 'T69G', 'M184V', 'L210W', 'T215Y']
26637	7295-3	200.0	6.8	33	2.3	1.9	1.4	M41L, D67N, K70R, M184V, T215F, K219Q	['M41L', 'D67N', 'K70R', 'M184V', 'T215F', 'K219Q']
48754	110728	0.6	0.6	0.6	1.0	0.9	0.8	K70KR	['K70KR']
48764	320392	0.8	0.7	1.0	0.9	0.9	1.0		[]
48761	120904	1.6	1.5	15	1.4	0.9	1.4	T215Y	['T215Y']
48747	070261	1.2	1.3	22	1.3	0.8	1.3	L210W, T215Y	['L210W', 'T215Y']
48757	110742	1.0	0.9	1.1	1.1	0.9	1.0		[]
48746	050657	1.0	1.2	0.9	1.2	1.0	1.2		[]
48753	110397	1.2	1.0	6.7	1.6	0.9	1.3	K70R	['K70R']
48765	320445	0.8	0.8	1.0	1.0	0.8	0.8		[]
48756	110731	0.9	0.8	0.6	0.8	0.9	0.7		[]
48749	080550	1.6	1.4	8.0	2.0	1.0	2.1	D67N, K70R, K219Q	['D67N', 'K70R', 'K219Q']
48752	110366	2.9	2.2	223	1.9	1.2	2.4	D67N, K70R, T215F, K219Q	['D67N', 'K70R', 'T215F', 'K219Q']
48744	050588	0.8	0.7	0.7	0.9	0.8	0.7		[]
48759	120338	1.9	2.0	23	2.0	1.1	1.6	M41L, L210W, T215Y	['M41L', 'L210W', 'T215Y']
48755	110730	1.4	1.4	72	1.2	0.8	2.2	M41L, S68G, T215SY	['M41L', 'S68G', 'T215SY']
48748	71324	1.3	1.7	102	1.4	1.0	2.3	M41L, T215Y	['M41L', 'T215Y']
48758	120244	0.9	0.7	0.4	0.6	0.5	0.7		[]
48743	050582	0.6	0.7	0.5	1.0	0.9	1.0		[]
48751	090273	0.8	0.6	1.7	0.8	0.5	0.8	K70R	['K70R']
48763	320383	3.4	3.4	149	2.6	1.1	2.6	M41L, D67DN, L210W, T215Y	['M41L', 'D67DN', 'L210W', 'T215Y']
42013	s4199rt	1.0	0.8	0.7	0.9	0.9	0.9		[]
42011	s2301rt	1.0	0.7	0.7	0.9	0.9	0.9		[]
16894	CA16894	3.2	2.6	222	2.6	0.9	1.8	M41L, D67N, L210W, T215Y, K219N	['M41L', 'D67N', 'L210W', 'T215Y', 'K219N']
38131	CA38131	200.0	3.7	0.3	0.7	1.3	0.4	M184V	['M184V']
38023	CA38023	200.0	9.5	292	4.7	2.4	2.7	M41L, E44A, D67N, T69D, V75M, M184V, L210W, T215F	['M41L', 'E44A', 'D67N', 'T69D', 'V75M', 'M184V', 'L210W', 'T215F']
21200	CA21200	3.3	2.1	47	2.3	1.1	2.3	D67N, K70R, K219Q	['D67N', 'K70R', 'K219Q']
24044	CA24044	0.7	0.5	1.0	0.7	0.7	0.7		[]
7736	CA7736	4.2	4.9	177	2.9	1.6	2.2	M41L, D67G, S68G, K70R, L74V, T215Y, K219E	['M41L', 'D67G', 'S68G', 'K70R', 'L74V', 'T215Y', 'K219E']
34294	CA34294	200.0	3.0	0.9	0.9	1.0	0.5	D67N, T69D, M184V, T215F, K219Q	['D67N', 'T69D', 'M184V', 'T215F', 'K219Q']
37774	CA37774	200.0	3.0	0.6	1.2	1.4	0.4	M41L, D67N, T69D, M184V, T215V, K219Q	['M41L', 'D67N', 'T69D', 'M184V', 'T215V', 'K219Q']
41273	CA41273	200.0	6.1	16	2.1	1.9	1.3	M41L, D67N, K70R, M184V, T215F, K219Q	['M41L', 'D67N', 'K70R', 'M184V', 'T215F', 'K219Q']
15890	CA15890	200.0	2.7	0.4	0.6	1.3	0.5	S68G, M184V	['S68G', 'M184V']
48172	CA48172	200.0	4.9	3.5	1.4	1.7	1.0	D67N, T69D, K70R, M184V, T215F, K219Q	['D67N', 'T69D', 'K70R', 'M184V', 'T215F', 'K219Q']
12433	CA12433	200.0	5.7	6.9	2.0	1.5	1.1	M41L, M184V, L210W, T215Y	['M41L', 'M184V', 'L210W', 'T215Y']
71565	CA71565	200.0	29.0	2,400	23.0	5.8	7.5	M41L, A62V, T69G, L74V, M184V, L210W, T215Y	['M41L', 'A62V', 'T69G', 'L74V', 'M184V', 'L210W', 'T215Y']
21069	CA21069	6.9	7.6	7.6	7.1	6.4	1.4	F116Y, Q151M	['F116Y', 'Q151M']
17429	CA17429	200.0	5.3	2.7	1.2	2.3	0.8	M41L, S68G, L74V, M184V, T215Y	['M41L', 'S68G', 'L74V', 'M184V', 'T215Y']
48196	CA48196	200.0	3.8	0.3	0.7	1.6	0.6	D67N, K70G, M184V, K219Q	['D67N', 'K70G', 'M184V', 'K219Q']
20184	CA20184	200.0	6.0	1.6	1.4	1.8	0.8	M41L, A62V, V75T, M184V, L210W, T215Y	['M41L', 'A62V', 'V75T', 'M184V', 'L210W', 'T215Y']
42786	CA42786	2.1	1.7	0.6	1.1	1.3	0.8	K65KR, S68SG, L74LV	['K65KR', 'S68SG', 'L74LV']
42684	CA42684	200.0	8.9	280	4.1	2.6	2.7	M41L, E44A, D67N, T69D, V75M, M184V, L210W, T215F	['M41L', 'E44A', 'D67N', 'T69D', 'V75M', 'M184V', 'L210W', 'T215F']
20180	CA20180	200.0	5.2	10	1.4	1.5	1.2	D67G, S68G, K70R, M184V, T215F, K219Q	['D67G', 'S68G', 'K70R', 'M184V', 'T215F', 'K219Q']
48080	CA48080	200.0	13.0	396	4.2	2.3	2.2	M41L, E44EA, D67N, K70R, L74LI, M184V, L210W, T215Y, K219Q	['M41L', 'E44EA', 'D67N', 'K70R', 'L74LI', 'M184V', 'L210W', 'T215Y', 'K219Q']
34731	CA34731	200.0	4.0	5.6	1.0	1.8	0.9	S68SG, M184V, T215F	['S68SG', 'M184V', 'T215F']
38927	CA38927	200.0	2.5	1.2	1.0	1.2	0.4	S68SG, M184V, T215Y	['S68SG', 'M184V', 'T215Y']
26618	17468-4	1.0	1.2	15	1.2	0.9	1.6	T215Y	['T215Y']
26606	3496-4	200.0	1.5	1.8	0.9	0.7	0.8	M41L, M184V, T215Y	['M41L', 'M184V', 'T215Y']
26632	6463-13	200.0	7.4	24	4.1	2.1	1.5	M41L, D67N, M184V, L210W, T215Y	['M41L', 'D67N', 'M184V', 'L210W', 'T215Y']
26610	4755-5	200.0	7.7	61	3.9	2.4	2.3	M41L, E44D, D67N, T69D, M184V, L210W, T215Y	['M41L', 'E44D', 'D67N', 'T69D', 'M184V', 'L210W', 'T215Y']
51392	8415-2	200.0	9.1	0.3	1.2	3.0	1.1	K65R, M184V	['K65R', 'M184V']
26626	883-4	200.0	7.3	64	2.3	2.3	2.6	M41L, D67N, M184V, L210W, T215Y	['M41L', 'D67N', 'M184V', 'L210W', 'T215Y']
26614	4084-4	7.2	6.6	2,400	4.2	1.6	5.9	M41L, E44D, D67N, L210W, T215Y, K219N	['M41L', 'E44D', 'D67N', 'L210W', 'T215Y', 'K219N']
26635	7295-1	200.0	6.1	9.9	1.9	1.9	1.1	D67N, K70R, M184V, T215F, K219Q	['D67N', 'K70R', 'M184V', 'T215F', 'K219Q']
26596	7324-1	4.1	4.2	923	2.6	1.7	8.1	M41L, D67N, K70R, T215F, K219E	['M41L', 'D67N', 'K70R', 'T215F', 'K219E']
26617	17468-3	2.4	2.9	38	1.8	1.5	2.0	T215Y	['T215Y']
26605	3496-1	200.0	1.6	0.5	0.6	1.4	0.4	M41L, M184V	['M41L', 'M184V']
26616	17468-2	1.4	1.2	3.0	1.5	0.9	0.9	T215Y	['T215Y']
26598	7324-4	3.6	3.8	464	2.3	1.5	5.2	D67N, S68G, K70R, T215F, K219E	['D67N', 'S68G', 'K70R', 'T215F', 'K219E']
26607	1617-1	200.0	20.0	261	11.0	23.0	2.4	A62V, S68G, K70G, V75I, F77L, Y115F, F116Y, Q151M, M184V	['A62V', 'S68G', 'K70G', 'V75I', 'F77L', 'Y115F', 'F116Y', 'Q151M', 'M184V']
51390	71361-1	10.0	3.6	0.7	1.9	3.0	3.8	K65R	['K65R']
26600	1666-3	2.5	2.5	1.6	1.5	1.6	0.7	M41L, L74V, T215Y	['M41L', 'L74V', 'T215Y']
26623	35764-2	5.4	7.1	55	11.0	11.0	1.9	A62V, V75I, F77L, F116Y, Q151M	['A62V', 'V75I', 'F77L', 'F116Y', 'Q151M']
26620	6360-1	200.0	4.9	7.1	2.5	1.7	0.9	M41L, A62V, D67N, V75I, M184V, L210W, T215Y	['M41L', 'A62V', 'D67N', 'V75I', 'M184V', 'L210W', 'T215Y']
26615	17468-1	1.7	2.4	28	1.7	1.4	1.7	T215Y	['T215Y']
26631	56252-1	89.0	20.0	2,400	20.0	28.0	11.0	K65R, S68G, K70R, V75I, F77L, Y115F, F116Y, Q151M	['K65R', 'S68G', 'K70R', 'V75I', 'F77L', 'Y115F', 'F116Y', 'Q151M']
26599	1666-1	1.7	1.3	1.4	1.3	1.1	0.6	T215Y	['T215Y']
26611	7303-3	7.5	8.4	2,400	6.7	2.3	5.9	M41L, E44D, D67N, T69D, L210W, T215Y	['M41L', 'E44D', 'D67N', 'T69D', 'L210W', 'T215Y']
26627	52534-2	200.0	22.0	719	9.0	3.3	4.2	M41L, T69S_SS, L74V, M184V, L210W, T215Y	['M41L', 'T69S_SS', 'L74V', 'M184V', 'L210W', 'T215Y']
56243	9019_d349	4.0	1.9	0.6	0.8	1.3		M184MV	['M184MV']
56263	8256_d1097	0.8	0.9	0.9	0.8	0.9			[]
56195	9154_d168	101.0	2.3	0.4	0.7	1.3		D67DN, M184V	['D67DN', 'M184V']
56233	9124_d1	176.0	11.0	146	11.0	15.0		M41L, D67N, T69ND, K70KR, V75I, F77L, F116Y, Q151M, M184V, T215FV, K219Q	['M41L', 'D67N', 'T69ND', 'K70KR', 'V75I', 'F77L', 'F116Y', 'Q151M', 'M184V', 'T215FV', 'K219Q']
56273	9255_d1	164.0	4.0	7.8	1.3	1.5		M41ML, D67DN, M184MV, K219KE	['M41ML', 'D67DN', 'M184MV', 'K219KE']
56399	6367_d140	1.8	1.7	82	2.4	1.2		D67N, T69D, K70R, T215F, K219Q	['D67N', 'T69D', 'K70R', 'T215F', 'K219Q']
56291	6372_d83	3.1	3.8	178	4.0	1.5		M41L, E44D, D67N, V75M, L210W, T215Y	['M41L', 'E44D', 'D67N', 'V75M', 'L210W', 'T215Y']
56255	9053_d233	101.0	3.2	3.2	1.4	1.4		D67N, K70R, M184V, T215F, K219E	['D67N', 'K70R', 'M184V', 'T215F', 'K219E']
56321	6357_d422	2.5	1.9	18	1.4	1.1		M41L, D67N, T215Y	['M41L', 'D67N', 'T215Y']
56269	8256_d841	0.6	0.8	1.4	1.0	1.0			[]
56187	9208_d362	4.0	1.4	0.4	0.7	1.1		M184MV	['M184MV']
56383	6373_d223	197.0	9.7	4.5	5.5	8.4		A62V, D67N, S68N, K70G, F116Y, Q151M, M184I, L210LW, T215Y	['A62V', 'D67N', 'S68N', 'K70G', 'F116Y', 'Q151M', 'M184I', 'L210LW', 'T215Y']
56199	9172_d1	130.0	7.1	20	2.3	2.1		M41L, M184V, L210LW, T215Y	['M41L', 'M184V', 'L210LW', 'T215Y']
56347	6329_d153	158.0	8.5	6.3	1.4	2.2		M41L, S68N, L74V, M184V, L210W, T215Y	['M41L', 'S68N', 'L74V', 'M184V', 'L210W', 'T215Y']
56403	6367_d224	2.4	2.3	102	2.2	1.1		D67N, T69D, K70R, T215F, K219Q	['D67N', 'T69D', 'K70R', 'T215F', 'K219Q']
56363	8315_d985	114.0	2.9	1.2	0.9	1.6		M184V	['M184V']
56283	6376_d508	124.0	5.6	49	2.9	1.9		M41L, D67N, T69D, M184V, L210W, T215Y	['M41L', 'D67N', 'T69D', 'M184V', 'L210W', 'T215Y']
56277	9182_d1	162.0	6.3	11	3.3	2.4		M41L, E44D, T69D, M184V, L210W, T215Y, K219R	['M41L', 'E44D', 'T69D', 'M184V', 'L210W', 'T215Y', 'K219R']
56323	6357_d506	3.3	1.9	4.0	1.7	1.2		M41L, D67N, L74LV, T215Y	['M41L', 'D67N', 'L74LV', 'T215Y']
56373	8356_d925	3.4	1.8	31	1.3	1.1		D67G, S68G, K70R, T215F, K219Q	['D67G', 'S68G', 'K70R', 'T215F', 'K219Q']
56299	6325_d430	0.9	0.6	0.4	0.7	1.0		S68G	['S68G']
56221	9287_d337	4.9	6.5	909	6.5	2.2		M41L, E44D, D67N, L210W, T215Y, K219R	['M41L', 'E44D', 'D67N', 'L210W', 'T215Y', 'K219R']
56215	9085_d316	1.3	1.4	46	1.5	1.1		M41L, A62AV, T215Y	['M41L', 'A62AV', 'T215Y']
56349	8347_d1170	6.8	8.6	90	3.9	1.9		M41L, L210W, T215Y	['M41L', 'L210W', 'T215Y']
56177	9200_d340	94.0	3.1	1.0	0.9	1.5		M184MV	['M184MV']
56315	6338_d336	143.0	7.2	38	1.7	1.8		M41ML, M184V, T215Y	['M41ML', 'M184V', 'T215Y']
56279	9182_d359	5.9	3.6	16	5.1	2.1		M41L, E44D, T69D, L74V, L210W, T215Y, K219R	['M41L', 'E44D', 'T69D', 'L74V', 'L210W', 'T215Y', 'K219R']
56345	6351_d679	83.0	4.8	7.4	1.8	1.7		M41L, D67N, T69D, M184V, T215Y	['M41L', 'D67N', 'T69D', 'M184V', 'T215Y']
56329	6333_d114	4.3	3.8	449	3.2	1.8		M41L, D67N, K70R, V75VIM, T215F, K219E	['M41L', 'D67N', 'K70R', 'V75VIM', 'T215F', 'K219E']
56219	9287_d1	176.0	9.1	174	3.2	2.7		M41L, E44D, D67N, M184V, L210W, T215Y, K219KR	['M41L', 'E44D', 'D67N', 'M184V', 'L210W', 'T215Y', 'K219KR']
56311	6338_d113	200.0	6.6	24	1.9	1.8		M184V, T215Y	['M184V', 'T215Y']
56201	9172_d330	101.0	6.2	41	1.9	1.4		M41L, M184MV, L210LW, T215SY	['M41L', 'M184MV', 'L210LW', 'T215SY']
56389	6359_d93	200.0	9.5	181	4.6	2.1		M41L, E44D, D67N, T69D, M184V, L210W, T215Y	['M41L', 'E44D', 'D67N', 'T69D', 'M184V', 'L210W', 'T215Y']
56257	9163_d1	144.0	2.5	2.2	1.2	1.4		M41L, M184V, T215Y	['M41L', 'M184V', 'T215Y']
56169	9189_d1	146.0	9.6	41	2.5	2.0		D67N, K70R, M184V, T215F, K219Q	['D67N', 'K70R', 'M184V', 'T215F', 'K219Q']
56247	9231_d1	130.0	3.3	0.5	0.9	1.5		M184V	['M184V']
56249	9231_d268	105.0	4.1	0.2	0.6	1.6		L74V, M184V	['L74V', 'M184V']
56377	6360_d248	146.0	5.7	46	2.4	1.9		M41L, D67N, K70R, M184V, T215F, K219E	['M41L', 'D67N', 'K70R', 'M184V', 'T215F', 'K219E']
56355	8347_d763	2.3	1.8	6.9	1.9	0.9		D67DN, T215Y	['D67DN', 'T215Y']
56163	9095_d337	94.0	3.2	0.4	0.8	1.6		L74LV, M184V	['L74LV', 'M184V']
56341	6351_d287	144.0	8.1	66	4.0	2.1		M41L, D67N, T69D, M184V, T215Y	['M41L', 'D67N', 'T69D', 'M184V', 'T215Y']
56371	8356_d846	1.5	1.6	25	1.6	1.0		D67DEG, S68SG, K70R, T215IF, K219Q	['D67DEG', 'S68SG', 'K70R', 'T215IF', 'K219Q']
56175	9004_d337	0.6	0.6	0.4	0.7	0.7			[]
56405	6367_d280	2.3	1.9	57	2.5	1.1		D67NT, T69D, K70R, T215F, K219Q	['D67NT', 'T69D', 'K70R', 'T215F', 'K219Q']
56295	8313_d848	3.4	2.2	78	1.6	1.6		D67N, K70R, T215F, K219E	['D67N', 'K70R', 'T215F', 'K219E']
56385	6373_d421	143.0	26.0	473	11.0	16.0		A62V, D67N, S68N, K70G, V75I, F77L, Y115F, F116Y, Q151M, M184I, T215Y	['A62V', 'D67N', 'S68N', 'K70G', 'V75I', 'F77L', 'Y115F', 'F116Y', 'Q151M', 'M184I', 'T215Y']
56185	8985_d330	5.2	6.7	909	6.0	2.0		M41L, E44A, D67N, K70R, V75M, L210W, T215Y, K219HQ	['M41L', 'E44A', 'D67N', 'K70R', 'V75M', 'L210W', 'T215Y', 'K219HQ']
56205	8265_d1104	0.8	0.8	0.9	0.8	0.9			[]
56253	9053_d1	150.0	4.7	4.3	1.5	1.6		D67NH, K70KR, M184V, T215FV, K219E	['D67NH', 'K70KR', 'M184V', 'T215FV', 'K219E']
56397	6367_d112	3.5	2.0	143	2.3	1.3		D67N, T69D, K70R, T215F, K219Q	['D67N', 'T69D', 'K70R', 'T215F', 'K219Q']
56369	8356_d1017	1.9	1.7	20	1.6	1.2		D67DEG, S68G, K70R, T215F, K219Q	['D67DEG', 'S68G', 'K70R', 'T215F', 'K219Q']
56297	6325_d342	0.7	1.0	1.0	1.1	0.8		S68G	['S68G']
56167	9079_d344	0.8	0.6	0.4	0.7	0.8			[]
56229	9014_d1	119.0	4.3	3.5	1.6	1.8		M41L, M184V, T215F	['M41L', 'M184V', 'T215F']
56181	9113_d339	3.2	1.2	3.3	1.0	1.1		D67N, K70KR, M184MV	['D67N', 'K70KR', 'M184MV']
56211	9246_d344	35.0	2.3	0.7	0.7	1.3		M184MV	['M184MV']
56381	6373_d111	10.0	7.9	13	11.0	5.3		D67N, S68N, K70G, F116Y, Q151M, T215Y	['D67N', 'S68N', 'K70G', 'F116Y', 'Q151M', 'T215Y']
56171	9189_d175	94.0	6.3	3.0	2.1	2.1		D67N, K70R, L74V, M184V, T215F, K219Q	['D67N', 'K70R', 'L74V', 'M184V', 'T215F', 'K219Q']
56331	6333_d283	144.0	6.1	33	2.0	1.7		M41L, D67N, K70R, V75M, M184V, T215F, K219E	['M41L', 'D67N', 'K70R', 'V75M', 'M184V', 'T215F', 'K219E']
56237	9124_d339	94.0	9.5	198	10.0	13.0		M41ML, D67NS, K70R, V75I, F77L, F116Y, Q151M, M184V, T215V, K219Q	['M41ML', 'D67NS', 'K70R', 'V75I', 'F77L', 'F116Y', 'Q151M', 'M184V', 'T215V', 'K219Q']
56197	9049_d221	1.3	1.1	1.9	1.1	1.2			[]
56191	9226_d167	0.8	0.8	1.1	0.8	0.9			[]
56319	6357_d276	3.3	2.2	17	2.1	1.1		M41L, D67N, T215Y	['M41L', 'D67N', 'T215Y']
56361	8315_d867	144.0	3.0	1.2	1.1	1.4		M184V	['M184V']
56401	6367_d168	2.0	2.2	105	2.5	1.1		D67N, T69D, K70R, T215F, K219Q	['D67N', 'T69D', 'K70R', 'T215F', 'K219Q']
56343	6351_d434	143.0	6.3	30	2.2	2.4		M41L, D67N, T69D, M184V, T215Y	['M41L', 'D67N', 'T69D', 'M184V', 'T215Y']
56275	9255_d279	0.8	0.9	2.2	1.1	1.1		M41ML, D67DN, M184MV	['M41ML', 'D67DN', 'M184MV']
56281	6376_d427	143.0	6.6	43	2.8	2.1		M41L, D67N, T69D, M184V, L210W, T215Y	['M41L', 'D67N', 'T69D', 'M184V', 'L210W', 'T215Y']
56375	6360_d142	200.0	6.1	130	2.7	2.2		M41L, D67N, K70R, M184V, T215F, K219E	['M41L', 'D67N', 'K70R', 'M184V', 'T215F', 'K219E']
56203	8265_d1	144.0	2.7	0.4	0.9	1.4		M184V	['M184V']
56213	9085_d1	176.0	5.4	11	1.6	1.9		M41L, M184V, T215Y	['M41L', 'M184V', 'T215Y']
56251	9126_d299	94.0	2.0	0.7	0.7	1.1		A62AV, M184V	['A62AV', 'M184V']
56179	9113_d1	130.0	3.3	1.1	1.2	3.0		D67DN, M184V	['D67DN', 'M184V']
56183	8985_d1	6.5	8.4	1,111	6.7	2.9		M41L, E44A, D67N, K70R, V75M, L210W, T215FY, K219HQ	['M41L', 'E44A', 'D67N', 'K70R', 'V75M', 'L210W', 'T215FY', 'K219HQ']
56313	6338_d225	154.0	5.2	28	2.0	1.7		M184V, T215Y	['M184V', 'T215Y']
56393	8359_d1091	128.0	1.7	0.5	0.6	1.5		M184V	['M184V']
56339	6351_d140	152.0	5.7	13	2.0	1.6		M41L, D67N, T69D, M184V, T215Y	['M41L', 'D67N', 'T69D', 'M184V', 'T215Y']
56317	6357_d140	3.6	1.8	18	1.8	1.3		M41L, D67N, T215Y	['M41L', 'D67N', 'T215Y']
56193	9154_d1	176.0	3.1	0.6	0.8	1.8		D67DN, M184V	['D67DN', 'M184V']
56285	6335_d629	132.0	2.4	0.2	0.8	1.5		M41L, K70T, V75I, M184V	['M41L', 'K70T', 'V75I', 'M184V']
56407	6367_d427	2.9	2.8	90	2.5	1.2		D67N, T69D, K70R, T215F, K219Q	['D67N', 'T69D', 'K70R', 'T215F', 'K219Q']
56387	6373_d493	124.0	23.0	271	13.0	16.0		A62V, D67N, S68N, K70G, V75I, F77L, Y115F, F116Y, Q151M, M184I, T215Y	['A62V', 'D67N', 'S68N', 'K70G', 'V75I', 'F77L', 'Y115F', 'F116Y', 'Q151M', 'M184I', 'T215Y']
56335	8361_d259	2.0	2.2	26	1.8	1.2		K70KE, L210W, T215Y	['K70KE', 'L210W', 'T215Y']
56217	9086_d356	0.7	0.7	0.8	0.8	0.9			[]
56261	8256_d1	112.0	7.9	2.5	3.0	5.5		M41ML, A62AV, F116FY, Q151M, M184V	['M41ML', 'A62AV', 'F116FY', 'Q151M', 'M184V']
56207	8265_d776	0.8	0.8	1.0	0.9	0.9			[]
56231	9014_d315	110.0	3.9	2.8	1.2	1.5		M41L, M184V, T215F	['M41L', 'M184V', 'T215F']
56357	8347_d922	2.4	2.5	88	2.4	1.3		M41ML, L210LW, T215Y	['M41ML', 'L210LW', 'T215Y']
56245	9035_d334	15.0	5.5	0.8	3.3	3.7		K65R, S68G, V75A	['K65R', 'S68G', 'V75A']
56259	9163_d358	111.0	4.8	0.5	1.2	2.2		M41L, L74V, M184V, T215Y	['M41L', 'L74V', 'M184V', 'T215Y']
56161	9095_d1	176.0	2.9	0.5	0.7	1.5		M184V	['M184V']
56379	8242_d660	2.1	1.8	30	1.9	1.1		D67N, K70R, K219KN	['D67N', 'K70R', 'K219KN']
62907	01-100085	0.8	0.9	1.0	0.9	1.0			[]
62915	01-100089	0.7	0.7	0.5	0.8	0.9			[]
62925	3-022877	0.7	0.7	0.6	0.8	0.8			[]
62911	01-100087	0.9	0.7	0.4	0.9	1.1			[]
62921	3-018899	1.0	0.8	0.7	0.7	1.1			[]
62931	3-022880	0.9	1.1	0.8	1.0	0.9			[]
62917	01-100090	1.1	1.1	0.7	0.9	1.3			[]
62905	01-100084	0.8	0.6	0.3	0.8	1.0			[]
62935	3-022882	1.0	1.2	1.0	1.0	1.0			[]
62927	3-022878	0.7	0.6	0.4	0.6	0.6			[]
62909	01-100086	1.1	0.9	1.1	1.0	1.2			[]
62923	3-018910	0.7	0.6	1.1	1.0	0.9			[]
62903	01-100083	1.0	0.9	0.6	0.9	1.1			[]
62933	3-022881	1.1	0.8	0.6	1.0	1.0			[]
62929	3-022879	0.9	0.6	0.8	0.8	0.8			[]
62937	3-022883	1.0	0.7	0.7	0.8	0.9		S68G	['S68G']
62919	01-100091	0.9	0.9	0.6	1.0	1.2			[]
62913	01-100088	0.9	0.8	0.5	0.7	0.8			[]
63698	LLR_01_w30	23.0	7.4			1.5	2.6	K65N, Y115F	['K65N', 'Y115F']
63696	LLR_01_w12	7.3	2.1			1.4	1.7	K65N	['K65N']
63860	CA63860	200.0	12.0	58	3.2	2.4	1.6	M41L, D67N, L74V, M184V, L210W, T215Y	['M41L', 'D67N', 'L74V', 'M184V', 'L210W', 'T215Y']
41183	WAEN_A	200.0	4.6	3.6	1.7	1.7	1.0	M41L, E44D, D67N, S68SG, K70KR, M184V, L210W, T215Y, K219E	['M41L', 'E44D', 'D67N', 'S68SG', 'K70KR', 'M184V', 'L210W', 'T215Y', 'K219E']
63842	CA63842	1.4	0.8	1.3	0.8	0.9	1.0		[]
50044	WCS_pat97	200.0	2.0	0.4	0.7	1.3	0.5	M184V	['M184V']
55465	VS_7a	200.0	21.0	2.4	0.8	1.9	0.6	D67G, S68G, L74V, Y115F, M184V, T215F, K219E	['D67G', 'S68G', 'L74V', 'Y115F', 'M184V', 'T215F', 'K219E']
20217	CA20217	1.5	0.7	0.8	0.8	0.8		M41L, T215E	['M41L', 'T215E']
63788	NY058	0.9	0.8	0.7	0.8	1.0	0.7		[]
21689	RDL-12	2.6	3.2	50	1.8	1.1		M41L, T215F	['M41L', 'T215F']
55479	VS_13	13.0	5.9	1,000	3.2	1.8	4.3	M41L, E44D, D67N, M184V, L210W, T215Y	['M41L', 'E44D', 'D67N', 'M184V', 'L210W', 'T215Y']
50052	WCS_pat728	200.0	3.9	0.4	0.7	1.7	0.7	M184V	['M184V']
43048	SR148161	0.8	0.8	1.2	0.9	0.8	1.0	M41L	['M41L']
42015	KSC-1	200.0	4.5	13	1.6	1.5	1.6	D67N, K70R, M184V, K219Q	['D67N', 'K70R', 'M184V', 'K219Q']
43034	SR219005	1.5	1.2	1.2	1.1	1.1	1.0	T215C	['T215C']
58144	CA58144	0.9	0.9	0.8	0.9	0.9	0.8		[]
37764	CA37764	8.4	3.8	549	2.3	1.6	3.5	D67N, K70R, T215F, K219Q	['D67N', 'K70R', 'T215F', 'K219Q']
27647	SRW6-27647	200.0	5.7	2.7	1.5	1.8		M184V, T215Y	['M184V', 'T215Y']
20189	CA20189	200.0	6.5	65	1.7	2.0	1.7	D67G, S68G, K70R, M184V, T215F, K219Q	['D67G', 'S68G', 'K70R', 'M184V', 'T215F', 'K219Q']
63746	NY0511	200.0	2.8	0.5	0.7	1.1	0.5	K70R, M184V	['K70R', 'M184V']
63734	CA060008	200.0	8.1	124	2.5	2.2	2.1	M41L, E44D, D67N, T69D, M184V, L210W, T215Y	['M41L', 'E44D', 'D67N', 'T69D', 'M184V', 'L210W', 'T215Y']
33147	SHNY-1-RT	1.0	1.0	1.0	0.9	1.1			[]
59237	CA59237	200.0	8.0	17	2.2	2.0	1.6	M41L, E44D, D67N, M184V, L210W, T215Y, K219DN	['M41L', 'E44D', 'D67N', 'M184V', 'L210W', 'T215Y', 'K219DN']
57652	CA57652	200.0	2.8	0.5	1.0	1.5	0.6	M41L, E44D, D67G, T69D, V75M, F77L, M184V, L210W	['M41L', 'E44D', 'D67G', 'T69D', 'V75M', 'F77L', 'M184V', 'L210W']
63724	CA060003	200.0	6.1	35	2.4	1.6	1.3	M41L, E44D, D67N, M184V, L210W, T215Y	['M41L', 'E44D', 'D67N', 'M184V', 'L210W', 'T215Y']
43020	SR175406	0.8	0.7	0.8	0.7	0.9	0.7		[]
63768	NY0523	200.0	2.6	1.1	0.9	1.1	0.8	D67N, K70R, M184V, K219Q	['D67N', 'K70R', 'M184V', 'K219Q']
55388	CA55388	0.9	1.1	0.9	1.3	0.9	0.7	T215CS	['T215CS']
43086	SR140797	1.1	1.2	0.7	1.0	0.9	0.8		[]
43080	SR193588	0.9	0.7	0.9	0.8	1.0	0.8		[]
57630	CA57630	4.0	3.6	490	2.6	2.0	5.5	M41L, D67N, K70R, T215F, K219Q	['M41L', 'D67N', 'K70R', 'T215F', 'K219Q']
63792	CA63792	1.3	1.2	1.3	1.3	1.2	0.9		[]
61376	CA59609	7.5	6.3	500	5.3	2.0	5.3	M41L, E44D, D67N, L210W, T215Y, K219R	['M41L', 'E44D', 'D67N', 'L210W', 'T215Y', 'K219R']
19917	CA19917	7.6	3.2	83	2.6	1.6	2.8	M41L, D67N, K70R, T215F, K219Q	['M41L', 'D67N', 'K70R', 'T215F', 'K219Q']
43062	SR143535	0.8	1.2	1.3	0.9	1.0	1.1		[]
55469	VS_8	6.0	3.4	281	1.8	1.4	3.2	D67N, T69D, K70R, T215F, K219Q	['D67N', 'T69D', 'K70R', 'T215F', 'K219Q']
37953	CA37953	200.0	1.6	0.3	0.9	1.0	0.5	M184I	['M184I']
43078	SR197701	200.0	1.1	0.1	0.6	1.1	0.4	M184I	['M184I']
42974	CA42974	200.0	5.7	47	2.8	1.9	2.1	M41L, D67N, M184V, L210W, T215Y	['M41L', 'D67N', 'M184V', 'L210W', 'T215Y']
63850	CA63850	200.0	5.3	0.8	1.1	1.8	0.5	M41L, L74V, M184V, T215FY	['M41L', 'L74V', 'M184V', 'T215FY']
63832	CA63832	200.0	25.0	500	23.0	8.6	14.0	M41L, D67N, T69D, V75M, M184V, L210W, T215F, K219W	['M41L', 'D67N', 'T69D', 'V75M', 'M184V', 'L210W', 'T215F', 'K219W']
42572	GA-1	9.6	5.6	24	6.7	2.8	2.5	D67G, K70R, V75T, L210LW, K219Q	['D67G', 'K70R', 'V75T', 'L210LW', 'K219Q']
63770	NY0524	0.8	0.7	0.9	0.9	1.1	0.9		[]
63796	CA63796	200.0	11.0	9.9	3.5	4.0	1.4	M41L, D67N, L74I, V75T, M184MV, L210W, T215Y	['M41L', 'D67N', 'L74I', 'V75T', 'M184MV', 'L210W', 'T215Y']
55481	VS_14	200.0	5.2	9.6	2.6	2.1	1.1	M41L, E44D, D67N, M184V, L210W, T215Y	['M41L', 'E44D', 'D67N', 'M184V', 'L210W', 'T215Y']
59333	CA59333	0.8	0.8	2.2	0.6	0.9	0.9		[]
63752	NY0514	200.0	20.0	0.6	1.2	2.9	0.7	L74V, Y115F, M184V	['L74V', 'Y115F', 'M184V']
55475	VS_11	200.0	6.7	9.7	1.9	1.7	1.4	D67N, K70R, M184V, K219E	['D67N', 'K70R', 'M184V', 'K219E']
42029	KSC-8	5.4	4.2	2,400	3.1	1.6	5.4	M41L, D67N, T69D, K70R, T215F, K219Q	['M41L', 'D67N', 'T69D', 'K70R', 'T215F', 'K219Q']
41191	WAEN_E	200.0	7.0	1.2	1.5	2.1	0.6	D67N, K70R, L74V, M184V, K219Q	['D67N', 'K70R', 'L74V', 'M184V', 'K219Q']
55463	VS_6b	200.0	4.5	11	1.7	1.6	0.9	M41L, M184V, L210W, T215Y	['M41L', 'M184V', 'L210W', 'T215Y']
63784	NY056	0.7	0.7	0.9	0.9	0.7	0.9		[]
63846	CA63846	200.0	11.0	140	4.2	2.4	2.2	M41L, E44D, D67N, M184V, L210W, T215Y, K219N	['M41L', 'E44D', 'D67N', 'M184V', 'L210W', 'T215Y', 'K219N']
63716	NY054	0.9	1.2	1.3	1.0	1.2	1.0		[]
63720	CA060001	200.0	2.9	2.7	1.0	1.3	0.7	K70R, M184V, K219Q	['K70R', 'M184V', 'K219Q']
21691	RDL-13	200.0	3.7	0.5	0.8	1.7		M184V	['M184V']
63760	NY0519	0.8	0.8	1.2	0.8	0.9	0.9		[]
63774	NY0526	0.6	0.8	0.3	1.0	1.0	0.7		[]
42574	GA-2	200.0	7.2	118	2.6	1.6	2.6	D67NH, K70R, M184V, T215F, K219Q	['D67NH', 'K70R', 'M184V', 'T215F', 'K219Q']
43088	SR140798	200.0	3.4	0.5	0.8	1.3	0.6	M184V	['M184V']
42037	KSC-12	1.0	6.8	1.2	1.1	2.5	2.2	A62V, K65R, M184V	['A62V', 'K65R', 'M184V']
63828	CA63828	7.8	5.0	2,400	8.7	3.1	4.7	M41L, E44D, D67N, K70R, V75M, L210W, T215Y, K219Q	['M41L', 'E44D', 'D67N', 'K70R', 'V75M', 'L210W', 'T215Y', 'K219Q']
43070	SR191116	0.9	0.9	0.8	0.7	0.9	0.9		[]
43068	SR196077	200.0	2.9	0.4	0.7	1.7	0.5	M184V	['M184V']
63800	CA63800	200.0	3.9	1.0	1.3	1.6	0.2	D67N, T69ND, K70RG, L74V, M184V, K219QE	['D67N', 'T69ND', 'K70RG', 'L74V', 'M184V', 'K219QE']
63856	CA63856	33.0	7.1	342	5.8	2.0	2.1	M41L, E44D, D67N, L74V, M184MV, L210W, T215Y, K219R	['M41L', 'E44D', 'D67N', 'L74V', 'M184MV', 'L210W', 'T215Y', 'K219R']
63840	CA63840	0.9	0.8	0.9	1.1	1.0	0.8		[]
34267	CA34267	0.7	0.7	6.6	0.8	0.8	1.1	K70R	['K70R']
50907	CA50907	200.0	6.0	16	1.4	1.2	1.2	D67N, K70R, M184V, T215Y, K219E	['D67N', 'K70R', 'M184V', 'T215Y', 'K219E']
42031	KSC-9	1.0	14.0	800	10.0	3.2	4.5	M41L, V75M, M184V, L210W, T215Y	['M41L', 'V75M', 'M184V', 'L210W', 'T215Y']
55473	VS_10	1.8	1.4	3.0	1.4	0.9	0.8	M41L, T215Y	['M41L', 'T215Y']
21667	RDL-1	200.0	5.4	4.6	1.5	1.5		M41L, M184V, T215F	['M41L', 'M184V', 'T215F']
63726	CA060004	200.0	3.0	0.3	0.8	1.5	0.6	D67G, K70E, M184V, K219R	['D67G', 'K70E', 'M184V', 'K219R']
63730	CA060006	200.0	3.7	5.7	1.6	1.4	1.2	D67N, K70R, M184V, K219Q	['D67N', 'K70R', 'M184V', 'K219Q']
55453	VS_4a	1.7	1.0	12	1.1	0.9	1.5	D67N, K70R, K219Q	['D67N', 'K70R', 'K219Q']
63780	NY0529	3.7	2.0	14	2.1	1.6	1.5	D67N, K70R, T215F, K219E	['D67N', 'K70R', 'T215F', 'K219E']
63834	CA63834	0.8	0.8	0.6	0.8	0.4	0.6		[]
42045	KSC-16	1.0	10.0	7.1	2.4	2.5	0.9	M41L, S68G, L74V, M184V, L210W, T215Y	['M41L', 'S68G', 'L74V', 'M184V', 'L210W', 'T215Y']
24531	CA24531	200.0	3.5	0.3	0.8	1.4	0.4	A62V, V75T, M184V	['A62V', 'V75T', 'M184V']
60774	CA60774	8.6	3.1	0.7	1.3	2.1	2.5	K65R	['K65R']
63804	CA63804	0.8	0.8	0.6	0.8	0.8	0.8		[]
42017	KSC-2	2.7	1.5	31	1.3	1.1	2.1	D67N, T69ND, K70R, K219Q	['D67N', 'T69ND', 'K70R', 'K219Q']
63722	CA060002	200.0	10.0	37	3.5	2.3	1.2	M41L, E44D, D67N, L74V, M184V, L210W, T215Y, K219N	['M41L', 'E44D', 'D67N', 'L74V', 'M184V', 'L210W', 'T215Y', 'K219N']
63864	CA63864	200.0	5.0	6.0	0.9	1.2	1.0	M41L, M184V, T215Y	['M41L', 'M184V', 'T215Y']
43030	SR174394	0.9	0.7	0.4	0.8	1.0	0.6		[]
23545	CA23545	200.0	7.4	1.6	1.3	2.4		D67N, K70R, L74V, M184V, K219Q	['D67N', 'K70R', 'L74V', 'M184V', 'K219Q']
38421	CA38421	0.7	0.9	0.6	0.8	0.8	0.7		[]
63822	CA63822	5.3	2.6	2.5	2.2	1.6	1.5	M41L, D67N, K70G, L74LV, T215F, K219Q	['M41L', 'D67N', 'K70G', 'L74LV', 'T215F', 'K219Q']
43040	SR200432	15.0	0.5	5.2	1.6	2.0	1.0	D67N, K70R, T215I, K219E	['D67N', 'K70R', 'T215I', 'K219E']
43076	SR193585	1.0	0.9	0.9	0.9	1.0	0.8		[]
43052	SR196827	1.2	1.0	0.7	1.1	0.9	0.8		[]
42041	KSC-14	17.0	7.1	0.8	1.3	2.0	2.6	K65R, Y115YF	['K65R', 'Y115YF']
21673	RDL-4	200.0	5.9	41	2.9	2.1		M41L, D67N, M184V, L210W, T215Y	['M41L', 'D67N', 'M184V', 'L210W', 'T215Y']
20798	SRW1-20798	30.0	20.0	555	20.0	4.4		E40F, M41L, D67N, L210W, T215Y, K219R	['E40F', 'M41L', 'D67N', 'L210W', 'T215Y', 'K219R']
43064	SR191114	200.0	6.5	115	3.3	2.2	2.7	M41L, D67N, M184V, L210W, T215Y	['M41L', 'D67N', 'M184V', 'L210W', 'T215Y']
21701	RDL-18	200.0	3.1	0.5	1.0	1.3		M184V	['M184V']
35225	CA35225	1.2	1.0	0.9	0.8	0.9		M41L, T215D	['M41L', 'T215D']
63740	CA060011	200.0	18.0	400	7.6	6.8	6.9	M41L, E44A, A62V, D67N, K70R, L74I, V75T, M184V, L210W, T215Y, K219E	['M41L', 'E44A', 'A62V', 'D67N', 'K70R', 'L74I', 'V75T', 'M184V', 'L210W', 'T215Y', 'K219E']
57632	CA57632	1.1	1.1	2.3	1.3	1.2	1.4		[]
51393	71361-2	13.0	3.9	0.6	1.9	2.3	3.0	K65R	['K65R']
43054	SR218754	1.0	1.1	1.1	0.9	1.1	0.9		[]
63742	CA060012	200.0	7.4	5.8	2.0	2.5	0.6	M41L, D67N, L74V, M184V, T215Y, K219Q	['M41L', 'D67N', 'L74V', 'M184V', 'T215Y', 'K219Q']
63808	CA63808	1.1	0.9	1.2	0.9	0.9	0.9		[]
21096	CA21096	200.0	3.6	2.4	1.2	1.3	0.8	D67G, T69D, K70R, M184V, K219Q	['D67G', 'T69D', 'K70R', 'M184V', 'K219Q']
42568	SHNY-21	0.7	0.7	1.3	0.6	0.8	0.8		[]
21141	CA21141	0.8	0.9	7.5	0.8	0.9	1.4	K70R	['K70R']
63766	NY0522	200.0	5.4	5.8	1.7	1.6	0.6	M41L, D67N, L74V, M184V, L210W, T215Y, K219N	['M41L', 'D67N', 'L74V', 'M184V', 'L210W', 'T215Y', 'K219N']
43022	SR188922	1.0	0.9	0.7	0.8	0.9	1.0		[]
63814	CA63814	3.4	6.1	470	2.6	1.5	3.6	M41L, E44D, D67N, K70R, L210W, T215Y	['M41L', 'E44D', 'D67N', 'K70R', 'L210W', 'T215Y']
21668	RDL-2	200.0	8.2	290	3.0	2.2		M41L, D67N, M184V, L210W, T215Y	['M41L', 'D67N', 'M184V', 'L210W', 'T215Y']
63806	CA63806	200.0	10.0	340	4.7	2.9	2.2	M41L, E44D, D67N, L74I, M184V, L210W, T215Y	['M41L', 'E44D', 'D67N', 'L74I', 'M184V', 'L210W', 'T215Y']
55447	VS_1	0.8	0.9	0.9	0.9	0.9	0.9		[]
63736	CA060009	200.0	5.0	23	1.4	1.4	1.2	D67G, S68G, K70R, M184V, T215F, K219E	['D67G', 'S68G', 'K70R', 'M184V', 'T215F', 'K219E']
63744	NYC0510	0.8	1.4	11	1.1	0.9	1.8	K70R, K219Q	['K70R', 'K219Q']
35555	CA35555	200.0	4.7	5.9	1.1	1.6		D67N, K70R, M184V, T215I, K219E	['D67N', 'K70R', 'M184V', 'T215I', 'K219E']
8417	CA8417	7.3	18.0	2,400	16.0	4.8		T69E_KS, V75M, L210W, T215F	['T69E_KS', 'V75M', 'L210W', 'T215F']
63824	CA63824	0.7	0.9	0.6	1.0	0.9	0.8		[]
63718	NY055	200.0	2.8	1.3	0.9	1.2	0.5	S68G, M184V, T215Y	['S68G', 'M184V', 'T215Y']
63844	CA63844	200.0	4.4	0.4	0.8	0.9	0.4	M41L, S68SG, T69T_SS, L74I, M184V, L210W	['M41L', 'S68SG', 'T69T_SS', 'L74I', 'M184V', 'L210W']
63810	CA63810	2.8	3.2	11	2.0	1.5	1.1	M41L, D67G, K70R, L74V, T215F, K219Q	['M41L', 'D67G', 'K70R', 'L74V', 'T215F', 'K219Q']
55467	VS_7b	200.0	16.0	2.2	1.3	1.9	0.7	D67G, S68G, L74V, Y115F, M184V, T215F, K219E	['D67G', 'S68G', 'L74V', 'Y115F', 'M184V', 'T215F', 'K219E']
43082	SR149695	200.0	2.1	0.4	0.6	1.2	0.5	M184V	['M184V']
63714	NY053	2.3	3.4	550	2.5	1.4	6.6	E44D, D67~, S68G, T69G, K70R, T215I, K219Q	['E44D', 'D67~', 'S68G', 'T69G', 'K70R', 'T215I', 'K219Q']
39194	CA39194	200.0	3.3	1.6	1.0	1.3	0.7	D67N, K70R, M184V, K219E	['D67N', 'K70R', 'M184V', 'K219E']
50054	WCS_pat8	200.0	2.0	0.2	0.6	1.0	0.4	M184V	['M184V']
63754	NY0515	200.0	2.7	0.4	0.7	1.4	0.4	M184V	['M184V']
43058	SR191111	200.0	14.0	11	4.0	2.9	1.0	M41L, E44D, D67N, K70R, L74V, M184V, L210W, T215Y, K219E	['M41L', 'E44D', 'D67N', 'K70R', 'L74V', 'M184V', 'L210W', 'T215Y', 'K219E']
42578	WCS_2	0.7	0.9	1.5	1.0	1.0	0.9	S68G	['S68G']
42019	KSC-3	6.5	6.7	900	4.3	1.9	4.6	M41L, D67N, T69D, L210W, T215Y	['M41L', 'D67N', 'T69D', 'L210W', 'T215Y']
63818	CA63818	5.0	5.4	270	4.4	1.8	5.1	M41L, D67N, L210W, T215Y	['M41L', 'D67N', 'L210W', 'T215Y']
51394	72540-1	5.7	1.9	0.3	1.1	1.5	1.5	K65R	['K65R']
55483	VS_15a	3.6	2.7	58	3.6	1.6	2.0	M41L, E44D, D67N, T69D, K70R, V75M, L210W, T215F, K219Q	['M41L', 'E44D', 'D67N', 'T69D', 'K70R', 'V75M', 'L210W', 'T215F', 'K219Q']
63772	NY0525	1.3	1.1	1.0	1.0	1.1	1.1		[]
35112	CA35112	3.5	1.2	0.6	1.0	1.1	0.8		[]
23888	CA23888	200.0	6.5	3.5	1.9	2.0	0.9	D67N, K70R, M184V, K219E	['D67N', 'K70R', 'M184V', 'K219E']
43084	SR193589	0.6	0.6	0.6	0.8	0.8	0.6		[]
43036	SR204572	200.0	7.9	9.8	2.7	2.0	1.1	M41L, L74V, M184V, L210W, T215Y	['M41L', 'L74V', 'M184V', 'L210W', 'T215Y']
63782	NY0530	0.6	0.9	0.9	1.0	0.8	0.9		[]
23718	CA23718	200.0	4.3	4.2	1.4	1.8	1.0	D67G, T69D, K70R, M184V, K219Q	['D67G', 'T69D', 'K70R', 'M184V', 'K219Q']
50943	CA50943	200.0	4.8	6.3	1.5	1.4	1.1	M41L, D67N, K70R, M184V, T215F, K219Q	['M41L', 'D67N', 'K70R', 'M184V', 'T215F', 'K219Q']
63820	CA63820	200.0	2.3	5.2	1.3	1.3	0.9	D67N, K70R, M184I, T215F, K219Q	['D67N', 'K70R', 'M184I', 'T215F', 'K219Q']
63758	NY0518	0.9	0.9	1.2	1.1	0.9	0.9		[]
21687	RDL-11	200.0	4.4	1.7	0.9	1.7		D67N, K70R, M184V, K219E	['D67N', 'K70R', 'M184V', 'K219E']
21707	RDL-21	1.6	1.1	0.7	1.0	1.0			[]
55461	VS_6a	200.0	4.9	27	1.1	1.1	1.3	M41L, A62V, M184V, L210W, T215Y	['M41L', 'A62V', 'M184V', 'L210W', 'T215Y']
34308	CA34308	200.0	2.4	0.9	0.6	1.3	0.4	D67N, K70KR, M184V, T215F, K219E	['D67N', 'K70KR', 'M184V', 'T215F', 'K219E']
21697	RDL-16	200.0	8.2	7.5	1.7	1.9		M41L, M184V, T215Y	['M41L', 'M184V', 'T215Y']
43024	SR218761	200.0	8.0	0.4	0.9	3.0	0.4	L74V, M184V	['L74V', 'M184V']
55485	VS_15b	4.5	4.0	344	4.1	1.6	3.0	M41L, E44D, D67N, T69D, K70R, V75M, L210W, T215F, K219Q	['M41L', 'E44D', 'D67N', 'T69D', 'K70R', 'V75M', 'L210W', 'T215F', 'K219Q']
63710	NY051	200.0	3.0	0.8	0.9	1.3	0.5	D67N, K70R, M184V, K219Q	['D67N', 'K70R', 'M184V', 'K219Q']
43046	SR193596	0.8	0.8	0.9	0.8	0.8	0.9		[]
21113	CA21113	3.0	2.5	97	1.7	1.1	2.3	D67G, S68G, K70R, T215F, K219E	['D67G', 'S68G', 'K70R', 'T215F', 'K219E']
55455	VS_4b	200.0	4.8	2.8	1.4	1.5	1.0	D67N, K70R, M184V, K219Q	['D67N', 'K70R', 'M184V', 'K219Q']
43060	SR219018	2.8	3.9	433	2.0	1.5	4.0	M41L, L210W, T215Y	['M41L', 'L210W', 'T215Y']
20247	CA20247	0.9	0.7	2.5	0.8	0.6	1.1		[]
63794	CA63794	1.6	2.5	3.1	1.4	1.2	0.8	M41L, L74V, T215Y	['M41L', 'L74V', 'T215Y']
40734	ENSW-1	200.0	7.0	1.2	1.5	2.1	0.6	D67N, K70R, L74V, M184V, K219Q	['D67N', 'K70R', 'L74V', 'M184V', 'K219Q']
42886	CA42886	9.6	6.1	430	5.2	2.2	2.6	M41L, D67N, T69D, V75T, L210W, T215Y, K219N	['M41L', 'D67N', 'T69D', 'V75T', 'L210W', 'T215Y', 'K219N']
63830	CA63830	200.0	6.8	32	2.3	1.8	2.0	M41L, M184V, L210W, T215Y	['M41L', 'M184V', 'L210W', 'T215Y']
63866	WCS_patX	1.2	3.5	11	2.7	2.3	1.5	D67N, K70R, L74V, K219Q	['D67N', 'K70R', 'L74V', 'K219Q']
63750	NY0513	200.0	4.1	0.5	0.9	1.5	0.6	M184V	['M184V']
63778	NY0528	200.0	5.5	40	1.9	1.4	1.6	M41L, D67N, M184V, T215F	['M41L', 'D67N', 'M184V', 'T215F']
42023	KSC-5	200.0	10.0	270	2.8	2.6	2.3	D67N, M184V, L210W, T215Y, K219N	['D67N', 'M184V', 'L210W', 'T215Y', 'K219N']
55471	VS_9	200.0	3.9	0.7	0.9	1.4	0.4	M184V, L210W, T215Y	['M184V', 'L210W', 'T215Y']
43066	SR193581	200.0	9.0	4.4	3.6	1.9	0.8	M41L, E44D, D67N, L74V, M184V, L210W, T215Y, K219N	['M41L', 'E44D', 'D67N', 'L74V', 'M184V', 'L210W', 'T215Y', 'K219N']
43074	SR205851	10.0	6.0	1,000	5.4	2.0	5.5	M41L, E44D, D67N, T69D, L210W, T215Y, K219KR	['M41L', 'E44D', 'D67N', 'T69D', 'L210W', 'T215Y', 'K219KR']
63836	CA63836	200.0	6.9	19	2.7	1.9	1.4	M41L, E44D, D67N, K70KR, L74LI, M184V, L210W, T215Y, K219Q	['M41L', 'E44D', 'D67N', 'K70KR', 'L74LI', 'M184V', 'L210W', 'T215Y', 'K219Q']
55477	VS_12	200.0	6.5	221	2.1	2.0	2.5	M41L, E44D, D67N, M184V, L210W, T215Y	['M41L', 'E44D', 'D67N', 'M184V', 'L210W', 'T215Y']
55457	VS_5a	1.0	1.1	0.9	1.2	0.9	0.8		[]
42686	CA42686	1.4	1.1	0.8	1.2	1.1	1.1	K70N	['K70N']
42043	KSC-15	1.0	9.6	33	3.2	3.1	1.1	M41L, D67N, L74V, M184V, L210W, T215Y	['M41L', 'D67N', 'L74V', 'M184V', 'L210W', 'T215Y']
43028	SR207311	200.0	5.9	0.3	0.9	2.4	0.9	K65R, M184V	['K65R', 'M184V']
50893	CA50893	200.0	10.0	86	3.0	1.8	1.6	M41L, E44D, D67N, L74I, M184V, L210W, T215Y	['M41L', 'E44D', 'D67N', 'L74I', 'M184V', 'L210W', 'T215Y']
43090	SR178744	0.9	0.9	0.8	1.0	0.9	0.9		[]
55451	VS_3	0.8	1.0	1.1	1.1	0.9	1.1		[]
63862	CA63862	2.7	2.1	5.7	1.6	1.2	1.4	T215Y	['T215Y']
40739	SHNY-14	200.0	10.0	0.7	0.8	1.9	0.6	K70R, L74I, Y115F, M184V	['K70R', 'L74I', 'Y115F', 'M184V']
63762	NY0520	200.0	5.6	4.9	1.6	1.7	1.1	M41L, M184V, T215Y	['M41L', 'M184V', 'T215Y']
43044	SR201325	5.1	4.1	236	4.1	1.6	3.1	M41L, T69D, V75M, L210W, T215Y, K219R	['M41L', 'T69D', 'V75M', 'L210W', 'T215Y', 'K219R']
43056	SR189596	0.9	0.8	0.7	0.9	0.8	0.7		[]
63776	NY0527	200.0	2.4	0.5	0.8	1.7	0.6	M41L, M184V	['M41L', 'M184V']
42570	SHNY-22	2.5	1.2	1.1	1.0	1.3	0.9		[]
21174	CA21174	200.0	5.9	59	2.1	1.7		M41L, D67N, K70R, M184V, T215F, K219Q	['M41L', 'D67N', 'K70R', 'M184V', 'T215F', 'K219Q']
39023	CA39023	200.0	7.2	29	2.6	1.8	2.3	M41L, M184V, L210W, T215Y	['M41L', 'M184V', 'L210W', 'T215Y']
63826	CA63826	1.2	1.0	1.0	0.8	1.1	0.7		[]
63852	CA63852	200.0	11.0	16	5.8	4.3	1.4	M41L, D67G, S68G, L74V, V75VA, M184V, L210W, T215Y, K219N	['M41L', 'D67G', 'S68G', 'L74V', 'V75VA', 'M184V', 'L210W', 'T215Y', 'K219N']
63712	NY052	1.1	1.0	0.9	1.2	1.1	0.8		[]
59287	CA59287	200.0	6.8	2.4	1.8	2.3	0.6	M41L, L74V, M184V, L210W, T215Y	['M41L', 'L74V', 'M184V', 'L210W', 'T215Y']
43072	SR191117	200.0	6.6	8.6	1.8	1.6	1.0	M41L, L74I, M184V, L210W, T215Y	['M41L', 'L74I', 'M184V', 'L210W', 'T215Y']
43050	SR208661	7.4	4.2	86	3.3	2.1	2.6	M41L, A62V, T69D, V75T, L210W, T215Y	['M41L', 'A62V', 'T69D', 'V75T', 'L210W', 'T215Y']
43018	SR178746	200.0	13.0	0.2	0.6	1.9	0.4	L74V, Y115F, M184V, K219E	['L74V', 'Y115F', 'M184V', 'K219E']
42027	KSC-7		60.0	8.5	6.6	13.0	1.0	S68N, K70T, L74V, V75T, Y115F, Q151M, M184V	['S68N', 'K70T', 'L74V', 'V75T', 'Y115F', 'Q151M', 'M184V']
63858	CA63858	2.4	2.1	25	2.0	1.3	2.0	M41L, T215Y, K219R	['M41L', 'T215Y', 'K219R']
21675	RDL-5	200.0	8.8	11	3.4	3.1		M41L, D67N, K70R, L74V, M184V, L210W, T215Y, K219E	['M41L', 'D67N', 'K70R', 'L74V', 'M184V', 'L210W', 'T215Y', 'K219E']
41189	WAEN_D	200.0	5.2	5.3	1.2	1.6	1.1	M41L, M184V, T215Y	['M41L', 'M184V', 'T215Y']
51395	9540-2	200.0	7.9	0.2	1.0	3.1	0.9	K65R, M184V	['K65R', 'M184V']
60958	CA60958	0.8	0.8	0.7	0.9	0.9	0.9		[]
63732	CA060007	3.1	0.9	0.4	0.9	0.7	0.5	E44D, D67N, T69D, L210W, T215D	['E44D', 'D67N', 'T69D', 'L210W', 'T215D']
48426	CA48426	200.0	9.4	14	2.7	2.0	1.3	D67DN, K70KR, M184MV	['D67DN', 'K70KR', 'M184MV']
38305	CA38305	0.8	0.7	0.9	0.8	1.0	0.7		[]
55459	VS_5b	0.8	0.7	0.5	0.7	0.7	0.7		[]
55449	VS_2	3.2	3.1	677	2.1	1.3	4.0	D67N, K70R, T215F, K219E	['D67N', 'K70R', 'T215F', 'K219E']
43038	SR217136	200.0	6.4	23	2.3	1.6	1.5	M41L, D67DN, M184V, L210W, T215Y, K219KN	['M41L', 'D67DN', 'M184V', 'L210W', 'T215Y', 'K219KN']
63786	NY057	200.0	6.2	2.7	2.7	1.9	0.9	M41L, D67N, T69D, M184V, L210W, T215Y	['M41L', 'D67N', 'T69D', 'M184V', 'L210W', 'T215Y']
43032	SR204571	0.8	0.9	0.6	1.0	0.9	0.8		[]
43042	SR167484	0.8	0.7	0.5	0.9	0.9	0.8	S68G	['S68G']
63738	CA060010	200.0	6.9	3.4	2.9	2.5	0.5	M41L, E44D, D67N, L74V, M184V, L210W, T215Y	['M41L', 'E44D', 'D67N', 'L74V', 'M184V', 'L210W', 'T215Y']
63728	CA060005	2.9	1.7	51	1.8	1.2	1.5	D67N, K70R, T215F, K219E	['D67N', 'K70R', 'T215F', 'K219E']
34521	CA34521	200.0	3.5	6.6	1.4	1.3	0.8	D67G, S68G, K70R, M184V, T215V, K219E	['D67G', 'S68G', 'K70R', 'M184V', 'T215V', 'K219E']
92196	52-7023a	103.0		13	1.6	2.9	1.1	M41L, L74V, M184V, L210W, T215Y	['M41L', 'L74V', 'M184V', 'L210W', 'T215Y']
91781	52-1345	100.0		10	1.7	1.5	1.1	M41ML, A62AV, M184V, L210LW, T215Y	['M41ML', 'A62AV', 'M184V', 'L210LW', 'T215Y']
92269	52-6007	103.0		1.5	1.0	1.3	0.5	D67N, T69D, K70R, M184V, T215F, K219Q	['D67N', 'T69D', 'K70R', 'M184V', 'T215F', 'K219Q']
91795	52-1077	148.0		31	5.5	4.2	1.9	M41L, D67N, L74I, V75T, M184V, L210W, T215Y, K219Q	['M41L', 'D67N', 'L74I', 'V75T', 'M184V', 'L210W', 'T215Y', 'K219Q']
91811	52-1387	115.0		23	3.6	2.2	1.3	M41L, D67N, M184V, L210W, T215Y	['M41L', 'D67N', 'M184V', 'L210W', 'T215Y']
91867	52-1124	148.0		69	2.1	1.4	2.8	M41L, E44ED, M184V, L210W, T215F	['M41L', 'E44ED', 'M184V', 'L210W', 'T215F']
91879	52-1136	4.6		12	3.4	1.8	1.4	M41L, E44D, D67N, K70R, L74V, L210W, T215Y, K219E	['M41L', 'E44D', 'D67N', 'K70R', 'L74V', 'L210W', 'T215Y', 'K219E']
91807	52-1384	6.2		1,245	3.8	2.2	5.7	M41L, E44D, D67N, L210W, T215Y, K219N	['M41L', 'E44D', 'D67N', 'L210W', 'T215Y', 'K219N']
92283	52-6019	4.1		933	2.9	1.5	5.9	M41L, D67N, K70R, L210W, T215Y, K219E	['M41L', 'D67N', 'K70R', 'L210W', 'T215Y', 'K219E']
92249	52-5010	103.0		12	3.0	2.7	1.2	M41L, D67N, L74V, M184V, L210W, T215Y	['M41L', 'D67N', 'L74V', 'M184V', 'L210W', 'T215Y']
91716	52-1056	5.3		495	3.4	1.5	3.6	M41L, D67N, T69D, L210W, T215Y	['M41L', 'D67N', 'T69D', 'L210W', 'T215Y']
91694	52-1008	13.0		11	2.6	2.0	2.2	M41L, D67N, K70G, L74I, V75T, T215F, K219Q	['M41L', 'D67N', 'K70G', 'L74I', 'V75T', 'T215F', 'K219Q']
91772	52-1338	5.9		180	4.4	1.8	2.9	M41L, D67GV, S68G, K70R, L74I, L210W, T215F, K219E	['M41L', 'D67GV', 'S68G', 'K70R', 'L74I', 'L210W', 'T215F', 'K219E']
92172	52-2002	11.0		44	5.9	2.4	1.7	E40F, M41L, D67N, L74V, L210W, T215Y, K219N	['E40F', 'M41L', 'D67N', 'L74V', 'L210W', 'T215Y', 'K219N']
92202	52-7037	2.9		11	1.9	1.3	1.7	M41L, A62V, V75I, T215Y	['M41L', 'A62V', 'V75I', 'T215Y']
91831	52-1428	5.4		343	3.4	1.6	3.8	M41L, E44D, D67N, T69D, V75M, L210W, T215Y	['M41L', 'E44D', 'D67N', 'T69D', 'V75M', 'L210W', 'T215Y']
91698	52-1028	4.5		93	1.7	1.8	2.0	D67N, T215F	['D67N', 'T215F']
91823	52-1398	3.0		44	2.1	1.5	2.1	M41L, L210W, T215Y	['M41L', 'L210W', 'T215Y']
91873	52-1131	9.6		4.2	1.6	1.5	1.0	M41L, M184MV, T215Y	['M41L', 'M184MV', 'T215Y']
92271	52-6009	7.9		54	4.1	1.8	1.5	M41L, E44D, D67N, T69D, L74V, L210W, T215Y	['M41L', 'E44D', 'D67N', 'T69D', 'L74V', 'L210W', 'T215Y']
91750	52-1286a	2.5		401	2.6	1.1	3.7	M41L, D67N, L210W, T215Y, K219R	['M41L', 'D67N', 'L210W', 'T215Y', 'K219R']
91799	52-1372	7.9		21	3.8	2.1	1.3	M41L, E44D, D67N, L74V, L210W, T215Y, K219N	['M41L', 'E44D', 'D67N', 'L74V', 'L210W', 'T215Y', 'K219N']
91847	52-1099	2.2		0.9	1.3	0.9	1.1	M41ML, D67N, T69D, K219R	['M41ML', 'D67N', 'T69D', 'K219R']
91742	52-1267	5.8		984	2.9	1.5	5.9	M41L, D67N, T69D, K70R, V75MT, T215F, K219Q	['M41L', 'D67N', 'T69D', 'K70R', 'V75MT', 'T215F', 'K219Q']
91901	52-1206a	98.0		30	2.7	1.9	1.8	M41L, E44EAD, D67N, M184V, L210W, T215Y	['M41L', 'E44EAD', 'D67N', 'M184V', 'L210W', 'T215Y']
92294	52-7013	96.0		50	3.1	2.3	1.5	M41L, E44D, D67E, S68G, L74I, V75M, M184V, L210W, T215Y	['M41L', 'E44D', 'D67E', 'S68G', 'L74I', 'V75M', 'M184V', 'L210W', 'T215Y']
91913	52-1232	1.2		12	1.3	0.9	1.3	M41L, T215Y	['M41L', 'T215Y']
91728	52-1259	100.0		984	25.0	22.0	7.5	A62V, K65R, K70T, V75I, F77L, Y115F, F116Y, Q151M, M184V	['A62V', 'K65R', 'K70T', 'V75I', 'F77L', 'Y115F', 'F116Y', 'Q151M', 'M184V']
91885	52-1143	96.0		4.3	1.8	2.1	0.9	M41L, D67N, L74I, M184V, T215Y	['M41L', 'D67N', 'L74I', 'M184V', 'T215Y']
91785	52-1350	40.0		1,433	30.0	9.3	18.0	M41L, D67N, K70R, L74V, L210W, T215F, K219W	['M41L', 'D67N', 'K70R', 'L74V', 'L210W', 'T215F', 'K219W']
91917	52-1236	0.9		0.8	1.0	0.9	0.9		[]
91726	52-1243	5.4		1,245	3.7	1.8	6.6	M41L, D67N, T69D, K70R, T215F, K219Q	['M41L', 'D67N', 'T69D', 'K70R', 'T215F', 'K219Q']
91859	52-1112	120.0		11	2.9	1.9	0.9	M41L, E44D, D67N, V75A, M184V, L210W, T215Y	['M41L', 'E44D', 'D67N', 'V75A', 'M184V', 'L210W', 'T215Y']
91708	52-1051	0.9		1.0	0.9	1.0	0.9		[]
91801	52-1375	100.0		0.2	0.7	1.2	0.4	M184V	['M184V']
91887	52-1144	120.0		13	1.4	1.5	1.2	D67H, K70R, M184V, T215F, K219*E	['D67H', 'K70R', 'M184V', 'T215F', 'K219*E']
91762	52-1324	7.0		137	3.7	1.8	2.6	M41L, D67N, V75M, L210W, T215Y	['M41L', 'D67N', 'V75M', 'L210W', 'T215Y']
92182	52-7018	6.0		174	4.5	1.6	5.0	M41L, E44ED, D67N, V75ILM, L210W, T215Y, K219R	['M41L', 'E44ED', 'D67N', 'V75ILM', 'L210W', 'T215Y', 'K219R']
91776	52-1340	0.8		0.8	0.9	0.8	0.8		[]
91787	52-1351	3.2		2.5	1.6	1.0	0.8	M41L, A62V, V75I, T215Y	['M41L', 'A62V', 'V75I', 'T215Y']
92225	52-4003	98.0		12	1.2	1.6	1.5	M41L, S68G, M184V, T215Y	['M41L', 'S68G', 'M184V', 'T215Y']
92208	52-7044	1.8		0.7	1.2	1.2	0.6	D67N, S68N, L74V, T215Y, K219E	['D67N', 'S68N', 'L74V', 'T215Y', 'K219E']
91758	52-1316	2.7		7.2	1.5	0.9	1.1	D67DN, T215Y	['D67DN', 'T215Y']
92178	52-2018	148.0		1,051	8.3	2.6	7.1	L74V, Y115F, M184V	['L74V', 'Y115F', 'M184V']
91861	52-1115	115.0		3.4	4.4	8.6	0.5	K70KN, L74V, Y115F, Q151M, M184V, K219Q	['K70KN', 'L74V', 'Y115F', 'Q151M', 'M184V', 'K219Q']
91837	52-1437	120.0		0.3	0.6	1.4	0.3	D67N, L74IV, M184V, T215I, K219E	['D67N', 'L74IV', 'M184V', 'T215I', 'K219E']
91738	52-1265	2.2		34	2.2	0.9	1.7	M41L, D67N, L210W, T215Y, K219N	['M41L', 'D67N', 'L210W', 'T215Y', 'K219N']
92233	52-4012	6.0		214	3.6	2.0	3.8	M41ML, E44ED, T69AD, L210LW, K219KR	['M41ML', 'E44ED', 'T69AD', 'L210LW', 'K219KR']
92273	52-6011	47.0		942	21.0	7.2	47.0	M41L, E44D, D67S, T69T_VT, L210W, T215Y	['M41L', 'E44D', 'D67S', 'T69T_VT', 'L210W', 'T215Y']
91827	52-1422	115.0		1.7	1.3	1.3	0.6	M41L, D67DN, M184V, T215Y	['M41L', 'D67DN', 'M184V', 'T215Y']
91905	52-1217	27.0		2.9	8.0	8.9	2.4	K65R, S68G, Q151M	['K65R', 'S68G', 'Q151M']
91911	52-1229	5.7		164	3.3	1.2	3.2	M41L, E44D, D67G, S68G, V75M, L210W, T215Y	['M41L', 'E44D', 'D67G', 'S68G', 'V75M', 'L210W', 'T215Y']
92287	52-7003a	98.0		32	1.5	1.3	1.7	M41L, S68G, M184V, L210W, T215Y	['M41L', 'S68G', 'M184V', 'L210W', 'T215Y']
92265	52-6004	2.6		100	2.2	1.0	2.7	M41L, D67N, L210W, T215Y	['M41L', 'D67N', 'L210W', 'T215Y']
92192	52-3001	98.0		1.2	1.2	1.4	0.7	M41L, M184V, L210W, T215Y, K219E	['M41L', 'M184V', 'L210W', 'T215Y', 'K219E']
91791	52-1369	115.0		1.9	1.6	2.1	0.6	M41L, K65KE, L74V, M184V, T215Y	['M41L', 'K65KE', 'L74V', 'M184V', 'T215Y']
91754	52-1313	100.0		1.1	1.4	1.9	0.5	M41L, L74V, M184V, L210W, T215Y	['M41L', 'L74V', 'M184V', 'L210W', 'T215Y']
91897	52-1199	3.7		360	2.2	1.6	3.1	D67N, K70R, T215F, K219Q	['D67N', 'K70R', 'T215F', 'K219Q']
92200	52-7034	1.1		14	1.3	0.9	1.7	D67N, K70R, K219Q	['D67N', 'K70R', 'K219Q']
91734	52-1262	2.4		2.5	1.9	1.1	1.1	T215Y	['T215Y']
92174	52-2003	4.4		58	4.1	1.5	2.2	M41L, E44D, D67N, T69DN, K70R, L74I, L210W, T215F, K219Q	['M41L', 'E44D', 'D67N', 'T69DN', 'K70R', 'L74I', 'L210W', 'T215F', 'K219Q']
91748	52-1286	2.7		414	3.4	1.6	4.3	M41L, D67N, L210W, T215Y, K219R	['M41L', 'D67N', 'L210W', 'T215Y', 'K219R']
92277	52-6014	103.0		40	2.7	2.5	1.9	M41L, E44A, D67N, T69D, V75M, M184V, L210W, T215Y	['M41L', 'E44A', 'D67N', 'T69D', 'V75M', 'M184V', 'L210W', 'T215Y']
91817	52-1392a	98.0		2.9	1.4	1.5	0.7	M41ML, D67N, T69DY, K70R, M184V, T215F, K219Q	['M41ML', 'D67N', 'T69DY', 'K70R', 'M184V', 'T215F', 'K219Q']
91863	52-1121	23.0		0.4	0.9	1.8	0.7	M184MV	['M184MV']
92241	52-5003	98.0		15	3.2	2.7	0.9	M41L, D67N, L74V, M184V, L210W, T215Y, K219N	['M41L', 'D67N', 'L74V', 'M184V', 'L210W', 'T215Y', 'K219N']
91712	52-1053a	148.0		9.7	2.2	1.7	1.3	M41L, M184V, L210W, T215Y	['M41L', 'M184V', 'L210W', 'T215Y']
92229	52-4008	96.0		7.3	5.3	12.0	0.7	S68G, F116Y, Q151M, M184V	['S68G', 'F116Y', 'Q151M', 'M184V']
91704	52-1043	2.6		1.0	1.4	1.2	0.6	D67N, K70GR, L74LV, T215I, K219E	['D67N', 'K70GR', 'L74LV', 'T215I', 'K219E']
91821	52-1394	33.0		429	24.0	16.0	4.2	K65KR, S68G, K70R, V75I, F77L, Y115F, F116Y, Q151M, K219E	['K65KR', 'S68G', 'K70R', 'V75I', 'F77L', 'Y115F', 'F116Y', 'Q151M', 'K219E']
91702	52-1034	1.0		1.0	1.1	0.9	0.9		[]
91853	52-1109	120.0		4.0	2.9	2.3	1.0	M41L, E44A, D67N, L74I, V75M, M184V, L210W, T215Y, K219KN	['M41L', 'E44A', 'D67N', 'L74I', 'V75M', 'M184V', 'L210W', 'T215Y', 'K219KN']
92216	52-3014	98.0		0.5	1.1	2.4	0.4	D67N, T69D, K70R, L74V, M184V, K219Q	['D67N', 'T69D', 'K70R', 'L74V', 'M184V', 'K219Q']
91919	52-1237	10.0		1.0	8.0	5.8	2.2	A62V, T69T_T, V75T	['A62V', 'T69T_T', 'V75T']
91779	52-1343	3.4		16	2.0	1.4	1.4	D67N, K70R, T215F, K219E	['D67N', 'K70R', 'T215F', 'K219E']
91825	52-1408	4.1		298	3.9	1.6	3.9	M41L, D67N, L210W, T215Y, K219KN	['M41L', 'D67N', 'L210W', 'T215Y', 'K219KN']
91903	52-1215	148.0		1.6	1.8	2.1	0.6	M41L, E44ED, L74V, M184V, L210LW, T215Y	['M41L', 'E44ED', 'L74V', 'M184V', 'L210LW', 'T215Y']
91696	52-1026	9.9		1,349	9.2	3.5	12.0	M41L, T69S_SS, L210W, T215Y	['M41L', 'T69S_SS', 'L210W', 'T215Y']
91764	52-1324a	7.9		270	3.6	2.1	3.5	M41L, D67N, V75M, L210W, T215Y	['M41L', 'D67N', 'V75M', 'L210W', 'T215Y']
92204	52-7038	8.5		201	5.9	2.3	2.9	M41L, D67N, L74V, L210W, T215Y, K219R	['M41L', 'D67N', 'L74V', 'L210W', 'T215Y', 'K219R']
91700	52-1031	1.5		14	1.3	1.0	1.7	D67N, K70R, K219Q	['D67N', 'K70R', 'K219Q']
91895	52-1189a	98.0		55	3.7	2.1	1.4	M41L, E44D, D67N, M184V, L210W, T215Y, K219N	['M41L', 'E44D', 'D67N', 'M184V', 'L210W', 'T215Y', 'K219N']
92279	52-6017	4.8		542	3.1	1.2	3.9	M41L, D67N, L210LW, T215Y, K219R	['M41L', 'D67N', 'L210LW', 'T215Y', 'K219R']
91813	52-1389	5.2		48	3.2	1.6	2.3	M41L, D67N, T69D, K70R, V75M, T215Y, K219Q	['M41L', 'D67N', 'T69D', 'K70R', 'V75M', 'T215Y', 'K219Q']
91833	52-1428a	5.5		106	3.2	1.4	3.4	M41L, E44D, D67N, T69D, V75M, L210W, T215Y	['M41L', 'E44D', 'D67N', 'T69D', 'V75M', 'L210W', 'T215Y']
92231	52-4009	15.0		1,421	9.8	3.5	7.6	E40F, M41L, T69D, V75M, L210W, T215Y	['E40F', 'M41L', 'T69D', 'V75M', 'L210W', 'T215Y']
91740	52-1266	0.7		1.2	0.8	0.8	0.9		[]
91877	52-1135	2.5		10	1.8	1.2	1.2	T215Y	['T215Y']
91746	52-1285	148.0		80	3.2	1.9	2.4	M41L, L74V, V75S, M184V, T215Y	['M41L', 'L74V', 'V75S', 'M184V', 'T215Y']
92255	52-5036	98.0		3.7	1.7	2.5	0.7	M41L, L74V, V75S, M184V, T215Y	['M41L', 'L74V', 'V75S', 'M184V', 'T215Y']
92180	52-2022	96.0		24	1.8	1.9	1.6	D67N, K70R, M184V, T215V, K219Q	['D67N', 'K70R', 'M184V', 'T215V', 'K219Q']
92289	52-7004	4.2		37	3.3	2.4	2.1	M41L, L74LFI, V75VI, L210W, T215Y	['M41L', 'L74LFI', 'V75VI', 'L210W', 'T215Y']
92292	52-7008	5.9		672	5.3	2.0	3.6	M41L, E44A, D67N, T69D, L210W, T215Y	['M41L', 'E44A', 'D67N', 'T69D', 'L210W', 'T215Y']
92221	52-3022	3.6		141	4.6	1.7	2.6	M41L, D67N, L210W, T215Y	['M41L', 'D67N', 'L210W', 'T215Y']
91915	52-1232a	1.4		8.4	1.5	0.9	1.6	M41L	['M41L']
91907	52-1223	4.9		9.3	3.5	2.3	1.3	M41L, D67N, L74V, L210W, T215Y, K219N	['M41L', 'D67N', 'L74V', 'L210W', 'T215Y', 'K219N']
91883	52-1138	3.7		13	2.9	1.9	1.2	D67N, L74LV, L210LW, T215NY, K219N	['D67N', 'L74LV', 'L210LW', 'T215NY', 'K219N']
91789	52-1353	4.5		942	4.5	1.6	4.9	M41L, D67N, T69D, L210W, T215Y, K219R	['M41L', 'D67N', 'T69D', 'L210W', 'T215Y', 'K219R']
91774	52-1075	117.0		1,109	23.0	20.0	7.8	A62V, K65R, D67N, S68G, V75I, F77L, Y115F, F116Y, Q151M, K219E	['A62V', 'K65R', 'D67N', 'S68G', 'V75I', 'F77L', 'Y115F', 'F116Y', 'Q151M', 'K219E']
92198	52-7031	103.0		15	1.4	1.8	1.6	M41L, M184V, T215Y	['M41L', 'M184V', 'T215Y']
92251	52-5012	98.0		114	4.5	2.2	1.8	M41L, E44D, D67N, L74LV, M184V, L210W, T215Y, K219N	['M41L', 'E44D', 'D67N', 'L74LV', 'M184V', 'L210W', 'T215Y', 'K219N']
92186	52-7021	1.1		0.8	1.4	1.3	1.0		[]
91710	52-1053	3.9		299	2.5	1.3	3.2	M41L, L210W, T215Y	['M41L', 'L210W', 'T215Y']
91891	52-1155	120.0		5.7	1.5	1.6	1.1	M41L, D67DN, M184V, L210W, T215Y	['M41L', 'D67DN', 'M184V', 'L210W', 'T215Y']
91730	52-1073	8.2		827	6.4	1.7	4.1	M41L, E44D, T69D, L210W, T215Y, K219R	['M41L', 'E44D', 'T69D', 'L210W', 'T215Y', 'K219R']
92261	52-6002	110.0		27	1.7	1.9	1.4	D67N, K70R, M184V, T215F, K219Q	['D67N', 'K70R', 'M184V', 'T215F', 'K219Q']
92247	52-5009	110.0		5.4	1.9	1.7	1.1	M41L, M184V, L210W, T215Y	['M41L', 'M184V', 'L210W', 'T215Y']
92206	52-7043	98.0		5.0	1.6	1.3	1.0	M41L, M184V, L210W, T215Y	['M41L', 'M184V', 'L210W', 'T215Y']
92237	52-5002	98.0		78	3.8	2.1	2.3	M41L, E44D, D67N, T69D, M184V, L210W, T215Y, K219KR	['M41L', 'E44D', 'D67N', 'T69D', 'M184V', 'L210W', 'T215Y', 'K219KR']
91819	52-1086	100.0		211	5.1	2.2	1.5	M41L, E44D, D67N, L74I, V75A, M184V, L210L*W, T215Y	['M41L', 'E44D', 'D67N', 'L74I', 'V75A', 'M184V', 'L210L*W', 'T215Y']
91845	52-1097	6.1		0.8	1.5	1.2	0.9	D67N, K70G, T215F, K219Q	['D67N', 'K70G', 'T215F', 'K219Q']
91865	52-1122	5.1		17	3.1	1.8	1.1	M41L, E44D, D67N, L74V, T215Y	['M41L', 'E44D', 'D67N', 'L74V', 'T215Y']
91736	52-1264	115.0		0.7	0.9	1.7	0.6	M184V	['M184V']
92285	52-7003	110.0		24	2.1	1.8	1.7	M41L, S68G, M184V, L210W, T215Y	['M41L', 'S68G', 'M184V', 'L210W', 'T215Y']
91839	52-1091	115.0		69	3.6	1.8	1.8	M41L, T69T_ST, V75M, M184V, T215Y	['M41L', 'T69T_ST', 'V75M', 'M184V', 'T215Y']
92218	52-3015	96.0		22	1.7	1.9	1.6	M41L, M184V, L210W, T215Y	['M41L', 'M184V', 'L210W', 'T215Y']
91855	52-1110	120.0		312	7.0	3.7	4.6	T69G_SG, V75M, M184V, T215F	['T69G_SG', 'V75M', 'M184V', 'T215F']
91881	52-1137	1.3		5.4	6.3	6.1	0.9	M41L, E44D, D67N, K70R, L74V, L210W, T215Y, K219E	['M41L', 'E44D', 'D67N', 'K70R', 'L74V', 'L210W', 'T215Y', 'K219E']
92190	52-7022a	1.7		7.4	1.7	1.0	1.3	T215Y	['T215Y']
92239	52-5002a	148.0		7.0	3.3	1.6	1.3	M41L, E44D, D67N, T69D, M184V, L210W, T215Y, K219KR	['M41L', 'E44D', 'D67N', 'T69D', 'M184V', 'L210W', 'T215Y', 'K219KR']
92227	52-4007	103.0		4.6	1.9	2.2	0.7	M41L, E44D, D67N, T69D, L74V, F77FL, M184V, L210W, T215Y	['M41L', 'E44D', 'D67N', 'T69D', 'L74V', 'F77FL', 'M184V', 'L210W', 'T215Y']
91724	52-1241	1.5		57	1.8	0.9	2.1	M41L, L210LW, T215Y	['M41L', 'L210LW', 'T215Y']
91805	52-1382	100.0		0.5	0.9	1.5	0.5	D67N, K70R, L74V, Y115F, M184V, K219E	['D67N', 'K70R', 'L74V', 'Y115F', 'M184V', 'K219E']
91857	52-1111	103.0		5.1	2.0	1.7	0.9	M41L, E44D, D67N, M184V, L210W, T215Y	['M41L', 'E44D', 'D67N', 'M184V', 'L210W', 'T215Y']
92188	52-7022	1.3		6.5	1.5	0.9	1.3	T215Y	['T215Y']
92223	52-3025	98.0		0.8	1.2	1.6	0.7	M41L, L74V, Y115F, M184V, T215Y, K219E	['M41L', 'L74V', 'Y115F', 'M184V', 'T215Y', 'K219E']
91714	52-1054	110.0		0.3	0.9	2.5	0.4	L74V, M184V	['L74V', 'M184V']
91809	52-1385	115.0		1.4	1.2	1.5	0.6	M41L, M184V, T215CY	['M41L', 'M184V', 'T215CY']
91841	52-1440	7.4		892	3.4	1.8	4.9	M41L, E44D, D67N, L210W, T215Y	['M41L', 'E44D', 'D67N', 'L210W', 'T215Y']
91756	52-1314	96.0		0.5	1.6	4.0	0.7	A62V, D67DG, T69DN, K70KN, V75T, M184V	['A62V', 'D67DG', 'T69DN', 'K70KN', 'V75T', 'M184V']
91889	52-1153	2.0		31	2.0	1.4	1.8	D67N, K70KR, T215TI, K219Q	['D67N', 'K70KR', 'T215TI', 'K219Q']
91720	52-1239	148.0		17	5.4	2.4	2.4	M41L, A62V, T69S_SS, M184I, L210W, T215Y	['M41L', 'A62V', 'T69S_SS', 'M184I', 'L210W', 'T215Y']
91851	52-1101a	148.0		1.0	1.1	1.5	0.7	D67N, K70R, M184V, T215I, K219E	['D67N', 'K70R', 'M184V', 'T215I', 'K219E']
91815	52-1392	5.7		1,296	4.9	2.2	5.9	M41L, D67N, K70R, L210W, T215F, K219Q	['M41L', 'D67N', 'K70R', 'L210W', 'T215F', 'K219Q']
92235	52-4015	103.0		3.3	1.4	2.7	0.8	M41L, L74V, M184V, L210W, T215Y	['M41L', 'L74V', 'M184V', 'L210W', 'T215Y']
91718	52-1061	1.0		0.8	1.0	0.8	1.0		[]
91797	52-1371	4.7		6.3	6.5	4.9	1.3	A62V, D67N, V75I, F116FY, T215NY, K219Q	['A62V', 'D67N', 'V75I', 'F116FY', 'T215NY', 'K219Q']
91706	52-1044	100.0		6.9	1.6	1.4	1.0	M41L, D67N, T69D, K70R, M184V, T215F, K219Q	['M41L', 'D67N', 'T69D', 'K70R', 'M184V', 'T215F', 'K219Q']
91752	52-1297	5.8		47	4.3	2.4	3.7	D67N, K70R, L74LV, K219Q	['D67N', 'K70R', 'L74LV', 'K219Q']
92259	52-6001	110.0		12	3.5	2.5	1.0	M41L, E44D, D67N, T69D, L74LI, V75A, M184V, L210W, T215Y	['M41L', 'E44D', 'D67N', 'T69D', 'L74LI', 'V75A', 'M184V', 'L210W', 'T215Y']
92210	52-3002	18.0		12	4.0	3.2	1.5	M41L, D67N, T69D, K70R, L74V, V75T, T215F, K219Q	['M41L', 'D67N', 'T69D', 'K70R', 'L74V', 'V75T', 'T215F', 'K219Q']
92267	52-6005	5.3		242	6.0	2.5	2.5	M41L, E44ED, D67G, T69D, V75M, M184MV, L210W, T215Y, K219R	['M41L', 'E44ED', 'D67G', 'T69D', 'V75M', 'M184MV', 'L210W', 'T215Y', 'K219R']
92176	52-2016	1.5		0.9	1.1	0.9	0.9	T215L	['T215L']
91732	52-1073a	98.0		307	4.1	2.2	2.8	M41L, E44D, T69D, M184V, L210W, T215Y, K219R	['M41L', 'E44D', 'T69D', 'M184V', 'L210W', 'T215Y', 'K219R']
91869	52-1124a	2.0		413	1.7	1.2	4.9	M41L, E44ED, L210W, T215F	['M41L', 'E44ED', 'L210W', 'T215F']
91899	52-1206	115.0		57	3.9	2.7	1.8	M41L, E44EAD, D67N, M184V, L210W, T215Y	['M41L', 'E44EAD', 'D67N', 'M184V', 'L210W', 'T215Y']
92184	52-7020	4.5		37	1.9	1.2	2.0	D67N, K70R, T215F, K219Q	['D67N', 'K70R', 'T215F', 'K219Q']
92275	52-6012	8.8		64	3.2	2.3	2.5	M41L, D67N, T69D, K70R, L74I, V75T, L210LW, T215F, K219Q	['M41L', 'D67N', 'T69D', 'K70R', 'L74I', 'V75T', 'L210LW', 'T215F', 'K219Q']
125417	TMS338	0.7	1.1	0.6	1.1	1.4	1.0	E44D	['E44D']
128485	07-156985	0.7	0.8	0.7	0.6	0.6	0.8		[]
151990	65R+70E	8.8	3.1				2.3	K65R, K70E	['K65R', 'K70E']
151989	70E	3.4	1.4				1.2	K70E	['K70E']
183806	7	1.9	1.1	0.7	1.1	1.0	0.7	M41L, T215D	['M41L', 'T215D']
183803	4	0.9	0.9	0.3	1.1	1.2	0.6	S68G	['S68G']
183800	11	200.0	3.6	1.0	2.0	1.8	0.5	M41L, T215Y	['M41L', 'T215Y']
183798	1	200.0	6.3	1.8	1.9	2.8	0.6	M41L, L74V, M184V, T215Y	['M41L', 'L74V', 'M184V', 'T215Y']
183801	2	1.1	1.1	0.8	1.5	1.4	0.9		[]
183799	10	1.4	2.0	30	1.6	1.2	2.0	M41L, D67G, L74I, M184V, T215Y	['M41L', 'D67G', 'L74I', 'M184V', 'T215Y']
183804	5	3.2	2.6	19	1.9	1.2	2.2	M41L, T215F	['M41L', 'T215F']
183802	3	200.0	5.1	2.6	2.0	2.1	0.9	K70R, M184V, T215F	['K70R', 'M184V', 'T215F']
183808	9	2.5	4.0	665	3.2	1.5	3.0	M41L, L210W, T215Y	['M41L', 'L210W', 'T215Y']
183805	6	10.0	7.2	2,400	7.8	3.0	6.9	M41L, E44D, D67N, T69D, L74I, L210W, T215Y	['M41L', 'E44D', 'D67N', 'T69D', 'L74I', 'L210W', 'T215Y']
184293	sdm70d	2.8	1.0	0.2	1.0	1.0	1.0	K70~	['K70~']
184294	sdm70d151M	3.5	4.3	2.3	4.7	6.0	1.0	K70~, Q151M	['K70~', 'Q151M']
184295	sdm70d74V	2.9	7.1	2.0	4.6	6.3	0.9	K70~, L74V	['K70~', 'L74V']
184292	sdm151M	1.4	3.7	2.9	3.8	4.6	0.9	Q151M	['Q151M']
184296	sdm74V	1.6	2.1	0.5	1.2	1.8	0.7	L74V	['L74V']
184297	WT_Hxb2	1.0	1.0	1.0	1.0	1.0	1.0		[]
184306	a138K184V	79.0	4.2	0.9	0.8	2.2	0.8	M184V	['M184V']
184309	aWT	1.0	1.0	1.0	1.0	1.0	1.0		[]
184305	a138K184I	79.0	2.3	0.6	0.7	2.2	0.7	M184I	['M184I']
184308	a184V	79.0	3.4	0.5	1.0	2.0	0.6	M184V	['M184V']
184304	a138K	1.3	1.2	1.5	1.2	1.3	1.2		[]
184307	a184I	79.0	2.1	0.4	1.0	2.3	0.6	M184I	['M184I']
184320	22101clone	200.0	7.8	385	3.7	2.2	3.1	M41L, D67N, K70R, M184V, T215F, K219Q	['M41L', 'D67N', 'K70R', 'M184V', 'T215F', 'K219Q']
184326	5321clone	200.0	4.6	3.1	2.9	1.8	1.0	M41L, D67G, K70R, L74I, M184V, T215F, K219Q	['M41L', 'D67G', 'K70R', 'L74I', 'M184V', 'T215F', 'K219Q']
184319	16315SDM	7.0	2.4	50	2.4	1.5	2.3	D67N, K70R	['D67N', 'K70R']
184318	16315clone	7.9	4.5	435	3.7	2.0	4.2	D67N, K70R, T215E, K219Q	['D67N', 'K70R', 'T215E', 'K219Q']
184323	2318SDM	14.0	4.4	26	4.5	2.4	2.0	M41L, D67N, T69D, V75T, L210W, T215Y	['M41L', 'D67N', 'T69D', 'V75T', 'L210W', 'T215Y']
184321	22101SDM	200.0	6.9	448	2.8	2.8	2.6	M41L, D67N, K70R, M184V, T215F, K219Q	['M41L', 'D67N', 'K70R', 'M184V', 'T215F', 'K219Q']
184327	5321SDM	200.0	4.4	3.3	2.2	1.9	0.8	M41L, D67G, K70R, L74I, M184V, T215F, K219Q	['M41L', 'D67G', 'K70R', 'L74I', 'M184V', 'T215F', 'K219Q']
184324	4992Clone		6.5	6.7	2.3	1.9	0.9	D67N, K70R, L74I, M184V, T215F, K219Q	['D67N', 'K70R', 'L74I', 'M184V', 'T215F', 'K219Q']
184325	4992SDM	200.0	2.9	1.9	1.1	1.3	0.5	D67N, K70R, M184V, T215F, K219Q	['D67N', 'K70R', 'M184V', 'T215F', 'K219Q']
184328	9881clone	7.8	4.4	152	4.8	1.8	4.1	D67N, K70R, K219Q	['D67N', 'K70R', 'K219Q']
184329	9881SDM	3.3	2.0	80	2.0	1.1	2.9	D67N, K70R, K219Q	['D67N', 'K70R', 'K219Q']
184322	2318clone	12.0	5.1	114	7.0	3.2	2.9	M41L, D67N, T69D, V75T, L210W, T215Y	['M41L', 'D67N', 'T69D', 'V75T', 'L210W', 'T215Y']
96320	2008-4	200.0	5.3	1.5	1.1	1.8	0.6	M41ML, D67N, M184MIV, T215F, K219Q	['M41ML', 'D67N', 'M184MIV', 'T215F', 'K219Q']
122671	200804-15	64.0	4.3	1.8	1.2	1.3	0.7	M41ML, L74LI, M184MV, L210LW, T215SY	['M41ML', 'L74LI', 'M184MV', 'L210LW', 'T215SY']
135157	CA135157	200.0	3.5	0.3	0.7	1.6	0.4	L74LI, M184V	['L74LI', 'M184V']
95241	CA95241	9.5	5.7	118	2.0	1.6	4.2	D67G, K70R, T215I, K219Q	['D67G', 'K70R', 'T215I', 'K219Q']
68581	CA68581	200.0	9.7	3.6	2.2	2.5	0.6	M41L, D67N, L74V, M184V, L210W, T215Y, K219Q	['M41L', 'D67N', 'L74V', 'M184V', 'L210W', 'T215Y', 'K219Q']
184271	WA3	200.0	5.4	4.9	2.5	2.2	1.0	M41L, D67N, T69D, M184V, L210W, T215F	['M41L', 'D67N', 'T69D', 'M184V', 'L210W', 'T215F']
70969	CA900BT11		8.8	54	3.7	2.1	1.9	M41L, D67N, L74LI, M184V, L210W, T215Y, K219N	['M41L', 'D67N', 'L74LI', 'M184V', 'L210W', 'T215Y', 'K219N']
95064	200803-5	200.0	7.0	83	3.1	2.2	2.0	M41L, M184V, L210W, T215Y	['M41L', 'M184V', 'L210W', 'T215Y']
95836	200801-18	200.0	6.2	18	2.0	1.9	1.5	M41L, E44A, D67N, V75M, F77L, M184V, L210W, T215Y, K219Q	['M41L', 'E44A', 'D67N', 'V75M', 'F77L', 'M184V', 'L210W', 'T215Y', 'K219Q']
88725	Pt39298	3.9	2.5	0.5	0.8	1.3	0.6	M184MV	['M184MV']
125012	Pt9	1.1	1.0	0.6	1.0	1.1	0.8		[]
84914	CA84914	13.0	5.3	2,400	5.7	3.2	5.1	M41L, E44D, T69D, L210W, T215Y, K219R	['M41L', 'E44D', 'T69D', 'L210W', 'T215Y', 'K219R']
50903	CA50903	200.0	10.0	85	3.7	2.0	1.6	M41L, E44ED, D67N, L74LI, M184MV, L210W, T215Y, K219KN	['M41L', 'E44ED', 'D67N', 'L74LI', 'M184MV', 'L210W', 'T215Y', 'K219KN']
88793	Pt39332	0.9	0.9	0.7	0.9	1.1	0.8		[]
92511	Ph40765	200.0	3.8	0.9	0.9	1.9	0.6	M184V	['M184V']
127370	09Pt43	1.1	0.8	1.1	1.1	1.2	0.8		[]
127344	09Pt30	0.8	1.1	0.5	0.8	0.9	0.8		[]
166050	201011-7	200.0	3.1	0.4	0.6	1.4	0.3	T69D, M184V	['T69D', 'M184V']
59233	CA59233	200.0	14.0	7.0	3.4	4.0	1.0	M41L, D67N, L74I, V75T, M184V, L210W, T215Y	['M41L', 'D67N', 'L74I', 'V75T', 'M184V', 'L210W', 'T215Y']
177176	201108-3	1.2	1.0	1.0	0.6	0.7	1.3		[]
88779	Pt39325	200.0	2.9	0.4	0.9	1.5	0.4	M184MIV, T215TI	['M184MIV', 'T215TI']
86056	8384_1130	200.0	27.0	2,400	12.0	3.5	7.2	D67G, S68G, K70R, M184V, L210W, T215F, K219W	['D67G', 'S68G', 'K70R', 'M184V', 'L210W', 'T215F', 'K219W']
125028	Pt17	200.0	3.4	1.8	1.0	1.5	0.8	K70R, M184V	['K70R', 'M184V']
70951	CA9000BT1	7.5	8.9	5.6	7.3	2.9		E40F, M41L, D67N, L74LI, L210W, T215Y, K219N	['E40F', 'M41L', 'D67N', 'L74LI', 'L210W', 'T215Y', 'K219N']
151302	2010-11	200.0	6.7	3.9	2.0	3.1	1.1	M184V, T215Y	['M184V', 'T215Y']
87354	CA87354	6.8	6.1	250	4.0	1.8	3.2	M41L, E44D, A62V, D67N, V75I, L210W, K219N	['M41L', 'E44D', 'A62V', 'D67N', 'V75I', 'L210W', 'K219N']
96356	2008-33	200.0	8.6	21	2.8	2.3	1.2	M41L, E44D, L74IV, M184V, L210W, T215Y, K219R	['M41L', 'E44D', 'L74IV', 'M184V', 'L210W', 'T215Y', 'K219R']
71557	CA900BT63		5.1	4.6	1.9	1.8	1.1	M41L, E44D, D67DN, L74LV, M184V, L210LW, T215Y, K219KN	['M41L', 'E44D', 'D67DN', 'L74LV', 'M184V', 'L210LW', 'T215Y', 'K219KN']
69023	CA69023	200.0	5.4	0.2	1.0	2.7	0.9	K65R, M184MV	['K65R', 'M184MV']
122799	CA122799	1.1	0.9	1.5	0.9	1.2	1.1		[]
124523	2008-48	1.8	2.1	39	2.0	1.3	2.3	D67N, K70R, K219E	['D67N', 'K70R', 'K219E']
88803	Pt39337	200.0	4.7	1.1	0.9	1.8	0.9	M184V	['M184V']
92373	200801-5	200.0	9.8	63	4.3	3.5	1.8	M41L, E44D, D67N, T69D, M184V, L210W, T215Y, K219R	['M41L', 'E44D', 'D67N', 'T69D', 'M184V', 'L210W', 'T215Y', 'K219R']
177180	201108-5	200.0	6.1	1.3	1.0	2.0	2.3	A62V, K65R, M184V	['A62V', 'K65R', 'M184V']
95812	200801-6	200.0	3.8	1.3	0.8	1.5	0.8	K70KR, M184V	['K70KR', 'M184V']
184310	Q1918	0.8	0.7	1.1	1.0	1.0	0.8		[]
88743	Pt39307	0.9	1.2	1.8	1.2	1.6	1.1		[]
184267	WA1	1.9	2.2	1.4	1.7	2.0	1.4		[]
96408	2008-20	200.0	4.9	55	1.2	1.3	2.0	M41L, D67N, K70R, M184V, T215F, K219Q	['M41L', 'D67N', 'K70R', 'M184V', 'T215F', 'K219Q']
95844	200801-22	4.0	3.1	188	2.2	1.3	2.8	D67N, K70R, T215F, K219Q	['D67N', 'K70R', 'T215F', 'K219Q']
122651	200804-05	2.7	3.2	217	1.8	1.0	3.3	M41L, S68G, L210W, T215F	['M41L', 'S68G', 'L210W', 'T215F']
88749	Pt39310	1.0	1.2	1.7	0.8	1.0	1.1		[]
122782	Pt8	43.0	5.3	6.8	1.5	1.5	1.1	M41L, M184V, T215Y	['M41L', 'M184V', 'T215Y']
95822	200801-11	200.0	2.9	0.3	1.3	3.1	0.5	M184V	['M184V']
96442	2008-38	1.0	0.7	0.7	0.9	0.9	0.7		[]
185096	gme236_P3	0.9	1.0	0.9	0.8	0.9	0.9		[]
195307	Q1	200.0	2.2	0.4	0.6	1.3	0.6	A62AV, M184V	['A62AV', 'M184V']
185948	TM539870S	200.0	8.0	0.3	0.8	3.3	0.4	L74V, M184V	['L74V', 'M184V']
185950	TM731112E	200.0	3.7	3.9	0.9	1.4	0.8	D67N, K70R, M184V, K219Q	['D67N', 'K70R', 'M184V', 'K219Q']
184254	157487	11.0	1.8	0.6	0.4	0.6	0.4	M184MV	['M184MV']
151290	2010-5	200.0	8.7	0.3	1.1	2.4	1.2	K65R, M184V, T215S, K219KN	['K65R', 'M184V', 'T215S', 'K219KN']
184262	165589	200.0	6.9	5.1	2.6	1.8	1.5	M41L, T69D, M184V, L210W, T215Y	['M41L', 'T69D', 'M184V', 'L210W', 'T215Y']
96332	2008-10	0.9	1.0	1.3	0.8	1.1	1.0		[]
87344	CA87344	3.9	1.2	0.9	1.5	1.1	0.8	M41ML, D67N, T69D, T215D	['M41ML', 'D67N', 'T69D', 'T215D']
184244	CA5.200907	0.7	1.4	0.4	0.7	1.4	0.6	L74V, T215C	['L74V', 'T215C']
59627	CA59627	200.0	8.6	135	2.6	2.1	2.5	M41L, D67DN, M184V, L210W, T215Y, K219N	['M41L', 'D67DN', 'M184V', 'L210W', 'T215Y', 'K219N']
184257	117555	4.2	2.3	257	2.1	1.5	4.7	M41L, D67N, K70R, T215Y, K219E	['M41L', 'D67N', 'K70R', 'T215Y', 'K219E']
63816	CA63816	200.0	11.0	563	4.6	2.5	3.8	M41L, E44ED, D67N, M184IV, L210W, T215Y	['M41L', 'E44ED', 'D67N', 'M184IV', 'L210W', 'T215Y']
166060	201011-1	200.0	14.0	41	4.9	4.2	2.6	D67N, K70R, V75T, M184V, K219Q	['D67N', 'K70R', 'V75T', 'M184V', 'K219Q']
88787	Pt39329	1.0	1.1	1.2	1.3	1.6	1.0		[]
96434	2008-34	0.9	1.3	1.1	1.3	1.3	1.0		[]
124527	2008-50	0.9	0.7	0.6	0.9	1.2	0.7		[]
195241	C2	0.9	0.7	0.6	1.2	1.5	0.9		[]
94390	200801-19	200.0	5.5	7.7	1.9	2.0	1.2	M41L, D67N, K70R, M184V, T215Y, K219E	['M41L', 'D67N', 'K70R', 'M184V', 'T215Y', 'K219E']
125000	Pt3	200.0	4.5	2.1	1.0	1.5	0.7	M41L, L74LV, M184V, T215Y	['M41L', 'L74LV', 'M184V', 'T215Y']
96368	2008-38	200.0	9.1	12	2.6	1.9	1.2	M41L, D67N, L74I, M184V, L210W, T215Y, K219Q	['M41L', 'D67N', 'L74I', 'M184V', 'L210W', 'T215Y', 'K219Q']
94396	200801-22	200.0	9.4	27	3.5	2.5	1.2	M41L, E44D, D67N, L74IV, M184V, L210W, T215Y, K219N	['M41L', 'E44D', 'D67N', 'L74IV', 'M184V', 'L210W', 'T215Y', 'K219N']
94382	200801-6	200.0	7.2	3.9	1.5	1.1	0.9	M41L, E44D, D67N, L74LV, M184V, L210W, T215Y, K219KR	['M41L', 'E44D', 'D67N', 'L74LV', 'M184V', 'L210W', 'T215Y', 'K219KR']
184273	WA4	200.0	2.3	0.4	0.7	1.3	0.5	M184V	['M184V']
134365	CA134365	3.8	0.9	1.2	1.6	1.5	1.1	D67N, S68G, T215L, K219Q	['D67N', 'S68G', 'T215L', 'K219Q']
185056	115188	1.4	0.9	0.7	0.9	0.9	0.7		[]
122767	22110_0408	200.0	5.9	20	1.8	2.1	1.5	M41L, D67N, V75M, M184V, L210W, T215Y, K219E	['M41L', 'D67N', 'V75M', 'M184V', 'L210W', 'T215Y', 'K219E']
175999	201108-7	200.0	6.5	50	2.5	1.9	2.6	M41L, D67N, K70R, M184V, T215F, K219E	['M41L', 'D67N', 'K70R', 'M184V', 'T215F', 'K219E']
127276	09Pt68	1.0	1.0	0.7	1.1	1.6	0.9		[]
127252	09Pt57	1.2	0.9	0.5	0.9	1.1	0.7		[]
86054	5111_1109	200.0	12.0	20	4.4	4.3	2.0	M41L, D67N, L74I, M184V, T215F, K219W	['M41L', 'D67N', 'L74I', 'M184V', 'T215F', 'K219W']
166070	201011-6	1.0	4.8	0.3	1.6	3.9	0.6	T69D, V75A, M184V	['T69D', 'V75A', 'M184V']
71497	CA900BT32		8.8	32	2.9	2.3	2.1	M41L, K70KR, M184V, L210W, T215Y, K219E	['M41L', 'K70KR', 'M184V', 'L210W', 'T215Y', 'K219E']
122669	200804-14	200.0	4.2	6.3	1.6	1.8	0.9	E44D, A62V, M184V, L210W, T215Y	['E44D', 'A62V', 'M184V', 'L210W', 'T215Y']
96354	2008-32	200.0	7.4	9.3	2.2	2.0	1.4	M41L, D67N, K70KR, M184V, T215F, K219Q	['M41L', 'D67N', 'K70KR', 'M184V', 'T215F', 'K219Q']
127368	09Pt42	0.9	0.7	0.5	0.8	1.0	0.6		[]
195299	EB8_2010	1.0	0.9	1.3	1.1	1.1	0.9	S68G	['S68G']
125018	Pt12	0.7	0.8	0.9	0.6	0.6	0.7		[]
71475	CA900BT20	14.0	8.0	662	7.7	2.6	5.2	M41L, E44ED, D67N, L74LV, L210W, T215Y, K219KR	['M41L', 'E44ED', 'D67N', 'L74LV', 'L210W', 'T215Y', 'K219KR']
71567	CA71567				19.0	17.0	2.1	A62V, K70N, V75I, F77L, Y115F, F116Y, Q151M	['A62V', 'K70N', 'V75I', 'F77L', 'Y115F', 'F116Y', 'Q151M']
122675	200804-17	2.1	1.5	30	1.7	0.9	1.9	M41L, L210W, T215Y	['M41L', 'L210W', 'T215Y']
95816	200801-8	0.8	0.9	0.5	0.8	0.8	0.8		[]
184281	CA.200504	200.0	2.9	14	2.9	1.9	1.7	M41L, D67NS, T69D, K70R, M184V, T215F, K219Q	['M41L', 'D67NS', 'T69D', 'K70R', 'M184V', 'T215F', 'K219Q']
184277	CA.200502	200.0	4.6	8.5	1.9	1.7	1.8	M41L, D67N, K70N, M184V, T215Y	['M41L', 'D67N', 'K70N', 'M184V', 'T215Y']
195283	EB22	200.0	3.6	0.3	0.9	1.5	0.5	M184V	['M184V']
96438	2008-36	200.0	3.9	3.0	1.3	1.5	0.7	M41L, E44D, D67N, M184V, L210W, T215Y, K219E	['M41L', 'E44D', 'D67N', 'M184V', 'L210W', 'T215Y', 'K219E']
195273	EB18	1.4	1.1	0.9	0.8	1.1	0.9		[]
96229	MA42445	1.4	1.2	0.7	1.2	1.2	0.8	A62V, V75I	['A62V', 'V75I']
195261	EB12	1.1	1.0	1.1	1.1	1.0	1.1		[]
127312	09Pt14	0.6	0.6	0.4	0.6	0.6	0.6		[]
102354	Pt1b	200.0	21.0	2,400	11.0	3.1	4.3	M41L, D67N, T69D, K70R, L74I, M184V, T215F, K219W	['M41L', 'D67N', 'T69D', 'K70R', 'L74I', 'M184V', 'T215F', 'K219W']
55092	CA55092	3.8	2.8	13	1.7	1.4	1.6	D67N, K70R, M184MV, T215TI, K219Q	['D67N', 'K70R', 'M184MV', 'T215TI', 'K219Q']
185066	134044	1.5	1.3	5.1	0.9	0.7	1.1	D67N, K70R, K219Q	['D67N', 'K70R', 'K219Q']
166086	201011-14	1.4	1.1	1.6	1.4	1.4	0.8		[]
51129	CA51129	2.5	3.1	8.6	1.8	1.5	1.6	M41L, L74V, T215Y	['M41L', 'L74V', 'T215Y']
96342	2008-26	200.0	7.5	0.8	1.3	2.0	0.4	M41L, L74V, M184V, L210W, T215Y, K219N	['M41L', 'L74V', 'M184V', 'L210W', 'T215Y', 'K219N']
184248	CA8.201001	200.0	28.0	200	200.0	18.0	12.0	M41L, A62V, K65R, V75I, Y115F, F116Y, Q151M, L210W, T215E	['M41L', 'A62V', 'K65R', 'V75I', 'Y115F', 'F116Y', 'Q151M', 'L210W', 'T215E']
175995	201108-5	1.2	1.0	0.5	0.7	0.9	0.5		[]
162659	CA162659	200.0	3.6	0.3	0.6	1.9	0.7	D67G, K70E, M184V	['D67G', 'K70E', 'M184V']
177172	201108-1	200.0	4.5	25	2.1	3.0	1.9	M41L, M184V, T215Y	['M41L', 'M184V', 'T215Y']
122647	200804-03	200.0	7.2	0.8	1.1	2.2	0.5	M41L, S68SG, L74V, M184V, T215Y	['M41L', 'S68SG', 'L74V', 'M184V', 'T215Y']
95060	200803-3	200.0	8.2	11	1.4	2.1	1.5	M41L, D67N, M184V, L210W, T215Y, K219E	['M41L', 'D67N', 'M184V', 'L210W', 'T215Y', 'K219E']
71509	CA900BT39		6.5	10	2.2	1.6	0.9	M41L, D67N, L74LI, M184V, L210W, T215Y	['M41L', 'D67N', 'L74LI', 'M184V', 'L210W', 'T215Y']
124519	2008-46	0.9	0.8	0.6	0.9	0.8	0.9		[]
71521	CA900BT45		19.0		12.0	4.3	5.5	M41L, T69S_SS, V75M, M184V, L210W, T215FY	['M41L', 'T69S_SS', 'V75M', 'M184V', 'L210W', 'T215FY']
195239	C11	200.0	2.7	0.4	0.7	1.3	0.4	M184V, T215Y	['M184V', 'T215Y']
86038	5617_0409	200.0	6.7	36	2.6	2.0	1.8	M41L, M184V, L210W, T215Y	['M41L', 'M184V', 'L210W', 'T215Y']
88731	Pt39301	0.8	0.8	0.6	1.0	1.0	0.8		[]
68595	CA68595	200.0	6.5	4.7	2.5	2.5	0.9	M41L, D67G, S68G, K70R, L74I, M184V, T215F, K219E	['M41L', 'D67G', 'S68G', 'K70R', 'L74I', 'M184V', 'T215F', 'K219E']
96384	2008-45	200.0	23.0	2,400	15.0	4.8	7.0	M41L, D67N, L74LI, M184V, L210LW, T215FY, K219Q	['M41L', 'D67N', 'L74LI', 'M184V', 'L210LW', 'T215FY', 'K219Q']
127298	09Pt79	200.0	6.0	51	1.3	1.7	2.0	M41L, M184V, T215Y	['M41L', 'M184V', 'T215Y']
84910	CA84910	200.0	12.0	9.1	5.5	8.2	0.8	D67N, T69D, K70R, F116Y, Q151M, M184V, T215V, K219Q	['D67N', 'T69D', 'K70R', 'F116Y', 'Q151M', 'M184V', 'T215V', 'K219Q']
95068	200803-7	200.0	2.2	0.2	0.7	1.4	0.3	D67N, T69D, M184V, T215L, K219Q	['D67N', 'T69D', 'M184V', 'T215L', 'K219Q']
63984	CA63984	200.0	9.9	149	3.1	2.5	3.3	M41L, D67G, K70R, M184V, L210W, T215Y, K219E	['M41L', 'D67G', 'K70R', 'M184V', 'L210W', 'T215Y', 'K219E']
195235	C1	1.0	0.8	0.9	0.6	0.9	0.8		[]
96374	2008-41	200.0	5.7	64	3.6	2.0	1.7	M41L, E44A, D67NS, V75M, F77L, M184V, L210W, T215Y, K219Q	['M41L', 'E44A', 'D67NS', 'V75M', 'F77L', 'M184V', 'L210W', 'T215Y', 'K219Q']
96392	2008-33a	200.0	10.0	65	3.2	2.8	1.4	M41L, E44D, L74I, M184V, L210W, T215Y, K219R	['M41L', 'E44D', 'L74I', 'M184V', 'L210W', 'T215Y', 'K219R']
122801	Q122801	1.1	0.8	0.4	0.9	0.9	0.7		[]
84230	CA84230	1.8	0.8	1.1	1.1	1.4	0.9	D67N	['D67N']
95056	200803-1	5.3	4.4	2,400	5.8	2.2	4.8	M41L, E44A, D67N, L210W, T215Y	['M41L', 'E44A', 'D67N', 'L210W', 'T215Y']
84124	CA84124	200.0	7.4	5.9	2.1	1.8	1.2	M41L, D67N, T69D, M184V, L210W, T215Y	['M41L', 'D67N', 'T69D', 'M184V', 'L210W', 'T215Y']
92367	200801-2	200.0	6.0	6.5	1.4	1.8	1.0	M41L, D67N, T69D, K70R, M184V, T215F, K219Q	['M41L', 'D67N', 'T69D', 'K70R', 'M184V', 'T215F', 'K219Q']
71493	CA900BT29	1.6	1.0	2.9	1.3	0.9	0.9	T215F	['T215F']
63798	CA63798	6.0	5.3	2,400	4.3	1.8	4.7	M41L, D67N, K70R, L74LI, T215F, K219Q	['M41L', 'D67N', 'K70R', 'L74LI', 'T215F', 'K219Q']
127332	09Pt24	0.8	0.8	1.0	0.9	0.8	1.0		[]
96398	2008-15	200.0	11.0	3.8	2.0	2.0	0.9	M41L, S68SG, L74V, M184V, L210W, T215Y	['M41L', 'S68SG', 'L74V', 'M184V', 'L210W', 'T215Y']
71487	CA900BT26	5.4	3.0	8.5	3.0	1.9	1.0	M41L, D67N, L74V, L210W, T215FY	['M41L', 'D67N', 'L74V', 'L210W', 'T215FY']
71535	CA900BT52	4.4	6.0		4.6	1.5	7.9	M41L, D67N, L74LV, L210W, T215Y, K219R	['M41L', 'D67N', 'L74LV', 'L210W', 'T215Y', 'K219R']
95072	200803-9	200.0	8.9	0.5	1.0	3.1	1.3	K65R, S68N, M184V	['K65R', 'S68N', 'M184V']
95832	200801-16	0.7	1.0	0.6	1.1	1.3	0.9		[]
84186	CA84186	200.0	6.7	5.9	2.6	2.2	1.1	M41L, L74LV, M184V, L210W, T215Y	['M41L', 'L74LV', 'M184V', 'L210W', 'T215Y']
88707	Pt39289	0.8	0.8	0.7	0.8	0.8	0.9		[]
94372	200801-1	200.0	7.6	65	2.4	2.6	2.8	M41L, D67N, K70R, M184V, T215IF, K219E	['M41L', 'D67N', 'K70R', 'M184V', 'T215IF', 'K219E']
195259	EB11_2010	1.0	0.8	0.8	1.1	1.0	0.9		[]
71469	CA900BT16		7.2	105	2.8	1.7	2.3	M41L, D67N, K70R, M184V, T215F, K219Q	['M41L', 'D67N', 'K70R', 'M184V', 'T215F', 'K219Q']
127224	Pt18	4.6	2.4	18	1.5	1.4	1.3	D67N, T69D, K70R, L74V, T215IF, K219Q	['D67N', 'T69D', 'K70R', 'L74V', 'T215IF', 'K219Q']
127234	09Pt4	1.0	1.1	1.4	1.0	1.1	0.9	E44D	['E44D']
87348	CA87348	1.3	1.1	1.0	1.3	1.4	1.3		[]
195257	EB10_2010	1.0	0.9	0.6	0.9	0.9	0.8		[]
195297	EB7_2008	0.8	0.8	0.9	0.8	0.9	0.9		[]
88755	Pt39313	1.0	0.8	0.6	0.8	0.8	0.7		[]
184285	CA.200506	200.0	4.8	64	1.5	1.6	2.1	M41L, V75M, F77L, M184V, L210W, T215Y	['M41L', 'V75M', 'F77L', 'M184V', 'L210W', 'T215Y']
122663	200804-11	200.0	170.0	2,400	8.7	100.0	7.5	A62V, K65R, S68G, K70R, V75I, F77L, Y115F, F116Y, Q151M, M184V, T215TI	['A62V', 'K65R', 'S68G', 'K70R', 'V75I', 'F77L', 'Y115F', 'F116Y', 'Q151M', 'M184V', 'T215TI']
127336	09Pt26	1.0	1.0	0.8	0.9	1.2	1.0		[]
151308	2010-14	24.0	11.0	1.2	1.6	2.9	4.1	M41ML, K65R, K70T, Y115F	['M41ML', 'K65R', 'K70T', 'Y115F']
127286	09Pt73	200.0	7.4	75	2.0	1.8	2.0	M41L, D67DN, M184V, L210W, T215Y, K219N	['M41L', 'D67DN', 'M184V', 'L210W', 'T215Y', 'K219N']
42580	WCS_1426_1	200.0	5.7	91	1.4	1.6	1.7	M41L, M184V, L210LW, T215Y	['M41L', 'M184V', 'L210LW', 'T215Y']
71549	CA900BT59	2.6	1.2	1.2	1.3	1.3	1.1	M41ML, D67N, S68SG, L210W, T215C, K219E	['M41ML', 'D67N', 'S68SG', 'L210W', 'T215C', 'K219E']
96235	MA42448	4.7	4.8	2,400	2.1	1.5	5.2	M41L, D67DN, L210W, T215F	['M41L', 'D67DN', 'L210W', 'T215F']
70955	CA9000BT4		2.1	0.4	0.7	1.2	0.5	M41L, D67N, S68G, M184V, T215S, K219E	['M41L', 'D67N', 'S68G', 'M184V', 'T215S', 'K219E']
184315	Q8345	200.0	3.3	0.2	0.8	1.5	0.5	K70E, M184V	['K70E', 'M184V']
185082	CMG_dec22	200.0	3.4	2.6	1.0	1.4	0.6	D67N, K70R, M184V, T215V, K219E	['D67N', 'K70R', 'M184V', 'T215V', 'K219E']
96563	CA96563	11.0	2.3	0.2	1.1	1.6	1.4	K65R	['K65R']
184263	168542	34.0	5.7	9.9	2.1	1.1	1.3	M41L, D67N, K70R, M184V, L210W, T215F, K219E	['M41L', 'D67N', 'K70R', 'M184V', 'L210W', 'T215F', 'K219E']
127240	09Pt52	0.6	0.6	0.5	0.5	0.7	0.7		[]
125024	Pt15	0.9	1.0	0.3	0.8	0.8	0.7	S68G, T215TA	['S68G', 'T215TA']
86040	38263_0410	200.0	5.6	9.7	1.8	1.3	1.2	M41L, E44D, D67N, K70KE, M184V, T215Y, K219KR	['M41L', 'E44D', 'D67N', 'K70KE', 'M184V', 'T215Y', 'K219KR']
94376	200801-3	4.5	2.5	132	2.2	1.4	3.1	M41ML, D67N, K70R, T215F, K219Q	['M41ML', 'D67N', 'K70R', 'T215F', 'K219Q']
166102	201011-3	200.0	8.3	2.3	2.9	2.5	54.0	M41L, D67N, T69D, K70R, M184V, T215FC, K219Q	['M41L', 'D67N', 'T69D', 'K70R', 'M184V', 'T215FC', 'K219Q']
166080	201011-11	0.8	0.9	1.0	1.0	0.8	1.0		[]
127322	09Pt19	0.9	0.9	0.6	0.7	0.7	0.9		[]
195265	EB14	1.3	0.8	1.1	1.0	1.1	0.9		[]
134393	CA134393	1.2	1.0	1.0	0.9	0.9	0.7	M184V	['M184V']
95806	200801-3	0.8	1.2	1.8	1.5	1.3	1.3	M41ML, D67DG, S68G, L74LV, L210LW, K219KN	['M41ML', 'D67DG', 'S68G', 'L74LV', 'L210LW', 'K219KN']
127242	09Pt53	2.1	3.2	238	2.2	1.5	5.7	M41L, S68G, K70KN, L74I, L210LW, T215Y	['M41L', 'S68G', 'K70KN', 'L74I', 'L210LW', 'T215Y']
96422	2008-27	200.0	4.7	0.3	1.0	1.5	0.4	M41ML, M184V, L210W, T215Y	['M41ML', 'M184V', 'L210W', 'T215Y']
102360	Pt1	200.0	2.6	0.6	0.9	2.1	0.6	D67N, M184V, K219Q	['D67N', 'M184V', 'K219Q']
127356	09Pt36	1.0	1.2	0.9	1.3	1.0	1.0		[]
87356	CA87356	200.0	7.7	9.8	2.7	2.4	1.3	M41L, E44ED, D67N, L74I, M184V, L210W, T215Y, K219R	['M41L', 'E44ED', 'D67N', 'L74I', 'M184V', 'L210W', 'T215Y', 'K219R']
96418	2008-25	200.0	5.6	19	1.6	1.4	1.4	D67N, K70R, M184V, K219Q	['D67N', 'K70R', 'M184V', 'K219Q']
70965	CA9000BT9		5.1	4.6	2.0	1.6	0.8	M41L, D67N, K70R, L74IV, M184V, T215F, K219Q	['M41L', 'D67N', 'K70R', 'L74IV', 'M184V', 'T215F', 'K219Q']
63934	CA63934	200.0	3.8	0.4	0.8	1.6	0.6	M184V	['M184V']
185952	TP767169L	0.8	1.0	0.8	1.1	1.0	0.8		[]
127378	09Pt47	0.8	1.2	0.9	1.0	1.0	1.0		[]
79456	CA79456	200.0	19.0	685	11.0	4.2	3.4	M41L, L74I, M184V, L210W, T215F, K219W	['M41L', 'L74I', 'M184V', 'L210W', 'T215F', 'K219W']
151286	2010-3	1.1	1.1	0.9	1.5	2.1	1.1		[]
195269	EB16	1.0	1.0	1.3	1.9	2.0	1.3		[]
177188	201108-10	0.8	0.8	1.0	0.9	1.0	0.8		[]
122657	200804-08	200.0	7.7	81	1.6	2.2	2.2	M41L, M184V, L210W, T215Y	['M41L', 'M184V', 'L210W', 'T215Y']
92369	200801-3	200.0	5.8	343	1.7	1.9	2.6	M41L, D67N, K70R, M184V, T215F, K219Q	['M41L', 'D67N', 'K70R', 'M184V', 'T215F', 'K219Q']
184287	CA.200606	200.0	2.2	0.4	1.0	2.1	0.7	M184MV	['M184MV']
96350	2008-30	200.0	4.4	53	2.6	1.8	3.7	M41L, E44A, D67N, T69D, M184V, L210W, T215Y, K219N	['M41L', 'E44A', 'D67N', 'T69D', 'M184V', 'L210W', 'T215Y', 'K219N']
71551	CA900BT60		5.4	16	1.7	1.4	1.6	M41L, M184V, T215Y	['M41L', 'M184V', 'T215Y']
96237	MA42449	200.0	3.2	0.3	0.7	1.6	0.3	M184V	['M184V']
127264	09Pt63	2.0	0.9	0.3	0.9	0.7	0.4	T69D	['T69D']
59247	CA59247	200.0	7.7	7.8	1.8	1.6	0.7	M41L, L74I, M184V, L210W, T215Y	['M41L', 'L74I', 'M184V', 'L210W', 'T215Y']
124996	Pt1	0.9	0.9	1.0	1.0	0.9	0.8		[]
127232	09Pt3	200.0	7.8	9.1	2.2	1.9	1.2	D67N, T69D, K70R, M184V, T215Y, K219Q	['D67N', 'T69D', 'K70R', 'M184V', 'T215Y', 'K219Q']
166048	201011-6	1.2	0.9	1.1	1.1	1.1	1.4		[]
185094	gme233_10	3.2	2.7	9.7	1.4	1.4	1.7	D67DN, K70KR, K219KE	['D67DN', 'K70KR', 'K219KE']
71531	CA900BT50		9.5	45	4.5	3.0	1.4	M41L, E44D, D67N, M184V, L210W, T215Y, K219Q	['M41L', 'E44D', 'D67N', 'M184V', 'L210W', 'T215Y', 'K219Q']
185942	TM130878R	0.8	0.9	0.4	0.8	1.2	1.0		[]
195287	EB2_2011	1.0	1.1	1.1	1.1	1.0	1.0		[]
122677	200804-18	200.0	6.0	14	2.4	2.6	1.3	M41L, E44D, D67DN, M184V, L210W, T215Y	['M41L', 'E44D', 'D67DN', 'M184V', 'L210W', 'T215Y']
127306	09Pt11	0.8	0.9	0.9	1.1	1.2	1.0		[]
127272	09Pt66	0.9	1.0	0.6	0.8	0.7	0.7		[]
185060	123727	1.2	1.0	1.1	1.0	1.0	1.2		[]
71513	CA900BT41	5.6	6.2		4.3	2.0	6.8	M41L, D67N, K70R, L210W, T215Y, K219E	['M41L', 'D67N', 'K70R', 'L210W', 'T215Y', 'K219E']
96410	2008-21	200.0	3.9	1.0	1.2	1.7	0.6	D67N, K70KR, M184V, T215F, K219Q	['D67N', 'K70KR', 'M184V', 'T215F', 'K219Q']
102368	Pt5	200.0	7.4	14	3.5	2.0	1.3	M41L, E44D, T69D, M184V, L210W, T215Y, K219R	['M41L', 'E44D', 'T69D', 'M184V', 'L210W', 'T215Y', 'K219R']
195293	EB5_2009	200.0	2.3	0.5	1.0	1.4	0.6	M184V	['M184V']
70957	CA9000BT5	4.7	6.7	45	3.0	2.4	3.5	M41L, E44D, S68G, L74V, L210W, T215Y, K219N	['M41L', 'E44D', 'S68G', 'L74V', 'L210W', 'T215Y', 'K219N']
195285	EB23	1.3	0.9	1.2	1.0	1.1	1.0		[]
127290	09Pt8	39.0	2.7	0.6	1.0	1.4	0.9	D67N, K70G, M184MV, K219Q	['D67N', 'K70G', 'M184MV', 'K219Q']
57650	CA57650	200.0	8.2	161	4.7	2.9	2.3	M41L, E44D, D67G, T69D, M184V, L210W, T215Y, K219R	['M41L', 'E44D', 'D67G', 'T69D', 'M184V', 'L210W', 'T215Y', 'K219R']
102358	Pt2b	5.3	4.4	201	2.9	2.1	3.9	M41L, E44D, D67N, L210W, T215Y, K219N	['M41L', 'E44D', 'D67N', 'L210W', 'T215Y', 'K219N']
127268	09Pt65	1.0	0.9	0.7	0.8	0.9	0.8		[]
166038	201011-1	2.0	1.4	0.7	1.0	0.9	0.9	D67N, T215L, K219Q	['D67N', 'T215L', 'K219Q']
69081	CA69081	200.0	10.0	0.2	1.0	4.2	1.0	A62AV, K65R, M184V	['A62AV', 'K65R', 'M184V']
86044	1533_1205	3.8	5.3	880	3.2	1.2	5.2	M41L, D67N, L210W, T215Y	['M41L', 'D67N', 'L210W', 'T215Y']
88713	Pt39292	1.2	1.2	1.4	1.1	1.1	1.1		[]
95818	200801-9	0.9	1.0	0.9	1.1	1.0	0.8		[]
166096	201011-19	0.9	0.9	0.4	1.1	1.0	0.8		[]
88759	Pt39315	200.0	8.7	0.3	0.5	1.0	0.5	L74LV, Y115YF, M184V	['L74LV', 'Y115YF', 'M184V']
122768	Pt1	200.0	9.9	465	2.8	2.7	2.7	M41L, D67N, M184V, L210W, T215Y	['M41L', 'D67N', 'M184V', 'L210W', 'T215Y']
84316	CA84316	200.0	4.5	3.4	1.5	1.5	1.0	M41ML, D67N, M184V, L210W, T215Y, K219KE	['M41ML', 'D67N', 'M184V', 'L210W', 'T215Y', 'K219KE']
185074	153989	200.0	2.4	1.0	0.8	1.5	0.5	K70R, M184MV	['K70R', 'M184MV']
122772	Pt3	200.0	3.2	14	1.1	1.1	1.4	M41L, K70R, M184V, K219Q	['M41L', 'K70R', 'M184V', 'K219Q']
64070	CA64070	9.4	3.7	0.6	1.4	2.1	1.9	K65R, S68N	['K65R', 'S68N']
127362	09Pt39	0.9	1.0	1.1	1.1	1.1	1.1		[]
166040	201011-2	1.5	1.7	1.1	1.7	1.3	8.3	K70KT, M184MV, T215Y	['K70KT', 'M184MV', 'T215Y']
127352	09Pt34	1.6	1.5	7.2	1.6	1.0	1.7	K70R, K219Q	['K70R', 'K219Q']
96376	2008-42	8.1	9.0	2,400	9.6	2.3	6.2	M41L, E44D, D67N, L74I, L210W, T215Y, K219R	['M41L', 'E44D', 'D67N', 'L74I', 'L210W', 'T215Y', 'K219R']
127260	09Pt61	200.0	2.6	0.5	0.9	1.6	0.7	M184V	['M184V']
70975	CA900BT15		10.0	42	6.0	2.8	1.6	M41L, E44A, D67N, L74I, M184V, L210W, T215Y, K219Q	['M41L', 'E44A', 'D67N', 'L74I', 'M184V', 'L210W', 'T215Y', 'K219Q']
94398	200801-23	200.0	9.5	11	1.7	3.6	1.1	M41L, S68G, L74LV, M184V, L210W, T215Y	['M41L', 'S68G', 'L74LV', 'M184V', 'L210W', 'T215Y']
127314	09Pt15	4.3	2.6	3.7	1.9	1.4	1.1	M41L, E44D, T69D, L210LW, T215Y	['M41L', 'E44D', 'T69D', 'L210LW', 'T215Y']
84188	CA84188	4.3	2.5	4.5	2.0	1.2	2.4	A62V, K70N, T215Y	['A62V', 'K70N', 'T215Y']
127340	09Pt28	1.0	0.9	0.9	0.6	0.8	0.8		[]
88735	Pt39303	200.0	3.5	0.4	1.0	1.3	0.5	A62V, V75I, M184V	['A62V', 'V75I', 'M184V']
122667	200804-13	200.0	2.1	0.5	0.6	1.5	0.5	M184V, K219R	['M184V', 'K219R']
195253	C8	1.8	1.0	0.4	1.0	1.2	0.8		[]
138343	200801-1	200.0	4.6	3.9	1.5	1.8	1.2	D67N, K70R, M184V, K219Q	['D67N', 'K70R', 'M184V', 'K219Q']
151296	2010-8	1.1	0.8	0.7	0.7	1.0	0.9		[]
166120	201011-3	1.2	1.2	0.9	1.2	1.3	0.9		[]
184261	140301	200.0	2.0	0.2	0.9	1.6	0.4	M184I	['M184I']
96396	2008-14	17.0	3.5	0.3	1.1	1.8	1.3	K65KR, M184MV	['K65KR', 'M184MV']
96314	2008-1	200.0	8.8	758	6.5	2.3	2.4	M41L, E44D, D67N, K70R, L74I, M184V, L210W, T215Y, K219Q	['M41L', 'E44D', 'D67N', 'K70R', 'L74I', 'M184V', 'L210W', 'T215Y', 'K219Q']
96380	2008-43a	200.0	6.5	28	1.8	1.7	2.1	M41L, E44D, D67NS, S68SN, K70RG, M184V, T215F, K219Q	['M41L', 'E44D', 'D67NS', 'S68SN', 'K70RG', 'M184V', 'T215F', 'K219Q']
88769	Pt39320	0.9	1.0	1.2	0.8	0.9	0.9		[]
95095	CA95095	6.7	3.5	2,400	4.3	1.7	4.8	M41L, D67N, T69DN, K70R, T215F, K219Q	['M41L', 'D67N', 'T69DN', 'K70R', 'T215F', 'K219Q']
94386	200801-8	2.5	2.7	142	2.3	1.3	3.7	D67N, S68G, K70R, T215Y, K219E	['D67N', 'S68G', 'K70R', 'T215Y', 'K219E']
126201	CA126201	8.6	8.6	2,400	6.3	2.5	8.1	M41L, E44A, T69D, L210W, T215Y, K219R	['M41L', 'E44A', 'T69D', 'L210W', 'T215Y', 'K219R']
127326	09Pt21	200.0	6.1	0.6	1.0	3.6	0.8	K65KR, D67DN, K70KR, M184V, K219KE	['K65KR', 'D67DN', 'K70KR', 'M184V', 'K219KE']
184256	112099	2.4	2.0	7.8	1.6	1.3	1.6	D67N, K70R, K219Q	['D67N', 'K70R', 'K219Q']
195311	Q3	1.1	0.8	0.7	0.9	0.9	1.0		[]
127248	09Pt6	1.5	0.7	0.3	0.7	0.8	0.5	S68G, L210LW, T215D	['S68G', 'L210LW', 'T215D']
88775	Pt39323	200.0	10.0	737	4.4	2.5	2.6	M41L, E44A, D67N, K70R, M184V, L210W, T215Y, K219ED	['M41L', 'E44A', 'D67N', 'K70R', 'M184V', 'L210W', 'T215Y', 'K219ED']
71517	CA900BT43		7.5	20	2.0	2.5	1.9	M41L, M184V, L210W, T215Y	['M41L', 'M184V', 'L210W', 'T215Y']
127374	09Pt45	1.2	0.9	0.6	0.8	1.0	0.7		[]
127302	09Pt9	5.9	2.5	5.4	1.9	1.3	1.3	M41L, T69D, L210W, T215YC	['M41L', 'T69D', 'L210W', 'T215YC']
96338	2008-13	200.0	7.3	14	2.8	2.9	1.9	D67N, K70R, M184V, K219Q	['D67N', 'K70R', 'M184V', 'K219Q']
88783	Pt39327	200.0	4.1	5.7	1.5	1.4	1.0	M41L, M184V, T215Y	['M41L', 'M184V', 'T215Y']
134419	CA134419	200.0	6.0	0.3	0.8	2.3	0.6	K70G, M184V	['K70G', 'M184V']
184317	Q9281	5.3	1.4	0.2	0.9	1.2	0.9	D67G, K70E	['D67G', 'K70E']
125008	Pt7	200.0	6.8	7.9	1.6	1.9	1.6	M41L, S68G, M184V, T215Y	['M41L', 'S68G', 'M184V', 'T215Y']
195301	EB9_2011	1.4	1.2	1.5	0.9	1.1	0.8		[]
94394	200801-21	5.8	6.1	2,400	3.8	1.4	5.2	M41L, D67N, L210W, T215Y	['M41L', 'D67N', 'L210W', 'T215Y']
70961	CA9000BT7		12.0	487	4.1	3.0	3.4	M41L, E44A, D67G, S68G, L74LI, M184V, L210W, T215Y, K219N	['M41L', 'E44A', 'D67G', 'S68G', 'L74LI', 'M184V', 'L210W', 'T215Y', 'K219N']
176001	201108-8	2.2	0.9	1.3	1.3	1.1	1.1	D67N, K219Q	['D67N', 'K219Q']
166092	201011-17	200.0	3.9	2.0	1.2	1.5	0.7	D67N, K70R, M184V, K219E	['D67N', 'K70R', 'M184V', 'K219E']
122797	CA122797	1.3	1.0	0.7	0.9	1.2	0.9		[]
95070	200803-8	200.0	5.1	5.4	2.0	1.6	1.0	M41L, M184V, L210W, T215Y	['M41L', 'M184V', 'L210W', 'T215Y']
166106	201011-5	5.9	6.1	2.8	1.9	1.8	120.0	M41L, M184MV, L210W, T215Y	['M41L', 'M184MV', 'L210W', 'T215Y']
95828	200801-14	200.0	9.0	3.4	1.7	1.4	1.3	D67N, K70R, M184V, T215Y, K219E	['D67N', 'K70R', 'M184V', 'T215Y', 'K219E']
96414	2008-23	4.2	2.3	16	1.9	1.3	1.5	D67N, T215Y	['D67N', 'T215Y']
68661	CA68661	200.0	12.0	23	7.2	2.4	1.2	M41L, E44D, D67N, L74V, M184V, L210W, T215Y	['M41L', 'E44D', 'D67N', 'L74V', 'M184V', 'L210W', 'T215Y']
152718	CA152718	1.0	0.7	0.6	0.9	0.7	0.7		[]
88739	Pt39305	1.1	1.2	1.0	1.1	1.2	1.3		[]
102364	Pt3	200.0	9.0	82	2.6	2.0	1.8	M41L, M184V, L210W, T215Y	['M41L', 'M184V', 'L210W', 'T215Y']
84198	CA84198	200.0	19.0	42	4.2	2.5	3.1	A62V, D67EK, T69S_SS, M184V, T215Y	['A62V', 'D67EK', 'T69S_SS', 'M184V', 'T215Y']
184240	NY3	0.8	0.8	0.8	0.8	1.0	0.8		[]
125020	Pt13	1.0	1.1	1.1	1.0	1.3	1.0	M41ML, L74LI	['M41ML', 'L74LI']
88729	Pt39300	0.9	1.2	1.0	1.0	1.2	1.0		[]
185086	CMG_nov14	200.0	3.3	1.4	1.2	1.5	0.9	D67DN, K70RG, M184V, K219Q	['D67DN', 'K70RG', 'M184V', 'K219Q']
166118	201011-2	0.7	1.2	0.7	1.2	1.4	0.5	S68SN	['S68SN']
71539	CA900BT54	16.0	18.0		7.7	2.9	9.3	M41L, L210W, T215Y	['M41L', 'L210W', 'T215Y']
185946	TM266583N	1.0	0.8	0.4	0.7	1.0	0.6	S68G	['S68G']
88765	Pt39318	0.7	0.8	0.9	0.8	0.7	0.7		[]
57664	CA57664	4.8	4.0	154	7.9	5.7	2.6	M41L, A62V, D67N, T69D, V75I, F116Y, Q151M, L210W, T215Y	['M41L', 'A62V', 'D67N', 'T69D', 'V75I', 'F116Y', 'Q151M', 'L210W', 'T215Y']
177184	201108-7	1.3	0.7	1.1	0.4	0.5	0.8	M41L, E44D, D67N, T69D	['M41L', 'E44D', 'D67N', 'T69D']
96432	2008-32	200.0	3.1	4.8	1.1	1.4	1.1	D67DN, K70KR, M184MV, K219KQ	['D67DN', 'K70KR', 'M184MV', 'K219KQ']
166088	201011-15	1.1	0.8	0.8	0.9	1.1	0.8		[]
96426	2008-29	200.0	6.1	21	1.4	1.3	1.6	M41L, M184V, L210W, T215Y	['M41L', 'M184V', 'L210W', 'T215Y']
134919	CA134919	200.0	9.5	39	2.9	2.0	1.8	D67N, K70R, L74I, M184V, T215F, K219Q	['D67N', 'K70R', 'L74I', 'M184V', 'T215F', 'K219Q']
88797	Pt39334	0.7	1.0	1.0	1.0	0.9	0.8		[]
38521	CA38521	3.5	3.1	18	2.7	2.4	1.6	D67N, K70R, Q151M, K219Q	['D67N', 'K70R', 'Q151M', 'K219Q']
127294	09Pt77	1.0	1.0	0.6	0.7	1.0	0.7		[]
96364	2008-36	200.0	7.5	0.3	0.9	2.7	0.4	M41L, L74V, M184V	['M41L', 'L74V', 'M184V']
127256	09Pt59	0.9	0.8	1.1	0.8	1.1	0.8		[]
127328	09Pt22	0.8	0.9	0.3	0.8	0.9	0.6	S68G	['S68G']
151282	2010-1	200.0	9.1	55	3.4	2.7	1.7	M41L, A62AV, V75I, M184V, L210W, T215Y	['M41L', 'A62AV', 'V75I', 'M184V', 'L210W', 'T215Y']
127246	09Pt55	200.0	2.8	0.5	0.5	1.3	0.6	M184V	['M184V']
96243	MA42452	200.0	5.1	3.8	1.3	1.5	1.0	M41ML, D67G, S68G, K70R, M184V, T215F, K219E	['M41ML', 'D67G', 'S68G', 'K70R', 'M184V', 'T215F', 'K219E']
71525	CA900BT47	2.0	1.6	30	1.8	1.0	1.8	D67N, K70R, T215V, K219Q	['D67N', 'K70R', 'T215V', 'K219Q']
88747	Pt39309	3.8	7.6	303	2.7	1.8	4.9	M41L, D67N, K70R, L74I, T215F, K219Q	['M41L', 'D67N', 'K70R', 'L74I', 'T215F', 'K219Q']
61104	CA61104	200.0	6.2	0.2	0.8	2.5	0.8	K70G, M184V	['K70G', 'M184V']
96446	2008-40	200.0	12.0	337	4.0	2.4	2.2	M41L, E44D, D67N, K70R, L74I, M184V, L210W, T215Y, K219Q	['M41L', 'E44D', 'D67N', 'K70R', 'L74I', 'M184V', 'L210W', 'T215Y', 'K219Q']
96362	2008-35	13.0	4.3	30	1.8	1.7	2.2	M41L, M184MV, T215Y	['M41L', 'M184MV', 'T215Y']
88761	Pt39316	1.0	0.8	0.5	0.9	0.8	0.7	S68SN	['S68SN']
166066	201011-4	1.3	1.5	0.4	1.1	1.4	0.9	A62V, V75T	['A62V', 'V75T']
96402	2008-17	200.0	4.5	2.3	1.4	1.7	0.8	M184V, T215F	['M184V', 'T215F']
138349	200801-4	200.0	4.6	1.4	0.9	2.0	0.7	K70R, M184V, K219Q	['K70R', 'M184V', 'K219Q']
184314	Q7756	1.0	0.7	0.4	0.9	0.7	0.6		[]
124513	2008-43	14.0	11.0	2,400	6.9	3.4	17.0	M41L, E44D, D67N, T69D, V75M, F77L, L210W, T215Y, K219R	['M41L', 'E44D', 'D67N', 'T69D', 'V75M', 'F77L', 'L210W', 'T215Y', 'K219R']
184252	152524	200.0	5.0	1.5	1.7	1.4	0.8	M41L, D67N, T69D, M184V, L210W, T215Y, K219KR	['M41L', 'D67N', 'T69D', 'M184V', 'L210W', 'T215Y', 'K219KR']
92379	200801-8	200.0	8.7	271	4.1	2.4	1.8	M41L, E44A, D67N, T69D, M184V, L210W, T215Y, K219N	['M41L', 'E44A', 'D67N', 'T69D', 'M184V', 'L210W', 'T215Y', 'K219N']
95842	200801-21	33.0	3.1	14	1.2	1.3	1.9	M41L, D67N, K70R, M184V, T215TI, K219E	['M41L', 'D67N', 'K70R', 'M184V', 'T215TI', 'K219E']
122655	200804-07	0.9	1.3	0.5	0.9	0.8	0.8	M41L, S68SG, L210W, T215D	['M41L', 'S68SG', 'L210W', 'T215D']
185070	135552	1.1	1.0	0.6	1.0	0.9	0.6	V75I	['V75I']
125006	Pt6	1.0	1.0	1.2	0.9	0.9	1.0		[]
88719	Pt39295	0.8	0.8	1.2	1.0	1.0	0.9		[]
127278	09Pt69	1.2	1.1	0.7	1.0	0.9	0.8	S68SG	['S68SG']
79444	CA79444	12.0	13.0	2,400	6.5	2.8	14.0	M41L, E44D, D67G, L210W, T215Y, K219R	['M41L', 'E44D', 'D67G', 'L210W', 'T215Y', 'K219R']
162647	CA162647	7.9	2.1	0.6	1.7	3.1	1.3	K65R	['K65R']
122649	200804-04	200.0	6.0	1.2	2.8	5.7	0.3	D67N, F116FY, Q151M, M184V, K219Q	['D67N', 'F116FY', 'Q151M', 'M184V', 'K219Q']
96318	2008-3	1.6	0.9	1.1	0.9	0.9	0.9	M41L, T215E	['M41L', 'T215E']
96326	2008-7	200.0	3.5	0.2	0.8	1.7	0.5	K70KE, M184V	['K70KE', 'M184V']
79310	CA79310	5.6	5.4	29	3.5	2.0	1.9	M41L, E44A, D67N, L74I, L210W, T215Y, K219N	['M41L', 'E44A', 'D67N', 'L74I', 'L210W', 'T215Y', 'K219N']
123388	CA123388	200.0	5.3	9.3	1.7	1.5	1.0	M41L, D67DN, M184V, L210W, T215Y, K219KN	['M41L', 'D67DN', 'M184V', 'L210W', 'T215Y', 'K219KN']
151300	2010-10	0.8	0.7	0.8	0.7	0.7	0.8		[]
122786	Pt10	200.0	14.0	71	3.6	6.4	2.4	D67N, T69D, K70R, L74V, M184V, K219Q	['D67N', 'T69D', 'K70R', 'L74V', 'M184V', 'K219Q']
184246	CA7.201001	5.9	6.1	120	1.9	1.8	8.8	M41L, M184MV, L210W, T215Y	['M41L', 'M184MV', 'L210W', 'T215Y']
184238	NY2	2.6	1.5	1.7	1.3	1.0	1.1	K70S, T215Y	['K70S', 'T215Y']
195249	C6	47.0	3.2	0.3	0.9	1.8	0.6	T69D, M184MV	['T69D', 'M184MV']
96346	2008-28	200.0	13.0	668	10.0	3.8	4.5	M41L, E44D, D67N, V75I, M184I, L210W, T215Y, K219R	['M41L', 'E44D', 'D67N', 'V75I', 'M184I', 'L210W', 'T215Y', 'K219R']
195315	Q5	1.0	1.0	1.1	1.1	0.8	1.1		[]
185078	161527	3.0	1.9	0.5	0.7	1.2	0.7	M184MV	['M184MV']
166044	201011-4	2.6	3.6	2.6	3.5	3.6	71.0	M41L, L74V, L210LW, T215Y	['M41L', 'L74V', 'L210LW', 'T215Y']
195245	C4	1.0	0.8	0.3	0.9	0.8	0.8		[]
57702	CA57702	200.0	8.5	6.1	1.7	2.7	1.8	M41L, D67N, K70GRS, M184V, T215F, K219Q	['M41L', 'D67N', 'K70GRS', 'M184V', 'T215F', 'K219Q']
151292	2010-6	1.1	1.1	0.6	0.8	0.7	0.6		[]
166072	201011-7	0.9	0.8	0.7	0.8	0.6	0.9		[]
195305	G2	1.0	1.1	0.5	1.0	1.0	0.7		[]
166074	201011-8	45.0	5.6	1.6	1.6	1.7	37.0	M41L, D67N, K70R, M184MV, L210W, T215F, K219E	['M41L', 'D67N', 'K70R', 'M184MV', 'L210W', 'T215F', 'K219E']
195295	EB6_2009	200.0	2.9	0.5	0.7	1.7	0.8	M184V	['M184V']
71537	CA900BT53		8.4	6.4	2.5	2.3	0.6	D67N, K70R, L74V, M184V, T215F, K219Q	['D67N', 'K70R', 'L74V', 'M184V', 'T215F', 'K219Q']
95824	200801-12	1.2	1.3	1.2	1.0	1.2	1.2		[]
88801	Pt39336	1.1	1.4	0.7	1.3	1.2	0.9		[]
195275	EB19	1.0	0.9	0.7	0.7	1.1	1.0		[]
166084	201011-13	1.0	0.8	0.8	1.2	1.1	0.7		[]
96404	2008-18	200.0	3.9	8.9	1.8	1.4	1.0	M41L, D67N, M184V, L210W, T215Y	['M41L', 'D67N', 'M184V', 'L210W', 'T215Y']
195247	C5	1.2	1.0	0.5	1.0	1.1	0.7	S68G	['S68G']
184260	135422	3.1	2.3	3.3	1.7	2.1	1.0	D67N, T69D, K70R, L74V, T215F, K219Q	['D67N', 'T69D', 'K70R', 'L74V', 'T215F', 'K219Q']
71501	CA900BT34		8.0	58	4.1	2.9	1.6	M41L, E44D, D67N, L74I, M184V, L210W, T215Y, K219N	['M41L', 'E44D', 'D67N', 'L74I', 'M184V', 'L210W', 'T215Y', 'K219N']
79854	CA79854	200.0	8.2	13	2.7	2.2	1.1	M41L, E44D, L74LI, M184V, L210W, T215Y	['M41L', 'E44D', 'L74LI', 'M184V', 'L210W', 'T215Y']
166062	201011-2	1.4	1.0	1.3	0.9	1.0	1.0	M41L	['M41L']
96406	2008-19	200.0	8.6	71	2.3	2.5	2.4	M41L, D67N, K70R, M184V, T215F, K219Q	['M41L', 'D67N', 'K70R', 'M184V', 'T215F', 'K219Q']
122780	Pt7	200.0	6.9	23	1.6	1.8	1.6	M41L, D67N, K70R, M184V, L210W, T215Y, K219E	['M41L', 'D67N', 'K70R', 'M184V', 'L210W', 'T215Y', 'K219E']
68559	CA68559	200.0	8.2	11	3.7	1.8	1.2	M41L, E44D, D67G, T69D, M184V, L210LW, T215Y, K219R	['M41L', 'E44D', 'D67G', 'T69D', 'M184V', 'L210LW', 'T215Y', 'K219R']
162699	CA162699	200.0	3.0	0.2	0.6	1.9	0.4	M184V	['M184V']
68617	CA68617	10.0	6.9	39	3.3	2.0	2.2	M41L, E44D, D67N, T69D, L74V, L210W, T215Y, K219N	['M41L', 'E44D', 'D67N', 'T69D', 'L74V', 'L210W', 'T215Y', 'K219N']
127380	09Pt48	200.0	4.7	24	1.0	1.3	1.3	M41L, E44ED, S68G, M184V, T215Y	['M41L', 'E44ED', 'S68G', 'M184V', 'T215Y']
88789	Pt39330	200.0	4.7	0.4	0.7	1.9	0.4	L74LV, M184V	['L74LV', 'M184V']
71485	CA900BT25		14.0	1.3	1.0	1.9	1.0	D67N, K70R, L74I, Y115F, M184V, K219Q	['D67N', 'K70R', 'L74I', 'Y115F', 'M184V', 'K219Q']
79324	CA79324	200.0	6.1	117	2.2	1.6	2.6	M41L, D67N, K70R, M184V, L210W, T215Y, K219E	['M41L', 'D67N', 'K70R', 'M184V', 'L210W', 'T215Y', 'K219E']
127338	09Pt27	200.0	5.3	3.0	1.5	1.7	1.0	M41L, M184MV, L210LW, T215SY	['M41L', 'M184MV', 'L210LW', 'T215SY']
68609	CA68609	200.0	6.6	38	3.3	2.8	2.4	M41L, D67N, V75M, M184V, L210W, T215Y, K219KE	['M41L', 'D67N', 'V75M', 'M184V', 'L210W', 'T215Y', 'K219KE']
170378	CA170378	5.6	14.0	267	9.4	3.3	8.4	M41L, A62V, D67E, T69A_SX, L74V, M184MV, L210W, T215Y	['M41L', 'A62V', 'D67E', 'T69A_SX', 'L74V', 'M184MV', 'L210W', 'T215Y']
184259	127099	7.4	4.0	269	3.3	1.5	4.1	M41L, D67N, T69D, K70R, V75M, T215F, K219Q	['M41L', 'D67N', 'T69D', 'K70R', 'V75M', 'T215F', 'K219Q']
68569	CA68569	200.0	16.0	58	3.7	4.1	1.7	E40FL, M41L, D67N, L74I, M184V, L210W, T215Y	['E40FL', 'M41L', 'D67N', 'L74I', 'M184V', 'L210W', 'T215Y']
96334	2008-11	1.0	0.9	1.4	1.1	1.1	1.2		[]
185058	115966	200.0	3.2	0.5	0.7	1.7	0.6	M184V	['M184V']
184313	Q5022	200.0	4.2	0.2	0.6	1.4	0.5	D67N, K70G, M184V, K219Q	['D67N', 'K70G', 'M184V', 'K219Q']
122803	Lab122803	1.1	0.8	0.7	0.9	0.9	1.1		[]
87346	CA87346	200.0	3.4	5.2	1.8	1.4	1.0	D67N, T69D, K70R, M184I, K219Q	['D67N', 'T69D', 'K70R', 'M184I', 'K219Q']
195243	C3	4.9	1.3	0.2	1.0	1.1	0.9	D67G, K70E	['D67G', 'K70E']
55164	CA55164	200.0	3.0	0.7	0.7	1.7	0.9	M41ML, M184V	['M41ML', 'M184V']
125026	Pt16	200.0	5.7	24	2.7	1.7	1.7	M41L, S68SG, M184V, L210W, T215Y	['M41L', 'S68SG', 'M184V', 'L210W', 'T215Y']
96390	2008-48	200.0	6.0	0.9	1.2	2.4	0.9	M41L, A62V, V75T, M184V	['M41L', 'A62V', 'V75T', 'M184V']
71495	CA900BT30	2.3	1.3	0.7	1.1	1.1	0.9		[]
95814	200801-7	200.0	7.6	5.5	2.8	2.6	1.7	M41L, D67N, K70KE, V75M, M184V, L210W, T215Y	['M41L', 'D67N', 'K70KE', 'V75M', 'M184V', 'L210W', 'T215Y']
96366	2008-37	200.0	5.3	1.5	1.4	1.8	0.7	D67N, K70R, M184V, T215Y, K219E	['D67N', 'K70R', 'M184V', 'T215Y', 'K219E']
96436	2008-35	200.0	6.2	3.3	1.9	2.1	0.9	D67G, T69ND, K70R, L74LI, M184V, T215F, K219Q	['D67G', 'T69ND', 'K70R', 'L74LI', 'M184V', 'T215F', 'K219Q']
94380	200801-5	200.0	10.0	0.5	1.2	3.6	1.4	K65R, K70KT, L74V, M184V, K219KR	['K65R', 'K70KT', 'L74V', 'M184V', 'K219KR']
86042	1833_0626	200.0	11.0	29	9.4	2.7	1.4	M41L, E44D, D67N, T69D, L74I, L210WR, T215Y	['M41L', 'E44D', 'D67N', 'T69D', 'L74I', 'L210WR', 'T215Y']
94392	200801-20	200.0	5.4	0.1	0.5	2.0	0.6	S68G, K70G, M184V, T215TA	['S68G', 'K70G', 'M184V', 'T215TA']
127376	09Pt46	1.0	0.9	0.8	0.9	0.9	0.8		[]
63848	CA63848	14.0	3.4	32	2.5	1.4	1.6	M41L, E44ED, D67N, T69D, M184MV, L210W, T215Y	['M41L', 'E44ED', 'D67N', 'T69D', 'M184MV', 'L210W', 'T215Y']
166114	201011-3	12.0	11.0	200	6.8	3.0	5.5	D67N, T69D, K70R, T215F, K219W	['D67N', 'T69D', 'K70R', 'T215F', 'K219W']
88737	Pt39304	1.0	1.0	1.1	0.9	1.0	0.9	K219KE	['K219KE']
88727	Pt39299	200.0	4.8	74	1.6	1.8	1.5	D67N, K70R, M184MV, L210W, T215Y, K219KE	['D67N', 'K70R', 'M184MV', 'L210W', 'T215Y', 'K219KE']
88753	Pt39312	0.9	0.9	1.1	0.9	1.0	0.9	E44D	['E44D']
92375	200801-6	8.4	10.0	2,400	7.5	2.2	5.4	E40F, M41L, D67N, K70QE, L210W, T215Y, K219R	['E40F', 'M41L', 'D67N', 'K70QE', 'L210W', 'T215Y', 'K219R']
127310	09Pt13	0.9	0.7	1.4	0.7	1.1	0.9		[]
95066	200803-6	200.0	6.7	28	5.4	1.8	0.8	M41L, D67N, L74I, M184V, L210W, T215Y, K219N	['M41L', 'D67N', 'L74I', 'M184V', 'L210W', 'T215Y', 'K219N']
96344	2008-27	12.0	22.0	2,400	11.0	3.2	11.0	D67E, T69S_SS, T215Y	['D67E', 'T69S_SS', 'T215Y']
126227	CA126227	6.3	2.1	0.5	1.1	1.8	1.7	K65R	['K65R']
88791	Pt39331	1.5	1.4	0.8	1.1	1.6	0.8	M184MV	['M184MV']
70971	CA900BT13	5.2	11.0		6.3	2.9	5.9	M41L, E44D, D67N, T69D, L210W, T215Y, K219R	['M41L', 'E44D', 'D67N', 'T69D', 'L210W', 'T215Y', 'K219R']
71523	CA900BT46	1.5	0.9	0.8	1.0	0.9	0.8	M41L, D67N, S68G, T215S, K219E	['M41L', 'D67N', 'S68G', 'T215S', 'K219E']
96388	2008-47	3.9	4.3	717	3.5	1.7	4.7	M41L, D67DN, L210W, T215Y	['M41L', 'D67DN', 'L210W', 'T215Y']
175997	201108-6	1.3	1.0	1.0	1.0	1.1	0.9		[]
96322	2008-5	200.0	7.9	5.8	1.3	1.6	1.3	M41L, E44D, S68G, M184V, L210W, T215Y, K219E	['M41L', 'E44D', 'S68G', 'M184V', 'L210W', 'T215Y', 'K219E']
162713	CA162713	200.0	6.7	0.3	0.8	2.2	1.6	K65R, S68G, M184V	['K65R', 'S68G', 'M184V']
127228	09Pt1	200.0	2.8	0.3	0.7	1.0	0.5	L74LI, M184V	['L74LI', 'M184V']
70967	CA900BT10		9.2		7.3	2.6	6.2	M41L, E44D, A62V, D67G, T69D, M184MI, L210W, T215Y, K219R	['M41L', 'E44D', 'A62V', 'D67G', 'T69D', 'M184MI', 'L210W', 'T215Y', 'K219R']
125010	Pt8	200.0	9.6	192	2.6	2.0	2.8	M41L, M184V, L210W, T215Y	['M41L', 'M184V', 'L210W', 'T215Y']
87352	CA87352	200.0	5.5	2.3	1.7	1.3	0.6	M41L, D67N, K70R, V75I, M184V, T215Y, K219E	['M41L', 'D67N', 'K70R', 'V75I', 'M184V', 'T215Y', 'K219E']
123364	CA123364	200.0	7.1	24	3.7	2.9	1.7	M41L, E44D, D67N, M184V, L210W, T215Y, K219DN	['M41L', 'E44D', 'D67N', 'M184V', 'L210W', 'T215Y', 'K219DN']
124525	2008-49	1.2	1.1	0.5	0.9	1.0	0.7		[]
127238	09Pt51	0.8	0.6	0.8	0.8	0.8	0.7		[]
166078	201011-10	7.1	3.0	185	3.5	2.5	4.6	M41L, D67N, K70R, L210W, T215F, K219E	['M41L', 'D67N', 'K70R', 'L210W', 'T215F', 'K219E']
55114	CA55114	200.0	7.7	2.2	1.7	2.3	0.6	M41L, D67N, K70KR, L74V, M184V, T215Y, K219Q	['M41L', 'D67N', 'K70KR', 'L74V', 'M184V', 'T215Y', 'K219Q']
185944	TM238640J	1.1	0.9	0.6	1.0	1.0	0.9		[]
57704	CA57704	3.5	5.8	2,400	4.5	1.7	11.0	D67N, T69T_T, K70R, K219Q	['D67N', 'T69T_T', 'K70R', 'K219Q']
96428	2008-30	200.0	6.6	8.1	4.2	2.2	1.1	M41L, E44D, D67N, T69D, M184V, L210W, T215Y	['M41L', 'E44D', 'D67N', 'T69D', 'M184V', 'L210W', 'T215Y']
151304	2010-12	1.8	1.2	0.7	1.3	1.4	0.9		[]
166052	201011-8	200.0	2.6	0.5	0.7	1.2	0.4	M41L, S68G, M184V, T215D	['M41L', 'S68G', 'M184V', 'T215D']
127284	09Pt72	200.0	3.1	0.6	0.7	1.6	0.6	M184V	['M184V']
96386	2008-46	200.0	11.0	371	4.1	2.6	2.2	M41ML, E44D, D67N, T69D, M184V, L210W, T215Y, K219R	['M41ML', 'E44D', 'D67N', 'T69D', 'M184V', 'L210W', 'T215Y', 'K219R']
175989	201108-2	0.9	0.9	1.2	1.1	1.0	1.0		[]
127346	09Pt31	0.7	0.8	0.5	1.0	1.1	0.8		[]
162236	CA162236	1.4	0.7	0.1	0.6	0.7	0.6	K65KR, L74LV	['K65KR', 'L74LV']
127274	09Pt67	0.7	0.8	0.5	0.9	0.8	0.7		[]
71559	CA900BT64	0.8	1.1	1.2	0.9	1.2	0.9		[]
96444	2008-39	200.0	5.2	21	1.9	1.6	1.3	M41L, D67N, K70R, M184V, L210W, T215F, K219Q	['M41L', 'D67N', 'K70R', 'M184V', 'L210W', 'T215F', 'K219Q']
88799	Pt39335	0.9	0.7	0.8	0.9	0.8	0.9		[]
183807	8	1.8	0.7	0.4	0.9	1.0	0.5	D67N, K219Q	['D67N', 'K219Q']
68753	CA68753	200.0	5.2	18	2.3	1.7	1.3	M41L, D67N, T69D, K70R, M184V, T215F, K219Q	['M41L', 'D67N', 'T69D', 'K70R', 'M184V', 'T215F', 'K219Q']
195291	EB4_2009	0.9	1.0	1.4	1.7	1.7	1.0		[]
95058	200803-2	200.0	5.8	4.6	1.8	2.0	1.4	M41L, D67N, K70R, L74LI, M184V, L210LW, T215Y, K219E	['M41L', 'D67N', 'K70R', 'L74LI', 'M184V', 'L210LW', 'T215Y', 'K219E']
84322	CA84322	2.1	1.5	45	1.1	1.0	2.6	D67N, K70R, K219Q	['D67N', 'K70R', 'K219Q']
127348	09Pt32	200.0	6.5	0.5	0.8	2.4	1.3	A62V, K65R, M184V	['A62V', 'K65R', 'M184V']
184269	WA2	200.0	5.2	5.6	1.3	2.6	2.0	A62AV, K65KR, K70KT, M184MV	['A62AV', 'K65KR', 'K70KT', 'M184MV']
71483	CA900BT24		6.7	32	2.1	1.3	1.9	M41L, D67H, S68G, K70G, M184V, T215F	['M41L', 'D67H', 'S68G', 'K70G', 'M184V', 'T215F']
84366	CA84366	200.0	20.0	584	7.2	15.0	1.6	A62V, V75I, F77L, Y115F, F116Y, Q151M, M184V	['A62V', 'V75I', 'F77L', 'Y115F', 'F116Y', 'Q151M', 'M184V']
71527	CA900BT48		7.9	25	2.6	2.7	1.2	M41L, D67N, T69D, K70R, L74V, M184V, T215F, K219Q	['M41L', 'D67N', 'T69D', 'K70R', 'L74V', 'M184V', 'T215F', 'K219Q']
151306	2010-13	200.0	3.2	0.3	0.8	1.4	0.5	M184V	['M184V']
92365	200801-1	200.0	3.2	0.7	1.0	1.4	0.4	M184V, T215Y	['M184V', 'T215Y']
86046	5173_0122	200.0	9.5	29	3.7	3.4	1.4	M41L, D67G, S68G, L74V, M184V, L210W, T215Y, K219ND	['M41L', 'D67G', 'S68G', 'L74V', 'M184V', 'L210W', 'T215Y', 'K219ND']
127334	09Pt25	1.0	0.9	1.0	0.8	0.9	0.8	M41MIL	['M41MIL']
185068	134644	1.0	0.8	0.8	1.1	1.0	1.2		[]
88771	Pt39321	1.5	1.3	0.8	1.0	1.1	0.9		[]
95830	200801-15	200.0	9.3	0.5	1.2	3.4	1.5	A62V, K65R, M184V	['A62V', 'K65R', 'M184V']
127226	Pt57716	200.0	4.3	4.3	1.8	1.7	0.8	D67N, T69D, K70R, M184V, T215F, K219Q	['D67N', 'T69D', 'K70R', 'M184V', 'T215F', 'K219Q']
185938	1667190063	1.2	1.0	2.1	1.0	1.6	1.2		[]
71507	CA900BT37	3.1	2.7	243	3.5	1.5	3.1	M41L, D67N, K70R, L74LV, T215F, K219Q	['M41L', 'D67N', 'K70R', 'L74LV', 'T215F', 'K219Q']
42039	KSC-13	8.9	5.0	813	4.8	1.8	3.6	M41L, D67N, L74LI, L210W, T215Y	['M41L', 'D67N', 'L74LI', 'L210W', 'T215Y']
195309	Q2	0.9	1.2	0.7	1.2	0.8	1.0		[]
185090	gme231_7	200.0	11.0	17	3.1	2.5	1.2	M41L, E44D, D67N, L74I, M184V, L210W, T215Y, K219KN	['M41L', 'E44D', 'D67N', 'L74I', 'M184V', 'L210W', 'T215Y', 'K219KN']
88709	Pt39290	0.9	0.6	0.9	1.0	1.0	0.9		[]
124998	Pt2	0.7	0.8	0.7	0.7	0.9	0.9		[]
166068	201011-5	1.4	1.8	0.5	1.4	1.5	0.9	A62V, V75T	['A62V', 'V75T']
58200	CA58200	200.0	4.5	0.3	0.9	2.2	1.3	K65R, M184I	['K65R', 'M184I']
127320	09Pt18	200.0	3.3	0.5	0.6	1.7	0.4	M184V, K219KQ	['M184V', 'K219KQ']
96370	2008-39	200.0	6.5	2.0	2.1	2.0	1.0	A62V, M184V, L210W, T215Y	['A62V', 'M184V', 'L210W', 'T215Y']
166054	201011-9	200.0	7.1	1.2	1.5	1.6	25.0	M41L, L74V, M184V, L210W, T215Y, K219KN	['M41L', 'L74V', 'M184V', 'L210W', 'T215Y', 'K219KN']
127236	09Pt5	0.9	0.9	0.7	0.7	0.9	0.8	K219KQ	['K219KQ']
61288	CA61288	0.6	0.8	2.0	0.9	0.8	0.9	K70R	['K70R']
166082	201011-12	0.9	0.9	0.5	0.8	1.1	0.8		[]
95834	200801-17	200.0	3.2	0.3	0.8	1.6	0.4	M41L, L74LV, M184V, L210W, T215HYD	['M41L', 'L74LV', 'M184V', 'L210W', 'T215HYD']
127250	09Pt56	200.0	2.8	0.2	0.8	1.4	0.5	M184V	['M184V']
184283	CA.200505	200.0	5.6	4.3	2.2	1.6	0.7	M41ML, D67N, K70R, T215Y, K219E	['M41ML', 'D67N', 'K70R', 'T215Y', 'K219E']
88741	Pt39306	0.9	1.0	0.6	0.9	1.0	0.9		[]
71569	CA71569		3.3	1.2	1.1	1.4	0.5	M41L, M184V, T215F, K219Q	['M41L', 'M184V', 'T215F', 'K219Q']
152275	CA152275	4.7	2.2	0.4	1.1	1.9	1.7	K65R	['K65R']
96330	2008-9	200.0	4.8	1.5	1.5	1.6	1.0	S68G, K70Q, M184V, L210W, T215Y	['S68G', 'K70Q', 'M184V', 'L210W', 'T215Y']
127262	09Pt62	0.7	0.7	0.5	0.9	0.8	0.6		[]
59295	CA59295	200.0	7.9	2.7	1.9	2.2	0.6	M41L, E44D, D67N, T69D, L74V, M184V, L210W, T215Y	['M41L', 'E44D', 'D67N', 'T69D', 'L74V', 'M184V', 'L210W', 'T215Y']
50042	pat1426_2	200.0	7.3	56	2.0	1.7	1.8	M41L, M184V, L210LW, T215Y	['M41L', 'M184V', 'L210LW', 'T215Y']
125002	Pt4	1.0	1.0	0.6	1.1	1.0	0.8		[]
127384	09Pt50	0.8	0.6	0.5	0.9	0.9	0.8		[]
184275	CA.200403	200.0	3.8	8.3	1.0	1.0	1.8	D67N, T69D, K70R, M184V, T215TI, K219Q	['D67N', 'T69D', 'K70R', 'M184V', 'T215TI', 'K219Q']
184311	Q4713	3.2	1.1	0.2	1.0	1.1	0.7		[]
68809	CA68809	200.0	6.1	7.7	3.6	2.5	1.4	M41L, E44D, D67N, T69D, V75M, F77FL, M184V, L210W, T215Y, K219Q	['M41L', 'E44D', 'D67N', 'T69D', 'V75M', 'F77FL', 'M184V', 'L210W', 'T215Y', 'K219Q']
185080	168527	1.3	1.0	0.4	1.0	1.2	0.7		[]
88773	Pt39322	0.8	0.9	0.7	0.9	0.8	0.9		[]
86052	1462_0627	200.0	3.9	0.3	0.7	1.5	0.3	M184V, T215D	['M184V', 'T215D']
122673	200804-16	1.8	1.4	1.1	1.2	1.1	0.9	K70KR, K219KQ	['K70KR', 'K219KQ']
50058	pat1565	200.0	6.0	11	1.7	1.5	1.0	M41L, D67N, M184V, T215Y	['M41L', 'D67N', 'M184V', 'T215Y']
88478	CA88478	1.2	1.1	0.8	1.1	1.5	0.9		[]
184250	102460	200.0	5.2	0.4	0.8	2.0	0.6	M184V, K219KE	['M184V', 'K219KE']
88721	Pt39296	0.9	1.0	1.0	1.0	1.3	0.9	T215TA	['T215TA']
125014	Pt10	1.0	0.7	1.0	1.1	1.0	1.0	S68G	['S68G']
96328	2008-8	200.0	12.0	78	2.5	2.4	2.0	M41L, E44A, S68G, L74LI, M184V, L210W, T215Y	['M41L', 'E44A', 'S68G', 'L74LI', 'M184V', 'L210W', 'T215Y']
127280	09Pt70	200.0	5.6	0.2	1.2	1.6	2.2	K65R, Y115F	['K65R', 'Y115F']
195271	EB17	200.0	2.8	0.4	0.6	1.4	0.5	M184V	['M184V']
184255	101138	200.0	4.4	1.1	2.0	2.4	0.7	M41L, D67N, T69D, K70KR, L74V, M184V, T215Y	['M41L', 'D67N', 'T69D', 'K70KR', 'L74V', 'M184V', 'T215Y']
102356	Pt2a	4.9	3.5	117	3.4	1.5		M41L, E44ED, D67N, L210W, T215Y, K219N	['M41L', 'E44ED', 'D67N', 'L210W', 'T215Y', 'K219N']
95062	200803-4	6.3	3.7	3.2	2.0	1.6	0.9	M41L, D67N, K70R, L74I, V75T, M184MV, T215F, K219E	['M41L', 'D67N', 'K70R', 'L74I', 'V75T', 'M184MV', 'T215F', 'K219E']
88723	Pt39297	4.2	1.8	0.5	0.9	1.6	0.6	M184MV	['M184MV']
166110	201011-1	23.0	2.2	0.5	0.9	1.2	0.7	M184MV	['M184MV']
71491	CA900BT28	4.2	2.1	1.1	2.0	1.9	0.4	D67N, L74V, T215F, K219Q	['D67N', 'L74V', 'T215F', 'K219Q']
124517	2008-45	200.0	7.6	2.5	2.7	3.3	0.9	M41L, L74V, M184V, L210W, T215Y	['M41L', 'L74V', 'M184V', 'L210W', 'T215Y']
96340	2008-25	6.5	9.2	2,400	5.3	2.9	5.5	M41L, E44D, D67N, L74LV, L210W, T215Y, K219R	['M41L', 'E44D', 'D67N', 'L74LV', 'L210W', 'T215Y', 'K219R']
87350	CA87350	5.2	7.0	3.9	9.1	9.6	1.0	S68G, F116Y, Q151M	['S68G', 'F116Y', 'Q151M']
88795	Pt39333	0.9	0.9	0.4	0.9	0.9	0.6		[]
185064	128434	1.3	0.8	1.0	0.7	0.9	1.0		[]
175993	201108-4	3.2	1.3	0.3	0.9	1.5	0.7		[]
127366	09Pt41	1.7	1.2	0.7	1.0	1.2	0.7	M184MIV	['M184MIV']
96358	2008-49	200.0	7.4	0.9	1.4	2.2	0.5	M41L, E44ED, D67G, S68G, L74V, M184V, T215Y, K219N	['M41L', 'E44ED', 'D67G', 'S68G', 'L74V', 'M184V', 'T215Y', 'K219N']
96372	2008-40	1.2	0.8	0.5	0.8	0.7	0.6	M41L, S68SG, L210W, T215D	['M41L', 'S68SG', 'L210W', 'T215D']
88777	Pt39324	1.1	1.1	1.1	1.2	1.0	0.8		[]
122776	Pt5	200.0	3.5	0.2	0.7	1.3	0.5	K70E, M184V	['K70E', 'M184V']
122645	200804-02	200.0	2.7	0.2	0.6	1.8	0.4	K70Q, M184V	['K70Q', 'M184V']
195237	C10	200.0	5.5	5.0	1.7	1.8	1.0	M41L, S68G, L74LI, M184V, L210W, T215Y, K219KN	['M41L', 'S68G', 'L74LI', 'M184V', 'L210W', 'T215Y', 'K219KN']
127342	09Pt29	200.0	5.2	1.0	1.2	1.7	0.6	M184V, L210W, T215Y	['M184V', 'L210W', 'T215Y']
184316	Q8753	200.0	10.0	0.2	0.8	2.4	0.9	D67G, K70E, Y115F, M184V	['D67G', 'K70E', 'Y115F', 'M184V']
195281	EB21	0.7	0.7	0.6	0.6	0.6	0.8		[]
127318	09Pt17	0.8	1.0	0.4	0.8	1.0	0.8		[]
88224	CA88224	2.5	4.2	278	2.4	1.4	3.7	M41L, L210W, T215Y, K219E	['M41L', 'L210W', 'T215Y', 'K219E']
96394	2008-50	200.0	9.6	0.4	1.4	2.8	1.2	K65R, S68G, M184V	['K65R', 'S68G', 'M184V']
79362	CA79362	11.0	8.5	2,400	5.6	2.8	4.7	E40F, M41L, D67N, L74V, L210W, T215Y	['E40F', 'M41L', 'D67N', 'L74V', 'L210W', 'T215Y']
92371	200801-4	200.0	7.5	7.2	2.0	1.7	1.2	D67N, M184V, L210W, T215Y, K219R	['D67N', 'M184V', 'L210W', 'T215Y', 'K219R']
127270	09Pt7	1.0	0.9	0.5	0.8	1.0	0.8		[]
185052	100605	0.9	0.9	1.2	1.0	1.1	0.8		[]
96440	2008-37	200.0	6.8	22	1.6	1.2	1.5	M41L, E44D, S68G, M184V, L210W, T215Y	['M41L', 'E44D', 'S68G', 'M184V', 'L210W', 'T215Y']
127372	09Pt44	200.0	4.1	0.6	0.8	1.9	0.5	M184V, T215FS	['M184V', 'T215FS']
175991	201108-3	1.2	1.2	0.9	0.9	1.0	0.8		[]
71563	CA900BT66		6.1	9.6	1.7	2.1	0.8	D67N, K70R, L74I, M184V, T215F, K219Q	['D67N', 'K70R', 'L74I', 'M184V', 'T215F', 'K219Q']
122643	200804-01	14.0	4.3	4.9	1.8	1.6	1.7	D67DH, K70RG, M184MV, K219KE	['D67DH', 'K70RG', 'M184MV', 'K219KE']
122790	CA122790	3.2	3.2	8.3	1.9	1.8	1.4	M41L, E44ED, L74V, V75VA, L210W, T215Y	['M41L', 'E44ED', 'L74V', 'V75VA', 'L210W', 'T215Y']
151298	2010-9	200.0	4.6	0.1	0.5	1.6	0.7	K70E, Y115YF, M184V	['K70E', 'Y115YF', 'M184V']
88711	Pt39291	200.0	4.9	0.8	1.3	1.8	0.5	M41ML, A62AV, D67DG, S68SG, L74LV, M184V, L210W, T215Y, K219KQ	['M41ML', 'A62AV', 'D67DG', 'S68SG', 'L74LV', 'M184V', 'L210W', 'T215Y', 'K219KQ']
96382	2008-44	200.0	14.0	102	2.8	2.1	3.1	D67G, K70R, L74I, M184V, K219Q	['D67G', 'K70R', 'L74I', 'M184V', 'K219Q']
127230	09Pt2	200.0	8.1	0.8	1.5	3.5	2.5	K65R, S68SN, M184V	['K65R', 'S68SN', 'M184V']
71515	CA900BT42	1.0	1.1	0.5	1.1	0.8	0.7		[]
127364	09Pt40	200.0	2.0	0.3	0.6	1.2	0.5	D67DN, M184MV	['D67DN', 'M184MV']
166064	201011-3	1.1	1.4	0.4	1.2	1.3	0.7	A62V, V75I	['A62V', 'V75I']
127308	09Pt12	0.8	0.9	0.7	0.8	1.2	0.9		[]
122774	Pt4	200.0	7.3	4.2	2.3	2.2	0.9	M41L, K70R, M184V, T215Y, K219E	['M41L', 'K70R', 'M184V', 'T215Y', 'K219E']
184265	181898	2.3	2.5	62	1.7	1.4	2.9	D67G, S68G, K70R, T215I, K219E	['D67G', 'S68G', 'K70R', 'T215I', 'K219E']
94374	200801-2	3.4	4.6	544	3.5	1.6	4.2	M41L, E44ED, T69D, L210W, T215Y, K219R	['M41L', 'E44ED', 'T69D', 'L210W', 'T215Y', 'K219R']
127330	09Pt23	200.0	4.2	1.4	1.1	1.6	0.8	M41L, V75M, M184V, T215Y	['M41L', 'V75M', 'M184V', 'T215Y']
166042	201011-3	200.0	11.0	1.0	8.2	2.7	14.0	E40F, M41L, D67N, L74V, M184V, L210W, T215F, K219E	['E40F', 'M41L', 'D67N', 'L74V', 'M184V', 'L210W', 'T215F', 'K219E']
185072	146026	200.0	3.4	0.4	0.8	2.0	0.5	K70KT, M184V	['K70KT', 'M184V']
64054	CA64054	200.0	6.9	5.2	2.3	2.1	0.7	M41L, E44ED, S68SG, M184V, L210W, T215Y	['M41L', 'E44ED', 'S68SG', 'M184V', 'L210W', 'T215Y']
166116	201011-1	1.1	1.0	0.8	1.1	1.2	0.6		[]
138347	200801-3	200.0	5.2	13	1.8	1.4	1.4	M41L, D67N, M184V, L210W, T215Y	['M41L', 'D67N', 'M184V', 'L210W', 'T215Y']
122788	CA122788	200.0	6.9	52	2.1	1.3	2.1	M41L, D67N, T69D, K70R, M184V, T215F, K219Q	['M41L', 'D67N', 'T69D', 'K70R', 'M184V', 'T215F', 'K219Q']
166100	201011-2	200.0	2.4	0.3	0.6	1.6	0.6	K65R, M184I	['K65R', 'M184I']
96316	2008-2	200.0	4.1	3.6	2.1	1.7	1.0	M41L, A62V, M184V, T215Y	['M41L', 'A62V', 'M184V', 'T215Y']
177178	201108-4	200.0	4.0	14	2.7	2.0	1.5	M41L, E44A, M184V, T215Y	['M41L', 'E44A', 'M184V', 'T215Y']
96324	2008-6	0.9	1.0	0.6	0.8	1.0	0.9		[]
96378	2008-43	200.0	6.2	41	2.3	1.7	1.6	M41L, E44D, D67N, K70R, M184V, T215F, K219Q	['M41L', 'E44D', 'D67N', 'K70R', 'M184V', 'T215F', 'K219Q']
95838	200801-19	200.0	12.0	34	3.7	2.7	2.6	M41L, D67N, M184V, L210W, T215Y	['M41L', 'D67N', 'M184V', 'L210W', 'T215Y']
71545	CA900BT57		11.0	38	5.0	3.1	2.2	M41L, E44A, D67N, T69D, V75M, F77FL, M184V, L210W, T215Y, K219KN	['M41L', 'E44A', 'D67N', 'T69D', 'V75M', 'F77FL', 'M184V', 'L210W', 'T215Y', 'K219KN']
166094	201011-18	1.0	0.8	0.4	1.1	1.0	1.0		[]
184279	CA.200503	200.0	5.4	1.4	1.3	2.0	0.6	M41L, L74V, M184V, T215Y	['M41L', 'L74V', 'M184V', 'T215Y']
127282	09Pt71	2.7	1.6	0.6	0.7	1.4	0.6	M184MV	['M184MV']
127316	09Pt16	9.2	3.4	1.5	0.8	1.3	0.7	M41ML, A62AV, D67DG, S68G, K70KR, M184MV, K219KQ	['M41ML', 'A62AV', 'D67DG', 'S68G', 'K70KR', 'M184MV', 'K219KQ']
88781	Pt39326	1.2	0.7	0.6	0.6	0.8	0.6		[]
70953	CA9000BT3	1.1	1.1	0.7	1.0	1.0	0.8		[]
195255	C9	0.7	1.0	0.6	0.9	0.8	0.7		[]
127324	09Pt20	0.8	0.8	0.6	0.8	0.8	0.8		[]
184236	NY1	200.0	4.9	3.2	1.3	1.4	1.0	M41L, M184V, T215Y	['M41L', 'M184V', 'T215Y']
166104	201011-4	0.6	1.4	0.8	0.9	1.4	0.4	L74V, T215C	['L74V', 'T215C']
122661	200804-10	200.0	6.9	68	2.4	2.6	2.0	M41L, E44D, S68G, M184V, L210W, T215Y	['M41L', 'E44D', 'S68G', 'M184V', 'L210W', 'T215Y']
70963	CA9000BT8	2.7	3.7	936	3.5	1.8	3.1	M41L, E44ED, V75VM, L210W, T215Y	['M41L', 'E44ED', 'V75VM', 'L210W', 'T215Y']
127288	09Pt75	1.0	0.9	0.5	0.9	1.0	0.7		[]
122778	Pt6	200.0	11.0	11	3.2	3.1	0.8	M41L, E44D, T69D, L74V, M184V, L210W, T215Y, K219R	['M41L', 'E44D', 'T69D', 'L74V', 'M184V', 'L210W', 'T215Y', 'K219R']
63802	CA63802	200.0	7.4	26	2.5	1.9	1.7	M41L, E44A, D67N, T69D, M184V, L210W, T215Y, K219KE	['M41L', 'E44A', 'D67N', 'T69D', 'M184V', 'L210W', 'T215Y', 'K219KE']
125016	Pt11	1.0	1.0	0.4	0.7	0.9	0.6		[]
88767	Pt39319	200.0	4.0	0.7	0.9	1.4	0.7	M184V	['M184V']
162455	CA162455	200.0	3.1	0.3	0.9	2.0	1.1	K65R, M184I	['K65R', 'M184I']
184289	CA.200808	200.0	200.0	2,400	200.0	200.0	3.2	A62V, S68G, K70N, V75I, F77L, Y115F, F116Y, Q151M, M184V, T215Y	['A62V', 'S68G', 'K70N', 'V75I', 'F77L', 'Y115F', 'F116Y', 'Q151M', 'M184V', 'T215Y']
55062	CA55062	200.0	7.8	147	1.9	2.0	2.8	M41L, D67DN, K70KR, M184V, T215F, K219KE	['M41L', 'D67DN', 'K70KR', 'M184V', 'T215F', 'K219KE']
95808	200801-4	200.0	11.0	24	3.1	2.1	1.8	M41L, D67N, L74I, F77FL, M184V, L210W, T215Y, K219Q	['M41L', 'D67N', 'L74I', 'F77FL', 'M184V', 'L210W', 'T215Y', 'K219Q']
185054	105271	0.9	1.0	1.0	0.8	0.8	0.9		[]
127358	09Pt37	200.0	3.5	0.7	0.7	1.1	0.5	M41L, D67DN, M184V, T215Y, K219KE	['M41L', 'D67DN', 'M184V', 'T215Y', 'K219KE']
151284	2010-2	2.3	2.4	3.8	1.2	1.1	1.2	M41L, D67DN, M184MV, L210LW, T215YD	['M41L', 'D67DN', 'M184MV', 'L210LW', 'T215YD']
35008	CA35008	200.0	2.3	0.3	1.0	1.6	0.5	M184I	['M184I']
184242	CA2.201011	200.0	8.3	54	2.9	2.5	2.3	M41L, D67N, T69D, K70R, M184V, T215FC, K219Q	['M41L', 'D67N', 'T69D', 'K70R', 'M184V', 'T215FC', 'K219Q']
138351	200801-5	200.0	6.1	50	2.5	1.8	2.0	M41L, M184V, L210W, T215Y	['M41L', 'M184V', 'L210W', 'T215Y']
69041	CA69041	1.5	1.2	0.6	0.9	1.1	0.8		[]
68805	CA68805	8.3	2.5	0.4	1.3	1.8	2.1	M41L, K65R, L210W, T215S	['M41L', 'K65R', 'L210W', 'T215S']
71489	CA900BT27		8.9	6.9	3.3	2.5	0.7	M41L, D67N, L74V, M184V, L210W, T215Y, K219N	['M41L', 'D67N', 'L74V', 'M184V', 'L210W', 'T215Y', 'K219N']
127304	09Pt10	200.0	4.9	4.9	1.4	1.5	1.2	M41L, S68SG, L74LI, M184V, L210LW, T215Y	['M41L', 'S68SG', 'L74LI', 'M184V', 'L210LW', 'T215Y']
127350	09Pt33	200.0	3.0	0.2	0.6	1.4	0.4	L74I, M184V	['L74I', 'M184V']
96412	2008-22	200.0	8.8	19	2.6	2.1	1.8	D67N, K70R, M184V, K219Q	['D67N', 'K70R', 'M184V', 'K219Q']
195263	EB13	0.7	0.9	4.1	0.9	0.8	1.3	K70R, L210LW	['K70R', 'L210LW']
96231	MA42446	3.1	2.7	7.0	2.0	1.3	1.7	S68SG, K70KN, T215F, K219Q	['S68SG', 'K70KN', 'T215F', 'K219Q']
124515	2008-44	200.0	3.8	0.2	0.6	1.8	0.6	K70KE, M184V	['K70KE', 'M184V']
95820	200801-10	0.9	1.1	0.8	1.1	1.2	1.0		[]
96241	MA42451	0.7	0.8	1.0	0.6	0.8	0.7	V75M	['V75M']
102352	Pt1a	200.0	23.0	2,400	11.0	3.7	3.8	M41L, D67N, T69D, K70R, L74I, M184V, T215F, K219W	['M41L', 'D67N', 'T69D', 'K70R', 'L74I', 'M184V', 'T215F', 'K219W']
96239	MA42450	200.0	11.0	113	4.6	2.5	2.3	M41L, E44A, D67N, T69D, M184MIV, L210W, T215Y, K219KR	['M41L', 'E44A', 'D67N', 'T69D', 'M184MIV', 'L210W', 'T215Y', 'K219KR']
185092	gme232_6	200.0	5.5	0.2	0.9	1.9	0.7	S68N, K70G, M184V	['S68N', 'K70G', 'M184V']
64316	CA64316	200.0	17.0	0.3	0.8	2.6	0.5	L74V, Y115F, M184V	['L74V', 'Y115F', 'M184V']
195267	EB15	0.6	0.9	0.5	1.0	1.1	0.9		[]
71529	CA900BT49				24.0	26.0	14.0	K65R, S68G, K70T, V75I, F77L, Y115YF, F116Y, Q151M	['K65R', 'S68G', 'K70T', 'V75I', 'F77L', 'Y115YF', 'F116Y', 'Q151M']
177186	201108-8	0.9	0.7	0.3	0.7	0.8	0.8		[]
152836	CA152836	0.7	1.0	0.4	0.9	1.2	0.8		[]
71533	CA900BT51	5.3	5.2		3.4	1.8	6.2	M41L, D67N, K70R, T215F, K219Q	['M41L', 'D67N', 'K70R', 'T215F', 'K219Q']
184312	Q4840	200.0	2.2	0.2	0.9	1.5	0.7	K70E, M184V	['K70E', 'M184V']
102362	Pt2	200.0	6.8	1.9	2.1	3.8	0.7	M41L, S68G, L74V, M184V, L210W, T215Y, K219KN	['M41L', 'S68G', 'L74V', 'M184V', 'L210W', 'T215Y', 'K219KN']
70959	CA9000BT6		7.4	67	2.3	2.0	2.3	M41L, M184V, L210W, T215Y	['M41L', 'M184V', 'L210W', 'T215Y']
96420	2008-26	200.0	5.3	1.9	1.6	1.5	0.7	M41ML, M184V, L210W, T215Y	['M41ML', 'M184V', 'L210W', 'T215Y']
127292	09Pt76	200.0	3.1	0.2	0.8	1.7	0.5	K70N, M184MIV	['K70N', 'M184MIV']
92381	200801-9	7.0	6.5	2,400	8.2	1.9	5.0	M41L, E44D, D67N, L210W, T215Y, K219R	['M41L', 'E44D', 'D67N', 'L210W', 'T215Y', 'K219R']
79292	CA79292	200.0	11.0	0.6	0.8	2.2	0.9	Y115F, M184V	['Y115F', 'M184V']
185088	CMG_oct30	200.0	4.5	0.6	1.0	1.3	0.3	L74I, M184V, T215Y	['L74I', 'M184V', 'T215Y']
70973	CA900BT14		8.9	567	3.8	2.8	3.8	M41L, E44D, D67N, T69D, M184V, L210W, T215Y	['M41L', 'E44D', 'D67N', 'T69D', 'M184V', 'L210W', 'T215Y']
95840	200801-20	3.1	2.5	78	2.1	1.4	1.4	M41L, E44D, L210W, T215Y	['M41L', 'E44D', 'L210W', 'T215Y']
87342	CA87342	5.0	3.9	30	1.8	1.6	2.4	M41L, A62AV, S68SG, V75VI, F116FY, Q151QL, M184MV, T215F	['M41L', 'A62AV', 'S68SG', 'V75VI', 'F116FY', 'Q151QL', 'M184MV', 'T215F']
123504	CA123504	7.0	1.6	0.3	0.9	1.5	1.7	K65R	['K65R']
96400	2008-16	200.0	6.2	93	1.9	1.4	1.8	M41L, L74LV, M184V, L210W, T215Y, K219N	['M41L', 'L74LV', 'M184V', 'L210W', 'T215Y', 'K219N']
63838	CA63838	200.0	8.7	58	3.3	2.2	1.9	M41L, E44ED, D67N, T69D, K70KR, M184V, T215Y, K219Q	['M41L', 'E44ED', 'D67N', 'T69D', 'K70KR', 'M184V', 'T215Y', 'K219Q']
127360	09Pt38	61.0	5.4	3.9	1.7	2.4	1.5	M41L, M184V, T215Y	['M41L', 'M184V', 'T215Y']
95213	CA95213	2.1	2.7	82	1.8	1.3	2.6	M41L, L210W, T215Y	['M41L', 'L210W', 'T215Y']
122770	Pt2	200.0	5.4	4.2	1.8	1.9	1.2	M41L, E44D, A62V, M184V, L210W, T215Y	['M41L', 'E44D', 'A62V', 'M184V', 'L210W', 'T215Y']
92377	200801-7	200.0	13.0	2.4	1.1	1.6	0.9	D67N, K70R, L74I, Y115F, M184V, K219Q	['D67N', 'K70R', 'L74I', 'Y115F', 'M184V', 'K219Q']
184264	171340	3.6	3.3	2.9	1.5	1.0	0.9	M41L, D67N, L74V, L210W, T215Y	['M41L', 'D67N', 'L74V', 'L210W', 'T215Y']
124511	2008-42	0.7	0.7	0.6	1.1	1.2	0.8		[]
166112	201011-2	200.0	3.8	0.8	1.7	1.4	1.8	M41L, D67N, M184V, L210W, T215Y	['M41L', 'D67N', 'M184V', 'L210W', 'T215Y']
71505	CA900BT36		8.9	33	5.9	2.8	1.7	M41L, E44D, D67N, T69D, M184V, L210W, T215Y, K219N	['M41L', 'E44D', 'D67N', 'T69D', 'M184V', 'L210W', 'T215Y', 'K219N']
88757	Pt39314	1.8	1.7	1.2	0.9	1.0	0.8	A62AV, D67DG, S68G, K70KR, M184MV, K219KQ	['A62AV', 'D67DG', 'S68G', 'K70KR', 'M184MV', 'K219KQ']
125004	Pt5	1.0	1.2	2.0	1.3	1.4	1.1		[]
88715	Pt39293	1.1	1.0	0.9	0.9	0.9	0.9		[]
177174	201108-2	1.7	1.3	9.3	1.4	1.0	1.2	M41L, D67N, T215N, K219E	['M41L', 'D67N', 'T215N', 'K219E']
124529	2008-51	200.0	9.8	18	3.5	2.3	1.5	M41ML, D67G, T69ND, K70R, L74I, M184V, T215F, K219Q	['M41ML', 'D67G', 'T69ND', 'K70R', 'L74I', 'M184V', 'T215F', 'K219Q']
95846	200801-23	200.0	11.0	0.5	1.3	3.7	1.9	K65R, M184V	['K65R', 'M184V']
94378	200801-4	12.0	3.0	0.4	1.6	1.8	1.3	K65R, D67N, T69D	['K65R', 'D67N', 'T69D']
185076	156641	0.8	1.1	1.4	1.0	0.8	0.8	L210W, T215C	['L210W', 'T215C']
24381	CA24381	200.0	8.1	9.0	3.0	2.2	1.2	M41L, A62AV, T69S_ST, M184V, T215Y	['M41L', 'A62AV', 'T69S_ST', 'M184V', 'T215Y']
166098	201011-1	44.0	1.7	0.8	0.8	1.2	0.5	M184V	['M184V']
88717	Pt39294	1.1	1.2	1.6	1.0	1.1	1.1		[]
166046	201011-5	200.0	6.4	2.3	1.1	2.2	1.0	K65R, S68G, K70T, M184V	['K65R', 'S68G', 'K70T', 'M184V']
122784	Pt9	200.0	6.5	159	2.6	2.3	3.3	M41L, D67N, K70R, M184V, T215F, K219E	['M41L', 'D67N', 'K70R', 'M184V', 'T215F', 'K219E']
195251	C7	1.0	0.8	0.6	0.8	0.9	0.8		[]
84180	CA84180	200.0	5.6	12	2.8	2.7	1.4	M41L, D67N, M184V, L210W, T215Y	['M41L', 'D67N', 'M184V', 'L210W', 'T215Y']
195313	Q4	1.2	1.1	1.1	0.7	0.9	0.8		[]
122665	200804-12	5.2	3.7	283	2.7	1.5	3.0	M41L, D67DN, L210W, T215Y	['M41L', 'D67DN', 'L210W', 'T215Y']
175987	201108-1	200.0	5.0	0.2	0.7	2.1	0.3	L74V, M184V, K219N	['L74V', 'M184V', 'K219N']
94384	200801-7	200.0	10.0	46	4.2	3.2	2.1	M41L, E44ED, D67G, S68G, L74V, M184V, L210W, T215Y, K219NS	['M41L', 'E44ED', 'D67G', 'S68G', 'L74V', 'M184V', 'L210W', 'T215Y', 'K219NS']
71561	CA900BT65		5.3	41	2.1	2.1	1.9	M41L, D67N, K70R, M184V, T215Y, K219E	['M41L', 'D67N', 'K70R', 'M184V', 'T215Y', 'K219E']
127354	09Pt35	200.0	2.5	0.4	0.9	1.4	0.5	M184V, T215TI	['M184V', 'T215TI']
95810	200801-5	1.1	1.0	0.9	1.0	1.2	1.1		[]
94388	200801-9	200.0	8.8	11	4.5	3.0	1.1	M41L, E44D, D67N, L74V, M184V, L210W, T215Y, K219N	['M41L', 'E44D', 'D67N', 'L74V', 'M184V', 'L210W', 'T215Y', 'K219N']
127382	09Pt49	1.0	0.8	0.6	0.9	1.0	0.7		[]
195279	EB20	0.9	0.7	0.7	0.9	0.8	0.8		[]
127244	09Pt54	200.0	4.1	11	1.3	1.1	1.5	M41L, S68G, M184V, L210W, T215SY	['M41L', 'S68G', 'M184V', 'L210W', 'T215SY']
96336	2008-12	1.2	1.4	1.6	1.1	1.0	1.1		[]
151294	2010-7	200.0	4.8	7.0	1.8	1.7	1.1	M41L, E44D, D67N, K70R, L74LI, M184V, T215Y, K219E	['M41L', 'E44D', 'D67N', 'K70R', 'L74LI', 'M184V', 'T215Y', 'K219E']
60842	CA60842	200.0	5.9	3.9	1.9	1.8	1.0	M41ML, D67N, T69D, K70R, M184V, T215F, K219Q	['M41ML', 'D67N', 'T69D', 'K70R', 'M184V', 'T215F', 'K219Q']
96416	2008-24	200.0	6.8	2.9	1.4	2.0	0.6	M41L, L74V, M184V, L210W, T215Y	['M41L', 'L74V', 'M184V', 'L210W', 'T215Y']
195303	G1	1.2	0.8	0.7	0.9	1.0	0.8		[]
95804	200801-2	200.0	10.0	35	4.9	3.8	1.2	M41L, E44A, D67N, L74V, M184V, L210W, T215Y, K219N	['M41L', 'E44A', 'D67N', 'L74V', 'M184V', 'L210W', 'T215Y', 'K219N']
95826	200801-13	0.5	0.6	0.4	0.7	0.7	0.7		[]
102366	Pt4	200.0	10.0	81	4.4	2.1	1.9	M41L, E44D, D67N, T69D, M184V, L210W, T215Y, K219R	['M41L', 'E44D', 'D67N', 'T69D', 'M184V', 'L210W', 'T215Y', 'K219R']
184258	119385	200.0	3.0	0.4	0.6	1.1	0.4	M184V	['M184V']
122659	200804-09	200.0	3.8	1.0	1.1	1.9	0.8	D67N, K70R, M184V, K219Q	['D67N', 'K70R', 'M184V', 'K219Q']
88785	Pt39328	0.9	0.7	1.1	1.0	1.0	0.8		[]
127258	09Pt60	1.4	0.9	0.5	0.8	1.1	0.8		[]
59559	CA59559	1.4	1.0	0.7	0.8	1.1	0.9		[]
195277	EB1_2010	200.0	2.2	0.2	0.7	1.3	0.6	M184V	['M184V']
71541	CA900BT55		5.3	14	2.7	1.6	1.3	M41L, D67N, K70KR, L74LIV, M184V, L210W, T215Y, K219Q	['M41L', 'D67N', 'K70KR', 'L74LIV', 'M184V', 'L210W', 'T215Y', 'K219Q']
166090	201011-16	1.6	1.1	0.5	1.1	1.0	0.7		[]
127300	09Pt80	0.8	0.9	1.3	1.0	1.0	0.9		[]
71519	CA900BT44		5.7	2.6	2.1	1.9	0.9	E44D, M184V, T215Y	['E44D', 'M184V', 'T215Y']
71553	CA900BT61	9.3	7.4	951	6.5	2.3	4.7	M41L, E44A, D67N, L210W, T215Y, K219R	['M41L', 'E44A', 'D67N', 'L210W', 'T215Y', 'K219R']
88733	Pt39302	0.9	1.1	2.2	1.0	1.0	1.2		[]
88763	Pt39317	0.9	1.1	1.5	1.2	1.0	1.1		[]
125022	Pt14	200.0	12.0	141	3.6	2.9	2.0	M41L, E44A, L74V, M184V, L210W, T215Y	['M41L', 'E44A', 'L74V', 'M184V', 'L210W', 'T215Y']
195289	EB3_2010	1.1	0.6	0.5	1.1	1.5	1.1		[]
185084	CMG_jun08	0.9	1.0	1.0	0.6	0.8	1.2		[]
177182	201108-6	200.0	4.7	1.1	1.0	1.9	0.7	S68G, M184V, T215F	['S68G', 'M184V', 'T215F']
122653	200804-06	1.6	1.4	1.8	1.4	1.0	0.7	L74LI, T215Y	['L74LI', 'T215Y']
127266	09Pt64	2.5	1.6	1.2	1.2	1.4	1.2	K70N, M184MV	['K70N', 'M184MV']
86048	38264_0514	5.0	4.0	22	2.8	2.0	1.3	D67N, T69D, K70R, L74V, T215Y, K219Q	['D67N', 'T69D', 'K70R', 'L74V', 'T215Y', 'K219Q']
96430	2008-31	200.0	6.5	5.0	1.9	1.7	0.8	M41L, S68G, L74V, M184V, L210W, T215Y	['M41L', 'S68G', 'L74V', 'M184V', 'L210W', 'T215Y']
151288	2010-4	200.0	6.1	34	1.8	1.6	2.0	M41L, M184V, L210W, T215Y, K219KE	['M41L', 'M184V', 'L210W', 'T215Y', 'K219KE']
86050	23793_0224	4.6	5.2	920	3.6	1.8	5.7	M41L, E44D, D67N, T69D, L210W, T215Y, K219KR	['M41L', 'E44D', 'D67N', 'T69D', 'L210W', 'T215Y', 'K219KR']
127296	09Pt78	0.9	1.0	0.9	1.1	1.2	0.8		[]
96448	2008-41	200.0	6.7	3.5	2.5	1.9	0.9	D67G, T69ND, K70R, L74LI, M184V, T215F, K219Q	['D67G', 'T69ND', 'K70R', 'L74LI', 'M184V', 'T215F', 'K219Q']
96360	2008-34	3.5	1.1	0.5	1.0	1.0	0.9	D67G, T69D, K70RG, M184MV	['D67G', 'T69D', 'K70RG', 'M184MV']
71555	CA900BT62		5.9	21	2.0	2.1	1.0	D67N, T69D, K70R, M184V, T215F, K219Q	['D67N', 'T69D', 'K70R', 'M184V', 'T215F', 'K219Q']
69141	CA69141	200.0	7.8	177	3.6	2.3	2.4	M41L, E44A, D67N, L74I, V75VIM, M184V, L210W, T215Y, K219E	['M41L', 'E44A', 'D67N', 'L74I', 'V75VIM', 'M184V', 'L210W', 'T215Y', 'K219E']
48242	CA48242	2.3	2.7	80	2.4	1.3	2.2	D67N, K70R, T215F, K219Q	['D67N', 'K70R', 'T215F', 'K219Q']
127254	09Pt58	1.5	1.3	0.8	1.0	1.1	0.8		[]
185940	MR458550P	1.1	0.6	0.2	0.7	0.8	0.5		[]
71471	CA900BT17		9.0	71	3.3	2.1	2.9	M41L, E44D, D67DN, V75M, M184V, L210W, T215Y	['M41L', 'E44D', 'D67DN', 'V75M', 'M184V', 'L210W', 'T215Y']
92509	Ph40764	2.3	2.9	186	2.4	1.2	3.1	M41L, L210W, T215Y	['M41L', 'L210W', 'T215Y']
170964	Q7756	0.7	1.0	0.4	0.7	0.9	0.6		[]
96424	2008-28	200.0	4.9	3.6	1.7	1.5	0.9	M41L, E44D, D67N, L74LV, M184V, L210W, T215Y	['M41L', 'E44D', 'D67N', 'L74LV', 'M184V', 'L210W', 'T215Y']
185062	128158	0.8	0.9	0.7	0.9	1.1	0.9		[]
38901	CA38901	0.8	0.9	0.9	1.1	1.0	0.9		[]
35194	CA35194	4.1	2.2	24	2.5	1.4	1.7	D67N, T69D, K70R, T215F, K219Q	['D67N', 'T69D', 'K70R', 'T215F', 'K219Q']
236591	A086	1.3	1.3	1.6	1.3	1.1	1.0		[]
14729	CA14729	15.0	20.0	5.2	6.8	11.0		S68G, L74V, V75T, Y115F, Q151M	['S68G', 'L74V', 'V75T', 'Y115F', 'Q151M']
40737	SHNY-12	0.6	0.6	0.8	0.8	0.8	0.7	S68G	['S68G']
14143	CA14143	200.0	5.1	4.4	1.5	1.6		M41L, M184V, T215Y	['M41L', 'M184V', 'T215Y']
38017	CA38017	200.0	7.2	73	3.1	2.5	2.1	M41L, E44ED, D67DN, S68SG, M184V, L210W, T215Y	['M41L', 'E44ED', 'D67DN', 'S68SG', 'M184V', 'L210W', 'T215Y']
19923	CA19923	2.2	1.2	1.8	1.2	0.9	0.7	D67N, T215V, K219Q	['D67N', 'T215V', 'K219Q']
236571	A077	0.9	0.9	0.6	0.9	0.7	0.9		[]
24800	CA24800	200.0	5.3	28	2.3	1.7		M41L, E44D, D67N, M184V, L210W, T215Y, K219Q	['M41L', 'E44D', 'D67N', 'M184V', 'L210W', 'T215Y', 'K219Q']
17451	CA17451	9.7	9.4	200	8.2	2.6	5.4	E40F, M41L, D67N, L74I, L210W, T215Y, K219N	['E40F', 'M41L', 'D67N', 'L74I', 'L210W', 'T215Y', 'K219N']
12270	CA12270	3.6	3.3	125	2.4	1.4	2.3	M41L, D67N, L210W, T215Y	['M41L', 'D67N', 'L210W', 'T215Y']
214357	1939-32712	200.0	9.1	496	2.8	2.3	2.7	M41L, L74I, M184V, L210W, T215Y	['M41L', 'L74I', 'M184V', 'L210W', 'T215Y']
35156	CA35156	6.6	5.3	11	2.2	2.6	1.8	D67N, K70R, L74V, T215TI, K219Q	['D67N', 'K70R', 'L74V', 'T215TI', 'K219Q']
27641	SRW3-27641	200.0	2.5	0.5	0.8	2.0		M184V	['M184V']
3787	CA3787	1.4	1.1	28	1.0	0.8	1.9	D67N, K70R	['D67N', 'K70R']
59209	CA59209	4.7	2.6	147	1.3	1.2	3.0	D67N, K70R, T215F, K219E	['D67N', 'K70R', 'T215F', 'K219E']
4582	CA4582	200.0	5.7	0.3	1.2	2.0		V75T, M184V	['V75T', 'M184V']
38077	CA38077	36.0	25.0	461	26.0	23.0	8.0	A62V, K65R, S68G, V75I, F77L, F116Y, Q151M	['A62V', 'K65R', 'S68G', 'V75I', 'F77L', 'F116Y', 'Q151M']
214365	1939-71712	1.8	0.9	0.6	0.7	1.0	0.9		[]
214353	1939-1512	200.0	2.7	0.4	0.7	1.3	0.4	M184V, T215Y	['M184V', 'T215Y']
68911	CA68911	2.0	1.2	0.7	0.6	1.0	0.9		[]
34448	CA34448	1.2	0.9	0.7	1.0	1.1	0.7		[]
37816	CA37816	200.0	3.6	1.7	1.1	1.5	0.7	D67N, T69D, K70R, M184V, T215V, K219Q	['D67N', 'T69D', 'K70R', 'M184V', 'T215V', 'K219Q']
34464	CA34464	8.1	4.8	214	3.9	1.7	3.0	M41L, D67N, L210W, T215Y, K219R	['M41L', 'D67N', 'L210W', 'T215Y', 'K219R']
237811	J4080852	1.3	1.1	0.7	0.6	0.7	0.8	M41L, T215D	['M41L', 'T215D']
19999	CA19999	200.0	2.4	0.2	0.6	1.4	0.4	M184V	['M184V']
12464	CA12464	3.4	2.5	71	2.0	1.2	2.9	M41L, D67N, T215Y	['M41L', 'D67N', 'T215Y']
9044	CA9044	1.0	0.6	0.2	0.4	0.7	0.4	T215D	['T215D']
37855	CA37855	200.0	13.0	272	5.4	3.6	2.0	M41L, D67G, S68G, K70R, M184V, T215F, K219Q	['M41L', 'D67G', 'S68G', 'K70R', 'M184V', 'T215F', 'K219Q']
41241	CA41241	200.0	7.4	15	2.3	2.8	1.2	M41L, L74I, M184V, L210W, T215Y	['M41L', 'L74I', 'M184V', 'L210W', 'T215Y']
42025	KSC-6	200.0	12.0	16	3.4	2.8	1.5	E40F, M41L, S68G, L74I, V75A, M184V, L210W, T215Y, K219N	['E40F', 'M41L', 'S68G', 'L74I', 'V75A', 'M184V', 'L210W', 'T215Y', 'K219N']
214371	1939122111	69.0	3.2	0.3	0.9	1.8	0.6	T69D, M184MV	['T69D', 'M184MV']
13062	CA13062	200.0	8.9	134	2.9	2.7	2.6	M41L, E44ED, D67N, T69D, V75M, F77L, M184V, L210W, T215Y	['M41L', 'E44ED', 'D67N', 'T69D', 'V75M', 'F77L', 'M184V', 'L210W', 'T215Y']
237141	12-161233	1.1	0.9	1.0	1.0	1.1	1.0		[]
41187	WAEN_C	200.0	5.3	11	1.5	1.5	1.2	M41L, M184V, T215Y	['M41L', 'M184V', 'T215Y']
34319	CA34319	9.9	8.1	418	4.3	2.3	3.5	M41L, E44A, T69D, L74I, L210W, T215Y, K219R	['M41L', 'E44A', 'T69D', 'L74I', 'L210W', 'T215Y', 'K219R']
214341	12-120590	200.0	3.1	0.9	1.3	1.4	0.5	M41L, D67N, T69D, L74LV, V75VIM, M184V, T215Y	['M41L', 'D67N', 'T69D', 'L74LV', 'V75VIM', 'M184V', 'T215Y']
14732	CA14732	8.4	7.2	1,000		2.1		M41L, D67N, L210W, T215Y, K219R	['M41L', 'D67N', 'L210W', 'T215Y', 'K219R']
237831	4030694	200.0	10.0	200	3.6	3.0	5.1	M41L, E44D, D67N, M184V, L210W, T215Y	['M41L', 'E44D', 'D67N', 'M184V', 'L210W', 'T215Y']
237815	12-162178	200.0	6.6	12	2.7	2.2	1.0	M41L, E44AD, D67N, L74I, M184V, L210W, T215Y, K219N	['M41L', 'E44AD', 'D67N', 'L74I', 'M184V', 'L210W', 'T215Y', 'K219N']
236563	A075	200.0	3.7	0.3	0.5	1.2	0.6	M184V	['M184V']
237139	12-158352	200.0	3.8	39	1.1	2.0	2.0	M41L, E44D, D67N, K70R, M184V, T215V, K219E	['M41L', 'E44D', 'D67N', 'K70R', 'M184V', 'T215V', 'K219E']
14494	CA14494	1.0	1.2	1.0	1.0	1.1			[]
236595	A078	0.8	0.8	0.4	0.9	0.7	0.7		[]
38405	CA38405	0.7	0.9	1.0	1.0	1.0	1.0		[]
214361	1939-42012	200.0	3.7	0.3	0.7	1.6	0.5	L74LI, M184V	['L74LI', 'M184V']
27639	SRW2-27639	200.0	2.4	0.5	0.7	1.2		M184V	['M184V']
237827	25302981	200.0	7.6	31	2.0	2.1	2.4	D67N, K70R, L74I, M184V, K219Q	['D67N', 'K70R', 'L74I', 'M184V', 'K219Q']
38037	CA38037	200.0	5.9	19	1.9	1.7	1.7	M41L, D67N, K70R, M184V, L210W, T215Y, K219E	['M41L', 'D67N', 'K70R', 'M184V', 'L210W', 'T215Y', 'K219E']
12925	CA12925	15.0	3.7	0.5	1.9	1.7	2.8	K65R, D67N, S68N, K70G, K219R	['K65R', 'D67N', 'S68N', 'K70G', 'K219R']
27645	SRW5-27645	0.7	0.9	1.2	1.0	1.1			[]
38439	CA38439	200.0	5.3	11	1.7	1.6	1.2	D67N, T69D, K70R, M184V, T215F, K219Q	['D67N', 'T69D', 'K70R', 'M184V', 'T215F', 'K219Q']
214335	0342-91605	200.0	5.2	31	2.3	1.3	1.6	M41L, D67DN, M184V, L210W, T215Y	['M41L', 'D67DN', 'M184V', 'L210W', 'T215Y']
41283	CA41283	1.5	1.0	15	1.1	1.0	1.5	D67N, K70R, K219Q	['D67N', 'K70R', 'K219Q']
21195	CA21195	200.0	7.1	0.6	0.9	2.6	0.4	M41L, L74V, M184V, T215Y	['M41L', 'L74V', 'M184V', 'T215Y']
237809	13-116414	1.1	0.9	0.7	1.0	0.9	1.0		[]
37826	CA37826	1.6	0.9	0.4	1.2	1.9	0.7		[]
11742	CA11742	200.0	4.2	1.6	1.6	1.3		M41L, M184V, T215Y	['M41L', 'M184V', 'T215Y']
236585	A085	200.0	3.4	2.3	1.0	1.6	0.9	D67DN, K70KR, M184V, K219KE	['D67DN', 'K70KR', 'M184V', 'K219KE']
7756	CA7756	3.3	6.5	40	9.5	9.2	1.2	F77L, F116Y, Q151M	['F77L', 'F116Y', 'Q151M']
236597	A081	200.0	6.0	3.0	1.6	1.5	1.3	D67N, K70R, M184V, K219Q	['D67N', 'K70R', 'M184V', 'K219Q']
13061	CA13061	1.5	2.6	43	1.8	1.7		M41L, T215Y	['M41L', 'T215Y']
24746	CA24746	3.3	1.3	41	1.2	0.6	1.9	D67N, K70R, M184MV, T215F, K219Q	['D67N', 'K70R', 'M184MV', 'T215F', 'K219Q']
10617	CA10617	200.0	5.5	9.1	2.5	1.9		M41L, E44D, M184V, L210W, T215Y	['M41L', 'E44D', 'M184V', 'L210W', 'T215Y']
34564	CA34564	200.0	2.8	1.7	1.0	1.6	0.8	M41L, K70R, M184V	['M41L', 'K70R', 'M184V']
237823	13-124012	3.4	1.5	0.7	1.0	1.4	0.8	M184MV	['M184MV']
236567	A088	200.0	4.7	16	2.6	2.2	1.5	M41L, A62V, M184V, T215Y	['M41L', 'A62V', 'M184V', 'T215Y']
9168	CA9168	7.5	3.1	118	3.3	1.4	2.1	M41L, E44D, D67N, T69D, K70KR, L210W, T215Y	['M41L', 'E44D', 'D67N', 'T69D', 'K70KR', 'L210W', 'T215Y']
21176	CA21176	2.4	2.2	1.4	1.3	1.6	0.7	D67G, S68G, K70KR, L74V, K219N	['D67G', 'S68G', 'K70KR', 'L74V', 'K219N']
24252	CA24252	200.0	5.0	24	1.5	1.8	1.7	D67N, K70R, M184V	['D67N', 'K70R', 'M184V']
237143	13-100304	1.4	1.0	0.4	0.9	1.0	0.7		[]
23563	CA23563	200.0	12.0	0.8	0.8	2.5	0.8	Y115F, M184V	['Y115F', 'M184V']
214329	0452_41708	200.0	5.3	0.2	0.6	1.4	0.7	K65KR, S68SG, M184V, K219KR	['K65KR', 'S68SG', 'M184V', 'K219KR']
34577	CA34577	200.0	6.6	54	3.2	2.0	2.0	M41L, E44D, D67N, M184V, L210W, T215Y	['M41L', 'E44D', 'D67N', 'M184V', 'L210W', 'T215Y']
237817	4030299	200.0	7.0	60	2.0	2.7	1.9	M41L, D67N, K70R, M184V, T215F, K219Q	['M41L', 'D67N', 'K70R', 'M184V', 'T215F', 'K219Q']
13491	CA13491	3.0	2.5	445	2.4	1.2		M41L, D67N, K70R, T215F	['M41L', 'D67N', 'K70R', 'T215F']
214347	12-150721	200.0	11.0	0.5	0.9	1.6	0.9	Y115F, M184V, T215F, K219E	['Y115F', 'M184V', 'T215F', 'K219E']
24639	CA24639	4.5	3.4	124	4.3	1.7	2.1	M41L, E44D, V75M, L210W, T215Y, K219N	['M41L', 'E44D', 'V75M', 'L210W', 'T215Y', 'K219N']
11001	CA11001	4.0	4.9	1,000	2.4	1.6	7.0	M41L, D67N, L210W, T215Y	['M41L', 'D67N', 'L210W', 'T215Y']
237833	13-101091	1.1	1.0	0.8	0.8	1.0	0.9		[]
14753	CA14753	11.0	4.6	69	3.2	1.8	2.3	M41L, E44EA, D67N, L74V, L210W, T215Y, K219N	['M41L', 'E44EA', 'D67N', 'L74V', 'L210W', 'T215Y', 'K219N']
7758	CA7758	200.0	7.0	77	2.7	2.1		M41L, A62V, D67N, L74I, M184V, L210W, T215F, K219Q	['M41L', 'A62V', 'D67N', 'L74I', 'M184V', 'L210W', 'T215F', 'K219Q']
38359	CA38359	83.0	170.0	1,000	20.0	14.0	51.0	M41L, A62V, S68G, T69A_VG, L210W, T215Y	['M41L', 'A62V', 'S68G', 'T69A_VG', 'L210W', 'T215Y']
38271	CA38271	200.0	7.3	153	2.0	1.7	2.3	M41L, D67N, T69D, K70R, M184V, T215F, K219Q	['M41L', 'D67N', 'T69D', 'K70R', 'M184V', 'T215F', 'K219Q']
214379	413-111605	3.2	4.0	63	3.9	2.1	1.9	M41L, D67N, K70R, L74I, V75T, T215F, K219Q	['M41L', 'D67N', 'K70R', 'L74I', 'V75T', 'T215F', 'K219Q']
24272	CA24272	200.0	9.6	0.5	0.9	2.3	0.7	L74LV, Y115F, M184V	['L74LV', 'Y115F', 'M184V']
12496	CA12496	200.0	5.6	1.7	2.0	1.6		M41L, D67N, L74V, M184V, L210W, T215Y	['M41L', 'D67N', 'L74V', 'M184V', 'L210W', 'T215Y']
40819	CA1317-5/3	200.0	20.0	987	8.6	29.0	2.2	A62V, S68G, K70N, V75I, F77L, Y115F, F116Y, Q151M, M184V	['A62V', 'S68G', 'K70N', 'V75I', 'F77L', 'Y115F', 'F116Y', 'Q151M', 'M184V']
23585	CA23585	1.7	2.4	4.0	1.6	1.6	0.7	M41L, L74V, T215Y	['M41L', 'L74V', 'T215Y']
20223	CA20223	200.0	5.6	2.6	1.9	2.2		M41L, A62V, S68G, V75T, M184V, T215Y	['M41L', 'A62V', 'S68G', 'V75T', 'M184V', 'T215Y']
40736	SHNY-11	1.0	1.2	2.4	1.1	0.9	1.3		[]
24345	CA24345	200.0	5.1	18	1.9	1.6	1.3	M41L, D67G, S68G, T69D, K70R, M184V, T215F	['M41L', 'D67G', 'S68G', 'T69D', 'K70R', 'M184V', 'T215F']
214331	0342-09605	1.4	1.2	2.4	1.0	1.1	1.0	K70R	['K70R']
24786	CA24786	12.0	6.8	2,400	5.6	2.4	6.9	M41L, E44D, D67N, T69D, L74I, L210W, T215Y	['M41L', 'E44D', 'D67N', 'T69D', 'L74I', 'L210W', 'T215Y']
214369	1939-7512	200.0	1.8	0.1	0.5	0.9	0.3	M184V	['M184V']
12835	CA12835	200.0	2.2	1.1	0.7	1.5		K70R, M184V	['K70R', 'M184V']
33149	SHNY-2-RT	200.0	3.8	0.6	0.8	1.5		M184V	['M184V']
236581	A076	200.0	5.7	3.0	1.6	1.5	1.3	D67N, K70R, M184V, K219Q	['D67N', 'K70R', 'M184V', 'K219Q']
24066	CA24066	200.0	3.0	1.4	0.5	1.4	0.7	D67N, M184V, K219Q	['D67N', 'M184V', 'K219Q']
236575	A083	200.0	7.4	13	3.8	2.4	1.7	M41L, D67N, T69D, M184V, L210W, T215Y	['M41L', 'D67N', 'T69D', 'M184V', 'L210W', 'T215Y']
214381	4130-11705	20.0	200.0	200	200.0	7.2	17.0	S68G, T69SGE, T215Y	['S68G', 'T69SGE', 'T215Y']
236599	A068	1.0	0.8	1.4	1.0	1.1	0.9		[]
34500	CA34500	200.0	3.0	0.9	1.0	1.6	0.6	M184V	['M184V']
9896	CA9896	3.6	1.7	7.2	1.5	1.1		D67N, T215F, K219Q	['D67N', 'T215F', 'K219Q']
214359	1939-32812	1.1	0.9	0.5	0.9	0.9	0.8		[]
214343	12-141970	0.9	0.8	0.4	1.0	1.0	0.8		[]
237829	13-117351	200.0	1.6	0.6	0.6	1.0	0.5	D67DN, K70KR, M184I, K219E	['D67DN', 'K70KR', 'M184I', 'K219E']
38503	CA38503	1.7	1.0	0.4	0.7	0.9	0.6	S68G	['S68G']
3798	CA3798	1.8	1.5	7.1	1.2	1.1	1.1	D67N, K70R, T215I, K219E	['D67N', 'K70R', 'T215I', 'K219E']
34677	CA34677	1.3	1.0	0.7	0.9	1.0	0.7		[]
14139	CA14139	6.6	8.0	39	8.9	6.4		M41L, D67N, F116Y, Q151M, T215F, K219Q	['M41L', 'D67N', 'F116Y', 'Q151M', 'T215F', 'K219Q']
192066	CA192066	1.0	0.7	0.3	0.7	0.7	0.6		[]
4919	CA4919	6.2	4.5	1,000	2.4	1.6	5.0	M41L, D67N, L210W, T215Y	['M41L', 'D67N', 'L210W', 'T215Y']
37989	CA37989	7.8	1.7	0.4	1.6	2.8	1.6	K65R	['K65R']
34751	CA34751	200.0	3.2	0.2	0.6	1.6	0.4	M184V	['M184V']
9078	CA9078	200.0	2.7	0.4	0.8	1.3		M184V	['M184V']
34623	CA34623	200.0	4.8	16	1.6	1.8	1.0	S68G, M184V, L210LW, T215Y	['S68G', 'M184V', 'L210LW', 'T215Y']
19952	CA19952	11.0	15.0	1,000	9.1	3.2	18.0	A62V, D67E, T69S_SS, T215Y	['A62V', 'D67E', 'T69S_SS', 'T215Y']
236569	A070	1.2	0.9	0.9	0.9	1.0	0.8		[]
14681	CA14681	1.4	2.0	13	1.9	1.1		M41L, L210W, T215Y	['M41L', 'L210W', 'T215Y']
214383	4535-71206	12.0	20.0	200	15.0	4.2	20.0	A62V, D67E, T69S_SS, L210W, T215Y	['A62V', 'D67E', 'T69S_SS', 'L210W', 'T215Y']
10948	CA10948	2.9	2.5	0.2	0.9	2.1	0.5	L74V	['L74V']
42021	KSC-4	200.0	5.9	26	2.0	1.9	1.1	M41L, M184V, L210W, T215Y	['M41L', 'M184V', 'L210W', 'T215Y']
11970	CA11970	200.0	5.1	18	1.9	1.9		D67N, T69D, K70R, M184V, T215F, K219Q	['D67N', 'T69D', 'K70R', 'M184V', 'T215F', 'K219Q']
23687	CA23687	200.0	6.6	18	1.8	1.7	1.4	M41L, D67N, M184V, T215F, K219Q	['M41L', 'D67N', 'M184V', 'T215F', 'K219Q']
11722	CA11722	1.1	0.8	0.9	0.8	0.9			[]
14471	CA14471	1.1	1.0	0.5	1.1	0.8			[]
37772	CA37772	200.0	9.4	14	2.7	2.0	1.3	M41L, D67N, T69D, K70R, M184V, L210W, T215Y, K219Q	['M41L', 'D67N', 'T69D', 'K70R', 'M184V', 'L210W', 'T215Y', 'K219Q']
11204	CA11204	200.0	7.4	50	3.9	2.2		M41L, E44D, D67DN, T69D, M184V, L210W, T215Y, K219R	['M41L', 'E44D', 'D67DN', 'T69D', 'M184V', 'L210W', 'T215Y', 'K219R']
214355	1939-1706	1.0	0.8	0.6	0.8	1.2	0.6		[]
214337	10571917	1.6	1.1	0.9	0.9	1.2	1.1		[]
13682	CA13682	200.0	8.5	2.6	1.6	2.8	0.6	M41L, L74V, M184V, T215Y	['M41L', 'L74V', 'M184V', 'T215Y']
9355	CA9355	7.1	7.0	259	4.4	2.4		M41L, E44D, D67N, T69D, L210W, T215Y	['M41L', 'E44D', 'D67N', 'T69D', 'L210W', 'T215Y']
237825	12-159534	1.0	0.8	0.5	0.8	0.9	0.6		[]
214363	1939-5310	1.9	1.4	0.7	0.9	1.3	0.7	M184MV	['M184MV']
214373	25330616	200.0	2.7	0.3	0.8	2.0	0.5	M184V	['M184V']
34844	CA34844	200.0	3.5	4.3	2.5	2.6	1.4	M41ML, T69DN, K70KR, M184V, T215F	['M41ML', 'T69DN', 'K70KR', 'M184V', 'T215F']
34877	CA34877	25.0	18.0	1,000	8.6	3.7	7.1	M41L, T69S_SA, L210W, T215Y	['M41L', 'T69S_SA', 'L210W', 'T215Y']
9268	CA9268	0.9	0.8	0.5	0.8	1.0	0.7		[]
10555	CA10555	200.0	3.7	12	1.5	1.4	1.3	M41L, D67N, T69D, K70R, M184V, T215F	['M41L', 'D67N', 'T69D', 'K70R', 'M184V', 'T215F']
9128	CA9128	3.9	5.3	216	4.2	1.8		M41L, E44A, D67N, L210W, T215Y, K219N	['M41L', 'E44A', 'D67N', 'L210W', 'T215Y', 'K219N']
8046	CA8046	200.0	12.0	1,000	7.2	2.4	3.7	E40F, M41L, D67N, V75M, M184V, L210W, T215Y, K219Q	['E40F', 'M41L', 'D67N', 'V75M', 'M184V', 'L210W', 'T215Y', 'K219Q']
4256	CA4256	200.0	3.7	4.5	2.0	1.3		M41L, E44D, V75M, M184V, L210W, T215Y	['M41L', 'E44D', 'V75M', 'M184V', 'L210W', 'T215Y']
236573	A089	2.4	3.1	88	3.2	1.3	3.1	M41L, L210W, T215Y	['M41L', 'L210W', 'T215Y']
23844	CA23844	200.0	20.0	2,400	26.0	45.0	5.2	M41L, K65R, D67N, S68G, V75I, F77L, Y115F, F116Y, Q151M, M184I, K219Q	['M41L', 'K65R', 'D67N', 'S68G', 'V75I', 'F77L', 'Y115F', 'F116Y', 'Q151M', 'M184I', 'K219Q']
41193	WAEN_F	1.0	0.8	0.4	0.9	0.7	0.7		[]
38175	CA38175	1.1	0.9	0.9	1.1	1.0	0.9		[]
38213	CA38213	9.6	2.5	0.7	2.1	3.1	2.0	K65R	['K65R']
24256	CA24256	200.0	3.8	0.5	0.8	2.3	0.5	D67G, K70R, M184V, K219E	['D67G', 'K70R', 'M184V', 'K219E']
5025	CA5025	200.0	6.3	5.2	1.4	1.9	0.9	M41L, D67N, T69D, K70R, L74V, M184V, T215F, K219Q	['M41L', 'D67N', 'T69D', 'K70R', 'L74V', 'M184V', 'T215F', 'K219Q']
214387	8423-61709	1.2	1.0	0.6	1.1	0.9	0.6		[]
35206	CA35206	200.0	2.0	1.0	0.9	1.1	0.7	D67N, K70R, M184V	['D67N', 'K70R', 'M184V']
236593	A080	200.0	14.0	303	6.3	2.9	2.7	M41L, E44D, D67N, L74I, M184V, L210W, T215Y, K219R	['M41L', 'E44D', 'D67N', 'L74I', 'M184V', 'L210W', 'T215Y', 'K219R']
16876	CA16876	2.7	3.4	57	2.4	1.7	2.2	M41L, L74V, L210W, T215Y	['M41L', 'L74V', 'L210W', 'T215Y']
35226	CA35226	200.0	9.3	9.4	2.9	3.1	1.0	M41L, E44EA, D67N, L74V, M184V, L210W, T215Y, K219N	['M41L', 'E44EA', 'D67N', 'L74V', 'M184V', 'L210W', 'T215Y', 'K219N']
38099	CA38099	200.0	5.5	18	2.4	1.6	2.0	M41L, M184V, L210W, T215Y	['M41L', 'M184V', 'L210W', 'T215Y']
23876	CA23876	200.0	6.6	31	2.4	2.1	2.0	D67N, K70R, M184V, K219Q	['D67N', 'K70R', 'M184V', 'K219Q']
23708	CA23708	200.0	6.2	4.1	1.4	2.2	1.2	K70KR, M184V, T215F	['K70KR', 'M184V', 'T215F']
24457	CA24457	200.0	5.5	33	2.4	1.7	1.5	M41L, D67DN, M184V, L210W, T215Y	['M41L', 'D67DN', 'M184V', 'L210W', 'T215Y']
35230	CA35230	4.1	2.1	7.2	1.7	1.5	1.8	M41L, D67N, T215CY	['M41L', 'D67N', 'T215CY']
38069	CA38069	200.0	2.3	0.4	0.6	1.2	0.4	D67N, M184V, K219Q	['D67N', 'M184V', 'K219Q']
34963	CA34963	200.0	2.7	1.0	0.7	1.3	0.6	D67N, M184V, K219Q	['D67N', 'M184V', 'K219Q']
214351	12-156698	200.0	7.9	229	4.3	2.1	2.5	M41L, E44A, D67N, V75M, M184V, L210W, T215Y, K219E	['M41L', 'E44A', 'D67N', 'V75M', 'M184V', 'L210W', 'T215Y', 'K219E']
27643	SRW4-27643	200.0	1.9	0.8	0.7	1.7		M184V	['M184V']
214333	0342-72105	3.6	3.6	57	3.4	2.1	2.0	M41L, D67N, K70R, L74I, V75T, T215F, K219Q	['M41L', 'D67N', 'K70R', 'L74I', 'V75T', 'T215F', 'K219Q']
214375	4047128	200.0	9.8	77	2.5	2.7	2.3	M41L, E44D, L74LI, M184V, L210W, T215Y	['M41L', 'E44D', 'L74LI', 'M184V', 'L210W', 'T215Y']
34971	CA34971	200.0	3.5	1.6	1.3	1.4	0.7	D67N, K70R, M184V, K219Q	['D67N', 'K70R', 'M184V', 'K219Q']
12349	CA12349	200.0	4.3	0.2	0.7	1.6		M184V, K219KR	['M184V', 'K219KR']
13058	CA13058	2.5	2.3	95	2.0	1.2		M41L, D67N, K70R, V75VM, T215F, K219Q	['M41L', 'D67N', 'K70R', 'V75VM', 'T215F', 'K219Q']
23922	CA23922	200.0	6.9	69	1.5	2.2	2.0	M41L, M184V, L210W, T215Y	['M41L', 'M184V', 'L210W', 'T215Y']
9418	CA9418	1.4	2.3	42	2.0	1.0		D67N, K70R, K219Q	['D67N', 'K70R', 'K219Q']
9379	CA9379	4.8	1.6	24	1.8	1.4		M41L, D67N, T215Y	['M41L', 'D67N', 'T215Y']
20144	CA20144		3.5	227	2.0	1.4		M41L, M184V, L210LW, T215Y	['M41L', 'M184V', 'L210LW', 'T215Y']
237813	13-104467	1.1	0.9	0.8	0.8	1.1	0.9		[]
3861	CA3861	3.0	2.2	5.1	2.1	1.3		M41L, D67N, L74V, L210W, T215Y	['M41L', 'D67N', 'L74V', 'L210W', 'T215Y']
11659	CA11659	200.0	6.9	16	2.3	1.9		M41L, D67DN, M184V, L210W, T215Y	['M41L', 'D67DN', 'M184V', 'L210W', 'T215Y']
57862	CA57862	2.2	3.6	0.5	2.3	2.8	1.4	A62AV, S68SG, K70KN, V75T	['A62AV', 'S68SG', 'K70KN', 'V75T']
10496	CA10496	1.0	0.9	0.9	1.0	1.1			[]
236561	A087	9.4	1.9	0.6	1.0	1.1	0.6	M184MV	['M184MV']
38209	CA38209	200.0	3.7	9.2	1.2	1.5	1.2	D67N, K70R, M184V, K219E	['D67N', 'K70R', 'M184V', 'K219E']
17397	CA17397	6.2	2.7	25	2.0	1.2	2.3	M41L, E44A, D67N, L74V, L210W, T215Y, K219N	['M41L', 'E44A', 'D67N', 'L74V', 'L210W', 'T215Y', 'K219N']
9099	CA9099	1.1	1.0	0.3	0.8	1.0	0.7		[]
237819	13-114636	2.6	1.3	0.4	0.9	1.2	0.8	T69D	['T69D']
214385	4536-70706	200.0	12.0	261	5.1	2.9	3.3	M41L, E44D, D67N, M184V, L210W, T215Y	['M41L', 'E44D', 'D67N', 'M184V', 'L210W', 'T215Y']
34497	CA34497	200.0	1.3	1.3	0.6	0.9	0.7	M184IV	['M184IV']
17425	CA17425	200.0	3.8	0.5	0.8	1.5		M184V	['M184V']
37875	CA37875	54.0	6.7	90	3.3	2.2	2.6	M41L, E44D, D67DN, M184V, L210W, T215Y	['M41L', 'E44D', 'D67DN', 'M184V', 'L210W', 'T215Y']
11723	CA11723	4.4	3.5	745	2.7	1.5	3.9	M41L, D67N, T69D, L210W, T215Y	['M41L', 'D67N', 'T69D', 'L210W', 'T215Y']
10630	CA10630	4.1	4.7	86	2.9	1.5		M41L, D67N, K70R, L74V, T215F, K219Q	['M41L', 'D67N', 'K70R', 'L74V', 'T215F', 'K219Q']
35193	CA35193	200.0	4.8	7.6	1.5	1.7	1.0	M41L, A62AV, V75I, M184V, T215Y	['M41L', 'A62AV', 'V75I', 'M184V', 'T215Y']
34922	CA34922	1.2	1.2	0.3	0.7	0.8	0.5		[]
37949	CA37949	7.5	4.6	328	3.1	1.5	3.8	M41L, D67N, K70R, T215F, K219Q	['M41L', 'D67N', 'K70R', 'T215F', 'K219Q']
34501	CA34501	1.5	1.1	0.9	1.2	1.2	0.8		[]
9173	CA9173	0.8	0.8	1.4	1.0	0.9			[]
38265	CA38265	200.0	1.7	0.2	0.7	1.3	0.3	M184I	['M184I']
214377	4080852	1.5	0.9	0.8	0.7	0.9	1.0	M41L, T215D	['M41L', 'T215D']
237145	13-102227	1.0	0.7	0.4	0.8	0.9	0.8	K219E	['K219E']
11587	CA11587	200.0	8.0	76	3.3	2.1		M41L, E44D, D67N, T69D, M184V, L210W, T215Y	['M41L', 'E44D', 'D67N', 'T69D', 'M184V', 'L210W', 'T215Y']
10532	CA10532	1.5	1.1	1.4	0.8	1.2	1.2		[]
34849	CA34849	3.0	1.9	3.6	1.7	1.3	1.1	D67G, S68G, K70R, K219Q	['D67G', 'S68G', 'K70R', 'K219Q']
236587	A079	1.3	0.9	0.8	1.0	1.1	0.7		[]
23667	CA23667	1.2	1.3	3.1	1.2	1.2	1.4	K70R	['K70R']
38123	CA38123	2.8	2.2	18	1.5	1.5	1.3	D67N, K70R, L74IV, T215I, K219E	['D67N', 'K70R', 'L74IV', 'T215I', 'K219E']
236559	A082	1.5	0.8	0.8	1.0	0.9	0.7	T215D	['T215D']
17408	CA17408	2.1	3.0	213	1.9	1.1	2.9	M41L, S68G, L210W, T215Y	['M41L', 'S68G', 'L210W', 'T215Y']
23192	CA23192	200.0	4.0	3.5	1.5	1.6	0.9	M41L, D67N, M184V, L210W, T215Y	['M41L', 'D67N', 'M184V', 'L210W', 'T215Y']
23543	CA23543	9.5	4.9	200	6.1	2.2	3.4	M41L, D67N, V75M, L210W, T215Y	['M41L', 'D67N', 'V75M', 'L210W', 'T215Y']
58186	CA58186	200.0	2.2	0.5	0.8	1.4	0.5	D67G, M184V	['D67G', 'M184V']
14788	CA14788	1.3	0.9	6.6	0.8	0.9	1.1	D67N, K70R	['D67N', 'K70R']
37914	CA37914	200.0	7.0	20	3.3	2.2	2.3	M41L, E44D, V75M, M184V, L210W, T215Y, K219N	['M41L', 'E44D', 'V75M', 'M184V', 'L210W', 'T215Y', 'K219N']
237821	12-163061	1.4	1.0	0.5	1.0	1.5	0.8		[]
40821	CA40821	1.8	2.7	303	2.0	1.1	3.1	M41L, L210W, T215Y	['M41L', 'L210W', 'T215Y']
214367	1939-72612	200.0	1.8	0.4	0.8	1.7	0.6	M184I, T215D	['M184I', 'T215D']
236565	A072	200.0	2.5	0.3	0.6	1.2	0.5	M184V	['M184V']
14784	CA14784	200.0	2.4	0.7	0.7	1.5		M184V	['M184V']
15990	CA15990	0.9	0.9	3.5	1.2	1.0	1.1	K70R	['K70R']
236601	A067	1.0	0.9	1.0	1.0	1.0	1.0		[]
39039	CA39039	200.0	2.8	0.9	0.8	1.3	0.7	M184V	['M184V']
236589	A090	0.9	1.0	0.8	0.9	0.9	0.9		[]
38147	CA38147	2.0	1.7	8.1	0.9	1.1	1.2	T215Y	['T215Y']
34456	CA34456	1.4	1.2	0.4	0.9	1.0	0.7		[]
214349	12-155411	2.1	0.9	0.6	0.7	0.8	0.6	E44ED, D67N, T69D	['E44ED', 'D67N', 'T69D']
37881	CA37881	5.0	4.0	151	4.3	1.7	2.3	M41L, E44D, D67N, K70R, V75VA, L210W, T215Y, K219E	['M41L', 'E44D', 'D67N', 'K70R', 'V75VA', 'L210W', 'T215Y', 'K219E']
37687	CA37687	200.0	6.3	15	1.8	1.9	1.2	M41L, M184V, L210W, T215Y	['M41L', 'M184V', 'L210W', 'T215Y']
14704	CA14704	0.9	1.0	1.0	0.9	1.0			[]
12831	CA12831	200.0	3.8	0.5	0.7	1.5		M184V	['M184V']
10564	CA10564	200.0	4.0	2.6	1.2	1.4	0.7	D67N, T69D, K70R, M184V, T215F, K219Q	['D67N', 'T69D', 'K70R', 'M184V', 'T215F', 'K219Q']
38623	CA38623	0.9	0.8	0.7	0.7	0.8	1.0		[]
33151	SHNY-3-RT	1.2	0.8	0.5	1.0	1.0			[]
12326	CA12326	200.0	3.5	0.6	0.8	1.6		M184V	['M184V']
214339	11-165250	1.0	0.7	1.0	0.9	0.8	0.9		[]
23806	CA23806	12.0	6.7	200	5.2	2.3	7.1	M41L, E44D, D67N, L210W, T215Y, K219R	['M41L', 'E44D', 'D67N', 'L210W', 'T215Y', 'K219R']
11979	CA11979	200.0	3.0	0.4	0.6	1.4		M184V	['M184V']
68561	CA68561	200.0	4.6	18	1.2	1.6	2.4	D67G, T69DN, K70R, M184V, K219Q	['D67G', 'T69DN', 'K70R', 'M184V', 'K219Q']
236583	A069	1.4	1.3	1.9	1.0	1.1	1.3		[]
236579	A071	0.7	0.9	1.0	0.7	0.7	1.0		[]
15932	CA15932	200.0	4.6	4.7	1.7	1.8	0.7	D67N, K70R, M184V, T215Y, K219Q	['D67N', 'K70R', 'M184V', 'T215Y', 'K219Q']
10989	CA10989	200.0	3.8	0.6	0.9	1.6		M184V	['M184V']
13679	CA13679	200.0	7.7	2.7	2.4	2.2		M41L, E44ED, D67N, L74I, M184V, L210W, T215Y	['M41L', 'E44ED', 'D67N', 'L74I', 'M184V', 'L210W', 'T215Y']
24615	CA24615	1.1	0.7	0.5	0.8	1.0	0.5		[]
236577	A074	200.0	3.4	0.2	0.6	1.2	0.4	M184V	['M184V']
34910	CA34910	1.1	0.9	1.1	0.9	1.0	0.9		[]
214345	12-142865	1.1	0.7	0.8	0.8	0.9	0.9		[]
237865	STaR1_WK12	92.0	3.0	0.2	0.5	1.2	0.2	M184V	['M184V']
237855	STaR12_B	1.2	0.7	0.4	0.8	0.9	0.7		[]
237895	STaR14_WK21	106.0	4.4	0.6	0.7	1.9	0.8	Y115YF, M184I, K219KE	['Y115YF', 'M184I', 'K219KE']
237899	STaR16_WK48	4.0	1.3	0.2	0.9	1.5	0.7	S68G	['S68G']
237869	STaR15_B	1.1	1.0	0.8	1.1	1.3	1.0		[]
237859	STaR3_B	1.4	1.0	0.6	0.9	1.0	0.9		[]
237875	STaR17_WK48	72.0	3.0	0.4	0.8	1.4	0.6	K70KE, M184I	['K70KE', 'M184I']
237901	STaR2_B	1.1	0.7	0.3	0.8	0.8	0.6		[]
237843	STaR7_B	1.2	1.0	0.6	0.9	1.0	0.9		[]
237891	STaR11_WK12	92.0	3.0	0.2	0.6	1.1	0.2	M184V	['M184V']
237885	STaR8_B	1.2	0.9	0.6	0.9	1.2	0.8		[]
237851	STaR9_B	1.1	0.9	0.8	1.2	1.3	0.9	S68G	['S68G']
237889	STaR11_B	1.5	0.9	0.6	0.9	0.8	0.8		[]
237837	STaR5_WK16	124.0	3.3	0.2	0.6	1.5	0.4	M184V	['M184V']
237871	STaR15_WK48	115.0	2.2	0.1	0.6	1.0	0.7	A62AV, K65KN, M184MIV	['A62AV', 'K65KN', 'M184MIV']
237847	STaR13_B	1.0	0.7	0.4	0.8	0.8	0.7		[]
237839	STaR6_B	1.5	1.0	0.5	0.8	0.9	0.8		[]
237879	STaR10_WK24	73.0	5.2	0.2	0.6	2.0	0.3	L74V, M184V	['L74V', 'M184V']
237893	STaR14_B	1.2	0.9	0.8	1.2	1.3	1.0		[]
237887	STaR8_WK12	76.0	3.8	0.4	0.9	1.9	0.7	M184I	['M184I']
237853	STaR9_WK37	40.0	3.0	0.4	0.9	2.1	0.8	K65KR, S68SG, M184MIV	['K65KR', 'S68SG', 'M184MIV']
237863	STaR1_B	1.4	0.9	0.5	0.7	0.7	0.8		[]
237841	STaR6_WK40	98.0	1.6	0.5	0.7	1.3	0.5	D67G, M184I, K219E	['D67G', 'M184I', 'K219E']
237903	STaR2_WK8	131.0	2.9	0.2	0.7	1.2	0.4	M184V	['M184V']
237867	STaR1_WK24	95.0	2.8	0.1	0.5	1.8	0.4	M184V	['M184V']
237897	STaR16_B	1.0	1.0	0.5	0.8	0.8	0.7	S68G	['S68G']
237873	STaR17_B	1.3	1.0	0.6	0.9	1.2	0.9		[]
237857	STaR12_WK40	26.0	3.6	0.4	1.2	1.7	2.0	K65R, T69T_X, K219KE	['K65R', 'T69T_X', 'K219KE']
237881	STaR4_B	1.2	0.8	0.8	1.1	1.3	0.9		[]
237883	STaR4_WK16	76.0	1.9	0.3	0.8	1.6	0.5	M184I	['M184I']
237845	STaR7_WK16	92.0	1.6	0.2	0.6	1.6	0.3	M184I	['M184I']
237835	STaR5_B	1.3	0.8	0.4	1.0	1.1	0.7		[]
237861	STaR3_WK24	99.0	1.8	0.2	0.8	1.6	0.5	M184I	['M184I']
237849	STar13_WK8	70.0	1.5	0.2	0.7	1.4	0.4	M184I	['M184I']
237877	STaR10_B	0.9	0.8	0.7	0.9	0.9	0.9		[]
248973	pNLSDM1	0.7	0.8	0.4	1.0	0.8	0.7		[]
248970	pNLSDM4	104.0	3.2	0.8	1.6	2.4	0.8	M184I	['M184I']
248971	pNLSDM5	104.0	2.8	0.5	1.4	2.2	0.6	M184I	['M184I']
248969	pNLSDM3	1.2	1.4	1.2	1.4	1.2	1.1		[]
248972	pNLSDM2	1.3	1.4	1.8	1.4	1.2	1.2		[]
575464	65R	11.0		0.4			1.7	K65R	['K65R']
575461	151M_184IV	69.0		71			1.1	Q151M, M184IV	['Q151M', 'M184IV']
575462	69ins	25.0		895			17.0	T69S_SS	['T69S_SS']
575469	65R69I151M184V	123.0		1,698			5.9	K65R, Q151M, M184V	['K65R', 'Q151M', 'M184V']
575456	184I	123.0		0.4			0.6	M184I	['M184I']
575463	69ins_184IV	79.0		158			5.1	T69S_SS, M184IV	['T69S_SS', 'M184IV']
575468	65R_69I_151M	123.0		790			9.8	K65R, Q151M	['K65R', 'Q151M']
575470	70E_184IV	123.0		0.2			0.7	K70E, M184IV	['K70E', 'M184IV']
575457	184V	79.0		0.4			0.6	M184V	['M184V']
575459	74V_184V	69.0		0.2			0.4	L74V, M184V	['L74V', 'M184V']
575467	65R74V115F184V	123.0		0.6			1.9	K65R, L74V, Y115F, M184V	['K65R', 'L74V', 'Y115F', 'M184V']
575466	65R_74I_184V	123.0		0.4			1.4	K65R, L74I, M184V	['K65R', 'L74I', 'M184V']
575458	74V	1.6		0.4			0.5	L74V	['L74V']
575460	151M	11.0		84			1.9	Q151M	['Q151M']
575465	65R_184IV	69.0		0.4			1.3	K65R, M184IV	['K65R', 'M184IV']
575455	WT	1.0		1.0			1.0		[]
592190	323_-84	200.0	8.6	45	1.9	2.0	2.5	M41L, S68SG, M184V, L210W, T215Y	['M41L', 'S68SG', 'M184V', 'L210W', 'T215Y']
592218	334_-46	200.0	1.2	0.4	0.8	1.2	0.5	M184V	['M184V']
591678	122_336	0.8	0.9	0.6	1.1	0.8	0.8		[]
591822	180_206	1.0	0.9	0.8	1.0	0.9	1.1		[]
591480	47_-62	8.1	22.0	357	4.9	2.6	13.0	M41L, L210W, T215Y	['M41L', 'L210W', 'T215Y']
592096	285_-84	200.0	5.2	46	1.8	1.8	1.9	M41L, D67N, S68G, K70R, M184V, T215Y, K219E	['M41L', 'D67N', 'S68G', 'K70R', 'M184V', 'T215Y', 'K219E']
591504	55_104	2.1	1.2	0.7	1.1	1.1	0.8	L210LW	['L210LW']
591436	27_84	200.0	24.0	96	13.0	18.0	1.2	D67G, S68G, K70R, V75I, Y115YF, F116Y, Q151M, M184V, T215V, K219E	['D67G', 'S68G', 'K70R', 'V75I', 'Y115YF', 'F116Y', 'Q151M', 'M184V', 'T215V', 'K219E']
592010	254_150	1.3	0.9	1.0	1.0	0.9	1.1		[]
591712	138_-77	200.0	5.9	8.8	2.4	2.8	1.3	M41L, E44D, D67N, T69D, M184V, L210W, T215Y, K219KN	['M41L', 'E44D', 'D67N', 'T69D', 'M184V', 'L210W', 'T215Y', 'K219KN']
591368	5_-83	200.0	9.7	1.7	1.3	3.2	0.8	M41L, L74V, M184V, T215F	['M41L', 'L74V', 'M184V', 'T215F']
591748	150_-46	200.0	4.5	2.8	1.5	1.4	0.9	M41L, S68G, M184V, T215Y	['M41L', 'S68G', 'M184V', 'T215Y']
591884	201_-66	200.0	3.8	2.9	1.6	2.1	1.1	D67N, K70R, M184V, T215I, K219E	['D67N', 'K70R', 'M184V', 'T215I', 'K219E']
591702	133_-85	4.0	2.5	16	2.2	1.6	1.6	D67N, K70R, M184MI, K219E	['D67N', 'K70R', 'M184MI', 'K219E']
592354	379_125	1.2	1.0	0.5	1.0	0.9	0.8		[]
592312	364_-73	200.0	5.6	2.5	1.6	2.2	0.8	M41L, D67N, T69D, L74I, M184V, L210W, T215Y	['M41L', 'D67N', 'T69D', 'L74I', 'M184V', 'L210W', 'T215Y']
592056	269_-84	200.0	4.0	4.6	1.3	1.9	0.9	V75M, F77L, M184V, T215Y	['V75M', 'F77L', 'M184V', 'T215Y']
592092	283_-50	200.0	2.8	0.4	1.1	1.0	0.4	D67N, T69D, K70KR, M184V, T215FIL, K219Q	['D67N', 'T69D', 'K70KR', 'M184V', 'T215FIL', 'K219Q']
592118	294_-53	2.3	1.0	0.8	1.2	1.3	0.8	D67N, T69D, T215C, K219Q	['D67N', 'T69D', 'T215C', 'K219Q']
591730	145_-63	3.3	1.5	9.0	1.3	1.2	2.6	M41L, D67DN, T69D, L210W, T215CY	['M41L', 'D67DN', 'T69D', 'L210W', 'T215CY']
592430	407_119	1.2	0.7	0.3	0.7	0.7	0.7		[]
591922	218_-57	6.2	5.5	626	2.4	1.8	3.8	M41L, E44D, D67N, L74LV, L210W, T215Y, K219R	['M41L', 'E44D', 'D67N', 'L74LV', 'L210W', 'T215Y', 'K219R']
592348	377_-48	200.0	4.7	1.0	1.4	1.3	0.7	M41L, E44D, D67N, M184V, L210W, T215Y	['M41L', 'E44D', 'D67N', 'M184V', 'L210W', 'T215Y']
591966	238_-85	200.0	7.3	51	3.7	2.0	1.7	M41L, D67N, M184V, L210W, T215Y, K219N	['M41L', 'D67N', 'M184V', 'L210W', 'T215Y', 'K219N']
591964	237_-84	200.0	7.0	4.3	2.2	3.4	0.7	M41L, D67DN, L74V, M184V, T215Y	['M41L', 'D67DN', 'L74V', 'M184V', 'T215Y']
591554	76_124	1.1	1.1	1.4	0.8	1.1	0.9	S68G	['S68G']
592402	397_-70	1.3	0.9	1.4	1.3	1.1	1.0		[]
592390	393_-81	200.0	6.0	24	3.8	3.4	2.7	M41L, E44D, D67E, S68G, V75M, M184V, L210W, T215Y	['M41L', 'E44D', 'D67E', 'S68G', 'V75M', 'M184V', 'L210W', 'T215Y']
591380	9_-71	200.0	5.0	3.5	1.4	1.9	1.0	M41L, D67N, T69D, K70R, M184V, T215F, K219Q	['M41L', 'D67N', 'T69D', 'K70R', 'M184V', 'T215F', 'K219Q']
592002	252_-59	200.0	11.0	235	5.7	2.8	2.4	M41L, E44A, D67N, V75M, F77L, M184V, L210W, T215Y, K219KR	['M41L', 'E44A', 'D67N', 'V75M', 'F77L', 'M184V', 'L210W', 'T215Y', 'K219KR']
591416	21_-56	200.0	4.6	12	2.4	1.5	1.2	M41L, E44D, T69D, M184V, L210W, T215Y, K219R	['M41L', 'E44D', 'T69D', 'M184V', 'L210W', 'T215Y', 'K219R']
591378	8_-40	1.5	1.1	0.6	1.0	1.1	0.8	D67DN	['D67DN']
592250	344_-43	200.0	13.0	407	7.0	2.8	4.1	M41L, E44D, D67N, T69D, L74V, M184V, L210W, T215Y, K219R	['M41L', 'E44D', 'D67N', 'T69D', 'L74V', 'M184V', 'L210W', 'T215Y', 'K219R']
591772	160_-43	1.3	0.6	0.6	1.0	0.9	0.7		[]
591688	126_-54	3.6	3.9	57	1.5	1.2	2.4	M41L, A62AV, D67DN, V75I, L210W, T215Y	['M41L', 'A62AV', 'D67DN', 'V75I', 'L210W', 'T215Y']
592252	345_-59	4.4	7.1	199	6.0	3.0	4.5	D67N, K70R, L74V, V75A, K219Q	['D67N', 'K70R', 'L74V', 'V75A', 'K219Q']
592388	392_-64	200.0	4.1	5.9	1.6	1.7	1.2	D67N, K70R, M184V, K219Q	['D67N', 'K70R', 'M184V', 'K219Q']
592392	394_-61	1.0	0.8	0.3	0.6	0.7	0.6		[]
591660	115_-56	200.0	4.9	2.6	1.8	1.9	1.0	D67N, T69D, K70R, M184V, L210W, T215F, K219Q	['D67N', 'T69D', 'K70R', 'M184V', 'L210W', 'T215F', 'K219Q']
592186	321_-42	200.0	4.4	4.7	1.4	1.2	1.3	M41L, D67N, M184V, L210W, T215Y, K219E	['M41L', 'D67N', 'M184V', 'L210W', 'T215Y', 'K219E']
592308	363_-56	200.0	4.3	163	2.0	1.8	2.5	M41L, D67G, S68G, K70R, M184V, T215F, K219E	['M41L', 'D67G', 'S68G', 'K70R', 'M184V', 'T215F', 'K219E']
592280	355_-70	1.1	1.1	1.0	1.0	1.2	0.6		[]
591934	223_502	1.4	1.0	1.0	1.0	1.3	0.9		[]
591356	1_-60	200.0	4.2	1.8	1.7	1.6	0.7	M41L, D67N, V75M, M184V, L210W, T215Y, K219E	['M41L', 'D67N', 'V75M', 'M184V', 'L210W', 'T215Y', 'K219E']
591456	36_-51	200.0	15.0	182	14.0	4.4	2.1	E40F, M41L, D67N, L74V, M184V, L210W, T215Y, K219N	['E40F', 'M41L', 'D67N', 'L74V', 'M184V', 'L210W', 'T215Y', 'K219N']
591650	112_105	1.6	2.2	12	1.6	1.1	1.6	T215Y	['T215Y']
592160	310_-33	200.0	2.9	0.5	0.8	1.6	0.7	M184V	['M184V']
592074	274_163	1.9	1.0	1.0	1.1	0.9	1.2		[]
592246	343_-43	1.5	1.2	1.8	1.2	1.1	1.1		[]
591878	199_175	200.0	4.3	9.5	1.3	1.7	1.1	M41L, D67N, K70R, M184V, T215F, K219Q	['M41L', 'D67N', 'K70R', 'M184V', 'T215F', 'K219Q']
591780	162_-51	200.0	12.0	699	5.5	3.5	3.2	M41L, E44D, D67N, M184V, L210W, T215Y, K219N	['M41L', 'E44D', 'D67N', 'M184V', 'L210W', 'T215Y', 'K219N']
592374	386_110	23.0	4.2	47	2.0	1.8	1.9	M41L, M184MV, L210LW, T215Y	['M41L', 'M184MV', 'L210LW', 'T215Y']
592412	400_-59	200.0	3.3	3.2	1.6	1.8	0.7	M41L, M184V, L210W, T215Y	['M41L', 'M184V', 'L210W', 'T215Y']
591638	108_351	1.2	1.0	0.8	1.0	1.7	1.1		[]
591610	98_158	2.4	0.6	0.7	1.2	0.9	0.6	M41ML, E44A, D67N, V75M, F77L, L210W, T215D	['M41ML', 'E44A', 'D67N', 'V75M', 'F77L', 'L210W', 'T215D']
591586	88_353	1.4	0.8	0.6	0.8	0.9	0.9		[]
591628	104_135	0.8	0.7	0.4	0.9	0.8	0.6		[]
591412	19_684	1.3	1.5	0.9	1.2	1.2	1.2		[]
592224	335_259	2.8	1.7	0.8	1.6	1.6	1.0		[]
591758	155_-69	1.2	0.7	0.6	0.8	0.9	0.6		[]
591566	81_-73	1.0	0.8	1.0	0.8	1.0	1.1		[]
591446	32_-83	4.3	3.2	202	3.8	1.3	2.6	M41L, E44D, D67N, L210W, T215Y, K219KR	['M41L', 'E44D', 'D67N', 'L210W', 'T215Y', 'K219KR']
592048	266_-61	1.5	0.8	0.7	0.8	1.0	0.7		[]
591756	154_-71	200.0	6.3	19	1.8	2.4	1.8	M41L, D67N, T69D, K70R, L74LI, M184V, T215F, K219Q	['M41L', 'D67N', 'T69D', 'K70R', 'L74LI', 'M184V', 'T215F', 'K219Q']
591466	40_-61	200.0	17.0	200	4.3	4.8	6.6	E40F, M41L, A62V, T69D, L74I, M184V, L210W, T215Y, K219R	['E40F', 'M41L', 'A62V', 'T69D', 'L74I', 'M184V', 'L210W', 'T215Y', 'K219R']
591492	51_113	1.0	0.8	0.9	0.9	1.0	1.0		[]
592164	311_337	1.0	0.6	0.5	0.7	0.8	0.7		[]
591574	84_-90	6.1	13.0	965	7.4	2.6	6.4	M41ML, K70KR, T215Y	['M41ML', 'K70KR', 'T215Y']
592194	325_-70	200.0	5.6	2.5	1.7	2.5	0.8	D67N, T69D, K70R, M184V, T215F, K219Q	['D67N', 'T69D', 'K70R', 'M184V', 'T215F', 'K219Q']
592040	263_-64	200.0	9.1	29	2.5	2.2	1.8	D67N, T69D, K70R, M184V	['D67N', 'T69D', 'K70R', 'M184V']
592018	256_138	0.8	0.8	0.4	0.7	0.9	0.8		[]
591624	103_185	200.0	5.5	8.0	1.8	2.1	1.6	M41L, M184V, T215Y	['M41L', 'M184V', 'T215Y']
591360	2_433	2.1	1.6	13	2.0	1.7	2.2		[]
592140	302_-49	200.0	8.6	386	2.7	3.7	2.5	D67N, K70R, M184V, T215F, K219Q	['D67N', 'K70R', 'M184V', 'T215F', 'K219Q']
591744	149_-71	0.9	0.7	0.7	0.8	1.0	0.8		[]
591608	98_-73	2.5	0.6	1.0	0.9	0.7	0.7	M41L, E44A, D67N, V75M, F77L, L210W	['M41L', 'E44A', 'D67N', 'V75M', 'F77L', 'L210W']
591742	148_196	200.0	4.3	14	1.3	1.5	1.1	D67N, K70R, M184V, T215Y, K219E	['D67N', 'K70R', 'M184V', 'T215Y', 'K219E']
592006	253_-82	200.0	3.0	0.6	0.7	1.0	0.6	K70N, M184V, T215Y	['K70N', 'M184V', 'T215Y']
591370	6_-49	1.8	0.8	0.3	0.8	1.1	0.5	T215D	['T215D']
591632	106_-57	200.0	3.6	4.6	1.2	2.2	1.1	D67NS, K70R, M184V, L210LW, K219E	['D67NS', 'K70R', 'M184V', 'L210LW', 'K219E']
592284	357_-50	200.0	4.0	3.1	1.0	1.5	0.6	D67N, T69DN, K70R, M184V, T215F, K219Q	['D67N', 'T69DN', 'K70R', 'M184V', 'T215F', 'K219Q']
592344	375_110	1.0	0.8	0.8	0.8	0.9	0.8	A62AV	['A62AV']
592380	388_-63	200.0	3.8	0.4	0.7	1.6	0.5	M41L, D67N, T69D, M184V, L210W, T215CY	['M41L', 'D67N', 'T69D', 'M184V', 'L210W', 'T215CY']
591828	182_-70	200.0	4.8	1.4	1.7	2.2	0.8	M41L, D67N, M184V, L210W, T215Y, K219E	['M41L', 'D67N', 'M184V', 'L210W', 'T215Y', 'K219E']
591536	68_-84	200.0	6.3	44	2.1	2.2	2.7	M41L, D67G, S68G, K70R, M184AV, T215Y, K219E	['M41L', 'D67G', 'S68G', 'K70R', 'M184AV', 'T215Y', 'K219E']
592336	373_-57	5.0	3.3	315	2.2	1.6	3.9	M41L, D67N, T69D, K70R, T215F, K219Q	['M41L', 'D67N', 'T69D', 'K70R', 'T215F', 'K219Q']
591786	165_-44	200.0	4.4	5.7	1.8	1.7	1.4	M41L, D67N, K70R, M184V, T215Y, K219Q	['M41L', 'D67N', 'K70R', 'M184V', 'T215Y', 'K219Q']
591594	92_-67	1.6	1.0	0.8	1.0	1.5	1.1	D67DN	['D67DN']
591734	146_-71	200.0	18.0	0.7	0.8	2.1	0.5	S68SG, L74V, Y115F, M184V, T215Y	['S68SG', 'L74V', 'Y115F', 'M184V', 'T215Y']
591674	121_-46	200.0	6.0	1.8	1.6	2.2	1.1	D67N, K70KE, M184V, L210W, T215Y	['D67N', 'K70KE', 'M184V', 'L210W', 'T215Y']
591538	69_-84	200.0	5.7	59	1.8	1.8	1.5	M41L, E44EA, L74LI, M184V, L210W, T215Y	['M41L', 'E44EA', 'L74LI', 'M184V', 'L210W', 'T215Y']
591432	26_-63	200.0	3.5	2.8	1.6	1.2	0.9	D67N, K70R, M184V, K219Q	['D67N', 'K70R', 'M184V', 'K219Q']
592278	354_274	0.9	0.7	0.7	0.6	0.8	0.7		[]
591970	239_149	200.0	4.4	0.4	0.8	1.9	0.4	D67N, V75VA, M184V	['D67N', 'V75VA', 'M184V']
591846	189_-71	0.7	1.0	0.5	0.8	0.8	0.8		[]
592316	366_-52	1.4	0.9	0.9	1.1	1.0	1.1		[]
592156	308_-19	200.0	5.8	1.1	1.3	2.2	0.4	M41L, L74V, M184V, L210W, T215Y	['M41L', 'L74V', 'M184V', 'L210W', 'T215Y']
591500	54_-76	200.0	3.9	0.9	1.2	1.9	0.7	M41L, M184V, T215F	['M41L', 'M184V', 'T215F']
591706	135_-56	200.0	6.3	3.0	1.3	1.3	0.8	D67N, M184V, L210W, T215Y	['D67N', 'M184V', 'L210W', 'T215Y']
591510	57_83	200.0	6.1	61	2.5	1.9	2.7	M41L, D67N, T69D, K70R, V75M, M184V, L210W, T215F, K219Q	['M41L', 'D67N', 'T69D', 'K70R', 'V75M', 'M184V', 'L210W', 'T215F', 'K219Q']
591578	85_680	1.1	0.9	0.7	0.8	1.0	1.0	M41ML	['M41ML']
592132	299_-51	200.0	5.4	3.5	1.8	2.1	1.0	M41L, E44ED, S68G, M184V, L210W, T215Y	['M41L', 'E44ED', 'S68G', 'M184V', 'L210W', 'T215Y']
591440	29_-63	1.0	1.2	1.2	1.3	1.2	1.2		[]
591986	245_-96	200.0	4.8	4.8	2.0	1.6	1.1	M41L, D67DN, K70KR, M184V, T215Y	['M41L', 'D67DN', 'K70KR', 'M184V', 'T215Y']
591992	248_-46	200.0	8.3	44	3.5	2.3	2.0	M41L, D67N, M184V, L210W, T215Y	['M41L', 'D67N', 'M184V', 'L210W', 'T215Y']
592176	316_305	1.0	0.9	0.2	0.8	1.1	0.7		[]
592080	277_-76	200.0	6.9	1.5	1.2	3.2	0.5	M41L, L74V, M184V, T215Y	['M41L', 'L74V', 'M184V', 'T215Y']
591462	38_681	1.5	0.9	0.8	1.1	1.2	1.0		[]
591400	15_-89	200.0	4.7	9.3	2.1	1.7	1.3	M41L, E44D, D67N, K70R, V75M, F77L, M184V, L210W, T215Y, K219E	['M41L', 'E44D', 'D67N', 'K70R', 'V75M', 'F77L', 'M184V', 'L210W', 'T215Y', 'K219E']
592170	314_-57	5.7	5.0	456	2.5	1.9	4.4	M41L, D67N, T69D, K70R, T215F, K219Q	['M41L', 'D67N', 'T69D', 'K70R', 'T215F', 'K219Q']
592404	397_140	1.0	0.8	1.1	1.1	1.1	0.9		[]
592396	395_-66	200.0	3.8	3.9	1.4	1.7	0.9	S68G, M184V, L210W, T215Y	['S68G', 'M184V', 'L210W', 'T215Y']
591856	191_136	0.8	0.9	0.6	0.8	0.8	0.8		[]
592444	412_-60	200.0	200.0	252	9.8	22.0	2.0	A62V, S68G, K70S, V75I, F77L, Y115F, F116Y, Q151M, M184V, T215D	['A62V', 'S68G', 'K70S', 'V75I', 'F77L', 'Y115F', 'F116Y', 'Q151M', 'M184V', 'T215D']
592364	383_-76	200.0	7.3	43	7.8	4.1	2.2	M41L, E44A, D67N, M184V, L210W, T215Y	['M41L', 'E44A', 'D67N', 'M184V', 'L210W', 'T215Y']
591684	124_-62	200.0	5.0	9.6	2.1	1.7	1.2	M41L, D67N, M184V, L210LW, T215Y	['M41L', 'D67N', 'M184V', 'L210LW', 'T215Y']
591522	63_-76	3.3	3.2	0.4	0.7	1.7	0.6	L74LV, Y115YF, M184MV	['L74LV', 'Y115YF', 'M184MV']
591886	202_-84	200.0	2.7	0.3	0.6	1.2	0.5	S68SG, L74LI, M184V	['S68SG', 'L74LI', 'M184V']
592228	337_-57	200.0	9.7	146	4.3	1.6	2.2	M41L, E44D, D67N, M184V, L210W, T215Y, K219N	['M41L', 'E44D', 'D67N', 'M184V', 'L210W', 'T215Y', 'K219N']
592034	260_162	1.4	1.1	0.8	1.1	1.0	1.1		[]
591978	243_-42	200.0	5.6	5.1	1.2	1.9	1.4	A62V, M184V, T215Y	['A62V', 'M184V', 'T215Y']
591614	99_60	2.0	0.9	1.2	1.2	1.1	0.8	D67DN, L210LW, K219KN	['D67DN', 'L210LW', 'K219KN']
592124	296_-76	200.0	8.3	49	3.6	2.1	1.3	M41L, E44A, D67N, L74I, M184V, L210W, T215Y, K219N	['M41L', 'E44A', 'D67N', 'L74I', 'M184V', 'L210W', 'T215Y', 'K219N']
591838	186_-64	1.2	0.9	1.2	2.0	1.9	1.5	K70KR	['K70KR']
591402	15_106	200.0	7.4	15	1.5	2.5	1.1	M41L, E44D, D67N, K70R, V75M, F77L, M184V, L210W, T215Y, K219E	['M41L', 'E44D', 'D67N', 'K70R', 'V75M', 'F77L', 'M184V', 'L210W', 'T215Y', 'K219E']
591662	116_-59	6.2	5.2	623	2.8	1.4	6.3	M41L, M184MV, L210W, T215Y, K219R	['M41L', 'M184MV', 'L210W', 'T215Y', 'K219R']
591374	6_147	2.1	0.9	0.3	0.7	1.0	0.5	T215D	['T215D']
591642	109_280	2.0	1.1	0.8	1.1	1.1	1.0	M41L	['M41L']
591640	109_-60	3.2	2.3	7.7	2.1	1.1	1.3	M41L, T215Y	['M41L', 'T215Y']
591634	107_-57	200.0	9.2	59	2.7	3.1	1.8	M41L, E44A, A62V, D67DG, S68SGR, K70KT, L74LV, M184V, L210W, T215Y, K219KN	['M41L', 'E44A', 'A62V', 'D67DG', 'S68SGR', 'K70KT', 'L74LV', 'M184V', 'L210W', 'T215Y', 'K219KN']
591752	152_-76	200.0	12.0	59	3.2	3.1	1.5	M41L, D67N, L74V, M184V, L210W, T215Y, K219KN	['M41L', 'D67N', 'L74V', 'M184V', 'L210W', 'T215Y', 'K219KN']
591880	199_187	200.0	3.9	6.3	1.3	1.3	1.1	M41L, D67N, K70R, M184V, T215F, K219Q	['M41L', 'D67N', 'K70R', 'M184V', 'T215F', 'K219Q']
592060	270_-66	3.1	1.2	3.1	1.2	0.9	1.2	M41L, D67N, T69D, K70R, L210W, T215FS, K219Q	['M41L', 'D67N', 'T69D', 'K70R', 'L210W', 'T215FS', 'K219Q']
591582	87_-58	10.0	8.6	200	7.3	2.9	5.7	E40F, M41L, D67N, K70Q, L210W, T215Y, K219R	['E40F', 'M41L', 'D67N', 'K70Q', 'L210W', 'T215Y', 'K219R']
592376	387_-50	2.1	1.4	3.1	1.1	0.8	1.2	M41L, E44ED, V75VIM, L210W	['M41L', 'E44ED', 'V75VIM', 'L210W']
592290	358_200	2.3	2.5	58	1.9	1.2	2.7	M41ML, T215Y	['M41ML', 'T215Y']
591474	44_-43	200.0	6.4	5.5	1.9	1.7	1.1	M41L, M184V, L210W, T215Y	['M41L', 'M184V', 'L210W', 'T215Y']
591868	195_120	8.0	5.8	102	6.8	3.7	2.9	M41L, E44D, D67N, L74V, L210W, T215Y, K219NS	['M41L', 'E44D', 'D67N', 'L74V', 'L210W', 'T215Y', 'K219NS']
592398	396_-55	1.1	1.0	0.7	0.8	1.1	1.0		[]
591892	204_185	1.5	1.2	0.9	1.2	1.0	0.9		[]
591982	244_-74	1.4	0.7	0.8	0.6	0.9	1.0		[]
591450	33_393	1.1	1.2	0.6	1.0	1.2	0.8		[]
591904	210_-49	200.0	6.1	24	2.4	2.6	1.1	M41L, E44D, D67N, M184V, L210W, T215Y, K219DN	['M41L', 'E44D', 'D67N', 'M184V', 'L210W', 'T215Y', 'K219DN']
592110	291_-63	200.0	8.7	25	3.4	1.9	1.1	M41L, E44A, L74I, M184V, L210W, T215Y, K219R	['M41L', 'E44A', 'L74I', 'M184V', 'L210W', 'T215Y', 'K219R']
591598	93_-49	200.0	8.5	17	3.4	2.3	1.4	M41L, D67N, K70R, L74I, M184V, L210W, T215Y, K219E	['M41L', 'D67N', 'K70R', 'L74I', 'M184V', 'L210W', 'T215Y', 'K219E']
592044	265_-54	2.8	2.6	2.8	2.1	1.7	0.8	M41L, L74V, L210W, T215Y	['M41L', 'L74V', 'L210W', 'T215Y']
591768	158_-50	200.0	11.0	283	4.0	3.0	2.6	M41L, T69ADV, L74LI, M184V, L210W, T215Y, K219R	['M41L', 'T69ADV', 'L74LI', 'M184V', 'L210W', 'T215Y', 'K219R']
591420	22_197	2.5	2.4	52	1.5	1.1	2.8	S68G, L210W, T215Y	['S68G', 'L210W', 'T215Y']
591488	50_-54	200.0	9.3	97	3.9	2.3	2.3	M41L, D67N, T69D, M184V, L210W, T215F, K219R	['M41L', 'D67N', 'T69D', 'M184V', 'L210W', 'T215F', 'K219R']
592442	411_-70	1.0	0.8	0.4	0.7	0.8	0.6	M41ML, L74LV	['M41ML', 'L74LV']
592050	266_149	1.6	0.9	0.4	1.0	1.0	0.6		[]
591524	63_-47	3.5	4.2	0.5	0.7	1.6	0.9	L74LV, Y115YF, M184MV	['L74LV', 'Y115YF', 'M184MV']
592138	301_584	200.0	7.9	93	3.0	2.6	2.5	M41L, E44A, D67G, S68G, M184V, L210W, T215Y	['M41L', 'E44A', 'D67G', 'S68G', 'M184V', 'L210W', 'T215Y']
592146	304_-45	1.1	1.0	3.5	1.2	0.9	0.9	T215F	['T215F']
592064	271_-64	200.0	8.2	40	2.0	2.9	1.9	M41L, E44ED, D67N, T69D, M184V, L210W, T215Y	['M41L', 'E44ED', 'D67N', 'T69D', 'M184V', 'L210W', 'T215Y']
591394	13_-57	200.0	4.0	0.1	0.5	1.0	0.4	K70KE, M184V	['K70KE', 'M184V']
591612	99_-61	1.3	1.1	0.8	1.0	0.6	0.6	M41ML, E44ED, D67DN, L210LW, K219KN	['M41ML', 'E44ED', 'D67DN', 'L210LW', 'K219KN']
592382	389_-55	200.0	6.7	21	1.7	1.9	1.7	M41L, D67DN, M184V, L210W, T215Y, K219KN	['M41L', 'D67DN', 'M184V', 'L210W', 'T215Y', 'K219KN']
591726	143_-55	200.0	9.8	43	3.0	2.2	2.0	M41L, E44D, S68G, M184V, L210W, T215Y	['M41L', 'E44D', 'S68G', 'M184V', 'L210W', 'T215Y']
592258	347_440	2.2	1.3	1.8	1.4	1.1	1.1	T69D, K70R	['T69D', 'K70R']
591464	39_-77	200.0	3.5	2.3	1.4	1.5	1.0	D67N, K70R, M184V, K219Q	['D67N', 'K70R', 'M184V', 'K219Q']
591490	51_-67	1.0	0.8	0.9	1.4	1.4	1.1		[]
591672	120_-69	200.0	3.5	1.4	1.3	2.5	0.8	D67G, T69D, K70R, M184V, K219Q	['D67G', 'T69D', 'K70R', 'M184V', 'K219Q']
591818	179_-55	200.0	6.2	28	1.4	1.0	1.8	M41L, E44D, M184V, T215F	['M41L', 'E44D', 'M184V', 'T215F']
591974	241_-56	200.0	7.6	4.3	3.0	2.6	0.8	M41L, E44D, D67N, L74V, M184V, L210W, T215Y, K219R	['M41L', 'E44D', 'D67N', 'L74V', 'M184V', 'L210W', 'T215Y', 'K219R']
591908	212_-69	200.0	7.3	3.2	2.1	2.2	1.3	M41L, D67DG, S68SG, M184MV, L210LW, T215Y, K219E	['M41L', 'D67DG', 'S68SG', 'M184MV', 'L210LW', 'T215Y', 'K219E']
591666	117_-63	2.6	1.7	0.3	0.8	1.5	0.4	D67N, T69D, L74V, K219Q	['D67N', 'T69D', 'L74V', 'K219Q']
591428	24_99	1.6	1.1	0.9	1.1	1.3	1.0		[]
592154	307_-89	3.4	2.0	38	2.7	1.3	2.1	M41L, D67N, V75M, F77L, T215F	['M41L', 'D67N', 'V75M', 'F77L', 'T215F']
591514	59_288	2.7	1.4	0.4	0.9	1.2	0.6	M184MV	['M184MV']
591604	96_-61	3.5	1.2	1.9	1.3	0.9	1.1	M41L, E44D, D67N, T69D, L210W	['M41L', 'E44D', 'D67N', 'T69D', 'L210W']
592360	381_-46	0.8	0.7	1.5	0.9	1.0	1.2	M41ML, T215C	['M41ML', 'T215C']
592084	279_-57	200.0	5.2	2.8	1.3	1.4	0.8	D67N, K70R, L74I, M184V, T215F, K219E	['D67N', 'K70R', 'L74I', 'M184V', 'T215F', 'K219E']
591866	195_-61	11.0	5.7	205	5.6	2.0	1.7	M41L, E44D, D67N, L74V, L210W, T215Y, K219N	['M41L', 'E44D', 'D67N', 'L74V', 'L210W', 'T215Y', 'K219N']
592204	330_-72	2.2	1.3	0.5	1.0	1.1	0.6	M41MIL, M184MV, T215L	['M41MIL', 'M184MV', 'T215L']
591948	229_-62	5.8	2.9	42	2.1	1.5	2.7	M41L, D67N, K70KR, T215F, K219E	['M41L', 'D67N', 'K70KR', 'T215F', 'K219E']
591622	103_-53	200.0	5.2	11	1.2	1.2	1.5	M41L, M184V, T215Y	['M41L', 'M184V', 'T215Y']
592260	348_-53	200.0	3.3	1.1	1.1	1.9	0.7	D67N, K70R, M184V, K219Q	['D67N', 'K70R', 'M184V', 'K219Q']
591996	249_90	1.1	0.9	0.7	1.0	0.7	0.7		[]
591762	156_-57	0.8	0.8	0.6	0.8	0.8	0.8		[]
592334	372_686	2.0	1.2	1.7	1.0	1.0	1.2	M41ML, D67DN, L74LV, M184MV, L210LW, K219KN	['M41ML', 'D67DN', 'L74LV', 'M184MV', 'L210LW', 'K219KN']
592012	255_-70	200.0	4.9	5.7	1.3	2.0	1.2	M41L, D67G, S68G, M184V, T215Y, K219E	['M41L', 'D67G', 'S68G', 'M184V', 'T215Y', 'K219E']
591720	141_-86	200.0	4.9	2.1	1.6	1.7	0.8		[]
591390	12_-77	12.0	4.0	128	5.4	1.6	2.8	M41L, A62V, D67N, T69D, K70R, V75I, L210W, T215F, K219Q	['M41L', 'A62V', 'D67N', 'T69D', 'K70R', 'V75I', 'L210W', 'T215F', 'K219Q']
591842	187_378	1.5	1.2	0.4	0.8	1.2	0.7		[]
591914	215_-37	200.0	7.6	25	2.1	1.7	1.6	M41L, L74I, M184V, L210W, T215Y	['M41L', 'L74I', 'M184V', 'L210W', 'T215Y']
592300	360_115	200.0	8.1	105	6.3	2.1	1.7	M41L, E44D, D67N, T69D, V75M, M184V, L210W, T215Y	['M41L', 'E44D', 'D67N', 'T69D', 'V75M', 'M184V', 'L210W', 'T215Y']
591534	67_-40	200.0	5.0	0.6	1.2	1.3	0.8	D67DN, M184V, T215TI	['D67DN', 'M184V', 'T215TI']
592052	267_-71	200.0	3.1	0.4	1.0	1.0	0.4	M41L, S68G, L74I, M184V, L210W, T215Y	['M41L', 'S68G', 'L74I', 'M184V', 'L210W', 'T215Y']
591956	233_-59	200.0	8.6	0.4	1.3	3.2	1.4	A62AV, K65R, M184V, L210W	['A62AV', 'K65R', 'M184V', 'L210W']
591776	161_-67	0.9	0.9	0.9	1.2	0.9	0.8		[]
592326	369_501	1.9	1.4	39	1.6	1.7	1.9	D67DN, K70R, K219EQ	['D67DN', 'K70R', 'K219EQ']
591848	189_490	1.0	0.8	0.9	0.6	1.0	0.7		[]
592238	340_168	2.4	1.8	14	1.7	1.5	1.9	D67N, K70R, V75I, K219E	['D67N', 'K70R', 'V75I', 'K219E']
592036	261_-62	200.0	7.8	2.2	1.8	4.1	0.8	M41L, S68G, L74V, M184V, L210W, T215Y	['M41L', 'S68G', 'L74V', 'M184V', 'L210W', 'T215Y']
591646	111_-65	200.0	6.0	2.8	1.7	1.8	0.9	M41L, E44D, D67H, S68N, T69DN, K70KR, M184V, T215F, K219Q	['M41L', 'E44D', 'D67H', 'S68N', 'T69DN', 'K70KR', 'M184V', 'T215F', 'K219Q']
591546	73_-70	200.0	11.0	5.7	3.5	4.7	1.1	M41L, D67G, T69DE, K70T, L74V, M184V, L210W, T215Y	['M41L', 'D67G', 'T69DE', 'K70T', 'L74V', 'M184V', 'L210W', 'T215Y']
592128	298_-64	200.0	9.4	12	2.8	3.0	2.0	M41L, D67N, T69D, K70R, L74I, V75M, M184V, T215F, K219Q	['M41L', 'D67N', 'T69D', 'K70R', 'L74I', 'V75M', 'M184V', 'T215F', 'K219Q']
591916	216_-56	2.9	2.5	14	2.6	1.7	1.0	M41L, V75I, L210W, T215Y	['M41L', 'V75I', 'L210W', 'T215Y']
592198	327_-81	200.0	8.2	5.4	2.6	3.4	1.1	M41L, E44D, D67N, K70KR, L74IV, M184V, T215Y, K219Q	['M41L', 'E44D', 'D67N', 'K70KR', 'L74IV', 'M184V', 'T215Y', 'K219Q']
591478	46_-78	200.0	10.0	45	3.3	5.0	2.1	M41L, E44A, D67N, V75M, L210W, T215FY, K219N	['M41L', 'E44A', 'D67N', 'V75M', 'L210W', 'T215FY', 'K219N']
592292	359_-65	1.0	1.0	0.6	1.2	1.0	0.8		[]
591802	172_-36	2.7	1.7	11	1.7	1.9	1.9	D67N, K70KR, M184MV, K219Q	['D67N', 'K70KR', 'M184MV', 'K219Q']
591470	42_-75	2.1	2.5	0.2	1.0	1.9	0.4	S68G, L74V, V75S, K219KN	['S68G', 'L74V', 'V75S', 'K219KN']
592234	339_-54	200.0	8.2	0.8	1.3	2.4	0.8	M41L, S68G, K70KN, L74I, V75T, M184V, L210W, T215Y	['M41L', 'S68G', 'K70KN', 'L74I', 'V75T', 'M184V', 'L210W', 'T215Y']
591406	17_-50	200.0	6.5	3.6	1.1	1.8	1.1	M41L, L74LV, M184V, T215Y	['M41L', 'L74LV', 'M184V', 'T215Y']
591716	140_-58	200.0	15.0	0.2	1.0	2.7	0.5	L74V, Y115F, M184V	['L74V', 'Y115F', 'M184V']
592324	369_-77	1.2	1.0	5.3	0.9	0.8	1.2	K70R, K219KQ	['K70R', 'K219KQ']
591616	100_-66	4.2	4.2	100	2.1	1.5	3.6	M41L, D67N, L74LI, L210W, T215Y, K219R	['M41L', 'D67N', 'L74LI', 'L210W', 'T215Y', 'K219R']
591364	4_-44	2.5	2.0	4.0	2.1	1.0	1.2	L210W, T215Y	['L210W', 'T215Y']
591778	161_646	1.2	0.9	0.8	1.0	1.4	0.9		[]
591424	23_57	1.9	1.7	0.9	1.1	1.0	1.0	K219KR	['K219KR']
592134	300_-76	200.0	3.2	0.5	0.7	1.5	0.5	M184V	['M184V']
591498	53_367	3.8	4.2	59.0	3.3	2.3	2.7	M41L, D67N, V75I, L210W, T215Y, K219KR	['M41L', 'D67N', 'V75I', 'L210W', 'T215Y', 'K219KR']
592106	289_-97	200.0	3.0	2.7	1.0	1.1	1.0	M41ML, D67N, K70R, M184V, K219Q	['M41ML', 'D67N', 'K70R', 'M184V', 'K219Q']
592108	290_-63	200.0	13.0	21.0	4.1	3.2	1.1	M41L, E44D, D67N, L74V, M184V, L210W, T215Y	['M41L', 'E44D', 'D67N', 'L74V', 'M184V', 'L210W', 'T215Y']
591454	35_-63	1.1	1.0	0.8	0.9	0.9	0.9		[]
591398	14_97	1.9	1.3	0.6	0.8	1.1	1.2	S68G	['S68G']
591936	224_-77	200.0	11.0	53.0	3.5	2.7	3.0	M41L, E44A, D67N, K70R, V75M, M184V, T215Y, K219E	['M41L', 'E44A', 'D67N', 'K70R', 'V75M', 'M184V', 'T215Y', 'K219E']
591820	180_-77	1.1	0.7	1.1	0.7	0.7	0.9		[]
591530	65_-59	34.0	2.6	3.0	1.2	1.2	0.8	D67N, K70R, M184MV, K219E	['D67N', 'K70R', 'M184MV', 'K219E']
592150	305_-63	200.0	8.2	28.0	1.7	2.1	1.2	M41L, K70R, L74I, Y115F, M184V, T215F, K219Q	['M41L', 'K70R', 'L74I', 'Y115F', 'M184V', 'T215F', 'K219Q']
592264	349_-62	200.0	7.9	10.0	1.9	2.0	1.4	M41L, E44D, D67N, M184V, L210L*W, T215Y	['M41L', 'E44D', 'D67N', 'M184V', 'L210L*W', 'T215Y']
592436	409_-97	200.0	6.9	1.4	3.0	4.6	0.8	M41L, D67N, T69D, L74V, M184V, T215F, K219Q	['M41L', 'D67N', 'T69D', 'L74V', 'M184V', 'T215F', 'K219Q']
591926	220_-41	1.8	1.0	1.0	1.1	0.9	1.0	D67DN	['D67DN']
592240	341_-89	12.0	5.8	96.0	5.3	3.1	7.8	M41L, T215Y	['M41L', 'T215Y']
591656	114_-63	2.8	2.2	68.0	1.3	1.2	2.5	D67G, S68G, K70R, T215I, K219E	['D67G', 'S68G', 'K70R', 'T215I', 'K219E']
591872	197_-80	1.9	1.8	43.0	1.2	1.1	2.3	D67N, K70R, K219Q	['D67N', 'K70R', 'K219Q']
591832	184_-57	200.0	3.0	0.3	0.7	2.1	0.4	M184V	['M184V']
591952	231_-78	1.6	1.4	0.7	0.8	1.4	0.8	M184MIV	['M184MIV']
592408	399_-81	1.1	0.9	0.8	0.8	0.9	0.9		[]
591388	11_84	6.8	4.1	19.0	4.3	2.4	1.6	M41L, D67N, K70R, V75T, L210W, T215Y, K219E	['M41L', 'D67N', 'K70R', 'V75T', 'L210W', 'T215Y', 'K219E']
592068	272_203	0.8	0.7	1.1	1.3	1.1	0.9		[]
591806	174_-52	9.8	8.7	161.0	14.0	3.2	6.2	M41L, E44A, A62V, T215FY	['M41L', 'E44A', 'A62V', 'T215FY']
592208	331_-42	200.0	5.3	9.0	2.3	2.0	1.2	M41L, E44D, D67N, T69D, M184V, L210W, T215Y	['M41L', 'E44D', 'D67N', 'T69D', 'M184V', 'L210W', 'T215Y']
592254	346_-54	200.0	5.6	10.0	2.6	1.8	1.2	E44D, D67N, T69D, M184V, L210W, T215Y	['E44D', 'D67N', 'T69D', 'M184V', 'L210W', 'T215Y']
592330	371_-57	2.3	1.1	0.3	0.8	0.9	0.8	A62V	['A62V']
592078	276_-63	200.0	8.5	1.6	1.7	3.5	0.7	M41L, L74V, M184V, L210W, T215Y	['M41L', 'L74V', 'M184V', 'L210W', 'T215Y']
592072	274_-51	1.4	1.0	0.9	0.9	1.0	0.8		[]
591542	71_-68	200.0	11.0	7.7	2.5	2.2	1.1	M41L, E44D, D67N, L74V, M184V, L210W, T215Y, K219R	['M41L', 'E44D', 'D67N', 'L74V', 'M184V', 'L210W', 'T215Y', 'K219R']
591552	76_-33	1.0	1.1	0.7	0.8	1.0	0.9	S68G	['S68G']
592122	295_-45	200.0	5.9	1.6	1.4	2.5	0.4	M41L, D67N, L74V, M184V, T215F, K219Q	['M41L', 'D67N', 'L74V', 'M184V', 'T215F', 'K219Q']
591796	169_-83	1.4	1.0	1.2	1.4	1.1	1.1		[]
591506	56_-56	0.9	0.8	0.6	0.8	0.8	0.8		[]
591560	78_132	0.8	0.8	1.0	0.9	0.9	1.0	A62V, L74I	['A62V', 'L74I']
592420	403_-42	200.0	8.4	58.0	3.2	4.4	1.6	M41L, E44D, D67N, T69D, M184V, L210W, T215Y	['M41L', 'E44D', 'D67N', 'T69D', 'M184V', 'L210W', 'T215Y']
591812	177_-44	200.0	9.6	510.0	4.2	5.4	2.1	M41L, E44A, D67N, V75M, F77L, M184V, L210W, T215Y, K219N	['M41L', 'E44A', 'D67N', 'V75M', 'F77L', 'M184V', 'L210W', 'T215Y', 'K219N']
592410	399_445	1.2	1.1	1.2	1.0	1.1	0.8		[]
591686	125_437	1.2	0.7	0.8	0.8	1.0	0.7	T215TS	['T215TS']
592242	342_-56	200.0	5.9	3.0	1.1	1.6	0.7	M41L, S68G, L74LV, M184V, L210W, T215F	['M41L', 'S68G', 'L74LV', 'M184V', 'L210W', 'T215F']
592416	402_-88	0.8	1.1	2.8	1.0	0.7	1.3		[]
591600	94_-49	200.0	7.4	33.0	2.8	2.4	1.6	D67N, K70R, L74I, M184V, T215F, K219Q	['D67N', 'K70R', 'L74I', 'M184V', 'T215F', 'K219Q']
592182	319_-63	200.0	4.6	0.7	0.8	1.3	0.6	D67N, T69D, K70R, L74I, M184V, K219Q	['D67N', 'T69D', 'K70R', 'L74I', 'M184V', 'K219Q']
592274	353_-64	200.0	5.4	2.4	1.0	1.8	1.4	M41L, E44D, S68G, K70S, L74LI, M184V, L210W, T215Y	['M41L', 'E44D', 'S68G', 'K70S', 'L74LI', 'M184V', 'L210W', 'T215Y']
591852	190_525	1.1	0.9	0.6	0.8	0.7	0.7		[]
592304	361_154	7.5	3.7	5.7	1.6	1.7	1.1	M41L, L74IV, M184MV, T215Y	['M41L', 'L74IV', 'M184MV', 'T215Y']
592296	360_-147	200.0	7.1	30.0	3.0	2.2	1.1	M41L, E44D, D67N, T69D, V75M, M184V, L210W, T215Y	['M41L', 'E44D', 'D67N', 'T69D', 'V75M', 'M184V', 'L210W', 'T215Y']
591460	38_434	62.0	21.0	400.0	38.0	200.0	7.7	K65R, S68G, V75I, F77L, F116Y, Q151M	['K65R', 'S68G', 'V75I', 'F77L', 'F116Y', 'Q151M']
592426	406_-71	200.0	6.5	5.5	2.3	2.1	0.9	M41L, E44A, D67N, M184V, L210W, T215Y, K219DN	['M41L', 'E44A', 'D67N', 'M184V', 'L210W', 'T215Y', 'K219DN']
591508	57_-57	200.0	5.0	78.0	2.8	2.0	2.8	M41L, D67N, T69D, K70R, V75M, M184V, L210W, T215F, K219Q	['M41L', 'D67N', 'T69D', 'K70R', 'V75M', 'M184V', 'L210W', 'T215F', 'K219Q']
591484	48_216	200.0	13.0	5.0	8.5	4.9	8.3	M41L, D67E, S68G, V75M, M184V, L210W, T215C	['M41L', 'D67E', 'S68G', 'V75M', 'M184V', 'L210W', 'T215C']
592102	287_147	1.2	1.2	1.3	1.0	1.0	1.3		[]
591698	131_-70	1.2	1.0	0.8	1.0	1.1	1.0		[]
591694	129_-69	49.0	4.1	6.1	1.5	1.9	1.5	M41L, D67DG, M184MIV, T215Y	['M41L', 'D67DG', 'M184MIV', 'T215Y']
591738	147_82	1.4	0.9	0.5	1.1	1.3	0.8	S68G, T69D	['S68G', 'T69D']
591442	30_-84	200.0	6.5	27.0	2.5	1.7	1.8	M41L, E44D, M184V, L210W, T215Y	['M41L', 'E44D', 'M184V', 'L210W', 'T215Y']
591764	156_496	0.9	0.7	1.1	1.0	1.3	0.5		[]
592022	257_-30	6.5	2.8	1.2	1.5	2.1	3.4	K65R, S68G	['K65R', 'S68G']
592212	333_-56	0.8	0.9	0.8	0.7	1.0	1.0		[]
591418	22_-69	15.0	3.5	43.0	1.6	1.4	2.1	M41ML, S68G, M184MV, L210W, T215Y	['M41ML', 'S68G', 'M184MV', 'L210W', 'T215Y']
592386	391_-72	200.0	5.7	20.0	2.9	3.4	1.5	M41L, E44D, S68G, M184V, L210W, T215Y	['M41L', 'E44D', 'S68G', 'M184V', 'L210W', 'T215Y']
592028	259_-64	1.9	1.2	1.6	1.7	2.0	1.6	M41L, A62V, V75I	['M41L', 'A62V', 'V75I']
592320	367_672	200.0	2.9	0.4	0.7	1.8	0.6	M184V	['M184V']
592358	380_105	5.4	1.0	1.3	1.3	1.1	0.9	M41L, D67N, T69D, V75M, T215S, K219Q	['M41L', 'D67N', 'T69D', 'V75M', 'T215S', 'K219Q']
591358	2_-43	1.5	1.0	2.5	0.8	0.9	1.2	T215TS	['T215TS']
592270	351_-77	200.0	5.6	3.5	1.5	1.5	0.8	M41L, K70R, L74I, M184V, T215F, K219Q	['M41L', 'K70R', 'L74I', 'M184V', 'T215F', 'K219Q']
592282	356_-83	200.0	2.7	3.4	1.3	1.3	1.0	D67N, K70R, M184V, L210LW, K219Q	['D67N', 'K70R', 'M184V', 'L210LW', 'K219Q']
592162	310_445	200.0	3.4	0.6	0.8	1.4	0.8	M184V	['M184V']
592302	361_-73	200.0	7.2	7.2	1.6	1.9	1.1	M41L, L74I, M184V, T215Y	['M41L', 'L74I', 'M184V', 'T215Y']
591888	202_124	200.0	2.7	0.3	0.6	1.4	0.5	L74I, M184V	['L74I', 'M184V']
591592	91_-46	200.0	12.0	0.2	0.6	1.7	0.3	L74V, Y115F, M184V	['L74V', 'Y115F', 'M184V']
591728	144_-57	200.0	4.5	4.3	1.2	1.4	1.0	D67N, K70R, M184V, T215Y, K219E	['D67N', 'K70R', 'M184V', 'T215Y', 'K219E']
591458	37_-54	200.0	6.0	10.0	3.4	2.5	1.2	M41L, E44EAD, D67N, T69D, V75M, F77L, M184V, L210W, T215Y	['M41L', 'E44EAD', 'D67N', 'T69D', 'V75M', 'F77L', 'M184V', 'L210W', 'T215Y']
592032	260_126	0.8	0.8	0.7	0.9	1.0	1.1		[]
591792	167_105	1.8	7.8	89.0	17.0	10.0	2.0	S68G, V75I, F77L, F116Y, Q151M	['S68G', 'V75I', 'F77L', 'F116Y', 'Q151M']
592172	315_-87	4.9	5.5	13.0	7.5	6.6	2.0	M41L, K65KR, S68G, K70RS, V75I, F116Y, Q151M, T215C	['M41L', 'K65KR', 'S68G', 'K70RS', 'V75I', 'F116Y', 'Q151M', 'T215C']
592424	405_-49	200.0	5.4	11.0	2.5	2.9	1.9	A62AV, D67G, K70R, M184V, K219Q	['A62AV', 'D67G', 'K70R', 'M184V', 'K219Q']
591448	33_-75	0.8	1.0	0.3	0.6	0.7	0.7		[]
592220	334_145	1.4	1.3	0.3	0.6	1.0	0.6	S68SN, M184MV	['S68SN', 'M184MV']
592088	281_-82	200.0	5.0	5.1	2.0	1.4	1.0	M41L, M184V, L210W, T215Y	['M41L', 'M184V', 'L210W', 'T215Y']
592244	342_115	0.8	0.6	1.4	0.7	0.8	1.0	M41L, S68G, L210W, T215S	['M41L', 'S68G', 'L210W', 'T215S']
591754	153_-98	200.0	7.6	135.0	2.4	2.5	4.2	M41L, T69G, K70R, M184V, T215Y, K219E	['M41L', 'T69G', 'K70R', 'M184V', 'T215Y', 'K219E']
591636	108_-82	0.9	0.9	0.9	1.0	1.1	1.1		[]
591572	83_-50	0.9	0.8	0.7	0.7	0.8	0.6		[]
591496	53_-63	200.0	7.4	41.0	3.1	2.5	1.6	M41L, D67DN, M184V, L210W, T215Y	['M41L', 'D67DN', 'M184V', 'L210W', 'T215Y']
591810	176_-62	200.0	8.1	2.1	3.1	2.8	0.7	M41L, E44A, D67N, T69D, L74V, M184V, L210W, T215Y	['M41L', 'E44A', 'D67N', 'T69D', 'L74V', 'M184V', 'L210W', 'T215Y']
591564	80_-54	1.0	0.9	0.8	0.8	1.0	0.8		[]
591864	194_-51	200.0	7.2	0.3	0.8	2.2	0.8	D67N, K70E, M184V	['D67N', 'K70E', 'M184V']
591626	104_-49	1.7	1.1	0.7	2.1	2.1	1.3		[]
591494	52_-56	200.0	4.3	5.5	1.6	1.8	1.2	M41L, D67N, K70R, M184V, T215Y, K219E	['M41L', 'D67N', 'K70R', 'M184V', 'T215Y', 'K219E']
591932	223_-60	9.1	2.9	4.6	1.4	1.6	1.0	M184MIV, T215FS	['M184MIV', 'T215FS']
591924	219_-69	9.5	2.5	0.8	1.7	2.8	3.0	K65R	['K65R']
591826	181_-28	2.8	0.5	1.1	1.0	1.0	0.7	D67N, T69D, K219N	['D67N', 'T69D', 'K219N']
592158	309_-68	6.5	7.2	200.0	4.3	1.9	3.4	M41L, E44D, D67N, V75I, L210W, T215Y, K219R	['M41L', 'E44D', 'D67N', 'V75I', 'L210W', 'T215Y', 'K219R']
591502	55_-40	1.7	1.2	0.4	0.9	1.0	0.7	L210LW, T215AD	['L210LW', 'T215AD']
592196	326_-70	200.0	6.6	2.7	2.1	2.6	1.1	M41L, T69DN, K70R, V75M, M184V, L210W, T215C	['M41L', 'T69DN', 'K70R', 'V75M', 'M184V', 'L210W', 'T215C']
592352	379_-79	1.0	0.9	0.9	1.1	1.7	1.2		[]
591910	213_-54	200.0	4.9	2.9	1.4	2.2	0.7	D67HN, K70R, L74LI, M184V, T215Y, K219E	['D67HN', 'K70R', 'L74LI', 'M184V', 'T215Y', 'K219E']
591732	145_532	5.0	1.5	2.6	1.3	1.8	1.8	M41L, D67DN, L210W, T215D	['M41L', 'D67DN', 'L210W', 'T215D']
591800	171_551	1.1	1.1	1.3	1.0	0.9	0.8	M41MIL	['M41MIL']
591606	97_-75	200.0	6.7	0.4	0.8	2.4	1.4	A62AV, K65R, S68G, M184V	['A62AV', 'K65R', 'S68G', 'M184V']
592378	387_249	1.4	1.1	1.1	1.3	0.9	1.1	M41L, L210W, T215C	['M41L', 'L210W', 'T215C']
592104	288_-48	8.0	4.1	200.0	3.6	1.7	5.3	M41L, D67NT, L210W, T215F, K219KR	['M41L', 'D67NT', 'L210W', 'T215F', 'K219KR']
592432	408_-46	1.2	0.9	0.7	1.0	1.1	0.9		[]
592268	350_106	2.3	1.6	3.6	1.4	1.1	1.4	D67DN, K219KR	['D67DN', 'K219KR']
591746	149_272	1.1	1.0	1.7	1.0	1.0	0.9		[]
591376	7_-50	5.5	4.9	240.0	3.1	2.2	3.9	M41L, D67N, K70R, T215F, K219Q	['M41L', 'D67N', 'K70R', 'T215F', 'K219Q']
592126	297_-48	200.0	3.0	0.8	0.9	1.5	0.7	M41ML, S68SG, K70KR, M184V	['M41ML', 'S68SG', 'K70KR', 'M184V']
591556	77_-57	200.0	4.7	0.6	1.0	1.7	0.8	D67N, K70G, M184V, T215F, K219Q	['D67N', 'K70G', 'M184V', 'T215F', 'K219Q']
591434	27_-69	200.0	18.0	33.0	6.6	18.0	0.8	D67G, S68G, K70R, V75I, F116Y, Q151M, M184V, T215V, K219E	['D67G', 'S68G', 'K70R', 'V75I', 'F116Y', 'Q151M', 'M184V', 'T215V', 'K219E']
591962	236_272	1.0	0.9	0.6	0.8	1.0	0.7		[]
591682	123_98	3.2	2.1	0.7	1.0	1.4	0.9	M41ML, L74LI, M184MIV, L210LW	['M41ML', 'L74LI', 'M184MIV', 'L210LW']
592346	376_-50	7.2	5.2	200.0	3.8	2.2	4.0	M41L, D67N, K70R, T215F, K219Q	['M41L', 'D67N', 'K70R', 'T215F', 'K219Q']
591840	187_-63	1.2	0.9	0.8	1.4	0.9	0.8		[]
592174	316_-51	2.6	1.1	0.6	1.1	1.1	0.8		[]
591700	132_-69	4.6	2.8	324.0	1.9	1.2	3.0	D67N, K70R, T215F, K219Q	['D67N', 'K70R', 'T215F', 'K219Q']
592400	396_536	1.4	0.9	1.0	0.9	1.1	0.9		[]
591870	196_-50	0.9	0.8	0.6	1.1	1.0	0.8		[]
592130	298_110	200.0	6.8	65.0	2.5	2.6	2.3	M41L, D67N, T69D, K70R, L74I, V75M, M184V, T215F, K219Q	['M41L', 'D67N', 'T69D', 'K70R', 'L74I', 'V75M', 'M184V', 'T215F', 'K219Q']
592216	333_113	0.8	1.1	0.9	1.1	0.9	1.0		[]
592310	363_133	200.0	4.2	46.0	2.4	1.8	3.0	M41L, D67G, S68G, K70R, M184V, T215F, K219E	['M41L', 'D67G', 'S68G', 'K70R', 'M184V', 'T215F', 'K219E']
592166	312_-56	200.0	5.7	14.0	2.2	2.0	1.5	M41L, D67N, T69D, M184V, L210W, T215Y	['M41L', 'D67N', 'T69D', 'M184V', 'L210W', 'T215Y']
591588	89_-58	200.0	5.3	4.1	1.1	1.8	1.0	D67N, K70R, M184V, T215I, K219E	['D67N', 'K70R', 'M184V', 'T215I', 'K219E']
591896	206_-47	200.0	5.8	3.9	2.1	1.9	1.1	M41L, D67N, M184V, T215Y	['M41L', 'D67N', 'M184V', 'T215Y']
592434	408_684	1.6	1.1	0.6	1.0	1.3	0.9		[]
592004	252_131	200.0	11.0	301.0	5.6	2.6	3.0	M41L, E44A, D67N, V75M, F77L, M184V, L210W, T215Y, K219KR	['M41L', 'E44A', 'D67N', 'V75M', 'F77L', 'M184V', 'L210W', 'T215Y', 'K219KR']
591968	239_-64	200.0	3.9	0.2	0.7	1.8	0.4	D67N, M184V	['D67N', 'M184V']
591710	137_-70	2.1	1.9	56.0	2.9	2.2	3.6	D67N, K70R, K219Q	['D67N', 'K70R', 'K219Q']
592248	343_131	1.6	1.4	2.5	1.1	1.1	1.2	M41ML	['M41ML']
592372	386_-71	200.0	6.1	13.0	3.2	2.1	1.5	M41L, M184V, L210W, T215Y	['M41L', 'M184V', 'L210W', 'T215Y']
591930	222_-59	1.8	2.5	28.0	2.5	1.4	2.0	M41L, T215Y	['M41L', 'T215Y']
591548	74_-66	4.9	4.7	382.0	2.0	1.5	5.7	M41L, D67N, T215Y, K219KR	['M41L', 'D67N', 'T215Y', 'K219KR']
592294	359_112	1.5	1.0	0.6	0.9	1.0	0.9		[]
592418	402_364	1.0	0.8	1.6	1.0	1.2	1.4		[]
591990	247_-59	200.0	6.0	0.5	0.9	2.0	0.4	D67N, K70KR, L74V, M184V, K219E	['D67N', 'K70KR', 'L74V', 'M184V', 'K219E']
592394	394_57	1.1	0.9	0.3	0.6	0.8	0.6		[]
591692	128_-57	1.3	0.8	0.7	0.8	0.9	0.8		[]
591652	113_-86	200.0	4.6	0.4	0.8	1.4	0.5	M41L, M184V, T215C	['M41L', 'M184V', 'T215C']
591654	113_371	57.0	2.6	0.5	0.9	1.2	0.4	M41L, M184MV, T215C	['M41L', 'M184MV', 'T215C']
591414	20_-68	1.0	0.8	1.4	0.9	1.1	1.0		[]
591942	227_-66	3.5	1.2	0.7	1.0	1.1	0.7	M41L, E44D, D67N, T69D, L210W	['M41L', 'E44D', 'D67N', 'T69D', 'L210W']
592222	335_-38	1.7	1.3	0.9	1.0	1.0	0.7		[]
591976	242_-54	200.0	11.0	541.0	4.2	2.5	3.4	M41L, E44EA, T69G, K70R, L74I, V75A, M184V, T215F, K219E	['M41L', 'E44EA', 'T69G', 'K70R', 'L74I', 'V75A', 'M184V', 'T215F', 'K219E']
591404	16_-84	200.0	9.1	22.0	5.1	2.5	1.5	M41L, E44D, D67N, M184V, L210W, T215Y, K219N	['M41L', 'E44D', 'D67N', 'M184V', 'L210W', 'T215Y', 'K219N']
591988	246_-49	13.0	2.8	0.3	1.1	1.8	1.7	K65R, M184MV	['K65R', 'M184MV']
591860	193_-38	2.0	1.7	3.2	1.4	1.5	1.4	M41ML, L74LV	['M41ML', 'L74LV']
592236	340_-104	200.0	3.7	2.4	1.6	1.9	1.0	D67N, K70R, V75IT, M184V, K219E	['D67N', 'K70R', 'V75IT', 'M184V', 'K219E']
592090	282_-65	200.0	12.0	0.7	1.1	5.2	1.6	K65R, S68G, M184V	['K65R', 'S68G', 'M184V']
592020	257_-58	3.8	2.6	1.3	1.5	1.9	2.1	A62AV, K65KR, S68G	['A62AV', 'K65KR', 'S68G']
591472	43_-60	7.2	5.8	200.0	8.0	3.1	5.5	M41L, E44D, D67N, L210W, T215Y, K219N	['M41L', 'E44D', 'D67N', 'L210W', 'T215Y', 'K219N']
591858	192_-64	33.0	22.0	200.0	6.6	3.7	18.0	M41L, L210W, T215Y	['M41L', 'L210W', 'T215Y']
591836	185_194	1.1	1.1	0.8	0.9	1.0	0.8		[]
591890	203_112	0.9	0.7	0.4	1.2	1.0	0.7		[]
591882	200_-86	3.2	2.6	47.0	4.2	3.3	1.3	M41L, D67N, K70R, Q151M, T215V, K219E	['M41L', 'D67N', 'K70R', 'Q151M', 'T215V', 'K219E']
592082	278_-74	7.4	3.6	36.0	3.1	1.4	1.9	M41L, E44DG, A62V, D67N, T69D, V75I, L210W, T215F, K219QR	['M41L', 'E44DG', 'A62V', 'D67N', 'T69D', 'V75I', 'L210W', 'T215F', 'K219QR']
592298	360_-88	200.0	6.9	37.0	3.9	3.0	2.0	M41L, E44D, D67N, T69D, V75M, M184V, L210W, T215Y	['M41L', 'E44D', 'D67N', 'T69D', 'V75M', 'M184V', 'L210W', 'T215Y']
592200	328_-50	200.0	9.0	31.0	2.6	3.2	1.4	M41L, D67DN, L74I, M184V, L210W, T215Y	['M41L', 'D67DN', 'L74I', 'M184V', 'L210W', 'T215Y']
591520	62_-63	200.0	7.6	7.3	1.7	2.6	1.0	M41L, S68SG, L74V, M184V, L210W, T215Y	['M41L', 'S68SG', 'L74V', 'M184V', 'L210W', 'T215Y']
591584	88_-43	1.4	0.8	0.4	0.9	0.8	0.6	M184MV	['M184MV']
592016	256_-56	0.9	0.8	0.6	0.8	0.9	0.7		[]
591740	148_-78	200.0	4.6	4.2	2.0	2.7	1.2	D67N, K70R, M184V, T215Y, K219E	['D67N', 'K70R', 'M184V', 'T215Y', 'K219E']
591384	10_-85	200.0	4.1	9.5	2.6	2.7	1.3	M41L, M184V, L210W, T215Y, K219R	['M41L', 'M184V', 'L210W', 'T215Y', 'K219R']
591486	49_-61	200.0	7.5	6.5	2.5	2.4	1.1	D67N, K70R, L74I, M184V, T215F, K219Q	['D67N', 'K70R', 'L74I', 'M184V', 'T215F', 'K219Q']
592178	317_-55	200.0	7.9	5.8	3.5	3.6	1.0	M41L, E44A, D67N, L74V, M184V, L210W, T215Y	['M41L', 'E44A', 'D67N', 'L74V', 'M184V', 'L210W', 'T215Y']
592276	354_-60	0.8	0.7	0.9	0.9	1.0	0.9		[]
591468	41_-49	1.0	0.9	0.9	0.8	0.8	0.9	S68SG	['S68SG']
591736	147_-64	1.2	0.9	0.4	1.1	0.7	0.7	S68G, T69D	['S68G', 'T69D']
592342	375_-64	0.9	0.8	0.7	0.6	0.7	0.6		[]
591392	12_742	15.0	4.7	130.0	5.1	1.5	2.6	M41L, A62V, D67N, T69D, K70R, V75I, L210W, T215F, K219Q	['M41L', 'A62V', 'D67N', 'T69D', 'K70R', 'V75I', 'L210W', 'T215F', 'K219Q']
591362	3_-77	200.0	7.3	52.0	2.5	2.0	2.0	M41L, E44ED, M184V, L210W, T215Y	['M41L', 'E44ED', 'M184V', 'L210W', 'T215Y']
592362	382_-51	200.0	4.1	1.0	1.3	1.6	0.6	D67N, T69D, K70R, M184V, K219Q	['D67N', 'T69D', 'K70R', 'M184V', 'K219Q']
592286	358_-63	200.0	4.3	4.7	1.1	1.6	1.0	M184MV, L210LW, T215Y	['M184MV', 'L210LW', 'T215Y']
591830	183_-64	200.0	4.3	26.0	2.1	1.7	2.0	M41L, D67N, K70R, M184V, L210W, T215Y, K219E	['M41L', 'D67N', 'K70R', 'M184V', 'L210W', 'T215Y', 'K219E']
591596	92_675	2.2	1.3	0.8	1.6	1.6	1.5	D67DN	['D67DN']
592338	374_-70	200.0	4.3	5.6	1.6	1.5	1.1	M41L, D67N, M184V, T215Y	['M41L', 'D67N', 'M184V', 'T215Y']
592114	292_112	2.4	1.3	0.5	1.0	1.5	0.7	K219N	['K219N']
591784	164_-57	1.3	1.0	0.5	1.4	1.2	0.9	D67DN	['D67DN']
591912	214_-87	200.0	7.8	79.0	4.6	2.3	1.7	M41L, E44D, D67N, M184V, L210W, T215Y	['M41L', 'E44D', 'D67N', 'M184V', 'L210W', 'T215Y']
592008	254_-68	1.0	0.8	1.1	0.9	1.1	0.9		[]
592314	365_-79	200.0	3.3	0.4	0.7	1.5	0.6	M184V	['M184V']
591782	163_-64	200.0	5.8	43.0	2.6	2.0	2.5	M41L, D67N, T69D, L74I, M184V, L210W, T215Y, K219R	['M41L', 'D67N', 'T69D', 'L74I', 'M184V', 'L210W', 'T215Y', 'K219R']
591900	208_-50	200.0	9.2	370.0	1.8	2.0	6.2	M41ML, T69G, K70R, M184V, T215F, K219EQ	['M41ML', 'T69G', 'K70R', 'M184V', 'T215F', 'K219EQ']
592142	303_-62	19.0	5.8	4.4	1.9	2.6	0.9	M41L, E44D, L74V, M184MV, L210L*W	['M41L', 'E44D', 'L74V', 'M184MV', 'L210L*W']
591576	85_-47	33.0	2.8	5.0	1.1	1.4	1.1	M41L, M184MV, T215Y	['M41L', 'M184MV', 'T215Y']
592440	410_-67	200.0	7.6	0.3	1.5	4.5	1.2	K65R, S68G, M184V	['K65R', 'S68G', 'M184V']
591512	58_-63	200.0	5.6	9.7	1.3	1.5	1.4	M41L, D67N, M184V, T215Y	['M41L', 'D67N', 'M184V', 'T215Y']
591704	134_-57	200.0	5.3	0.9	1.6	1.6	1.0	D67N, K70E, M184V, T215F, K219Q	['D67N', 'K70E', 'M184V', 'T215F', 'K219Q']
591724	142_-78	29.0	1.9	0.4	0.8	1.2	0.5	M184MV	['M184MV']
592306	362_-53	200.0	2.2	0.2	0.7	1.4	0.4	M184V	['M184V']
592350	378_-58	200.0	4.5	2.4	3.3	1.5	0.8	M41L, E44D, D67N, T69D, M184V, L210W, T215Y	['M41L', 'E44D', 'D67N', 'T69D', 'M184V', 'L210W', 'T215Y']
591430	25_-30	200.0	5.9	167.0	2.1	1.9	2.3	M41L, M184V, L210W, T215Y	['M41L', 'M184V', 'L210W', 'T215Y']
592184	320_-66	200.0	7.0	322.0	2.6	2.6	3.4	M41L, T69G, K70R, M184V, T215F, K219E	['M41L', 'T69G', 'K70R', 'M184V', 'T215F', 'K219E']
591372	6_112	2.9	1.0	0.3	0.9	1.1	0.5	T215D	['T215D']
591770	159_-80	200.0	7.7	9.5	2.2	1.7	1.6	M41L, S68G, M184V, L210W, T215Y	['M41L', 'S68G', 'M184V', 'L210W', 'T215Y']
591620	102_-54	2.6	1.6	5.2	1.5	1.2	1.2	T215Y	['T215Y']
592014	255_422	1.1	0.8	0.7	0.8	0.8	0.8	S68G	['S68G']
592226	336_-84	200.0	5.5	8.9	3.1	3.2	1.9	D67N, K70R, L74LI, M184V, T215I, K219Q	['D67N', 'K70R', 'L74LI', 'M184V', 'T215I', 'K219Q']
591602	95_-64	200.0	3.5	1.6	1.3	1.4	0.8	D67N, K70KR, M184V, T215Y, K219E	['D67N', 'K70KR', 'M184V', 'T215Y', 'K219E']
591994	249_-71	0.9	0.8	0.5	0.8	1.0	0.7		[]
591946	228_-68	200.0	4.8	16.0	1.0	1.3	1.6	M41ML, D67N, V75VIM, M184V, T215Y	['M41ML', 'D67N', 'V75VIM', 'M184V', 'T215Y']
592332	372_-63	200.0	5.3	5.5	2.7	2.1	0.8	M41L, D67N, L74V, M184V, L210W, T215Y, K219DN	['M41L', 'D67N', 'L74V', 'M184V', 'L210W', 'T215Y', 'K219DN']
591850	190_-76	1.1	0.8	0.3	0.8	1.0	0.7		[]
591570	82_176	200.0	7.2	82.0	2.3	1.5	2.0	D67N, K70R, L74I, M184V, T215F, K219E	['D67N', 'K70R', 'L74I', 'M184V', 'T215F', 'K219E']
591580	86_-21	200.0	4.0	0.2	0.9	1.3	0.6	K70Q, M184V	['K70Q', 'M184V']
591558	78_-77	0.9	1.1	0.8	0.7	1.2	1.0	A62V, L74I	['A62V', 'L74I']
592288	358_174	2.4	1.8	10.0	1.4	1.2	1.6	M41ML, T215Y	['M41ML', 'T215Y']
591958	234_-39	200.0	15.0	4.4	3.7	3.0	1.3	M41L, D67N, T69D, K70R, L74I, V75T, M184V, T215F, K219Q	['M41L', 'D67N', 'T69D', 'K70R', 'L74I', 'V75T', 'M184V', 'T215F', 'K219Q']
592262	348_480	1.3	1.0	0.4	1.0	1.1	0.6	M184MV, K219KQ	['M184MV', 'K219KQ']
591426	24_-63	13.0	2.4	1.5	0.9	1.6	0.7	M184MV	['M184MV']
591760	155_265	1.5	1.0	0.7	1.5	1.3	0.7		[]
592086	280_-70	200.0	5.5	6.5	1.8	1.7	1.1	M41L, M184V, L210W, T215Y	['M41L', 'M184V', 'L210W', 'T215Y']
592070	273_-84	200.0	10.0	50.0	2.7	1.8	2.4	M41L, D67N, T69D, M184V, L210W, T215Y, K219R	['M41L', 'D67N', 'T69D', 'M184V', 'L210W', 'T215Y', 'K219R']
591410	19_-49	1.3	1.2	0.6	0.9	1.0	0.9		[]
592272	352_-55	25.0	28.0	200.0	200.0	7.6	20.0	M41L, D67E, T69G, T215Y	['M41L', 'D67E', 'T69G', 'T215Y']
591918	216_146	3.2	2.5	12.0	1.9	1.3	0.9	M41L, V75I, L210W, T215Y	['M41L', 'V75I', 'L210W', 'T215Y']
592202	329_-62	200.0	9.8	224.0	5.7	2.0	3.0	M41L, E44ED, D67G, S68G, K70KT, L74LV, M184V, L210W, T215Y, K219KN	['M41L', 'E44ED', 'D67G', 'S68G', 'K70KT', 'L74LV', 'M184V', 'L210W', 'T215Y', 'K219KN']
592414	401_-56	6.2	2.7	93.0	1.5	0.8	2.2	D67N, K70R, T215F, K219Q	['D67N', 'K70R', 'T215F', 'K219Q']
592024	257_468	1.1	0.9	0.8	1.0	1.0	0.8	S68G	['S68G']
592100	287_-67	1.1	0.9	0.7	0.8	1.0	1.0		[]
592116	293_-76	200.0	8.2	2.2	1.4	2.5	0.7	M184V, T215F	['M184V', 'T215F']
592038	262_-62	200.0	7.4	42.0	2.7	1.8	1.6	M41L, E44ED, D67N, L74LI, M184V, L210W, T215Y	['M41L', 'E44ED', 'D67N', 'L74LI', 'M184V', 'L210W', 'T215Y']
591696	130_-60	200.0	10.0	626.0	3.6	2.8	3.8	M41L, E44A, D67N, T69D, M184V, L210W, T215Y	['M41L', 'E44A', 'D67N', 'T69D', 'M184V', 'L210W', 'T215Y']
591722	141_96	200.0	4.6	1.3	1.0	1.8	0.7	M41L, M184V, L210W, T215Y, K219E	['M41L', 'M184V', 'L210W', 'T215Y', 'K219E']
591476	45_-84	200.0	3.1	9.5	1.1	0.8	1.0	M41L, D67N, M184V, L210LW, T215Y	['M41L', 'D67N', 'M184V', 'L210LW', 'T215Y']
591644	110_-67	200.0	6.5	3.2	1.6	2.5	0.6	M41L, S68G, L74V, M184V, T215Y	['M41L', 'S68G', 'L74V', 'M184V', 'T215Y']
591690	127_-82	200.0	4.6	1.1	1.4	1.2	0.6	M41L, S68SG, M184V, L210W, T215Y	['M41L', 'S68SG', 'M184V', 'L210W', 'T215Y']
592328	370_-42	200.0	6.2	6.0	1.6	2.8	1.0	M41L, M184V, L210W, T215Y	['M41L', 'M184V', 'L210W', 'T215Y']
591568	82_-64	200.0	6.8	17.0	2.2	1.7	1.6	D67NT, T69DN, K70R, M184V, T215F, K219E	['D67NT', 'T69DN', 'K70R', 'M184V', 'T215F', 'K219E']
591544	72_-50	3.4	1.1	1.8	1.0	0.9	1.1	M41L, E44D, D67N, L210W, K219E	['M41L', 'E44D', 'D67N', 'L210W', 'K219E']
591844	188_-64	200.0	5.6	1.6	1.6	2.4	0.7	M41L, L74LI, M184V, T215Y	['M41L', 'L74LI', 'M184V', 'T215Y']
591774	160_290	0.8	0.7	0.4	0.7	1.0	0.7		[]
591386	11_-81	5.2	2.5	8.6	2.9	2.0	1.2	M41L, D67N, K70KR, V75T, L210W, T215Y, K219E	['M41L', 'D67N', 'K70KR', 'V75T', 'L210W', 'T215Y', 'K219E']
592232	338_252	1.0	1.0	0.9	1.5	1.2	1.0	S68SG	['S68SG']
591366	4_679	1.2	0.8	0.9	0.8	0.7	0.7	M41L, L210W, T215S	['M41L', 'L210W', 'T215S']
592030	260_-49	1.0	1.3	1.4	2.0	1.8	1.7		[]
591516	60_-39	6.3	1.7	0.6	1.0	1.8	0.9	M184MV	['M184MV']
592144	303_150	3.1	2.4	1.6	1.4	1.7	1.0	M41L, E44D, L74V, L210LW	['M41L', 'E44D', 'L74V', 'L210LW']
592318	367_-68	200.0	2.7	0.3	0.8	1.5	0.6	M184V	['M184V']
591526	64_-57	1.9	1.2	1.0	1.1	1.3	1.0		[]
591618	101_-86	200.0	8.6	78.0	2.1	2.4	2.2	M41L, T69D, M184V, L210W, T215Y, K219KR	['M41L', 'T69D', 'M184V', 'L210W', 'T215Y', 'K219KR']
591920	217_-70	1.4	1.1	0.9	1.1	1.1	0.9		[]
591894	205_-62	200.0	24.0	0.3	1.1	3.2	0.7	M41L, D67N, L74V, V75T, Y115F, M184V, K219KQ	['M41L', 'D67N', 'L74V', 'V75T', 'Y115F', 'M184V', 'K219KQ']
591518	61_-51	1.0	0.8	0.9	0.8	0.7	0.9		[]
591396	14_-58	1.4	1.3	1.1	1.0	1.2	0.9	S68G	['S68G']
591834	185_-46	1.3	1.1	0.6	0.8	0.9	0.7		[]
591664	116_448	1.6	1.1	1.4	0.9	1.2	1.2	M41ML	['M41ML']
591630	105_-50	200.0	7.1	8.4	1.9	2.0	1.4	M41L, D67DN, V75VA, M184V, L210W, T215Y	['M41L', 'D67DN', 'V75VA', 'M184V', 'L210W', 'T215Y']
591794	168_-55	200.0	9.8	26.0	3.8	2.3	1.7	M41L, E44A, V75M, M184V, L210W, T215Y, K219N	['M41L', 'E44A', 'V75M', 'M184V', 'L210W', 'T215Y', 'K219N']
591766	157_-64	200.0	2.1	0.5	0.8	1.6	0.4	D67DN, M184V, T215L, K219Q	['D67DN', 'M184V', 'T215L', 'K219Q']
591902	209_-73	1.7	1.5	12.0	1.7	1.0	1.6	M41L, T215Y	['M41L', 'T215Y']
591680	123_-73	200.0	7.3	3.3	1.7	1.8	1.0	M41L, L74LI, M184V, L210LW, T215Y	['M41L', 'L74LI', 'M184V', 'L210LW', 'T215Y']
591408	18_-69	0.9	0.9	1.6	0.9	1.0	1.1	K70KR	['K70KR']
591482	48_-58	200.0	19.0	2.9	7.3	4.5	5.0	M41L, D67E, S68G, V75M, M184V, L210W, T215C	['M41L', 'D67E', 'S68G', 'V75M', 'M184V', 'L210W', 'T215C']
592000	251_-62	3.0	2.3	46.0	2.8	1.2	2.1	M41L, D67N, K70KR, T215F, K219Q	['M41L', 'D67N', 'K70KR', 'T215F', 'K219Q']
591676	122_-49	1.0	0.9	0.7	1.1	1.0	0.8		[]
592368	384_-27	200.0	3.9	0.2	0.8	1.6	0.7	K70E, M184V	['K70E', 'M184V']
591816	178_167	0.8	0.9	1.2	0.9	1.1	0.9		[]
591906	211_-56	200.0	5.0	3.2	1.0	1.1	0.7	M41L, M184V, T215Y	['M41L', 'M184V', 'T215Y']
591814	178_-55	1.0	0.8	1.0	0.8	1.1	0.8		[]
592098	286_-58	200.0	11.0	2.4	1.0	1.6	1.2	D67N, K70R, L74LI, Y115YF, M184MV, K219HQ	['D67N', 'K70R', 'L74LI', 'Y115YF', 'M184MV', 'K219HQ']
591984	244_171	1.4	1.0	0.8	1.1	1.1	1.0		[]
591750	151_-48	200.0	4.5	0.6	1.1	2.2	0.6	M184V	['M184V']
592406	398_-48	200.0	4.8	8.9	1.5	1.6	1.1	M41L, M184V, L210W, T215Y, K219KN	['M41L', 'M184V', 'L210W', 'T215Y', 'K219KN']
592152	306_-63	0.6	0.7	0.7	1.0	0.9	0.8		[]
591788	166_-68	200.0	7.3	65.0	2.0	2.8	1.7	M41L, E44D, A62AV, D67N, K70R, V75I, M184V, L210W, T215F, K219EQ	['M41L', 'E44D', 'A62AV', 'D67N', 'K70R', 'V75I', 'M184V', 'L210W', 'T215F', 'K219EQ']
591998	250_-57	4.2	2.1	12.0	2.0	1.3	2.0	M41L, E44D, D67N, T69D, L210W, T215CSY, K219KR	['M41L', 'E44D', 'D67N', 'T69D', 'L210W', 'T215CSY', 'K219KR']
592180	318_-83	200.0	5.9	11.0	1.6	1.8	1.4	K70R, M184V, T215F, K219E	['K70R', 'M184V', 'T215F', 'K219E']
592214	333_28	1.5	1.1	0.7	1.0	1.0	1.0		[]
592206	330_309	1.6	1.1	0.9	0.6	1.0	0.8	M41MIL, T215L	['M41MIL', 'T215L']
592112	292_-63	3.2	1.3	0.6	1.0	1.3	0.6	K219N	['K219N']
591862	193_66	2.8	3.0	5.1	1.4	1.6	1.2	M41L, L74LV	['M41L', 'L74LV']
591876	199_-46	1.1	1.0	1.5	1.0	1.0	0.8	K219KQ	['K219KQ']
591540	70_-83	13.0	6.8	200.0	4.8	1.8	7.7	M41L, E44D, D67GS, T69DE, L210W, T215Y, K219R	['M41L', 'E44D', 'D67GS', 'T69DE', 'L210W', 'T215Y', 'K219R']
591708	136_-39	5.8	3.4	419.0	2.7	1.4	3.1	D67N, K70R, T215F, K219Q	['D67N', 'K70R', 'T215F', 'K219Q']
591940	226_-79	200.0	5.0	6.6	2.1	1.5	1.1	M41L, E44ED, T69D, V75M, M184V, L210W, T215Y, K219R	['M41L', 'E44ED', 'T69D', 'V75M', 'M184V', 'L210W', 'T215Y', 'K219R']
592076	275_-40	200.0	4.6	4.6	1.4	1.5	1.1	M41L, S68G, M184V, T215Y	['M41L', 'S68G', 'M184V', 'T215Y']
591562	79_-95	200.0	6.0	144.0	3.6	2.8	2.1	M41L, D67N, M184V, L210W, T215Y, K219KN	['M41L', 'D67N', 'M184V', 'L210W', 'T215Y', 'K219KN']
591954	232_-69	200.0	12.0	0.7	1.4	2.3	0.7	D67G, K70R, L74V, Y115F, M184V, K219Q	['D67G', 'K70R', 'L74V', 'Y115F', 'M184V', 'K219Q']
592384	390_-88	200.0	3.9	2.3	1.0	1.2	1.1	D67H, K70R, L74I, M184V, T215I, K219E	['D67H', 'K70R', 'L74I', 'M184V', 'T215I', 'K219E']
591444	31_-54	3.7	2.8	165.0	3.3	2.1	4.7	M41L, D67N, T215Y	['M41L', 'D67N', 'T215Y']
592428	407_-57	0.8	0.8	0.4	0.8	0.8	0.7		[]
592192	324_-56	200.0	7.4	11.0	1.9	2.0	2.5	D67G, S68G, K70R, V75M, M184V, K219Q	['D67G', 'S68G', 'K70R', 'V75M', 'M184V', 'K219Q']
591854	191_-60	0.7	0.6	0.3	0.8	0.8	0.7		[]
592054	268_-80	200.0	4.6	2.6	1.4	1.3	0.9	M41L, E44ED, D67N, T69D, K70R, M184V, T215FY, K219Q	['M41L', 'E44ED', 'D67N', 'T69D', 'K70R', 'M184V', 'T215FY', 'K219Q']
591960	235_-42	200.0	6.8	4.5	3.1	2.5	0.6	M41L, D67N, S68G, L74V, M184V, L210W, T215Y, K219N	['M41L', 'D67N', 'S68G', 'L74V', 'M184V', 'L210W', 'T215Y', 'K219N']
591648	112_-71	200.0	4.0	1.8	0.8	1.4	0.5	M41ML, M184V, T215Y	['M41ML', 'M184V', 'T215Y']
592210	332_-63	200.0	17.0	0.4	0.7	1.4	0.4	L74V, Y115F, M184V, T215Y	['L74V', 'Y115F', 'M184V', 'T215Y']
591528	64_218	1.3	0.7	0.4	0.7	1.0	0.8		[]
592046	265_203	3.1	2.5	3.0	3.1	3.0	1.2	M41L, L74V, L210W, T215Y	['M41L', 'L74V', 'L210W', 'T215Y']
592266	350_-69	3.7	2.3	10.0	1.6	1.1	1.7	D67N, K70KN, T215Y, K219KR	['D67N', 'K70KN', 'T215Y', 'K219KR']
591550	75_-86	200.0	3.0	0.7	1.0	1.5	0.8	K70KR, M184V	['K70KR', 'M184V']
592026	258_-49	200.0	4.2	10.0	1.6	1.3	1.1	M41L, D67N, M184V, L210W, T215Y	['M41L', 'D67N', 'M184V', 'L210W', 'T215Y']
592230	338_-60	200.0	2.6	0.2	1.4	2.8	0.5	M184V, K219E	['M184V', 'K219E']
591898	207_-61	200.0	2.5	0.2	0.5	1.1	0.3	M184V, T215E	['M184V', 'T215E']
591798	170_-58	4.9	3.4	123.0	3.2	1.5	2.3	M41L, L74I, L210W, T215Y	['M41L', 'L74I', 'L210W', 'T215Y']
592322	368_-58	200.0	6.0	1.8	1.7	1.8	0.6	M41L, S68G, L74I, M184V, L210W, T215Y, K219N	['M41L', 'S68G', 'L74I', 'M184V', 'L210W', 'T215Y', 'K219N']
592136	301_-64	200.0	15.0	200.0	6.0	3.5	2.8	M41L, E44EA, D67G, S68G, L74LI, M184V, L210W, T215Y	['M41L', 'E44EA', 'D67G', 'S68G', 'L74LI', 'M184V', 'L210W', 'T215Y']
591804	173_-42	200.0	4.7	3.3	1.1	2.0	0.7	M41L, L74I, M184V, T215Y	['M41L', 'L74I', 'M184V', 'T215Y']
592438	409_105	200.0	5.5	1.6	1.7	2.6	0.7	M41L, D67N, T69D, L74V, M184V, T215F, K219Q	['M41L', 'D67N', 'T69D', 'L74V', 'M184V', 'T215F', 'K219Q']
591590	90_-39	0.8	0.6	0.5	1.1	0.9	0.7		[]
592370	385_-66	200.0	5.1	13.0	1.9	1.8	1.3	M41L, M184V, L210W, T215Y	['M41L', 'M184V', 'L210W', 'T215Y']
592042	264_-51	200.0	5.5	82.0	3.3	2.0	2.6	M41L, E44D, D67N, K70R, M184V, L210W, T215Y, K219E	['M41L', 'E44D', 'D67N', 'K70R', 'M184V', 'L210W', 'T215Y', 'K219E']
592356	380_-75	4.8	1.1	0.8	1.2	1.3	0.8	M41L, D67N, T69D, V75M, T215S, K219Q	['M41L', 'D67N', 'T69D', 'V75M', 'T215S', 'K219Q']
591668	118_-86	200.0	14.0	21.0	3.7	2.6	2.0	D67N, K70R, M184V, L210W, T215E, K219Q	['D67N', 'K70R', 'M184V', 'L210W', 'T215E', 'K219Q']
592066	272_-70	0.7	0.7	0.7	1.2	0.8	0.6		[]
592094	284_-62	200.0	3.7	1.1	1.1	1.5	0.7	M41L, M184V, T215Y	['M41L', 'M184V', 'T215Y']
591938	225_-57	200.0	9.3	35.0	2.0	3.4	1.5	M41L, L74V, M184V, L210W, T215Y	['M41L', 'L74V', 'M184V', 'L210W', 'T215Y']
591452	34_-105	200.0	6.3	6.0	2.4	2.0	0.8	M41L, D67N, K70KR, L74LV, M184V, T215F, K219Q	['M41L', 'D67N', 'K70KR', 'L74LV', 'M184V', 'T215F', 'K219Q']
592120	294_98	1.8	1.0	0.8	1.1	0.8	0.8	D67N, T69D, T215C, K219Q	['D67N', 'T69D', 'T215C', 'K219Q']
592058	269_175	200.0	5.0	5.1	1.7	1.6	1.0	V75M, F77L, M184V, T215Y	['V75M', 'F77L', 'M184V', 'T215Y']
591790	167_-63	2.3	6.2	54.0	12.0	10.0	1.6	S68G, V75I, F77L, F116Y, Q151M	['S68G', 'V75I', 'F77L', 'F116Y', 'Q151M']
592148	304_75	0.7	1.0	1.9	1.1	0.7	0.8	T215F	['T215F']
592168	313_-62	200.0	200.0	802.0	11.0	13.0	1.8	A62V, D67N, K70R, V75I, F77L, Y115F, F116Y, Q151M, M184V, T215I, K219E	['A62V', 'D67N', 'K70R', 'V75I', 'F77L', 'Y115F', 'F116Y', 'Q151M', 'M184V', 'T215I', 'K219E']
591718	140_307	1.4	1.1	0.4	0.9	1.1	0.6	L74LV, Y115YF, M184MV	['L74LV', 'Y115YF', 'M184MV']
591950	230_-98	200.0	7.4	8.4	2.4	2.4	1.6	M41L, E44D, A62V, L74LV, M184V, L210W, T215Y	['M41L', 'E44D', 'A62V', 'L74LV', 'M184V', 'L210W', 'T215Y']
591422	23_-68	2.3	1.6	0.5	1.1	0.9	0.8		[]
591980	244_-125	0.9	0.8	0.7	0.8	0.8	0.8		[]
591944	227_557	4.9	1.3	0.4	1.1	1.2	0.7	M41L, E44D, D67N, T69D, L210W, T215D	['M41L', 'E44D', 'D67N', 'T69D', 'L210W', 'T215D']
591438	28_-57	1.0	0.8	0.8	1.0	1.1	0.9		[]
592188	322_-76	200.0	11.0	42.0	10.0	17.0	1.0	A62V, S68G, K70T, V75I, F116Y, Q151M, M184V	['A62V', 'S68G', 'K70T', 'V75I', 'F116Y', 'Q151M', 'M184V']
592340	374_436	1.1	0.8	1.1	1.0	1.0	1.0		[]
591714	139_-49	1.1	0.9	0.7	1.0	0.9	0.7		[]
591928	221_-65	200.0	7.2	6.9	2.1	2.2	1.2	M41L, E44D, T69D, M184V, L210W, T215Y, K219R	['M41L', 'E44D', 'T69D', 'M184V', 'L210W', 'T215Y', 'K219R']
591874	198_-57	200.0	9.2	344.0	5.0	4.3	2.3	M41L, E44D, D67N, M184V, L210W, T215Y, K219N	['M41L', 'E44D', 'D67N', 'M184V', 'L210W', 'T215Y', 'K219N']
592422	404_-60	200.0	5.0	4.8	1.8	1.6	1.0	M41L, D67N, F77L, M184V, L210W, T215Y, K219N	['M41L', 'D67N', 'F77L', 'M184V', 'L210W', 'T215Y', 'K219N']
591972	240_-69	200.0	3.3	0.3	0.6	1.3	0.4	M184V	['M184V']
591382	9_350	200.0	5.9	34.0	2.2	2.4	1.8	M41L, D67N, T69D, K70R, M184V, T215F, K219Q	['M41L', 'D67N', 'T69D', 'K70R', 'M184V', 'T215F', 'K219Q']
591670	119_-70	1.6	0.9	0.9	1.4	1.2	1.2		[]
591808	175_-55	200.0	5.4	11.0	1.6	1.8	1.8	M41L, D67N, S68SG, K70KR, M184V, L210W, T215Y, K219E	['M41L', 'D67N', 'S68SG', 'K70KR', 'M184V', 'L210W', 'T215Y', 'K219E']
591658	114_530	2.3	1.6	34.0	2.2	1.6	2.6	D67G, S68G, K70R, T215I, K219E	['D67G', 'S68G', 'K70R', 'T215I', 'K219E']
591532	66_-77	200.0	5.7	32.0	3.8	1.8	1.4	M41L, D67N, T69D, V75I, M184V, L210W, T215Y	['M41L', 'D67N', 'T69D', 'V75I', 'M184V', 'L210W', 'T215Y']
592256	347_-78	1.9	1.5	2.3	1.5	1.1	1.2	T69D, K70R	['T69D', 'K70R']
692408	ISO67							M41L, D67N, L210W, T215Y	['M41L', 'D67N', 'L210W', 'T215Y']
692397	ISO58							M41L, D67N, K70R, M184V	['M41L', 'D67N', 'K70R', 'M184V']
692439	ISO93							M41L, K70R, M184V, L210W, T215Y, K219Q	['M41L', 'K70R', 'M184V', 'L210W', 'T215Y', 'K219Q']
692410	ISO69							M41L, L210W, T215Y, K219Q	['M41L', 'L210W', 'T215Y', 'K219Q']
692338	ISO4							M41L	['M41L']
692382	ISO46							M41L, D67N, K70R	['M41L', 'D67N', 'K70R']
692351	ISO17							M41L, L210W	['M41L', 'L210W']
692396	ISO57							D67N, M184V, L210W, T215Y	['D67N', 'M184V', 'L210W', 'T215Y']
692417	ISO74							M41L, D67N, M184V, L210W, T215Y	['M41L', 'D67N', 'M184V', 'L210W', 'T215Y']
692349	ISO15							M41L, D67N	['M41L', 'D67N']
692347	ISO13							K70R, M184V	['K70R', 'M184V']
692363	ISO97							D67N, K219Q	['D67N', 'K219Q']
692373	ISO38							K70R, M184V, T215Y	['K70R', 'M184V', 'T215Y']
692386	ISO50							D67N, K70R, T215Y	['D67N', 'K70R', 'T215Y']
692372	ISO37							K70R, M184V, L210W	['K70R', 'M184V', 'L210W']
692387	ISO51							D67N, K70R, K219Q	['D67N', 'K70R', 'K219Q']
692443	ISO95							M41L, D67N, K70R, L210W, T215Y, K219Q	['M41L', 'D67N', 'K70R', 'L210W', 'T215Y', 'K219Q']
692369	ISO34							D67N, K70R, M184V	['D67N', 'K70R', 'M184V']
692437	ISO91							M41L, D67N, K70R, M184V, L210W, K219Q	['M41L', 'D67N', 'K70R', 'M184V', 'L210W', 'K219Q']
692340	ISO6							D67N	['D67N']
692420	ISO77							M41L, D67N, K70R, M184V, T215Y	['M41L', 'D67N', 'K70R', 'M184V', 'T215Y']
692422	ISO79							D67N, M184V, L210W, T215Y, K219Q	['D67N', 'M184V', 'L210W', 'T215Y', 'K219Q']
692388	ISO52							D67N, T215Y, K219Q	['D67N', 'T215Y', 'K219Q']
692356	ISO22							D67N, T215Y	['D67N', 'T215Y']
692367	ISO32							M41L, M184V, T215Y	['M41L', 'M184V', 'T215Y']
692412	ISO71							D67N, K70R, L210W, T215Y	['D67N', 'K70R', 'L210W', 'T215Y']
692401	ISO62							D67N, K70R, M184V, T215Y	['D67N', 'K70R', 'M184V', 'T215Y']
692400	ISO61							D67N, K70R, M184V, L210W	['D67N', 'K70R', 'M184V', 'L210W']
692383	ISO47							M41L, K70R, L210W	['M41L', 'K70R', 'L210W']
692384	ISO48							M41L, L210W, K219Q	['M41L', 'L210W', 'K219Q']
692377	ISO42							M184V, T215Y, K219Q	['M184V', 'T215Y', 'K219Q']
692344	ISO10							M41L, M184V	['M41L', 'M184V']
692411	ISO70							M41L, D67N, K70R, T215Y	['M41L', 'D67N', 'K70R', 'T215Y']
692436	ISO90							M41L, D67N, K70R, M184V, L210W, T215Y	['M41L', 'D67N', 'K70R', 'M184V', 'L210W', 'T215Y']
692339	ISO5							L210W	['L210W']
692419	ISO76							M41L, M184V, L210W, T215Y, K219Q	['M41L', 'M184V', 'L210W', 'T215Y', 'K219Q']
692368	ISO33							M41L, M184V, K219Q	['M41L', 'M184V', 'K219Q']
692352	ISO18							M41L, T215Y	['M41L', 'T215Y']
692341	ISO7							K70R	['K70R']
692404	ISO65							K70R, M184V, L210W, T215Y	['K70R', 'M184V', 'L210W', 'T215Y']
692371	ISO36							D67N, M184V, T215Y	['D67N', 'M184V', 'T215Y']
692444	ISO96							M41L, D67N, K70R, M184V, L210W, T215Y, K219Q	['M41L', 'D67N', 'K70R', 'M184V', 'L210W', 'T215Y', 'K219Q']
692428	ISO86							M41L, D67N, K70R, L210W, K219Q	['M41L', 'D67N', 'K70R', 'L210W', 'K219Q']
692421	ISO78							D67N, K70R, M184V, L210W, T215Y	['D67N', 'K70R', 'M184V', 'L210W', 'T215Y']
692366	ISO31							M41L, M184V, L210W	['M41L', 'M184V', 'L210W']
692389	ISO53							K70R, L210W, T215Y	['K70R', 'L210W', 'T215Y']
692357	ISO23							K70R, L210W	['K70R', 'L210W']
692358	ISO24							K70R, T215Y	['K70R', 'T215Y']
692379	ISO43							M41L, L210W, T215Y	['M41L', 'L210W', 'T215Y']
692345	ISO11							M184V, L210W	['M184V', 'L210W']
692361	ISO27							L210W, K219Q	['L210W', 'K219Q']
692423	ISO80							D67N, K70R, M184V, T215Y, K219Q	['D67N', 'K70R', 'M184V', 'T215Y', 'K219Q']
692390	ISO54							L210W, T215Y, K219Q	['L210W', 'T215Y', 'K219Q']
692403	ISO64							D67N, M184V, T215Y, K219Q	['D67N', 'M184V', 'T215Y', 'K219Q']
692376	ISO41							M184V, L210W, K219Q	['M184V', 'L210W', 'K219Q']
692435	ISO82							M41L, D67N, M184V, L210W, T215Y, K219Q	['M41L', 'D67N', 'M184V', 'L210W', 'T215Y', 'K219Q']
692430	ISO88							M41L, K70R, L210W, T215Y, K219Q	['M41L', 'K70R', 'L210W', 'T215Y', 'K219Q']
692380	ISO44							M41L, D67N, L210W	['M41L', 'D67N', 'L210W']
692429	ISO87							M41L, D67N, K70R, T215Y, K219Q	['M41L', 'D67N', 'K70R', 'T215Y', 'K219Q']
692365	ISO30							M41L, K70R, M184V	['M41L', 'K70R', 'M184V']
692362	ISO28							T215Y, K219Q	['T215Y', 'K219Q']
692375	ISO40							M184V, L210W, T215Y	['M184V', 'L210W', 'T215Y']
692427	ISO85							M41L, D67N, K70R, L210W, T215Y	['M41L', 'D67N', 'K70R', 'L210W', 'T215Y']
692394	ISO55							M41L, M184V, L210W, T215Y	['M41L', 'M184V', 'L210W', 'T215Y']
692336	ISO2							M184V	['M184V']
692370	ISO35							D67N, M184V, L210W	['D67N', 'M184V', 'L210W']
692414	ISO73							D67N, K70R, T215Y, K219Q	['D67N', 'K70R', 'T215Y', 'K219Q']
692354	ISO20							D67N, K70R	['D67N', 'K70R']
692398	ISO59							M41L, K70R, M184V, L210W	['M41L', 'K70R', 'M184V', 'L210W']
692353	ISO19							M41L, K219Q	['M41L', 'K219Q']
692342	ISO8							K219Q	['K219Q']
692431	ISO89							D67N, K70R, L210W, T215Y, K219Q	['D67N', 'K70R', 'L210W', 'T215Y', 'K219Q']
692337	ISO3							T215Y	['T215Y']
692359	ISO25							K70R, K219Q	['K70R', 'K219Q']
692418	ISO75							M41L, K70R, M184V, L210W, T215Y	['M41L', 'K70R', 'M184V', 'L210W', 'T215Y']
692360	ISO26							L210W, T215Y	['L210W', 'T215Y']
692405	ISO66							M184V, L210W, T215Y, K219Q	['M184V', 'L210W', 'T215Y', 'K219Q']
692348	ISO14							M184V, K219Q	['M184V', 'K219Q']
692385	ISO49							D67N, K70R, L210W	['D67N', 'K70R', 'L210W']
692381	ISO45							D67N, L210W, T215Y	['D67N', 'L210W', 'T215Y']
692395	ISO56							M41L, D67N, M184V, L210W	['M41L', 'D67N', 'M184V', 'L210W']
692346	ISO12							D67N, M184V	['D67N', 'M184V']
692402	ISO63							D67N, K70R, M184V, K219Q	['D67N', 'K70R', 'M184V', 'K219Q']
692374	ISO39							K70R, M184V, K219Q	['K70R', 'M184V', 'K219Q']
692438	ISO92							M41L, D67N, K70R, M184V, T215Y, K219Q	['M41L', 'D67N', 'K70R', 'M184V', 'T215Y', 'K219Q']
692426	ISO81							M41L, D67N, L210W, T215Y, K219Q	['M41L', 'D67N', 'L210W', 'T215Y', 'K219Q']
692364	ISO29							M41L, D67N, M184V	['M41L', 'D67N', 'M184V']
692355	ISO21							D67N, L210W	['D67N', 'L210W']
692399	ISO60							M41L, M184V, L210W, K219Q	['M41L', 'M184V', 'L210W', 'K219Q']
692343	ISO9							M184V, T215Y	['M184V', 'T215Y']
692350	ISO16							M41L, K70R	['M41L', 'K70R']
692378	ISO98							D67N, M184V, K219Q	['D67N', 'M184V', 'K219Q']
692413	ISO72							D67N, L210W, T215Y, K219Q	['D67N', 'L210W', 'T215Y', 'K219Q']
692409	ISO68							M41L, K70R, L210W, T215Y	['M41L', 'K70R', 'L210W', 'T215Y']
692440	ISO94							D67N, K70R, M184V, L210W, T215Y, K219Q	['D67N', 'K70R', 'M184V', 'L210W', 'T215Y', 'K219Q']
743974	DOR-clinical-resistance-7	100.0	2.9	0.5	0.8	1.6	0.8	M184V	['M184V']
692618	ISO3	1.2	0.8	1.7	0.9	0.9	1.2		[]
692622	ISO7	0.9	1.5	1.5	1.4	1.6	1.8		[]
692619	ISO4	0.4	0.7	0.3	0.6	0.7	0.3		[]
743968	DOR-clinical-resistance-1	100.0	2.7	0.1	0.7	1.2	0.5	M184V	['M184V']
743969	DOR-clinical-resistance-2	100.0	3.2	0.1	0.6	1.2	0.6	M184V	['M184V']
692621	ISO6	0.4	0.7	0.8	1.0	0.1	0.8		[]
743971	DOR-clinical-resistance-4	3.1	0.7	0.2	0.7	1.0	0.3		[]
692616	ISO1	0.4	1.7	0.3	1.3	1.1	1.5		[]
743973	DOR-clinical-resistance-6	100.0	2.8	0.1	0.5	1.5	0.4	K65R, M184V	['K65R', 'M184V']
743972	DOR-clinical-resistance-5	100.0	3.9	0.2	0.8	1.1	0.4	M184V	['M184V']
743970	DOR-clinical-resistance-3	12.0	2.4	1.0	1.4	1.8	1.6	K65R	['K65R']
692620	ISO5	1.0	0.8	1.4	1.0	0.9	0.9		[]
692617	ISO2	3.9	0.9	1.9	0.9	1.2	0.7		[]
63812	CA63812	200.0	9.2	8.9	2.6	2.8	0.8	M41L, E44D, D67N, T69D, L74V, M184V, L210W, T215Y, K219KN	['M41L', 'E44D', 'D67N', 'T69D', 'L74V', 'M184V', 'L210W', 'T215Y', 'K219KN']
48168	CA48168	1.1	0.9	0.6	1.0	1.2	0.8		[]
38097	CA38097	6.5	4.6	0.4	1.1	6.5	1.0	M41L, L74V, L210W, T215Y	['M41L', 'L74V', 'L210W', 'T215Y']
41335	CA41335	200.0	7.4	27.0	2.0	2.8	1.5	M41ML, D67N, K70R, M184V, L210LW, T215F, K219EG	['M41ML', 'D67N', 'K70R', 'M184V', 'L210LW', 'T215F', 'K219EG']
37679	CA37679	200.0	3.1	0.5	0.6	1.3	0.4	D67N, M184V, T215C, K219E	['D67N', 'M184V', 'T215C', 'K219E']
35054	CA35054	1.2	3.3	27.0	2.4	1.1	2.6	K70R, T215TA	['K70R', 'T215TA']
41303	CA41303	3.9	4.5	190.0	4.0	2.0	4.0	M41L, D67N, K70R, V75VIM, L210W, T215Y, K219E	['M41L', 'D67N', 'K70R', 'V75VIM', 'L210W', 'T215Y', 'K219E']
42612	CA42612	7.7	7.8	934.0	8.4	2.9	4.9	M41L, E44D, D67N, K70R, L74V, L210W, T215Y, K219Q	['M41L', 'E44D', 'D67N', 'K70R', 'L74V', 'L210W', 'T215Y', 'K219Q']
42626	CA42626	200.0	2.8	3.4	1.0	1.1	0.8	M41L, V75M, F77L, M184V, T215FY	['M41L', 'V75M', 'F77L', 'M184V', 'T215FY']
37865	CA37865	200.0	13.0	272.0	5.4	3.6	2.0	M41L, E44A, T69D, L74V, M184V, L210W, T215Y, K219R	['M41L', 'E44A', 'T69D', 'L74V', 'M184V', 'L210W', 'T215Y', 'K219R']
42734	CA42734	10.0	8.6	500.0	6.4	1.7	6.3	M41L, E44A, T69D, M184MV, L210W, T215Y, K219R	['M41L', 'E44A', 'T69D', 'M184MV', 'L210W', 'T215Y', 'K219R']
63964	CA63964		16.0	657.0	8.2	3.1	3.5	M41L, E44A, D67N, T69D, V75M, M184V, L210W, T215F	['M41L', 'E44A', 'D67N', 'T69D', 'V75M', 'M184V', 'L210W', 'T215F']
48124	CA48124	200.0	15.0	500.0	4.3	3.0	5.8	M41L, E44D, D67N, T69AD, M184MV, L210W, T215Y, K219KR	['M41L', 'E44D', 'D67N', 'T69AD', 'M184MV', 'L210W', 'T215Y', 'K219KR']
761443	MK-8591A-053_ISL_2							L74I, M184V	['L74I', 'M184V']
761442	MK-8591A-053_ISL_1							M184I	['M184I']
761440	MK-8591A-053_BIC_1								[]
