IsolateID	NRTIDRMs	FoldChange	Mutation_List	resistance
9918	M184V	1.6	['M184V']	1
3832	M41L, L74LV, M184V, L210W, T215Y	2.1	['M41L', 'L74LV', 'M184V', 'L210W', 'T215Y']	1
10464	M41L, E44A, D67N, T69D, M184V, L210W, T215Y	2.7	['M41L', 'E44A', 'D67N', 'T69D', 'M184V', 'L210W', 'T215Y']	1
9928	M41L, M184V, T215Y	1.4	['M41L', 'M184V', 'T215Y']	1
4372	D67N, K70G, M184V, T215F, K219Q	1.9	['D67N', 'K70G', 'M184V', 'T215F', 'K219Q']	1
4391	D67N, K70R, M184V, K219Q	1.7	['D67N', 'K70R', 'M184V', 'K219Q']	1
9912	E40F, M41L, D67N, V75M, M184V, L210W, T215Y, K219Q	3.5	['E40F', 'M41L', 'D67N', 'V75M', 'M184V', 'L210W', 'T215Y', 'K219Q']	1
9945	M41L, D67N, T69D, K70R, V75M, M184V, T215F, K219W	4.1	['M41L', 'D67N', 'T69D', 'K70R', 'V75M', 'M184V', 'T215F', 'K219W']	1
9916	D67N, K70R, M184V, K219Q	1.8	['D67N', 'K70R', 'M184V', 'K219Q']	1
9944	M41L, M184V, L210W, T215Y	1.7	['M41L', 'M184V', 'L210W', 'T215Y']	1
3871	M41L, L74V, M184V, L210W, T215Y	1.7	['M41L', 'L74V', 'M184V', 'L210W', 'T215Y']	1
10474	M41L, M184V, T215Y	1.9	['M41L', 'M184V', 'T215Y']	1
9919	A62V, S68G, K70G, V75I, F77L, Y115F, F116Y, Q151M, M184V	20.0	['A62V', 'S68G', 'K70G', 'V75I', 'F77L', 'Y115F', 'F116Y', 'Q151M', 'M184V']	1
2633	M41L, M184V, L210W, T215Y	1.2	['M41L', 'M184V', 'L210W', 'T215Y']	0
9435	M41L, E44D, D67N, T69D, M184V, L210W, T215Y	2.1	['M41L', 'E44D', 'D67N', 'T69D', 'M184V', 'L210W', 'T215Y']	1
10470	M41L, E44D, D67N, K70R, L74I, L210W, K219E	1.4	['M41L', 'E44D', 'D67N', 'K70R', 'L74I', 'L210W', 'K219E']	1
10499	M41L, D67N, K70R, T215Y, K219Q	1.8	['M41L', 'D67N', 'K70R', 'T215Y', 'K219Q']	1
9949	M184V	1.5	['M184V']	1
10465	M41L, E44D, M184V, L210W, T215Y	1.5	['M41L', 'E44D', 'M184V', 'L210W', 'T215Y']	1
9915	M41L, E44D, D67N, M184V, L210W, T215Y, K219N	2.1	['M41L', 'E44D', 'D67N', 'M184V', 'L210W', 'T215Y', 'K219N']	1
15465	M41L, D67N, M184V, L210W, T215Y, K219Q	2.5	['M41L', 'D67N', 'M184V', 'L210W', 'T215Y', 'K219Q']	1
15058	M41L, A62V, T69S_SA, L210W, T215Y	3.0	['M41L', 'A62V', 'T69S_SA', 'L210W', 'T215Y']	1
15052	M184I	1.2	['M184I']	0
15479	M41L, L210W, T215F	0.9	['M41L', 'L210W', 'T215F']	0
15049	M41L, T215Y	0.9	['M41L', 'T215Y']	0
15059	Q151M	6.8	['Q151M']	1
15060	A62V, V75I, F77L, F116Y, Q151M, M184V	18.0	['A62V', 'V75I', 'F77L', 'F116Y', 'Q151M', 'M184V']	1
15467	D67N, T69D, K70R, M184V, K219Q	1.2	['D67N', 'T69D', 'K70R', 'M184V', 'K219Q']	0
15053	M41L, D67N, K70R, M184V, T215Y, K219Q	1.4	['M41L', 'D67N', 'K70R', 'M184V', 'T215Y', 'K219Q']	1
15050	M41L, D67N, K70R, T215Y, K219Q	0.9	['M41L', 'D67N', 'K70R', 'T215Y', 'K219Q']	0
15051	M184V	0.9	['M184V']	0
15463	M41L, D67N, K70R, M184V, L210W, T215Y	1.4	['M41L', 'D67N', 'K70R', 'M184V', 'L210W', 'T215Y']	1
15475	M41L, L74V, M184V, T215Y	1.8	['M41L', 'L74V', 'M184V', 'T215Y']	1
15056	L74V	1.8	['L74V']	1
15054	M41L, D67N, K70R, T215Y, K219Q	0.5	['M41L', 'D67N', 'K70R', 'T215Y', 'K219Q']	0
15473	D67N, K219Q	1.0	['D67N', 'K219Q']	0
15469		1.2	[]	0
15057	V75T	1.2	['V75T']	0
15055	K65R	1.8	['K65R']	1
15477	M41L, D67N, M184V, L210W, T215Y	1.5	['M41L', 'D67N', 'M184V', 'L210W', 'T215Y']	1
82898	M41L, A62V, T69S_SA, T215Y	2.6	['M41L', 'A62V', 'T69S_SA', 'T215Y']	1
19034	M41L, M184V, T215Y	1.3	['M41L', 'M184V', 'T215Y']	1
19035	Q151M, M184V	6.8	['Q151M', 'M184V']	1
19772	M41L, L74V, M184V, T215Y	1.7	['M41L', 'L74V', 'M184V', 'T215Y']	1
19750	M41L, S68G, M184V, L210W, T215Y	1.7	['M41L', 'S68G', 'M184V', 'L210W', 'T215Y']	1
19760	M184V	1.0	['M184V']	0
19784	D67N, T69D, K70R, T215F, K219Q	2.0	['D67N', 'T69D', 'K70R', 'T215F', 'K219Q']	1
19806	M41L, S68G, M184V, L210W, T215Y	1.9	['M41L', 'S68G', 'M184V', 'L210W', 'T215Y']	1
19744	M41L, A62AV, L74I, M184V, L210W, T215Y	1.3	['M41L', 'A62AV', 'L74I', 'M184V', 'L210W', 'T215Y']	1
19810	M184V	1.6	['M184V']	1
19726	M184V	1.5	['M184V']	1
19770	M41L, M184V, T215Y	1.5	['M41L', 'M184V', 'T215Y']	1
19764	D67N, K70R, M184V, K219Q	1.4	['D67N', 'K70R', 'M184V', 'K219Q']	1
19820	L74V, M184V	2.6	['L74V', 'M184V']	1
19780	D67N, T69D, K70R, M184V, T215F, K219Q	2.5	['D67N', 'T69D', 'K70R', 'M184V', 'T215F', 'K219Q']	1
19804	M41L, S68G, M184V, L210W, T215Y	2.1	['M41L', 'S68G', 'M184V', 'L210W', 'T215Y']	1
19730	M184V, T215Y	2.1	['M184V', 'T215Y']	1
19812	M184V	1.6	['M184V']	1
19758	K70R	1.2	['K70R']	0
19786	M41L, M184V, T215Y	1.7	['M41L', 'M184V', 'T215Y']	1
10626	D67N, T69D, K70R, T215F, K219Q	0.9	['D67N', 'T69D', 'K70R', 'T215F', 'K219Q']	0
15983	M41L, D67N, M184V, L210W, T215Y	1.7	['M41L', 'D67N', 'M184V', 'L210W', 'T215Y']	1
11732	M41L, L74V, L210W, T215Y	1.9	['M41L', 'L74V', 'L210W', 'T215Y']	1
35533	K70R	1.6	['K70R']	1
11961	D67N, K70R, M184V, T215V, K219Q	1.4	['D67N', 'K70R', 'M184V', 'T215V', 'K219Q']	1
11193	E40F, M41L, D67N, L210W, T215Y, K219N	2.5	['E40F', 'M41L', 'D67N', 'L210W', 'T215Y', 'K219N']	1
35545	M41L, M184V, L210W, T215Y	1.6	['M41L', 'M184V', 'L210W', 'T215Y']	1
24202	M41L, T69S_SS, L210W, T215Y	4.1	['M41L', 'T69S_SS', 'L210W', 'T215Y']	1
13897	M41L, A62V, V75T, M184V, T215Y	2.2	['M41L', 'A62V', 'V75T', 'M184V', 'T215Y']	1
4364	S68G, F116Y, Q151M	5.3	['S68G', 'F116Y', 'Q151M']	1
10967	A62V, L74V, V75T	2.4	['A62V', 'L74V', 'V75T']	1
16903	M41L, D67N, T215Y	1.7	['M41L', 'D67N', 'T215Y']	1
35535	S68G, V75I, F77L, Y115F, F116Y, Q151M, M184V	15.0	['S68G', 'V75I', 'F77L', 'Y115F', 'F116Y', 'Q151M', 'M184V']	1
35549	M41L, E44D, D67N, V75M, M184V, L210W, T215Y, K219N	2.7	['M41L', 'E44D', 'D67N', 'V75M', 'M184V', 'L210W', 'T215Y', 'K219N']	1
22661	E40F, M41L, D67N, T69D, M184V, L210W, T215Y	3.7	['E40F', 'M41L', 'D67N', 'T69D', 'M184V', 'L210W', 'T215Y']	1
22813	M41L, D67N, K70R, M184V, T215F, K219E	2.3	['M41L', 'D67N', 'K70R', 'M184V', 'T215F', 'K219E']	1
22841	D67N, K70R, K219Q	0.9	['D67N', 'K70R', 'K219Q']	0
22701	K65R, S68G	2.3	['K65R', 'S68G']	1
22711		1.1	[]	0
22817	M41L, E44D, D67N, V75VA, M184V, L210W, T215Y	2.2	['M41L', 'E44D', 'D67N', 'V75VA', 'M184V', 'L210W', 'T215Y']	1
22739	K70KR, M184V	1.2	['K70KR', 'M184V']	0
22707	D67N, T69ND, K70R, M184V, T215F, K219Q	1.8	['D67N', 'T69ND', 'K70R', 'M184V', 'T215F', 'K219Q']	1
22837	M41L, L210W, T215Y	1.7	['M41L', 'L210W', 'T215Y']	1
22759	M41L, D67N, T69D, M184V, T215Y	2.5	['M41L', 'D67N', 'T69D', 'M184V', 'T215Y']	1
22881	M41L, D67N, L74I, M184V, L210W, T215Y, K219Q	2.5	['M41L', 'D67N', 'L74I', 'M184V', 'L210W', 'T215Y', 'K219Q']	1
22827		1.1	[]	0
22879	M41L, M184V, T215F	2.3	['M41L', 'M184V', 'T215F']	1
22695	M41L, E44D, D67N, T69D, M184V, L210W, T215Y	2.3	['M41L', 'E44D', 'D67N', 'T69D', 'M184V', 'L210W', 'T215Y']	1
22741	M184V, T215Y	1.5	['M184V', 'T215Y']	1
22761	M41L, E44ED, S68G, M184V, L210W, T215Y	1.9	['M41L', 'E44ED', 'S68G', 'M184V', 'L210W', 'T215Y']	1
22673	M41L, E44D, T69D, M184V, L210W, T215Y, K219R	2.0	['M41L', 'E44D', 'T69D', 'M184V', 'L210W', 'T215Y', 'K219R']	1
22683	M41L, E44D, D67N, V75M, L210W, T215Y	1.9	['M41L', 'E44D', 'D67N', 'V75M', 'L210W', 'T215Y']	1
22727	M41L, A62AV, M184V, T215Y	1.6	['M41L', 'A62AV', 'M184V', 'T215Y']	1
22745	M41L, D67N, T215Y	1.5	['M41L', 'D67N', 'T215Y']	1
22753	M41L, D67N, K70R, T215F, K219E	1.3	['M41L', 'D67N', 'K70R', 'T215F', 'K219E']	1
22853	M41L, E44D, D67N, T69D, M184V, L210W, T215Y	2.3	['M41L', 'E44D', 'D67N', 'T69D', 'M184V', 'L210W', 'T215Y']	1
22807	M41L, E44ED, D67N, K70R, M184V, L210W, T215Y, K219E	2.6	['M41L', 'E44ED', 'D67N', 'K70R', 'M184V', 'L210W', 'T215Y', 'K219E']	1
22797	M41ML, D67N, K70R, T215Y	2.0	['M41ML', 'D67N', 'K70R', 'T215Y']	1
22719	M41L, D67N, M184V, L210W, T215Y, K219KE	2.1	['M41L', 'D67N', 'M184V', 'L210W', 'T215Y', 'K219KE']	1
22799	M41L, D67N, K70R, M184V, T215F, K219Q	1.5	['M41L', 'D67N', 'K70R', 'M184V', 'T215F', 'K219Q']	1
22721	M41L, E44D, D67N, V75M, L210W, T215Y	1.6	['M41L', 'E44D', 'D67N', 'V75M', 'L210W', 'T215Y']	1
22863	D67N, K70G, M184V, T215F, K219Q	2.1	['D67N', 'K70G', 'M184V', 'T215F', 'K219Q']	1
22709		1.1	[]	0
22839	M41L, E44EA, M184V, L210W, T215Y	1.8	['M41L', 'E44EA', 'M184V', 'L210W', 'T215Y']	1
22667	M41L, A62AV, K70KT, V75I, M184V	1.6	['M41L', 'A62AV', 'K70KT', 'V75I', 'M184V']	1
22819	M184V	1.7	['M184V']	1
22861	M184V	1.6	['M184V']	1
22675	D67N, K70R, T215I, K219Q	1.2	['D67N', 'K70R', 'T215I', 'K219Q']	0
22835	M41L, E44D, D67N, L210W, T215Y	1.6	['M41L', 'E44D', 'D67N', 'L210W', 'T215Y']	1
22717	M184V	1.7	['M184V']	1
22735	M41L, E44D, S68SG, L210W, T215Y	1.9	['M41L', 'E44D', 'S68SG', 'L210W', 'T215Y']	1
22805	M41L, T215Y, K219KQ	1.5	['M41L', 'T215Y', 'K219KQ']	1
22725	D67N, K70R, M184V	1.4	['D67N', 'K70R', 'M184V']	1
22825	M41L, D67N, M184V, T215Y	1.8	['M41L', 'D67N', 'M184V', 'T215Y']	1
22779	M41L, D67DN, K70R, M184V, T215Y	2.2	['M41L', 'D67DN', 'K70R', 'M184V', 'T215Y']	1
22775	M41L, M184V, T215Y	1.7	['M41L', 'M184V', 'T215Y']	1
22831	D67N, K70G, F116Y, Q151M, L210LW, T215Y	5.4	['D67N', 'K70G', 'F116Y', 'Q151M', 'L210LW', 'T215Y']	1
23199	D67N, K70R, T215Y, K219Q	0.7	['D67N', 'K70R', 'T215Y', 'K219Q']	0
26679		0.9	[]	0
26707		1.1	[]	0
26699		1.0	[]	0
26697		1.1	[]	0
26703		0.7	[]	0
26711	A62V, L210W, T215D	1.2	['A62V', 'L210W', 'T215D']	0
26639	L210W	1.2	['L210W']	0
26659		1.2	[]	0
26645		0.9	[]	0
26675	K70R	0.9	['K70R']	0
26689		1.2	[]	0
26691	M184V	1.5	['M184V']	1
26665		1.0	[]	0
26655	D67N, L210W, T215Y	1.3	['D67N', 'L210W', 'T215Y']	1
26649		1.0	[]	0
26701		0.8	[]	0
26695		0.9	[]	0
26705		1.1	[]	0
26661	D67N, T215L, K219Q	1.1	['D67N', 'T215L', 'K219Q']	0
26709		0.7	[]	0
26641		1.0	[]	0
26713		1.3	[]	1
26671		0.9	[]	0
26647		1.0	[]	0
26673		1.1	[]	0
26667	M41L, T215Y	1.2	['M41L', 'T215Y']	0
26687	M184V	1.3	['M184V']	1
26643		0.8	[]	0
26657		0.9	[]	0
26683	M184V	1.7	['M184V']	1
26681		1.3	[]	1
26677	D67N, T69D, T215Y, K219N	1.8	['D67N', 'T69D', 'T215Y', 'K219N']	1
26693		1.0	[]	0
35531	M41L, L74V, T215Y	1.2	['M41L', 'L74V', 'T215Y']	0
34671	K219N	1.0	['K219N']	0
13105	S68G, L74V, M184V, K219E	2.0	['S68G', 'L74V', 'M184V', 'K219E']	1
35553	M41L, M184V, T215F	2.0	['M41L', 'M184V', 'T215F']	1
7970	A62V, T69S_SS, K70R, M184V	1.3	['A62V', 'T69S_SS', 'K70R', 'M184V']	1
12495	M41L, E44D, D67N, L210W, T215Y, K219KR	2.3	['M41L', 'E44D', 'D67N', 'L210W', 'T215Y', 'K219KR']	1
9129	D67N, K70R, M184V, T215F, K219Q	1.5	['D67N', 'K70R', 'M184V', 'T215F', 'K219Q']	1
29298	L210W, T215Y	0.8	['L210W', 'T215Y']	0
29310	M41L, D67N, M184V, L210W, T215Y	1.6	['M41L', 'D67N', 'M184V', 'L210W', 'T215Y']	1
29288		0.8	[]	0
29292	M41L, M184V, L210W, T215Y	1.2	['M41L', 'M184V', 'L210W', 'T215Y']	0
29282	M41L, D67E, T69S_SG, K70R, V75M, T215Y	4.0	['M41L', 'D67E', 'T69S_SG', 'K70R', 'V75M', 'T215Y']	1
29306	M41L, S68G, M184V, T215Y	1.5	['M41L', 'S68G', 'M184V', 'T215Y']	1
29302	M41L, E44D, A62AV, M184V, T215Y	1.3	['M41L', 'E44D', 'A62AV', 'M184V', 'T215Y']	1
29290	M41L, M184V, L210LW, T215Y	1.6	['M41L', 'M184V', 'L210LW', 'T215Y']	1
29286	T215Y	1.3	['T215Y']	1
29304	M41L, D67N, K70R, L74I, V75S, M184V, T215F, K219Q	2.9	['M41L', 'D67N', 'K70R', 'L74I', 'V75S', 'M184V', 'T215F', 'K219Q']	1
29284		1.1	[]	0
29312	M41L, E44D, D67N, V75M, L210W, T215Y	2.4	['M41L', 'E44D', 'D67N', 'V75M', 'L210W', 'T215Y']	1
29300	M41L, E44A, D67N, K70R, V75M, M184V, T215Y	1.3	['M41L', 'E44A', 'D67N', 'K70R', 'V75M', 'M184V', 'T215Y']	1
29294		0.6	[]	0
35460	M41L, A62V, T69S_SA, L74V, M184V, L210W, T215Y	4.4	['M41L', 'A62V', 'T69S_SA', 'L74V', 'M184V', 'L210W', 'T215Y']	1
35470	D67N, T69D, K70R, T215F, K219Q	0.8	['D67N', 'T69D', 'K70R', 'T215F', 'K219Q']	0
35478	M41L, E44D, D67N, M184V, L210W, T215Y, K219E	1.2	['M41L', 'E44D', 'D67N', 'M184V', 'L210W', 'T215Y', 'K219E']	0
35464	M41L, M184V, T215Y	1.2	['M41L', 'M184V', 'T215Y']	0
35472	M41L, D67N, K70R, M184V, T215Y, K219E	1.6	['M41L', 'D67N', 'K70R', 'M184V', 'T215Y', 'K219E']	1
35468	M41L, D67N, L210W, T215Y	2.3	['M41L', 'D67N', 'L210W', 'T215Y']	1
35476	M41L, D67N, V75M, L210W, T215Y	1.1	['M41L', 'D67N', 'V75M', 'L210W', 'T215Y']	0
35462	A62V, V75I, F77L, F116Y, Q151M, M184V	20.0	['A62V', 'V75I', 'F77L', 'F116Y', 'Q151M', 'M184V']	1
35474	M184V	1.3	['M184V']	1
35466	D67N, T69D, K70R, T215F, K219Q	1.7	['D67N', 'T69D', 'K70R', 'T215F', 'K219Q']	1
17367	M41ML, T69S_SG, V75M, L210W, T215Y	2.9	['M41ML', 'T69S_SG', 'V75M', 'L210W', 'T215Y']	1
24573	M41L, D67N, V75M, M184V, L210W, T215Y	1.4	['M41L', 'D67N', 'V75M', 'M184V', 'L210W', 'T215Y']	1
24633	M41L, L74V, M184V, L210W, T215F	2.1	['M41L', 'L74V', 'M184V', 'L210W', 'T215F']	1
16447	Q151M	3.0	['Q151M']	1
36826	K65R	1.6	['K65R']	1
36827	K65R, S68G	1.6	['K65R', 'S68G']	1
36828	A62V, K65R	1.3	['A62V', 'K65R']	1
37039	M41L, D67N, T69D, L74V, M184V, T215Y	2.5	['M41L', 'D67N', 'T69D', 'L74V', 'M184V', 'T215Y']	1
37041	K65R, T69D, K70R	1.5	['K65R', 'T69D', 'K70R']	1
37040	M184V, L210W, T215Y, K219N	1.5	['M184V', 'L210W', 'T215Y', 'K219N']	1
42566	K65R, L74V, M184V	6.7	['K65R', 'L74V', 'M184V']	1
42563	K65R, M184V	3.6	['K65R', 'M184V']	1
42561	Y115F	0.8	['Y115F']	0
42565	Y115F, M184V	2.0	['Y115F', 'M184V']	1
42558		0.8	[]	0
42562	M184V	1.4	['M184V']	1
42560	L74V	1.5	['L74V']	1
42564	L74V, M184V	2.4	['L74V', 'M184V']	1
42559	K65R	2.1	['K65R']	1
46877	M41L, M184V, T215F	1.3	['M41L', 'M184V', 'T215F']	1
46647	M41L, S68G, M184V, T215Y	1.4	['M41L', 'S68G', 'M184V', 'T215Y']	1
46417	M184V	1.2	['M184V']	0
46559	M184V	1.6	['M184V']	1
46449	K70R, M184V	1.2	['K70R', 'M184V']	0
46565	K70R, M184V	1.4	['K70R', 'M184V']	1
47003	M184V	1.4	['M184V']	1
47145	M184V, T215Y	1.5	['M184V', 'T215Y']	1
47107	M184V	1.3	['M184V']	1
47131	M184V	1.5	['M184V']	1
46663	M184V	1.3	['M184V']	1
46843	S68G	0.9	['S68G']	0
46965	M184V	1.8	['M184V']	1
46699	S68N, M184V, T215D	1.3	['S68N', 'M184V', 'T215D']	1
46729	M184V	1.1	['M184V']	0
46469	M41L, M184V, T215Y	1.6	['M41L', 'M184V', 'T215Y']	1
47123	M41L, S68G, M184V, L210LW, T215Y	1.3	['M41L', 'S68G', 'M184V', 'L210LW', 'T215Y']	1
46715	M184V	1.2	['M184V']	0
46853	M184V	1.0	['M184V']	0
46709	M184V	1.3	['M184V']	1
47045	M184V, T215Y	1.6	['M184V', 'T215Y']	1
46783	M184V	1.2	['M184V']	0
46817	M184V	1.4	['M184V']	1
46515	M41L, M184V, L210W, T215Y	1.5	['M41L', 'M184V', 'L210W', 'T215Y']	1
46925		0.9	[]	0
46427	K70R, M184V	1.2	['K70R', 'M184V']	0
46397	M184V	1.1	['M184V']	0
46951	K70R, M184V	0.8	['K70R', 'M184V']	0
46535	M184V	1.3	['M184V']	1
46763	K70R, M184V	1.4	['K70R', 'M184V']	1
46937	M184V	1.4	['M184V']	1
46621	M184V	1.6	['M184V']	1
46605	M41L, M184V	1.4	['M41L', 'M184V']	1
46615	D67N, F77L, F116FY, Q151M, M184V	7.1	['D67N', 'F77L', 'F116FY', 'Q151M', 'M184V']	1
46543	M184V	1.3	['M184V']	1
46887		0.9	[]	0
46859	M184V	1.2	['M184V']	0
46637	M184V	1.2	['M184V']	0
46771	M184V	1.4	['M184V']	1
47179	M184V	1.3	['M184V']	1
47021	M184V	1.1	['M184V']	0
46679	K70R, M184V	1.3	['K70R', 'M184V']	1
47067	M184V	1.5	['M184V']	1
46675	S68G, M184V	1.9	['S68G', 'M184V']	1
26633	M41L, M184V, L210W, T215Y	1.6	['M41L', 'M184V', 'L210W', 'T215Y']	1
26636	D67N, K70R, M184V, T215F, K219Q	1.8	['D67N', 'K70R', 'M184V', 'T215F', 'K219Q']	1
37237		0.9	[]	0
26625	E40F, M41L, D67N, M184V, L210W, T215Y	3.3	['E40F', 'M41L', 'D67N', 'M184V', 'L210W', 'T215Y']	1
26608	M41L, D67N, M184V, L210W, T215Y	1.7	['M41L', 'D67N', 'M184V', 'L210W', 'T215Y']	1
26629	D67N, K70R, T215F, K219Q	0.8	['D67N', 'K70R', 'T215F', 'K219Q']	0
26619	K65R, Y115F	1.8	['K65R', 'Y115F']	1
37240	A62V, K65R, S68G, V75I, F77L, Q151M	22.0	['A62V', 'K65R', 'S68G', 'V75I', 'F77L', 'Q151M']	1
26602	M41L, M184V, L210W, T215Y	1.4	['M41L', 'M184V', 'L210W', 'T215Y']	1
26609	D67N, M184V, L210W, T215Y, K219R	1.6	['D67N', 'M184V', 'L210W', 'T215Y', 'K219R']	1
26622	D67N, K70R, T215F, K219Q	1.4	['D67N', 'K70R', 'T215F', 'K219Q']	1
26613	M41L, E44D, D67N, K70R, M184V, L210W, T215Y, K219Q	1.9	['M41L', 'E44D', 'D67N', 'K70R', 'M184V', 'L210W', 'T215Y', 'K219Q']	1
26612	M41L, E44D, D67N, K70R, M184V, L210W, T215Y, K219Q	1.8	['M41L', 'E44D', 'D67N', 'K70R', 'M184V', 'L210W', 'T215Y', 'K219Q']	1
26624	F116Y, Q151M	8.1	['F116Y', 'Q151M']	1
26595		1.0	[]	0
26638	M41L, M184V, T215Y	1.6	['M41L', 'M184V', 'T215Y']	1
26628	D67N, K70R, T215F, K219Q	0.7	['D67N', 'K70R', 'T215F', 'K219Q']	0
26604	M41L, D67G, M184V, L210W, T215Y	1.7	['M41L', 'D67G', 'M184V', 'L210W', 'T215Y']	1
37238	M184V, T215Y	1.9	['M184V', 'T215Y']	1
26597	D67N, S68G, K70R, T215F, K219E	1.2	['D67N', 'S68G', 'K70R', 'T215F', 'K219E']	0
37241	M41L, E44D, D67N, T69D, L210W, T215Y	2.4	['M41L', 'E44D', 'D67N', 'T69D', 'L210W', 'T215Y']	1
26621	D67N, K70R, T215I, K219Q	1.2	['D67N', 'K70R', 'T215I', 'K219Q']	0
37239	M184V, T215Y	1.4	['M184V', 'T215Y']	1
26603	M41L, V75A, M184V, L210W, T215Y	1.8	['M41L', 'V75A', 'M184V', 'L210W', 'T215Y']	1
26630	D67N, K70R, M184V, T215F, K219Q	1.7	['D67N', 'K70R', 'M184V', 'T215F', 'K219Q']	1
37236	M41L, D67N, T69G, M184V, L210W, T215Y	1.8	['M41L', 'D67N', 'T69G', 'M184V', 'L210W', 'T215Y']	1
26637	M41L, D67N, K70R, M184V, T215F, K219Q	1.9	['M41L', 'D67N', 'K70R', 'M184V', 'T215F', 'K219Q']	1
48754	K70KR	0.9	['K70KR']	0
48764		0.9	[]	0
48761	T215Y	0.9	['T215Y']	0
48747	L210W, T215Y	0.8	['L210W', 'T215Y']	0
48757		0.9	[]	0
48746		1.0	[]	0
48753	K70R	0.9	['K70R']	0
48765		0.8	[]	0
48756		0.9	[]	0
48749	D67N, K70R, K219Q	1.0	['D67N', 'K70R', 'K219Q']	0
48752	D67N, K70R, T215F, K219Q	1.2	['D67N', 'K70R', 'T215F', 'K219Q']	0
48744		0.8	[]	0
48759	M41L, L210W, T215Y	1.1	['M41L', 'L210W', 'T215Y']	0
48755	M41L, S68G, T215SY	0.8	['M41L', 'S68G', 'T215SY']	0
48748	M41L, T215Y	1.0	['M41L', 'T215Y']	0
48758		0.5	[]	0
48743		0.9	[]	0
48751	K70R	0.5	['K70R']	0
48763	M41L, D67DN, L210W, T215Y	1.1	['M41L', 'D67DN', 'L210W', 'T215Y']	0
42013		0.9	[]	0
42011		0.9	[]	0
16894	M41L, D67N, L210W, T215Y, K219N	0.9	['M41L', 'D67N', 'L210W', 'T215Y', 'K219N']	0
38131	M184V	1.3	['M184V']	1
38023	M41L, E44A, D67N, T69D, V75M, M184V, L210W, T215F	2.4	['M41L', 'E44A', 'D67N', 'T69D', 'V75M', 'M184V', 'L210W', 'T215F']	1
21200	D67N, K70R, K219Q	1.1	['D67N', 'K70R', 'K219Q']	0
24044		0.7	[]	0
7736	M41L, D67G, S68G, K70R, L74V, T215Y, K219E	1.6	['M41L', 'D67G', 'S68G', 'K70R', 'L74V', 'T215Y', 'K219E']	1
34294	D67N, T69D, M184V, T215F, K219Q	1.0	['D67N', 'T69D', 'M184V', 'T215F', 'K219Q']	0
37774	M41L, D67N, T69D, M184V, T215V, K219Q	1.4	['M41L', 'D67N', 'T69D', 'M184V', 'T215V', 'K219Q']	1
41273	M41L, D67N, K70R, M184V, T215F, K219Q	1.9	['M41L', 'D67N', 'K70R', 'M184V', 'T215F', 'K219Q']	1
15890	S68G, M184V	1.3	['S68G', 'M184V']	1
48172	D67N, T69D, K70R, M184V, T215F, K219Q	1.7	['D67N', 'T69D', 'K70R', 'M184V', 'T215F', 'K219Q']	1
12433	M41L, M184V, L210W, T215Y	1.5	['M41L', 'M184V', 'L210W', 'T215Y']	1
71565	M41L, A62V, T69G, L74V, M184V, L210W, T215Y	5.8	['M41L', 'A62V', 'T69G', 'L74V', 'M184V', 'L210W', 'T215Y']	1
21069	F116Y, Q151M	6.4	['F116Y', 'Q151M']	1
17429	M41L, S68G, L74V, M184V, T215Y	2.3	['M41L', 'S68G', 'L74V', 'M184V', 'T215Y']	1
48196	D67N, K70G, M184V, K219Q	1.6	['D67N', 'K70G', 'M184V', 'K219Q']	1
20184	M41L, A62V, V75T, M184V, L210W, T215Y	1.8	['M41L', 'A62V', 'V75T', 'M184V', 'L210W', 'T215Y']	1
42786	K65KR, S68SG, L74LV	1.3	['K65KR', 'S68SG', 'L74LV']	1
42684	M41L, E44A, D67N, T69D, V75M, M184V, L210W, T215F	2.6	['M41L', 'E44A', 'D67N', 'T69D', 'V75M', 'M184V', 'L210W', 'T215F']	1
20180	D67G, S68G, K70R, M184V, T215F, K219Q	1.5	['D67G', 'S68G', 'K70R', 'M184V', 'T215F', 'K219Q']	1
48080	M41L, E44EA, D67N, K70R, L74LI, M184V, L210W, T215Y, K219Q	2.3	['M41L', 'E44EA', 'D67N', 'K70R', 'L74LI', 'M184V', 'L210W', 'T215Y', 'K219Q']	1
34731	S68SG, M184V, T215F	1.8	['S68SG', 'M184V', 'T215F']	1
38927	S68SG, M184V, T215Y	1.2	['S68SG', 'M184V', 'T215Y']	0
26618	T215Y	0.9	['T215Y']	0
26606	M41L, M184V, T215Y	0.7	['M41L', 'M184V', 'T215Y']	0
26632	M41L, D67N, M184V, L210W, T215Y	2.1	['M41L', 'D67N', 'M184V', 'L210W', 'T215Y']	1
26610	M41L, E44D, D67N, T69D, M184V, L210W, T215Y	2.4	['M41L', 'E44D', 'D67N', 'T69D', 'M184V', 'L210W', 'T215Y']	1
51392	K65R, M184V	3.0	['K65R', 'M184V']	1
26626	M41L, D67N, M184V, L210W, T215Y	2.3	['M41L', 'D67N', 'M184V', 'L210W', 'T215Y']	1
26614	M41L, E44D, D67N, L210W, T215Y, K219N	1.6	['M41L', 'E44D', 'D67N', 'L210W', 'T215Y', 'K219N']	1
26635	D67N, K70R, M184V, T215F, K219Q	1.9	['D67N', 'K70R', 'M184V', 'T215F', 'K219Q']	1
26596	M41L, D67N, K70R, T215F, K219E	1.7	['M41L', 'D67N', 'K70R', 'T215F', 'K219E']	1
26617	T215Y	1.5	['T215Y']	1
26605	M41L, M184V	1.4	['M41L', 'M184V']	1
26616	T215Y	0.9	['T215Y']	0
26598	D67N, S68G, K70R, T215F, K219E	1.5	['D67N', 'S68G', 'K70R', 'T215F', 'K219E']	1
26607	A62V, S68G, K70G, V75I, F77L, Y115F, F116Y, Q151M, M184V	23.0	['A62V', 'S68G', 'K70G', 'V75I', 'F77L', 'Y115F', 'F116Y', 'Q151M', 'M184V']	1
51390	K65R	3.0	['K65R']	1
26600	M41L, L74V, T215Y	1.6	['M41L', 'L74V', 'T215Y']	1
26623	A62V, V75I, F77L, F116Y, Q151M	11.0	['A62V', 'V75I', 'F77L', 'F116Y', 'Q151M']	1
26620	M41L, A62V, D67N, V75I, M184V, L210W, T215Y	1.7	['M41L', 'A62V', 'D67N', 'V75I', 'M184V', 'L210W', 'T215Y']	1
26615	T215Y	1.4	['T215Y']	1
26631	K65R, S68G, K70R, V75I, F77L, Y115F, F116Y, Q151M	28.0	['K65R', 'S68G', 'K70R', 'V75I', 'F77L', 'Y115F', 'F116Y', 'Q151M']	1
26599	T215Y	1.1	['T215Y']	0
26611	M41L, E44D, D67N, T69D, L210W, T215Y	2.3	['M41L', 'E44D', 'D67N', 'T69D', 'L210W', 'T215Y']	1
26627	M41L, T69S_SS, L74V, M184V, L210W, T215Y	3.3	['M41L', 'T69S_SS', 'L74V', 'M184V', 'L210W', 'T215Y']	1
56243	M184MV	1.3	['M184MV']	1
56263		0.9	[]	0
56195	D67DN, M184V	1.3	['D67DN', 'M184V']	1
56233	M41L, D67N, T69ND, K70KR, V75I, F77L, F116Y, Q151M, M184V, T215FV, K219Q	15.0	['M41L', 'D67N', 'T69ND', 'K70KR', 'V75I', 'F77L', 'F116Y', 'Q151M', 'M184V', 'T215FV', 'K219Q']	1
56273	M41ML, D67DN, M184MV, K219KE	1.5	['M41ML', 'D67DN', 'M184MV', 'K219KE']	1
56399	D67N, T69D, K70R, T215F, K219Q	1.2	['D67N', 'T69D', 'K70R', 'T215F', 'K219Q']	0
56291	M41L, E44D, D67N, V75M, L210W, T215Y	1.5	['M41L', 'E44D', 'D67N', 'V75M', 'L210W', 'T215Y']	1
56255	D67N, K70R, M184V, T215F, K219E	1.4	['D67N', 'K70R', 'M184V', 'T215F', 'K219E']	1
56321	M41L, D67N, T215Y	1.1	['M41L', 'D67N', 'T215Y']	0
56269		1.0	[]	0
56187	M184MV	1.1	['M184MV']	0
56383	A62V, D67N, S68N, K70G, F116Y, Q151M, M184I, L210LW, T215Y	8.4	['A62V', 'D67N', 'S68N', 'K70G', 'F116Y', 'Q151M', 'M184I', 'L210LW', 'T215Y']	1
56199	M41L, M184V, L210LW, T215Y	2.1	['M41L', 'M184V', 'L210LW', 'T215Y']	1
56347	M41L, S68N, L74V, M184V, L210W, T215Y	2.2	['M41L', 'S68N', 'L74V', 'M184V', 'L210W', 'T215Y']	1
56403	D67N, T69D, K70R, T215F, K219Q	1.1	['D67N', 'T69D', 'K70R', 'T215F', 'K219Q']	0
56363	M184V	1.6	['M184V']	1
56283	M41L, D67N, T69D, M184V, L210W, T215Y	1.9	['M41L', 'D67N', 'T69D', 'M184V', 'L210W', 'T215Y']	1
56277	M41L, E44D, T69D, M184V, L210W, T215Y, K219R	2.4	['M41L', 'E44D', 'T69D', 'M184V', 'L210W', 'T215Y', 'K219R']	1
56323	M41L, D67N, L74LV, T215Y	1.2	['M41L', 'D67N', 'L74LV', 'T215Y']	0
56373	D67G, S68G, K70R, T215F, K219Q	1.1	['D67G', 'S68G', 'K70R', 'T215F', 'K219Q']	0
56299	S68G	1.0	['S68G']	0
56221	M41L, E44D, D67N, L210W, T215Y, K219R	2.2	['M41L', 'E44D', 'D67N', 'L210W', 'T215Y', 'K219R']	1
56215	M41L, A62AV, T215Y	1.1	['M41L', 'A62AV', 'T215Y']	0
56349	M41L, L210W, T215Y	1.9	['M41L', 'L210W', 'T215Y']	1
56177	M184MV	1.5	['M184MV']	1
56315	M41ML, M184V, T215Y	1.8	['M41ML', 'M184V', 'T215Y']	1
56279	M41L, E44D, T69D, L74V, L210W, T215Y, K219R	2.1	['M41L', 'E44D', 'T69D', 'L74V', 'L210W', 'T215Y', 'K219R']	1
56345	M41L, D67N, T69D, M184V, T215Y	1.7	['M41L', 'D67N', 'T69D', 'M184V', 'T215Y']	1
56329	M41L, D67N, K70R, V75VIM, T215F, K219E	1.8	['M41L', 'D67N', 'K70R', 'V75VIM', 'T215F', 'K219E']	1
56219	M41L, E44D, D67N, M184V, L210W, T215Y, K219KR	2.7	['M41L', 'E44D', 'D67N', 'M184V', 'L210W', 'T215Y', 'K219KR']	1
56311	M184V, T215Y	1.8	['M184V', 'T215Y']	1
56201	M41L, M184MV, L210LW, T215SY	1.4	['M41L', 'M184MV', 'L210LW', 'T215SY']	1
56389	M41L, E44D, D67N, T69D, M184V, L210W, T215Y	2.1	['M41L', 'E44D', 'D67N', 'T69D', 'M184V', 'L210W', 'T215Y']	1
56257	M41L, M184V, T215Y	1.4	['M41L', 'M184V', 'T215Y']	1
56169	D67N, K70R, M184V, T215F, K219Q	2.0	['D67N', 'K70R', 'M184V', 'T215F', 'K219Q']	1
56247	M184V	1.5	['M184V']	1
56249	L74V, M184V	1.6	['L74V', 'M184V']	1
56377	M41L, D67N, K70R, M184V, T215F, K219E	1.9	['M41L', 'D67N', 'K70R', 'M184V', 'T215F', 'K219E']	1
56355	D67DN, T215Y	0.9	['D67DN', 'T215Y']	0
56163	L74LV, M184V	1.6	['L74LV', 'M184V']	1
56341	M41L, D67N, T69D, M184V, T215Y	2.1	['M41L', 'D67N', 'T69D', 'M184V', 'T215Y']	1
56371	D67DEG, S68SG, K70R, T215IF, K219Q	1.0	['D67DEG', 'S68SG', 'K70R', 'T215IF', 'K219Q']	0
56175		0.7	[]	0
56405	D67NT, T69D, K70R, T215F, K219Q	1.1	['D67NT', 'T69D', 'K70R', 'T215F', 'K219Q']	0
56295	D67N, K70R, T215F, K219E	1.6	['D67N', 'K70R', 'T215F', 'K219E']	1
56385	A62V, D67N, S68N, K70G, V75I, F77L, Y115F, F116Y, Q151M, M184I, T215Y	16.0	['A62V', 'D67N', 'S68N', 'K70G', 'V75I', 'F77L', 'Y115F', 'F116Y', 'Q151M', 'M184I', 'T215Y']	1
56185	M41L, E44A, D67N, K70R, V75M, L210W, T215Y, K219HQ	2.0	['M41L', 'E44A', 'D67N', 'K70R', 'V75M', 'L210W', 'T215Y', 'K219HQ']	1
56205		0.9	[]	0
56253	D67NH, K70KR, M184V, T215FV, K219E	1.6	['D67NH', 'K70KR', 'M184V', 'T215FV', 'K219E']	1
56397	D67N, T69D, K70R, T215F, K219Q	1.3	['D67N', 'T69D', 'K70R', 'T215F', 'K219Q']	1
56369	D67DEG, S68G, K70R, T215F, K219Q	1.2	['D67DEG', 'S68G', 'K70R', 'T215F', 'K219Q']	0
56297	S68G	0.8	['S68G']	0
56167		0.8	[]	0
56229	M41L, M184V, T215F	1.8	['M41L', 'M184V', 'T215F']	1
56181	D67N, K70KR, M184MV	1.1	['D67N', 'K70KR', 'M184MV']	0
56211	M184MV	1.3	['M184MV']	1
56381	D67N, S68N, K70G, F116Y, Q151M, T215Y	5.3	['D67N', 'S68N', 'K70G', 'F116Y', 'Q151M', 'T215Y']	1
56171	D67N, K70R, L74V, M184V, T215F, K219Q	2.1	['D67N', 'K70R', 'L74V', 'M184V', 'T215F', 'K219Q']	1
56331	M41L, D67N, K70R, V75M, M184V, T215F, K219E	1.7	['M41L', 'D67N', 'K70R', 'V75M', 'M184V', 'T215F', 'K219E']	1
56237	M41ML, D67NS, K70R, V75I, F77L, F116Y, Q151M, M184V, T215V, K219Q	13.0	['M41ML', 'D67NS', 'K70R', 'V75I', 'F77L', 'F116Y', 'Q151M', 'M184V', 'T215V', 'K219Q']	1
56197		1.2	[]	0
56191		0.9	[]	0
56319	M41L, D67N, T215Y	1.1	['M41L', 'D67N', 'T215Y']	0
56361	M184V	1.4	['M184V']	1
56401	D67N, T69D, K70R, T215F, K219Q	1.1	['D67N', 'T69D', 'K70R', 'T215F', 'K219Q']	0
56343	M41L, D67N, T69D, M184V, T215Y	2.4	['M41L', 'D67N', 'T69D', 'M184V', 'T215Y']	1
56275	M41ML, D67DN, M184MV	1.1	['M41ML', 'D67DN', 'M184MV']	0
56281	M41L, D67N, T69D, M184V, L210W, T215Y	2.1	['M41L', 'D67N', 'T69D', 'M184V', 'L210W', 'T215Y']	1
56375	M41L, D67N, K70R, M184V, T215F, K219E	2.2	['M41L', 'D67N', 'K70R', 'M184V', 'T215F', 'K219E']	1
56203	M184V	1.4	['M184V']	1
56213	M41L, M184V, T215Y	1.9	['M41L', 'M184V', 'T215Y']	1
56251	A62AV, M184V	1.1	['A62AV', 'M184V']	0
56179	D67DN, M184V	3.0	['D67DN', 'M184V']	1
56183	M41L, E44A, D67N, K70R, V75M, L210W, T215FY, K219HQ	2.9	['M41L', 'E44A', 'D67N', 'K70R', 'V75M', 'L210W', 'T215FY', 'K219HQ']	1
56313	M184V, T215Y	1.7	['M184V', 'T215Y']	1
56393	M184V	1.5	['M184V']	1
56339	M41L, D67N, T69D, M184V, T215Y	1.6	['M41L', 'D67N', 'T69D', 'M184V', 'T215Y']	1
56317	M41L, D67N, T215Y	1.3	['M41L', 'D67N', 'T215Y']	1
56193	D67DN, M184V	1.8	['D67DN', 'M184V']	1
56285	M41L, K70T, V75I, M184V	1.5	['M41L', 'K70T', 'V75I', 'M184V']	1
56407	D67N, T69D, K70R, T215F, K219Q	1.2	['D67N', 'T69D', 'K70R', 'T215F', 'K219Q']	0
56387	A62V, D67N, S68N, K70G, V75I, F77L, Y115F, F116Y, Q151M, M184I, T215Y	16.0	['A62V', 'D67N', 'S68N', 'K70G', 'V75I', 'F77L', 'Y115F', 'F116Y', 'Q151M', 'M184I', 'T215Y']	1
56335	K70KE, L210W, T215Y	1.2	['K70KE', 'L210W', 'T215Y']	0
56217		0.9	[]	0
56261	M41ML, A62AV, F116FY, Q151M, M184V	5.5	['M41ML', 'A62AV', 'F116FY', 'Q151M', 'M184V']	1
56207		0.9	[]	0
56231	M41L, M184V, T215F	1.5	['M41L', 'M184V', 'T215F']	1
56357	M41ML, L210LW, T215Y	1.3	['M41ML', 'L210LW', 'T215Y']	1
56245	K65R, S68G, V75A	3.7	['K65R', 'S68G', 'V75A']	1
56259	M41L, L74V, M184V, T215Y	2.2	['M41L', 'L74V', 'M184V', 'T215Y']	1
56161	M184V	1.5	['M184V']	1
56379	D67N, K70R, K219KN	1.1	['D67N', 'K70R', 'K219KN']	0
62907		1.0	[]	0
62915		0.9	[]	0
62925		0.8	[]	0
62911		1.1	[]	0
62921		1.1	[]	0
62931		0.9	[]	0
62917		1.3	[]	1
62905		1.0	[]	0
62935		1.0	[]	0
62927		0.6	[]	0
62909		1.2	[]	0
62923		0.9	[]	0
62903		1.1	[]	0
62933		1.0	[]	0
62929		0.8	[]	0
62937	S68G	0.9	['S68G']	0
62919		1.2	[]	0
62913		0.8	[]	0
63698	K65N, Y115F	1.5	['K65N', 'Y115F']	1
63696	K65N	1.4	['K65N']	1
63860	M41L, D67N, L74V, M184V, L210W, T215Y	2.4	['M41L', 'D67N', 'L74V', 'M184V', 'L210W', 'T215Y']	1
41183	M41L, E44D, D67N, S68SG, K70KR, M184V, L210W, T215Y, K219E	1.7	['M41L', 'E44D', 'D67N', 'S68SG', 'K70KR', 'M184V', 'L210W', 'T215Y', 'K219E']	1
63842		0.9	[]	0
50044	M184V	1.3	['M184V']	1
55465	D67G, S68G, L74V, Y115F, M184V, T215F, K219E	1.9	['D67G', 'S68G', 'L74V', 'Y115F', 'M184V', 'T215F', 'K219E']	1
20217	M41L, T215E	0.8	['M41L', 'T215E']	0
63788		1.0	[]	0
21689	M41L, T215F	1.1	['M41L', 'T215F']	0
55479	M41L, E44D, D67N, M184V, L210W, T215Y	1.8	['M41L', 'E44D', 'D67N', 'M184V', 'L210W', 'T215Y']	1
50052	M184V	1.7	['M184V']	1
43048	M41L	0.8	['M41L']	0
42015	D67N, K70R, M184V, K219Q	1.5	['D67N', 'K70R', 'M184V', 'K219Q']	1
43034	T215C	1.1	['T215C']	0
58144		0.9	[]	0
37764	D67N, K70R, T215F, K219Q	1.6	['D67N', 'K70R', 'T215F', 'K219Q']	1
27647	M184V, T215Y	1.8	['M184V', 'T215Y']	1
20189	D67G, S68G, K70R, M184V, T215F, K219Q	2.0	['D67G', 'S68G', 'K70R', 'M184V', 'T215F', 'K219Q']	1
63746	K70R, M184V	1.1	['K70R', 'M184V']	0
63734	M41L, E44D, D67N, T69D, M184V, L210W, T215Y	2.2	['M41L', 'E44D', 'D67N', 'T69D', 'M184V', 'L210W', 'T215Y']	1
33147		1.1	[]	0
59237	M41L, E44D, D67N, M184V, L210W, T215Y, K219DN	2.0	['M41L', 'E44D', 'D67N', 'M184V', 'L210W', 'T215Y', 'K219DN']	1
57652	M41L, E44D, D67G, T69D, V75M, F77L, M184V, L210W	1.5	['M41L', 'E44D', 'D67G', 'T69D', 'V75M', 'F77L', 'M184V', 'L210W']	1
63724	M41L, E44D, D67N, M184V, L210W, T215Y	1.6	['M41L', 'E44D', 'D67N', 'M184V', 'L210W', 'T215Y']	1
43020		0.9	[]	0
63768	D67N, K70R, M184V, K219Q	1.1	['D67N', 'K70R', 'M184V', 'K219Q']	0
55388	T215CS	0.9	['T215CS']	0
43086		0.9	[]	0
43080		1.0	[]	0
57630	M41L, D67N, K70R, T215F, K219Q	2.0	['M41L', 'D67N', 'K70R', 'T215F', 'K219Q']	1
63792		1.2	[]	0
61376	M41L, E44D, D67N, L210W, T215Y, K219R	2.0	['M41L', 'E44D', 'D67N', 'L210W', 'T215Y', 'K219R']	1
19917	M41L, D67N, K70R, T215F, K219Q	1.6	['M41L', 'D67N', 'K70R', 'T215F', 'K219Q']	1
43062		1.0	[]	0
55469	D67N, T69D, K70R, T215F, K219Q	1.4	['D67N', 'T69D', 'K70R', 'T215F', 'K219Q']	1
37953	M184I	1.0	['M184I']	0
43078	M184I	1.1	['M184I']	0
42974	M41L, D67N, M184V, L210W, T215Y	1.9	['M41L', 'D67N', 'M184V', 'L210W', 'T215Y']	1
63850	M41L, L74V, M184V, T215FY	1.8	['M41L', 'L74V', 'M184V', 'T215FY']	1
63832	M41L, D67N, T69D, V75M, M184V, L210W, T215F, K219W	8.6	['M41L', 'D67N', 'T69D', 'V75M', 'M184V', 'L210W', 'T215F', 'K219W']	1
42572	D67G, K70R, V75T, L210LW, K219Q	2.8	['D67G', 'K70R', 'V75T', 'L210LW', 'K219Q']	1
63770		1.1	[]	0
63796	M41L, D67N, L74I, V75T, M184MV, L210W, T215Y	4.0	['M41L', 'D67N', 'L74I', 'V75T', 'M184MV', 'L210W', 'T215Y']	1
55481	M41L, E44D, D67N, M184V, L210W, T215Y	2.1	['M41L', 'E44D', 'D67N', 'M184V', 'L210W', 'T215Y']	1
59333		0.9	[]	0
63752	L74V, Y115F, M184V	2.9	['L74V', 'Y115F', 'M184V']	1
55475	D67N, K70R, M184V, K219E	1.7	['D67N', 'K70R', 'M184V', 'K219E']	1
42029	M41L, D67N, T69D, K70R, T215F, K219Q	1.6	['M41L', 'D67N', 'T69D', 'K70R', 'T215F', 'K219Q']	1
41191	D67N, K70R, L74V, M184V, K219Q	2.1	['D67N', 'K70R', 'L74V', 'M184V', 'K219Q']	1
55463	M41L, M184V, L210W, T215Y	1.6	['M41L', 'M184V', 'L210W', 'T215Y']	1
63784		0.7	[]	0
63846	M41L, E44D, D67N, M184V, L210W, T215Y, K219N	2.4	['M41L', 'E44D', 'D67N', 'M184V', 'L210W', 'T215Y', 'K219N']	1
63716		1.2	[]	0
63720	K70R, M184V, K219Q	1.3	['K70R', 'M184V', 'K219Q']	1
21691	M184V	1.7	['M184V']	1
63760		0.9	[]	0
63774		1.0	[]	0
42574	D67NH, K70R, M184V, T215F, K219Q	1.6	['D67NH', 'K70R', 'M184V', 'T215F', 'K219Q']	1
43088	M184V	1.3	['M184V']	1
42037	A62V, K65R, M184V	2.5	['A62V', 'K65R', 'M184V']	1
63828	M41L, E44D, D67N, K70R, V75M, L210W, T215Y, K219Q	3.1	['M41L', 'E44D', 'D67N', 'K70R', 'V75M', 'L210W', 'T215Y', 'K219Q']	1
43070		0.9	[]	0
43068	M184V	1.7	['M184V']	1
63800	D67N, T69ND, K70RG, L74V, M184V, K219QE	1.6	['D67N', 'T69ND', 'K70RG', 'L74V', 'M184V', 'K219QE']	1
63856	M41L, E44D, D67N, L74V, M184MV, L210W, T215Y, K219R	2.0	['M41L', 'E44D', 'D67N', 'L74V', 'M184MV', 'L210W', 'T215Y', 'K219R']	1
63840		1.0	[]	0
34267	K70R	0.8	['K70R']	0
50907	D67N, K70R, M184V, T215Y, K219E	1.2	['D67N', 'K70R', 'M184V', 'T215Y', 'K219E']	0
42031	M41L, V75M, M184V, L210W, T215Y	3.2	['M41L', 'V75M', 'M184V', 'L210W', 'T215Y']	1
55473	M41L, T215Y	0.9	['M41L', 'T215Y']	0
21667	M41L, M184V, T215F	1.5	['M41L', 'M184V', 'T215F']	1
63726	D67G, K70E, M184V, K219R	1.5	['D67G', 'K70E', 'M184V', 'K219R']	1
63730	D67N, K70R, M184V, K219Q	1.4	['D67N', 'K70R', 'M184V', 'K219Q']	1
55453	D67N, K70R, K219Q	0.9	['D67N', 'K70R', 'K219Q']	0
63780	D67N, K70R, T215F, K219E	1.6	['D67N', 'K70R', 'T215F', 'K219E']	1
63834		0.4	[]	0
42045	M41L, S68G, L74V, M184V, L210W, T215Y	2.5	['M41L', 'S68G', 'L74V', 'M184V', 'L210W', 'T215Y']	1
24531	A62V, V75T, M184V	1.4	['A62V', 'V75T', 'M184V']	1
60774	K65R	2.1	['K65R']	1
63804		0.8	[]	0
42017	D67N, T69ND, K70R, K219Q	1.1	['D67N', 'T69ND', 'K70R', 'K219Q']	0
63722	M41L, E44D, D67N, L74V, M184V, L210W, T215Y, K219N	2.3	['M41L', 'E44D', 'D67N', 'L74V', 'M184V', 'L210W', 'T215Y', 'K219N']	1
63864	M41L, M184V, T215Y	1.2	['M41L', 'M184V', 'T215Y']	0
43030		1.0	[]	0
23545	D67N, K70R, L74V, M184V, K219Q	2.4	['D67N', 'K70R', 'L74V', 'M184V', 'K219Q']	1
38421		0.8	[]	0
63822	M41L, D67N, K70G, L74LV, T215F, K219Q	1.6	['M41L', 'D67N', 'K70G', 'L74LV', 'T215F', 'K219Q']	1
43040	D67N, K70R, T215I, K219E	2.0	['D67N', 'K70R', 'T215I', 'K219E']	1
43076		1.0	[]	0
43052		0.9	[]	0
42041	K65R, Y115YF	2.0	['K65R', 'Y115YF']	1
21673	M41L, D67N, M184V, L210W, T215Y	2.1	['M41L', 'D67N', 'M184V', 'L210W', 'T215Y']	1
20798	E40F, M41L, D67N, L210W, T215Y, K219R	4.4	['E40F', 'M41L', 'D67N', 'L210W', 'T215Y', 'K219R']	1
43064	M41L, D67N, M184V, L210W, T215Y	2.2	['M41L', 'D67N', 'M184V', 'L210W', 'T215Y']	1
21701	M184V	1.3	['M184V']	1
35225	M41L, T215D	0.9	['M41L', 'T215D']	0
63740	M41L, E44A, A62V, D67N, K70R, L74I, V75T, M184V, L210W, T215Y, K219E	6.8	['M41L', 'E44A', 'A62V', 'D67N', 'K70R', 'L74I', 'V75T', 'M184V', 'L210W', 'T215Y', 'K219E']	1
57632		1.2	[]	0
51393	K65R	2.3	['K65R']	1
43054		1.1	[]	0
63742	M41L, D67N, L74V, M184V, T215Y, K219Q	2.5	['M41L', 'D67N', 'L74V', 'M184V', 'T215Y', 'K219Q']	1
63808		0.9	[]	0
21096	D67G, T69D, K70R, M184V, K219Q	1.3	['D67G', 'T69D', 'K70R', 'M184V', 'K219Q']	1
42568		0.8	[]	0
21141	K70R	0.9	['K70R']	0
63766	M41L, D67N, L74V, M184V, L210W, T215Y, K219N	1.6	['M41L', 'D67N', 'L74V', 'M184V', 'L210W', 'T215Y', 'K219N']	1
43022		0.9	[]	0
63814	M41L, E44D, D67N, K70R, L210W, T215Y	1.5	['M41L', 'E44D', 'D67N', 'K70R', 'L210W', 'T215Y']	1
21668	M41L, D67N, M184V, L210W, T215Y	2.2	['M41L', 'D67N', 'M184V', 'L210W', 'T215Y']	1
63806	M41L, E44D, D67N, L74I, M184V, L210W, T215Y	2.9	['M41L', 'E44D', 'D67N', 'L74I', 'M184V', 'L210W', 'T215Y']	1
55447		0.9	[]	0
63736	D67G, S68G, K70R, M184V, T215F, K219E	1.4	['D67G', 'S68G', 'K70R', 'M184V', 'T215F', 'K219E']	1
63744	K70R, K219Q	0.9	['K70R', 'K219Q']	0
35555	D67N, K70R, M184V, T215I, K219E	1.6	['D67N', 'K70R', 'M184V', 'T215I', 'K219E']	1
8417	T69E_KS, V75M, L210W, T215F	4.8	['T69E_KS', 'V75M', 'L210W', 'T215F']	1
63824		0.9	[]	0
63718	S68G, M184V, T215Y	1.2	['S68G', 'M184V', 'T215Y']	0
63844	M41L, S68SG, T69T_SS, L74I, M184V, L210W	0.9	['M41L', 'S68SG', 'T69T_SS', 'L74I', 'M184V', 'L210W']	0
63810	M41L, D67G, K70R, L74V, T215F, K219Q	1.5	['M41L', 'D67G', 'K70R', 'L74V', 'T215F', 'K219Q']	1
55467	D67G, S68G, L74V, Y115F, M184V, T215F, K219E	1.9	['D67G', 'S68G', 'L74V', 'Y115F', 'M184V', 'T215F', 'K219E']	1
43082	M184V	1.2	['M184V']	0
63714	E44D, D67~, S68G, T69G, K70R, T215I, K219Q	1.4	['E44D', 'D67~', 'S68G', 'T69G', 'K70R', 'T215I', 'K219Q']	1
39194	D67N, K70R, M184V, K219E	1.3	['D67N', 'K70R', 'M184V', 'K219E']	1
50054	M184V	1.0	['M184V']	0
63754	M184V	1.4	['M184V']	1
43058	M41L, E44D, D67N, K70R, L74V, M184V, L210W, T215Y, K219E	2.9	['M41L', 'E44D', 'D67N', 'K70R', 'L74V', 'M184V', 'L210W', 'T215Y', 'K219E']	1
42578	S68G	1.0	['S68G']	0
42019	M41L, D67N, T69D, L210W, T215Y	1.9	['M41L', 'D67N', 'T69D', 'L210W', 'T215Y']	1
63818	M41L, D67N, L210W, T215Y	1.8	['M41L', 'D67N', 'L210W', 'T215Y']	1
51394	K65R	1.5	['K65R']	1
55483	M41L, E44D, D67N, T69D, K70R, V75M, L210W, T215F, K219Q	1.6	['M41L', 'E44D', 'D67N', 'T69D', 'K70R', 'V75M', 'L210W', 'T215F', 'K219Q']	1
63772		1.1	[]	0
35112		1.1	[]	0
23888	D67N, K70R, M184V, K219E	2.0	['D67N', 'K70R', 'M184V', 'K219E']	1
43084		0.8	[]	0
43036	M41L, L74V, M184V, L210W, T215Y	2.0	['M41L', 'L74V', 'M184V', 'L210W', 'T215Y']	1
63782		0.8	[]	0
23718	D67G, T69D, K70R, M184V, K219Q	1.8	['D67G', 'T69D', 'K70R', 'M184V', 'K219Q']	1
50943	M41L, D67N, K70R, M184V, T215F, K219Q	1.4	['M41L', 'D67N', 'K70R', 'M184V', 'T215F', 'K219Q']	1
63820	D67N, K70R, M184I, T215F, K219Q	1.3	['D67N', 'K70R', 'M184I', 'T215F', 'K219Q']	1
63758		0.9	[]	0
21687	D67N, K70R, M184V, K219E	1.7	['D67N', 'K70R', 'M184V', 'K219E']	1
21707		1.0	[]	0
55461	M41L, A62V, M184V, L210W, T215Y	1.1	['M41L', 'A62V', 'M184V', 'L210W', 'T215Y']	0
34308	D67N, K70KR, M184V, T215F, K219E	1.3	['D67N', 'K70KR', 'M184V', 'T215F', 'K219E']	1
21697	M41L, M184V, T215Y	1.9	['M41L', 'M184V', 'T215Y']	1
43024	L74V, M184V	3.0	['L74V', 'M184V']	1
55485	M41L, E44D, D67N, T69D, K70R, V75M, L210W, T215F, K219Q	1.6	['M41L', 'E44D', 'D67N', 'T69D', 'K70R', 'V75M', 'L210W', 'T215F', 'K219Q']	1
63710	D67N, K70R, M184V, K219Q	1.3	['D67N', 'K70R', 'M184V', 'K219Q']	1
43046		0.8	[]	0
21113	D67G, S68G, K70R, T215F, K219E	1.1	['D67G', 'S68G', 'K70R', 'T215F', 'K219E']	0
55455	D67N, K70R, M184V, K219Q	1.5	['D67N', 'K70R', 'M184V', 'K219Q']	1
43060	M41L, L210W, T215Y	1.5	['M41L', 'L210W', 'T215Y']	1
20247		0.6	[]	0
63794	M41L, L74V, T215Y	1.2	['M41L', 'L74V', 'T215Y']	0
40734	D67N, K70R, L74V, M184V, K219Q	2.1	['D67N', 'K70R', 'L74V', 'M184V', 'K219Q']	1
42886	M41L, D67N, T69D, V75T, L210W, T215Y, K219N	2.2	['M41L', 'D67N', 'T69D', 'V75T', 'L210W', 'T215Y', 'K219N']	1
63830	M41L, M184V, L210W, T215Y	1.8	['M41L', 'M184V', 'L210W', 'T215Y']	1
63866	D67N, K70R, L74V, K219Q	2.3	['D67N', 'K70R', 'L74V', 'K219Q']	1
63750	M184V	1.5	['M184V']	1
63778	M41L, D67N, M184V, T215F	1.4	['M41L', 'D67N', 'M184V', 'T215F']	1
42023	D67N, M184V, L210W, T215Y, K219N	2.6	['D67N', 'M184V', 'L210W', 'T215Y', 'K219N']	1
55471	M184V, L210W, T215Y	1.4	['M184V', 'L210W', 'T215Y']	1
43066	M41L, E44D, D67N, L74V, M184V, L210W, T215Y, K219N	1.9	['M41L', 'E44D', 'D67N', 'L74V', 'M184V', 'L210W', 'T215Y', 'K219N']	1
43074	M41L, E44D, D67N, T69D, L210W, T215Y, K219KR	2.0	['M41L', 'E44D', 'D67N', 'T69D', 'L210W', 'T215Y', 'K219KR']	1
63836	M41L, E44D, D67N, K70KR, L74LI, M184V, L210W, T215Y, K219Q	1.9	['M41L', 'E44D', 'D67N', 'K70KR', 'L74LI', 'M184V', 'L210W', 'T215Y', 'K219Q']	1
55477	M41L, E44D, D67N, M184V, L210W, T215Y	2.0	['M41L', 'E44D', 'D67N', 'M184V', 'L210W', 'T215Y']	1
55457		0.9	[]	0
42686	K70N	1.1	['K70N']	0
42043	M41L, D67N, L74V, M184V, L210W, T215Y	3.1	['M41L', 'D67N', 'L74V', 'M184V', 'L210W', 'T215Y']	1
43028	K65R, M184V	2.4	['K65R', 'M184V']	1
50893	M41L, E44D, D67N, L74I, M184V, L210W, T215Y	1.8	['M41L', 'E44D', 'D67N', 'L74I', 'M184V', 'L210W', 'T215Y']	1
43090		0.9	[]	0
55451		0.9	[]	0
63862	T215Y	1.2	['T215Y']	0
40739	K70R, L74I, Y115F, M184V	1.9	['K70R', 'L74I', 'Y115F', 'M184V']	1
63762	M41L, M184V, T215Y	1.7	['M41L', 'M184V', 'T215Y']	1
43044	M41L, T69D, V75M, L210W, T215Y, K219R	1.6	['M41L', 'T69D', 'V75M', 'L210W', 'T215Y', 'K219R']	1
43056		0.8	[]	0
63776	M41L, M184V	1.7	['M41L', 'M184V']	1
42570		1.3	[]	1
21174	M41L, D67N, K70R, M184V, T215F, K219Q	1.7	['M41L', 'D67N', 'K70R', 'M184V', 'T215F', 'K219Q']	1
39023	M41L, M184V, L210W, T215Y	1.8	['M41L', 'M184V', 'L210W', 'T215Y']	1
63826		1.1	[]	0
63852	M41L, D67G, S68G, L74V, V75VA, M184V, L210W, T215Y, K219N	4.3	['M41L', 'D67G', 'S68G', 'L74V', 'V75VA', 'M184V', 'L210W', 'T215Y', 'K219N']	1
63712		1.1	[]	0
59287	M41L, L74V, M184V, L210W, T215Y	2.3	['M41L', 'L74V', 'M184V', 'L210W', 'T215Y']	1
43072	M41L, L74I, M184V, L210W, T215Y	1.6	['M41L', 'L74I', 'M184V', 'L210W', 'T215Y']	1
43050	M41L, A62V, T69D, V75T, L210W, T215Y	2.1	['M41L', 'A62V', 'T69D', 'V75T', 'L210W', 'T215Y']	1
43018	L74V, Y115F, M184V, K219E	1.9	['L74V', 'Y115F', 'M184V', 'K219E']	1
42027	S68N, K70T, L74V, V75T, Y115F, Q151M, M184V	13.0	['S68N', 'K70T', 'L74V', 'V75T', 'Y115F', 'Q151M', 'M184V']	1
63858	M41L, T215Y, K219R	1.3	['M41L', 'T215Y', 'K219R']	1
21675	M41L, D67N, K70R, L74V, M184V, L210W, T215Y, K219E	3.1	['M41L', 'D67N', 'K70R', 'L74V', 'M184V', 'L210W', 'T215Y', 'K219E']	1
41189	M41L, M184V, T215Y	1.6	['M41L', 'M184V', 'T215Y']	1
51395	K65R, M184V	3.1	['K65R', 'M184V']	1
60958		0.9	[]	0
63732	E44D, D67N, T69D, L210W, T215D	0.7	['E44D', 'D67N', 'T69D', 'L210W', 'T215D']	0
48426	D67DN, K70KR, M184MV	2.0	['D67DN', 'K70KR', 'M184MV']	1
38305		1.0	[]	0
55459		0.7	[]	0
55449	D67N, K70R, T215F, K219E	1.3	['D67N', 'K70R', 'T215F', 'K219E']	1
43038	M41L, D67DN, M184V, L210W, T215Y, K219KN	1.6	['M41L', 'D67DN', 'M184V', 'L210W', 'T215Y', 'K219KN']	1
63786	M41L, D67N, T69D, M184V, L210W, T215Y	1.9	['M41L', 'D67N', 'T69D', 'M184V', 'L210W', 'T215Y']	1
43032		0.9	[]	0
43042	S68G	0.9	['S68G']	0
63738	M41L, E44D, D67N, L74V, M184V, L210W, T215Y	2.5	['M41L', 'E44D', 'D67N', 'L74V', 'M184V', 'L210W', 'T215Y']	1
63728	D67N, K70R, T215F, K219E	1.2	['D67N', 'K70R', 'T215F', 'K219E']	0
34521	D67G, S68G, K70R, M184V, T215V, K219E	1.3	['D67G', 'S68G', 'K70R', 'M184V', 'T215V', 'K219E']	1
92196	M41L, L74V, M184V, L210W, T215Y	2.9	['M41L', 'L74V', 'M184V', 'L210W', 'T215Y']	1
91781	M41ML, A62AV, M184V, L210LW, T215Y	1.5	['M41ML', 'A62AV', 'M184V', 'L210LW', 'T215Y']	1
92269	D67N, T69D, K70R, M184V, T215F, K219Q	1.3	['D67N', 'T69D', 'K70R', 'M184V', 'T215F', 'K219Q']	1
91795	M41L, D67N, L74I, V75T, M184V, L210W, T215Y, K219Q	4.2	['M41L', 'D67N', 'L74I', 'V75T', 'M184V', 'L210W', 'T215Y', 'K219Q']	1
91811	M41L, D67N, M184V, L210W, T215Y	2.2	['M41L', 'D67N', 'M184V', 'L210W', 'T215Y']	1
91867	M41L, E44ED, M184V, L210W, T215F	1.4	['M41L', 'E44ED', 'M184V', 'L210W', 'T215F']	1
91879	M41L, E44D, D67N, K70R, L74V, L210W, T215Y, K219E	1.8	['M41L', 'E44D', 'D67N', 'K70R', 'L74V', 'L210W', 'T215Y', 'K219E']	1
91807	M41L, E44D, D67N, L210W, T215Y, K219N	2.2	['M41L', 'E44D', 'D67N', 'L210W', 'T215Y', 'K219N']	1
92283	M41L, D67N, K70R, L210W, T215Y, K219E	1.5	['M41L', 'D67N', 'K70R', 'L210W', 'T215Y', 'K219E']	1
92249	M41L, D67N, L74V, M184V, L210W, T215Y	2.7	['M41L', 'D67N', 'L74V', 'M184V', 'L210W', 'T215Y']	1
91716	M41L, D67N, T69D, L210W, T215Y	1.5	['M41L', 'D67N', 'T69D', 'L210W', 'T215Y']	1
91694	M41L, D67N, K70G, L74I, V75T, T215F, K219Q	2.0	['M41L', 'D67N', 'K70G', 'L74I', 'V75T', 'T215F', 'K219Q']	1
91772	M41L, D67GV, S68G, K70R, L74I, L210W, T215F, K219E	1.8	['M41L', 'D67GV', 'S68G', 'K70R', 'L74I', 'L210W', 'T215F', 'K219E']	1
92172	E40F, M41L, D67N, L74V, L210W, T215Y, K219N	2.4	['E40F', 'M41L', 'D67N', 'L74V', 'L210W', 'T215Y', 'K219N']	1
92202	M41L, A62V, V75I, T215Y	1.3	['M41L', 'A62V', 'V75I', 'T215Y']	1
91831	M41L, E44D, D67N, T69D, V75M, L210W, T215Y	1.6	['M41L', 'E44D', 'D67N', 'T69D', 'V75M', 'L210W', 'T215Y']	1
91698	D67N, T215F	1.8	['D67N', 'T215F']	1
91823	M41L, L210W, T215Y	1.5	['M41L', 'L210W', 'T215Y']	1
91873	M41L, M184MV, T215Y	1.5	['M41L', 'M184MV', 'T215Y']	1
92271	M41L, E44D, D67N, T69D, L74V, L210W, T215Y	1.8	['M41L', 'E44D', 'D67N', 'T69D', 'L74V', 'L210W', 'T215Y']	1
91750	M41L, D67N, L210W, T215Y, K219R	1.1	['M41L', 'D67N', 'L210W', 'T215Y', 'K219R']	0
91799	M41L, E44D, D67N, L74V, L210W, T215Y, K219N	2.1	['M41L', 'E44D', 'D67N', 'L74V', 'L210W', 'T215Y', 'K219N']	1
91847	M41ML, D67N, T69D, K219R	0.9	['M41ML', 'D67N', 'T69D', 'K219R']	0
91742	M41L, D67N, T69D, K70R, V75MT, T215F, K219Q	1.5	['M41L', 'D67N', 'T69D', 'K70R', 'V75MT', 'T215F', 'K219Q']	1
91901	M41L, E44EAD, D67N, M184V, L210W, T215Y	1.9	['M41L', 'E44EAD', 'D67N', 'M184V', 'L210W', 'T215Y']	1
92294	M41L, E44D, D67E, S68G, L74I, V75M, M184V, L210W, T215Y	2.3	['M41L', 'E44D', 'D67E', 'S68G', 'L74I', 'V75M', 'M184V', 'L210W', 'T215Y']	1
91913	M41L, T215Y	0.9	['M41L', 'T215Y']	0
91728	A62V, K65R, K70T, V75I, F77L, Y115F, F116Y, Q151M, M184V	22.0	['A62V', 'K65R', 'K70T', 'V75I', 'F77L', 'Y115F', 'F116Y', 'Q151M', 'M184V']	1
91885	M41L, D67N, L74I, M184V, T215Y	2.1	['M41L', 'D67N', 'L74I', 'M184V', 'T215Y']	1
91785	M41L, D67N, K70R, L74V, L210W, T215F, K219W	9.3	['M41L', 'D67N', 'K70R', 'L74V', 'L210W', 'T215F', 'K219W']	1
91917		0.9	[]	0
91726	M41L, D67N, T69D, K70R, T215F, K219Q	1.8	['M41L', 'D67N', 'T69D', 'K70R', 'T215F', 'K219Q']	1
91859	M41L, E44D, D67N, V75A, M184V, L210W, T215Y	1.9	['M41L', 'E44D', 'D67N', 'V75A', 'M184V', 'L210W', 'T215Y']	1
91708		1.0	[]	0
91801	M184V	1.2	['M184V']	0
91887	D67H, K70R, M184V, T215F, K219*E	1.5	['D67H', 'K70R', 'M184V', 'T215F', 'K219*E']	1
91762	M41L, D67N, V75M, L210W, T215Y	1.8	['M41L', 'D67N', 'V75M', 'L210W', 'T215Y']	1
92182	M41L, E44ED, D67N, V75ILM, L210W, T215Y, K219R	1.6	['M41L', 'E44ED', 'D67N', 'V75ILM', 'L210W', 'T215Y', 'K219R']	1
91776		0.8	[]	0
91787	M41L, A62V, V75I, T215Y	1.0	['M41L', 'A62V', 'V75I', 'T215Y']	0
92225	M41L, S68G, M184V, T215Y	1.6	['M41L', 'S68G', 'M184V', 'T215Y']	1
92208	D67N, S68N, L74V, T215Y, K219E	1.2	['D67N', 'S68N', 'L74V', 'T215Y', 'K219E']	0
91758	D67DN, T215Y	0.9	['D67DN', 'T215Y']	0
92178	L74V, Y115F, M184V	2.6	['L74V', 'Y115F', 'M184V']	1
91861	K70KN, L74V, Y115F, Q151M, M184V, K219Q	8.6	['K70KN', 'L74V', 'Y115F', 'Q151M', 'M184V', 'K219Q']	1
91837	D67N, L74IV, M184V, T215I, K219E	1.4	['D67N', 'L74IV', 'M184V', 'T215I', 'K219E']	1
91738	M41L, D67N, L210W, T215Y, K219N	0.9	['M41L', 'D67N', 'L210W', 'T215Y', 'K219N']	0
92233	M41ML, E44ED, T69AD, L210LW, K219KR	2.0	['M41ML', 'E44ED', 'T69AD', 'L210LW', 'K219KR']	1
92273	M41L, E44D, D67S, T69T_VT, L210W, T215Y	7.2	['M41L', 'E44D', 'D67S', 'T69T_VT', 'L210W', 'T215Y']	1
91827	M41L, D67DN, M184V, T215Y	1.3	['M41L', 'D67DN', 'M184V', 'T215Y']	1
91905	K65R, S68G, Q151M	8.9	['K65R', 'S68G', 'Q151M']	1
91911	M41L, E44D, D67G, S68G, V75M, L210W, T215Y	1.2	['M41L', 'E44D', 'D67G', 'S68G', 'V75M', 'L210W', 'T215Y']	0
92287	M41L, S68G, M184V, L210W, T215Y	1.3	['M41L', 'S68G', 'M184V', 'L210W', 'T215Y']	1
92265	M41L, D67N, L210W, T215Y	1.0	['M41L', 'D67N', 'L210W', 'T215Y']	0
92192	M41L, M184V, L210W, T215Y, K219E	1.4	['M41L', 'M184V', 'L210W', 'T215Y', 'K219E']	1
91791	M41L, K65KE, L74V, M184V, T215Y	2.1	['M41L', 'K65KE', 'L74V', 'M184V', 'T215Y']	1
91754	M41L, L74V, M184V, L210W, T215Y	1.9	['M41L', 'L74V', 'M184V', 'L210W', 'T215Y']	1
91897	D67N, K70R, T215F, K219Q	1.6	['D67N', 'K70R', 'T215F', 'K219Q']	1
92200	D67N, K70R, K219Q	0.9	['D67N', 'K70R', 'K219Q']	0
91734	T215Y	1.1	['T215Y']	0
92174	M41L, E44D, D67N, T69DN, K70R, L74I, L210W, T215F, K219Q	1.5	['M41L', 'E44D', 'D67N', 'T69DN', 'K70R', 'L74I', 'L210W', 'T215F', 'K219Q']	1
91748	M41L, D67N, L210W, T215Y, K219R	1.6	['M41L', 'D67N', 'L210W', 'T215Y', 'K219R']	1
92277	M41L, E44A, D67N, T69D, V75M, M184V, L210W, T215Y	2.5	['M41L', 'E44A', 'D67N', 'T69D', 'V75M', 'M184V', 'L210W', 'T215Y']	1
91817	M41ML, D67N, T69DY, K70R, M184V, T215F, K219Q	1.5	['M41ML', 'D67N', 'T69DY', 'K70R', 'M184V', 'T215F', 'K219Q']	1
91863	M184MV	1.8	['M184MV']	1
92241	M41L, D67N, L74V, M184V, L210W, T215Y, K219N	2.7	['M41L', 'D67N', 'L74V', 'M184V', 'L210W', 'T215Y', 'K219N']	1
91712	M41L, M184V, L210W, T215Y	1.7	['M41L', 'M184V', 'L210W', 'T215Y']	1
92229	S68G, F116Y, Q151M, M184V	12.0	['S68G', 'F116Y', 'Q151M', 'M184V']	1
91704	D67N, K70GR, L74LV, T215I, K219E	1.2	['D67N', 'K70GR', 'L74LV', 'T215I', 'K219E']	0
91821	K65KR, S68G, K70R, V75I, F77L, Y115F, F116Y, Q151M, K219E	16.0	['K65KR', 'S68G', 'K70R', 'V75I', 'F77L', 'Y115F', 'F116Y', 'Q151M', 'K219E']	1
91702		0.9	[]	0
91853	M41L, E44A, D67N, L74I, V75M, M184V, L210W, T215Y, K219KN	2.3	['M41L', 'E44A', 'D67N', 'L74I', 'V75M', 'M184V', 'L210W', 'T215Y', 'K219KN']	1
92216	D67N, T69D, K70R, L74V, M184V, K219Q	2.4	['D67N', 'T69D', 'K70R', 'L74V', 'M184V', 'K219Q']	1
91919	A62V, T69T_T, V75T	5.8	['A62V', 'T69T_T', 'V75T']	1
91779	D67N, K70R, T215F, K219E	1.4	['D67N', 'K70R', 'T215F', 'K219E']	1
91825	M41L, D67N, L210W, T215Y, K219KN	1.6	['M41L', 'D67N', 'L210W', 'T215Y', 'K219KN']	1
91903	M41L, E44ED, L74V, M184V, L210LW, T215Y	2.1	['M41L', 'E44ED', 'L74V', 'M184V', 'L210LW', 'T215Y']	1
91696	M41L, T69S_SS, L210W, T215Y	3.5	['M41L', 'T69S_SS', 'L210W', 'T215Y']	1
91764	M41L, D67N, V75M, L210W, T215Y	2.1	['M41L', 'D67N', 'V75M', 'L210W', 'T215Y']	1
92204	M41L, D67N, L74V, L210W, T215Y, K219R	2.3	['M41L', 'D67N', 'L74V', 'L210W', 'T215Y', 'K219R']	1
91700	D67N, K70R, K219Q	1.0	['D67N', 'K70R', 'K219Q']	0
91895	M41L, E44D, D67N, M184V, L210W, T215Y, K219N	2.1	['M41L', 'E44D', 'D67N', 'M184V', 'L210W', 'T215Y', 'K219N']	1
92279	M41L, D67N, L210LW, T215Y, K219R	1.2	['M41L', 'D67N', 'L210LW', 'T215Y', 'K219R']	0
91813	M41L, D67N, T69D, K70R, V75M, T215Y, K219Q	1.6	['M41L', 'D67N', 'T69D', 'K70R', 'V75M', 'T215Y', 'K219Q']	1
91833	M41L, E44D, D67N, T69D, V75M, L210W, T215Y	1.4	['M41L', 'E44D', 'D67N', 'T69D', 'V75M', 'L210W', 'T215Y']	1
92231	E40F, M41L, T69D, V75M, L210W, T215Y	3.5	['E40F', 'M41L', 'T69D', 'V75M', 'L210W', 'T215Y']	1
91740		0.8	[]	0
91877	T215Y	1.2	['T215Y']	0
91746	M41L, L74V, V75S, M184V, T215Y	1.9	['M41L', 'L74V', 'V75S', 'M184V', 'T215Y']	1
92255	M41L, L74V, V75S, M184V, T215Y	2.5	['M41L', 'L74V', 'V75S', 'M184V', 'T215Y']	1
92180	D67N, K70R, M184V, T215V, K219Q	1.9	['D67N', 'K70R', 'M184V', 'T215V', 'K219Q']	1
92289	M41L, L74LFI, V75VI, L210W, T215Y	2.4	['M41L', 'L74LFI', 'V75VI', 'L210W', 'T215Y']	1
92292	M41L, E44A, D67N, T69D, L210W, T215Y	2.0	['M41L', 'E44A', 'D67N', 'T69D', 'L210W', 'T215Y']	1
92221	M41L, D67N, L210W, T215Y	1.7	['M41L', 'D67N', 'L210W', 'T215Y']	1
91915	M41L	0.9	['M41L']	0
91907	M41L, D67N, L74V, L210W, T215Y, K219N	2.3	['M41L', 'D67N', 'L74V', 'L210W', 'T215Y', 'K219N']	1
91883	D67N, L74LV, L210LW, T215NY, K219N	1.9	['D67N', 'L74LV', 'L210LW', 'T215NY', 'K219N']	1
91789	M41L, D67N, T69D, L210W, T215Y, K219R	1.6	['M41L', 'D67N', 'T69D', 'L210W', 'T215Y', 'K219R']	1
91774	A62V, K65R, D67N, S68G, V75I, F77L, Y115F, F116Y, Q151M, K219E	20.0	['A62V', 'K65R', 'D67N', 'S68G', 'V75I', 'F77L', 'Y115F', 'F116Y', 'Q151M', 'K219E']	1
92198	M41L, M184V, T215Y	1.8	['M41L', 'M184V', 'T215Y']	1
92251	M41L, E44D, D67N, L74LV, M184V, L210W, T215Y, K219N	2.2	['M41L', 'E44D', 'D67N', 'L74LV', 'M184V', 'L210W', 'T215Y', 'K219N']	1
92186		1.3	[]	1
91710	M41L, L210W, T215Y	1.3	['M41L', 'L210W', 'T215Y']	1
91891	M41L, D67DN, M184V, L210W, T215Y	1.6	['M41L', 'D67DN', 'M184V', 'L210W', 'T215Y']	1
91730	M41L, E44D, T69D, L210W, T215Y, K219R	1.7	['M41L', 'E44D', 'T69D', 'L210W', 'T215Y', 'K219R']	1
92261	D67N, K70R, M184V, T215F, K219Q	1.9	['D67N', 'K70R', 'M184V', 'T215F', 'K219Q']	1
92247	M41L, M184V, L210W, T215Y	1.7	['M41L', 'M184V', 'L210W', 'T215Y']	1
92206	M41L, M184V, L210W, T215Y	1.3	['M41L', 'M184V', 'L210W', 'T215Y']	1
92237	M41L, E44D, D67N, T69D, M184V, L210W, T215Y, K219KR	2.1	['M41L', 'E44D', 'D67N', 'T69D', 'M184V', 'L210W', 'T215Y', 'K219KR']	1
91819	M41L, E44D, D67N, L74I, V75A, M184V, L210L*W, T215Y	2.2	['M41L', 'E44D', 'D67N', 'L74I', 'V75A', 'M184V', 'L210L*W', 'T215Y']	1
91845	D67N, K70G, T215F, K219Q	1.2	['D67N', 'K70G', 'T215F', 'K219Q']	0
91865	M41L, E44D, D67N, L74V, T215Y	1.8	['M41L', 'E44D', 'D67N', 'L74V', 'T215Y']	1
91736	M184V	1.7	['M184V']	1
92285	M41L, S68G, M184V, L210W, T215Y	1.8	['M41L', 'S68G', 'M184V', 'L210W', 'T215Y']	1
91839	M41L, T69T_ST, V75M, M184V, T215Y	1.8	['M41L', 'T69T_ST', 'V75M', 'M184V', 'T215Y']	1
92218	M41L, M184V, L210W, T215Y	1.9	['M41L', 'M184V', 'L210W', 'T215Y']	1
91855	T69G_SG, V75M, M184V, T215F	3.7	['T69G_SG', 'V75M', 'M184V', 'T215F']	1
91881	M41L, E44D, D67N, K70R, L74V, L210W, T215Y, K219E	6.1	['M41L', 'E44D', 'D67N', 'K70R', 'L74V', 'L210W', 'T215Y', 'K219E']	1
92190	T215Y	1.0	['T215Y']	0
92239	M41L, E44D, D67N, T69D, M184V, L210W, T215Y, K219KR	1.6	['M41L', 'E44D', 'D67N', 'T69D', 'M184V', 'L210W', 'T215Y', 'K219KR']	1
92227	M41L, E44D, D67N, T69D, L74V, F77FL, M184V, L210W, T215Y	2.2	['M41L', 'E44D', 'D67N', 'T69D', 'L74V', 'F77FL', 'M184V', 'L210W', 'T215Y']	1
91724	M41L, L210LW, T215Y	0.9	['M41L', 'L210LW', 'T215Y']	0
91805	D67N, K70R, L74V, Y115F, M184V, K219E	1.5	['D67N', 'K70R', 'L74V', 'Y115F', 'M184V', 'K219E']	1
91857	M41L, E44D, D67N, M184V, L210W, T215Y	1.7	['M41L', 'E44D', 'D67N', 'M184V', 'L210W', 'T215Y']	1
92188	T215Y	0.9	['T215Y']	0
92223	M41L, L74V, Y115F, M184V, T215Y, K219E	1.6	['M41L', 'L74V', 'Y115F', 'M184V', 'T215Y', 'K219E']	1
91714	L74V, M184V	2.5	['L74V', 'M184V']	1
91809	M41L, M184V, T215CY	1.5	['M41L', 'M184V', 'T215CY']	1
91841	M41L, E44D, D67N, L210W, T215Y	1.8	['M41L', 'E44D', 'D67N', 'L210W', 'T215Y']	1
91756	A62V, D67DG, T69DN, K70KN, V75T, M184V	4.0	['A62V', 'D67DG', 'T69DN', 'K70KN', 'V75T', 'M184V']	1
91889	D67N, K70KR, T215TI, K219Q	1.4	['D67N', 'K70KR', 'T215TI', 'K219Q']	1
91720	M41L, A62V, T69S_SS, M184I, L210W, T215Y	2.4	['M41L', 'A62V', 'T69S_SS', 'M184I', 'L210W', 'T215Y']	1
91851	D67N, K70R, M184V, T215I, K219E	1.5	['D67N', 'K70R', 'M184V', 'T215I', 'K219E']	1
91815	M41L, D67N, K70R, L210W, T215F, K219Q	2.2	['M41L', 'D67N', 'K70R', 'L210W', 'T215F', 'K219Q']	1
92235	M41L, L74V, M184V, L210W, T215Y	2.7	['M41L', 'L74V', 'M184V', 'L210W', 'T215Y']	1
91718		0.8	[]	0
91797	A62V, D67N, V75I, F116FY, T215NY, K219Q	4.9	['A62V', 'D67N', 'V75I', 'F116FY', 'T215NY', 'K219Q']	1
91706	M41L, D67N, T69D, K70R, M184V, T215F, K219Q	1.4	['M41L', 'D67N', 'T69D', 'K70R', 'M184V', 'T215F', 'K219Q']	1
91752	D67N, K70R, L74LV, K219Q	2.4	['D67N', 'K70R', 'L74LV', 'K219Q']	1
92259	M41L, E44D, D67N, T69D, L74LI, V75A, M184V, L210W, T215Y	2.5	['M41L', 'E44D', 'D67N', 'T69D', 'L74LI', 'V75A', 'M184V', 'L210W', 'T215Y']	1
92210	M41L, D67N, T69D, K70R, L74V, V75T, T215F, K219Q	3.2	['M41L', 'D67N', 'T69D', 'K70R', 'L74V', 'V75T', 'T215F', 'K219Q']	1
92267	M41L, E44ED, D67G, T69D, V75M, M184MV, L210W, T215Y, K219R	2.5	['M41L', 'E44ED', 'D67G', 'T69D', 'V75M', 'M184MV', 'L210W', 'T215Y', 'K219R']	1
92176	T215L	0.9	['T215L']	0
91732	M41L, E44D, T69D, M184V, L210W, T215Y, K219R	2.2	['M41L', 'E44D', 'T69D', 'M184V', 'L210W', 'T215Y', 'K219R']	1
91869	M41L, E44ED, L210W, T215F	1.2	['M41L', 'E44ED', 'L210W', 'T215F']	0
91899	M41L, E44EAD, D67N, M184V, L210W, T215Y	2.7	['M41L', 'E44EAD', 'D67N', 'M184V', 'L210W', 'T215Y']	1
92184	D67N, K70R, T215F, K219Q	1.2	['D67N', 'K70R', 'T215F', 'K219Q']	0
92275	M41L, D67N, T69D, K70R, L74I, V75T, L210LW, T215F, K219Q	2.3	['M41L', 'D67N', 'T69D', 'K70R', 'L74I', 'V75T', 'L210LW', 'T215F', 'K219Q']	1
125417	E44D	1.4	['E44D']	1
128485		0.6	[]	0
183806	M41L, T215D	1.0	['M41L', 'T215D']	0
183803	S68G	1.2	['S68G']	0
183800	M41L, T215Y	1.8	['M41L', 'T215Y']	1
183798	M41L, L74V, M184V, T215Y	2.8	['M41L', 'L74V', 'M184V', 'T215Y']	1
183801		1.4	[]	1
183799	M41L, D67G, L74I, M184V, T215Y	1.2	['M41L', 'D67G', 'L74I', 'M184V', 'T215Y']	0
183804	M41L, T215F	1.2	['M41L', 'T215F']	0
183802	K70R, M184V, T215F	2.1	['K70R', 'M184V', 'T215F']	1
183808	M41L, L210W, T215Y	1.5	['M41L', 'L210W', 'T215Y']	1
183805	M41L, E44D, D67N, T69D, L74I, L210W, T215Y	3.0	['M41L', 'E44D', 'D67N', 'T69D', 'L74I', 'L210W', 'T215Y']	1
184293	K70~	1.0	['K70~']	0
184294	K70~, Q151M	6.0	['K70~', 'Q151M']	1
184295	K70~, L74V	6.3	['K70~', 'L74V']	1
184292	Q151M	4.6	['Q151M']	1
184296	L74V	1.8	['L74V']	1
184297		1.0	[]	0
184306	M184V	2.2	['M184V']	1
184309		1.0	[]	0
184305	M184I	2.2	['M184I']	1
184308	M184V	2.0	['M184V']	1
184304		1.3	[]	1
184307	M184I	2.3	['M184I']	1
184320	M41L, D67N, K70R, M184V, T215F, K219Q	2.2	['M41L', 'D67N', 'K70R', 'M184V', 'T215F', 'K219Q']	1
184326	M41L, D67G, K70R, L74I, M184V, T215F, K219Q	1.8	['M41L', 'D67G', 'K70R', 'L74I', 'M184V', 'T215F', 'K219Q']	1
184319	D67N, K70R	1.5	['D67N', 'K70R']	1
184318	D67N, K70R, T215E, K219Q	2.0	['D67N', 'K70R', 'T215E', 'K219Q']	1
184323	M41L, D67N, T69D, V75T, L210W, T215Y	2.4	['M41L', 'D67N', 'T69D', 'V75T', 'L210W', 'T215Y']	1
184321	M41L, D67N, K70R, M184V, T215F, K219Q	2.8	['M41L', 'D67N', 'K70R', 'M184V', 'T215F', 'K219Q']	1
184327	M41L, D67G, K70R, L74I, M184V, T215F, K219Q	1.9	['M41L', 'D67G', 'K70R', 'L74I', 'M184V', 'T215F', 'K219Q']	1
184324	D67N, K70R, L74I, M184V, T215F, K219Q	1.9	['D67N', 'K70R', 'L74I', 'M184V', 'T215F', 'K219Q']	1
184325	D67N, K70R, M184V, T215F, K219Q	1.3	['D67N', 'K70R', 'M184V', 'T215F', 'K219Q']	1
184328	D67N, K70R, K219Q	1.8	['D67N', 'K70R', 'K219Q']	1
184329	D67N, K70R, K219Q	1.1	['D67N', 'K70R', 'K219Q']	0
184322	M41L, D67N, T69D, V75T, L210W, T215Y	3.2	['M41L', 'D67N', 'T69D', 'V75T', 'L210W', 'T215Y']	1
96320	M41ML, D67N, M184MIV, T215F, K219Q	1.8	['M41ML', 'D67N', 'M184MIV', 'T215F', 'K219Q']	1
122671	M41ML, L74LI, M184MV, L210LW, T215SY	1.3	['M41ML', 'L74LI', 'M184MV', 'L210LW', 'T215SY']	1
135157	L74LI, M184V	1.6	['L74LI', 'M184V']	1
95241	D67G, K70R, T215I, K219Q	1.6	['D67G', 'K70R', 'T215I', 'K219Q']	1
68581	M41L, D67N, L74V, M184V, L210W, T215Y, K219Q	2.5	['M41L', 'D67N', 'L74V', 'M184V', 'L210W', 'T215Y', 'K219Q']	1
184271	M41L, D67N, T69D, M184V, L210W, T215F	2.2	['M41L', 'D67N', 'T69D', 'M184V', 'L210W', 'T215F']	1
70969	M41L, D67N, L74LI, M184V, L210W, T215Y, K219N	2.1	['M41L', 'D67N', 'L74LI', 'M184V', 'L210W', 'T215Y', 'K219N']	1
95064	M41L, M184V, L210W, T215Y	2.2	['M41L', 'M184V', 'L210W', 'T215Y']	1
95836	M41L, E44A, D67N, V75M, F77L, M184V, L210W, T215Y, K219Q	1.9	['M41L', 'E44A', 'D67N', 'V75M', 'F77L', 'M184V', 'L210W', 'T215Y', 'K219Q']	1
88725	M184MV	1.3	['M184MV']	1
125012		1.1	[]	0
84914	M41L, E44D, T69D, L210W, T215Y, K219R	3.2	['M41L', 'E44D', 'T69D', 'L210W', 'T215Y', 'K219R']	1
50903	M41L, E44ED, D67N, L74LI, M184MV, L210W, T215Y, K219KN	2.0	['M41L', 'E44ED', 'D67N', 'L74LI', 'M184MV', 'L210W', 'T215Y', 'K219KN']	1
88793		1.1	[]	0
92511	M184V	1.9	['M184V']	1
127370		1.2	[]	0
127344		0.9	[]	0
166050	T69D, M184V	1.4	['T69D', 'M184V']	1
59233	M41L, D67N, L74I, V75T, M184V, L210W, T215Y	4.0	['M41L', 'D67N', 'L74I', 'V75T', 'M184V', 'L210W', 'T215Y']	1
177176		0.7	[]	0
88779	M184MIV, T215TI	1.5	['M184MIV', 'T215TI']	1
86056	D67G, S68G, K70R, M184V, L210W, T215F, K219W	3.5	['D67G', 'S68G', 'K70R', 'M184V', 'L210W', 'T215F', 'K219W']	1
125028	K70R, M184V	1.5	['K70R', 'M184V']	1
70951	E40F, M41L, D67N, L74LI, L210W, T215Y, K219N	2.9	['E40F', 'M41L', 'D67N', 'L74LI', 'L210W', 'T215Y', 'K219N']	1
151302	M184V, T215Y	3.1	['M184V', 'T215Y']	1
87354	M41L, E44D, A62V, D67N, V75I, L210W, K219N	1.8	['M41L', 'E44D', 'A62V', 'D67N', 'V75I', 'L210W', 'K219N']	1
96356	M41L, E44D, L74IV, M184V, L210W, T215Y, K219R	2.3	['M41L', 'E44D', 'L74IV', 'M184V', 'L210W', 'T215Y', 'K219R']	1
71557	M41L, E44D, D67DN, L74LV, M184V, L210LW, T215Y, K219KN	1.8	['M41L', 'E44D', 'D67DN', 'L74LV', 'M184V', 'L210LW', 'T215Y', 'K219KN']	1
69023	K65R, M184MV	2.7	['K65R', 'M184MV']	1
122799		1.2	[]	0
124523	D67N, K70R, K219E	1.3	['D67N', 'K70R', 'K219E']	1
88803	M184V	1.8	['M184V']	1
92373	M41L, E44D, D67N, T69D, M184V, L210W, T215Y, K219R	3.5	['M41L', 'E44D', 'D67N', 'T69D', 'M184V', 'L210W', 'T215Y', 'K219R']	1
177180	A62V, K65R, M184V	2.0	['A62V', 'K65R', 'M184V']	1
95812	K70KR, M184V	1.5	['K70KR', 'M184V']	1
184310		1.0	[]	0
88743		1.6	[]	1
184267		2.0	[]	1
96408	M41L, D67N, K70R, M184V, T215F, K219Q	1.3	['M41L', 'D67N', 'K70R', 'M184V', 'T215F', 'K219Q']	1
95844	D67N, K70R, T215F, K219Q	1.3	['D67N', 'K70R', 'T215F', 'K219Q']	1
122651	M41L, S68G, L210W, T215F	1.0	['M41L', 'S68G', 'L210W', 'T215F']	0
88749		1.0	[]	0
122782	M41L, M184V, T215Y	1.5	['M41L', 'M184V', 'T215Y']	1
95822	M184V	3.1	['M184V']	1
96442		0.9	[]	0
185096		0.9	[]	0
195307	A62AV, M184V	1.3	['A62AV', 'M184V']	1
185948	L74V, M184V	3.3	['L74V', 'M184V']	1
185950	D67N, K70R, M184V, K219Q	1.4	['D67N', 'K70R', 'M184V', 'K219Q']	1
184254	M184MV	0.6	['M184MV']	0
151290	K65R, M184V, T215S, K219KN	2.4	['K65R', 'M184V', 'T215S', 'K219KN']	1
184262	M41L, T69D, M184V, L210W, T215Y	1.8	['M41L', 'T69D', 'M184V', 'L210W', 'T215Y']	1
96332		1.1	[]	0
87344	M41ML, D67N, T69D, T215D	1.1	['M41ML', 'D67N', 'T69D', 'T215D']	0
184244	L74V, T215C	1.4	['L74V', 'T215C']	1
59627	M41L, D67DN, M184V, L210W, T215Y, K219N	2.1	['M41L', 'D67DN', 'M184V', 'L210W', 'T215Y', 'K219N']	1
184257	M41L, D67N, K70R, T215Y, K219E	1.5	['M41L', 'D67N', 'K70R', 'T215Y', 'K219E']	1
63816	M41L, E44ED, D67N, M184IV, L210W, T215Y	2.5	['M41L', 'E44ED', 'D67N', 'M184IV', 'L210W', 'T215Y']	1
166060	D67N, K70R, V75T, M184V, K219Q	4.2	['D67N', 'K70R', 'V75T', 'M184V', 'K219Q']	1
88787		1.6	[]	1
96434		1.3	[]	1
124527		1.2	[]	0
195241		1.5	[]	1
94390	M41L, D67N, K70R, M184V, T215Y, K219E	2.0	['M41L', 'D67N', 'K70R', 'M184V', 'T215Y', 'K219E']	1
125000	M41L, L74LV, M184V, T215Y	1.5	['M41L', 'L74LV', 'M184V', 'T215Y']	1
96368	M41L, D67N, L74I, M184V, L210W, T215Y, K219Q	1.9	['M41L', 'D67N', 'L74I', 'M184V', 'L210W', 'T215Y', 'K219Q']	1
94396	M41L, E44D, D67N, L74IV, M184V, L210W, T215Y, K219N	2.5	['M41L', 'E44D', 'D67N', 'L74IV', 'M184V', 'L210W', 'T215Y', 'K219N']	1
94382	M41L, E44D, D67N, L74LV, M184V, L210W, T215Y, K219KR	1.1	['M41L', 'E44D', 'D67N', 'L74LV', 'M184V', 'L210W', 'T215Y', 'K219KR']	0
184273	M184V	1.3	['M184V']	1
134365	D67N, S68G, T215L, K219Q	1.5	['D67N', 'S68G', 'T215L', 'K219Q']	1
185056		0.9	[]	0
122767	M41L, D67N, V75M, M184V, L210W, T215Y, K219E	2.1	['M41L', 'D67N', 'V75M', 'M184V', 'L210W', 'T215Y', 'K219E']	1
175999	M41L, D67N, K70R, M184V, T215F, K219E	1.9	['M41L', 'D67N', 'K70R', 'M184V', 'T215F', 'K219E']	1
127276		1.6	[]	1
127252		1.1	[]	0
86054	M41L, D67N, L74I, M184V, T215F, K219W	4.3	['M41L', 'D67N', 'L74I', 'M184V', 'T215F', 'K219W']	1
166070	T69D, V75A, M184V	3.9	['T69D', 'V75A', 'M184V']	1
71497	M41L, K70KR, M184V, L210W, T215Y, K219E	2.3	['M41L', 'K70KR', 'M184V', 'L210W', 'T215Y', 'K219E']	1
122669	E44D, A62V, M184V, L210W, T215Y	1.8	['E44D', 'A62V', 'M184V', 'L210W', 'T215Y']	1
96354	M41L, D67N, K70KR, M184V, T215F, K219Q	2.0	['M41L', 'D67N', 'K70KR', 'M184V', 'T215F', 'K219Q']	1
127368		1.0	[]	0
195299	S68G	1.1	['S68G']	0
125018		0.6	[]	0
71475	M41L, E44ED, D67N, L74LV, L210W, T215Y, K219KR	2.6	['M41L', 'E44ED', 'D67N', 'L74LV', 'L210W', 'T215Y', 'K219KR']	1
71567	A62V, K70N, V75I, F77L, Y115F, F116Y, Q151M	17.0	['A62V', 'K70N', 'V75I', 'F77L', 'Y115F', 'F116Y', 'Q151M']	1
122675	M41L, L210W, T215Y	0.9	['M41L', 'L210W', 'T215Y']	0
95816		0.8	[]	0
184281	M41L, D67NS, T69D, K70R, M184V, T215F, K219Q	1.9	['M41L', 'D67NS', 'T69D', 'K70R', 'M184V', 'T215F', 'K219Q']	1
184277	M41L, D67N, K70N, M184V, T215Y	1.7	['M41L', 'D67N', 'K70N', 'M184V', 'T215Y']	1
195283	M184V	1.5	['M184V']	1
96438	M41L, E44D, D67N, M184V, L210W, T215Y, K219E	1.5	['M41L', 'E44D', 'D67N', 'M184V', 'L210W', 'T215Y', 'K219E']	1
195273		1.1	[]	0
96229	A62V, V75I	1.2	['A62V', 'V75I']	0
195261		1.0	[]	0
127312		0.6	[]	0
102354	M41L, D67N, T69D, K70R, L74I, M184V, T215F, K219W	3.1	['M41L', 'D67N', 'T69D', 'K70R', 'L74I', 'M184V', 'T215F', 'K219W']	1
55092	D67N, K70R, M184MV, T215TI, K219Q	1.4	['D67N', 'K70R', 'M184MV', 'T215TI', 'K219Q']	1
185066	D67N, K70R, K219Q	0.7	['D67N', 'K70R', 'K219Q']	0
166086		1.4	[]	1
51129	M41L, L74V, T215Y	1.5	['M41L', 'L74V', 'T215Y']	1
96342	M41L, L74V, M184V, L210W, T215Y, K219N	2.0	['M41L', 'L74V', 'M184V', 'L210W', 'T215Y', 'K219N']	1
184248	M41L, A62V, K65R, V75I, Y115F, F116Y, Q151M, L210W, T215E	18.0	['M41L', 'A62V', 'K65R', 'V75I', 'Y115F', 'F116Y', 'Q151M', 'L210W', 'T215E']	1
175995		0.9	[]	0
162659	D67G, K70E, M184V	1.9	['D67G', 'K70E', 'M184V']	1
177172	M41L, M184V, T215Y	3.0	['M41L', 'M184V', 'T215Y']	1
122647	M41L, S68SG, L74V, M184V, T215Y	2.2	['M41L', 'S68SG', 'L74V', 'M184V', 'T215Y']	1
95060	M41L, D67N, M184V, L210W, T215Y, K219E	2.1	['M41L', 'D67N', 'M184V', 'L210W', 'T215Y', 'K219E']	1
71509	M41L, D67N, L74LI, M184V, L210W, T215Y	1.6	['M41L', 'D67N', 'L74LI', 'M184V', 'L210W', 'T215Y']	1
124519		0.8	[]	0
71521	M41L, T69S_SS, V75M, M184V, L210W, T215FY	4.3	['M41L', 'T69S_SS', 'V75M', 'M184V', 'L210W', 'T215FY']	1
195239	M184V, T215Y	1.3	['M184V', 'T215Y']	1
86038	M41L, M184V, L210W, T215Y	2.0	['M41L', 'M184V', 'L210W', 'T215Y']	1
88731		1.0	[]	0
68595	M41L, D67G, S68G, K70R, L74I, M184V, T215F, K219E	2.5	['M41L', 'D67G', 'S68G', 'K70R', 'L74I', 'M184V', 'T215F', 'K219E']	1
96384	M41L, D67N, L74LI, M184V, L210LW, T215FY, K219Q	4.8	['M41L', 'D67N', 'L74LI', 'M184V', 'L210LW', 'T215FY', 'K219Q']	1
127298	M41L, M184V, T215Y	1.7	['M41L', 'M184V', 'T215Y']	1
84910	D67N, T69D, K70R, F116Y, Q151M, M184V, T215V, K219Q	8.2	['D67N', 'T69D', 'K70R', 'F116Y', 'Q151M', 'M184V', 'T215V', 'K219Q']	1
95068	D67N, T69D, M184V, T215L, K219Q	1.4	['D67N', 'T69D', 'M184V', 'T215L', 'K219Q']	1
63984	M41L, D67G, K70R, M184V, L210W, T215Y, K219E	2.5	['M41L', 'D67G', 'K70R', 'M184V', 'L210W', 'T215Y', 'K219E']	1
195235		0.9	[]	0
96374	M41L, E44A, D67NS, V75M, F77L, M184V, L210W, T215Y, K219Q	2.0	['M41L', 'E44A', 'D67NS', 'V75M', 'F77L', 'M184V', 'L210W', 'T215Y', 'K219Q']	1
96392	M41L, E44D, L74I, M184V, L210W, T215Y, K219R	2.8	['M41L', 'E44D', 'L74I', 'M184V', 'L210W', 'T215Y', 'K219R']	1
122801		0.9	[]	0
84230	D67N	1.4	['D67N']	1
95056	M41L, E44A, D67N, L210W, T215Y	2.2	['M41L', 'E44A', 'D67N', 'L210W', 'T215Y']	1
84124	M41L, D67N, T69D, M184V, L210W, T215Y	1.8	['M41L', 'D67N', 'T69D', 'M184V', 'L210W', 'T215Y']	1
92367	M41L, D67N, T69D, K70R, M184V, T215F, K219Q	1.8	['M41L', 'D67N', 'T69D', 'K70R', 'M184V', 'T215F', 'K219Q']	1
71493	T215F	0.9	['T215F']	0
63798	M41L, D67N, K70R, L74LI, T215F, K219Q	1.8	['M41L', 'D67N', 'K70R', 'L74LI', 'T215F', 'K219Q']	1
127332		0.8	[]	0
96398	M41L, S68SG, L74V, M184V, L210W, T215Y	2.0	['M41L', 'S68SG', 'L74V', 'M184V', 'L210W', 'T215Y']	1
71487	M41L, D67N, L74V, L210W, T215FY	1.9	['M41L', 'D67N', 'L74V', 'L210W', 'T215FY']	1
71535	M41L, D67N, L74LV, L210W, T215Y, K219R	1.5	['M41L', 'D67N', 'L74LV', 'L210W', 'T215Y', 'K219R']	1
95072	K65R, S68N, M184V	3.1	['K65R', 'S68N', 'M184V']	1
95832		1.3	[]	1
84186	M41L, L74LV, M184V, L210W, T215Y	2.2	['M41L', 'L74LV', 'M184V', 'L210W', 'T215Y']	1
88707		0.8	[]	0
94372	M41L, D67N, K70R, M184V, T215IF, K219E	2.6	['M41L', 'D67N', 'K70R', 'M184V', 'T215IF', 'K219E']	1
195259		1.0	[]	0
71469	M41L, D67N, K70R, M184V, T215F, K219Q	1.7	['M41L', 'D67N', 'K70R', 'M184V', 'T215F', 'K219Q']	1
127224	D67N, T69D, K70R, L74V, T215IF, K219Q	1.4	['D67N', 'T69D', 'K70R', 'L74V', 'T215IF', 'K219Q']	1
127234	E44D	1.1	['E44D']	0
87348		1.4	[]	1
195257		0.9	[]	0
195297		0.9	[]	0
88755		0.8	[]	0
184285	M41L, V75M, F77L, M184V, L210W, T215Y	1.6	['M41L', 'V75M', 'F77L', 'M184V', 'L210W', 'T215Y']	1
122663	A62V, K65R, S68G, K70R, V75I, F77L, Y115F, F116Y, Q151M, M184V, T215TI	100.0	['A62V', 'K65R', 'S68G', 'K70R', 'V75I', 'F77L', 'Y115F', 'F116Y', 'Q151M', 'M184V', 'T215TI']	1
127336		1.2	[]	0
151308	M41ML, K65R, K70T, Y115F	2.9	['M41ML', 'K65R', 'K70T', 'Y115F']	1
127286	M41L, D67DN, M184V, L210W, T215Y, K219N	1.8	['M41L', 'D67DN', 'M184V', 'L210W', 'T215Y', 'K219N']	1
42580	M41L, M184V, L210LW, T215Y	1.6	['M41L', 'M184V', 'L210LW', 'T215Y']	1
71549	M41ML, D67N, S68SG, L210W, T215C, K219E	1.3	['M41ML', 'D67N', 'S68SG', 'L210W', 'T215C', 'K219E']	1
96235	M41L, D67DN, L210W, T215F	1.5	['M41L', 'D67DN', 'L210W', 'T215F']	1
70955	M41L, D67N, S68G, M184V, T215S, K219E	1.2	['M41L', 'D67N', 'S68G', 'M184V', 'T215S', 'K219E']	0
184315	K70E, M184V	1.5	['K70E', 'M184V']	1
185082	D67N, K70R, M184V, T215V, K219E	1.4	['D67N', 'K70R', 'M184V', 'T215V', 'K219E']	1
96563	K65R	1.6	['K65R']	1
184263	M41L, D67N, K70R, M184V, L210W, T215F, K219E	1.1	['M41L', 'D67N', 'K70R', 'M184V', 'L210W', 'T215F', 'K219E']	0
127240		0.7	[]	0
125024	S68G, T215TA	0.8	['S68G', 'T215TA']	0
86040	M41L, E44D, D67N, K70KE, M184V, T215Y, K219KR	1.3	['M41L', 'E44D', 'D67N', 'K70KE', 'M184V', 'T215Y', 'K219KR']	1
94376	M41ML, D67N, K70R, T215F, K219Q	1.4	['M41ML', 'D67N', 'K70R', 'T215F', 'K219Q']	1
166102	M41L, D67N, T69D, K70R, M184V, T215FC, K219Q	2.5	['M41L', 'D67N', 'T69D', 'K70R', 'M184V', 'T215FC', 'K219Q']	1
166080		0.8	[]	0
127322		0.7	[]	0
195265		1.1	[]	0
134393	M184V	0.9	['M184V']	0
95806	M41ML, D67DG, S68G, L74LV, L210LW, K219KN	1.3	['M41ML', 'D67DG', 'S68G', 'L74LV', 'L210LW', 'K219KN']	1
127242	M41L, S68G, K70KN, L74I, L210LW, T215Y	1.5	['M41L', 'S68G', 'K70KN', 'L74I', 'L210LW', 'T215Y']	1
96422	M41ML, M184V, L210W, T215Y	1.5	['M41ML', 'M184V', 'L210W', 'T215Y']	1
102360	D67N, M184V, K219Q	2.1	['D67N', 'M184V', 'K219Q']	1
127356		1.0	[]	0
87356	M41L, E44ED, D67N, L74I, M184V, L210W, T215Y, K219R	2.4	['M41L', 'E44ED', 'D67N', 'L74I', 'M184V', 'L210W', 'T215Y', 'K219R']	1
96418	D67N, K70R, M184V, K219Q	1.4	['D67N', 'K70R', 'M184V', 'K219Q']	1
70965	M41L, D67N, K70R, L74IV, M184V, T215F, K219Q	1.6	['M41L', 'D67N', 'K70R', 'L74IV', 'M184V', 'T215F', 'K219Q']	1
63934	M184V	1.6	['M184V']	1
185952		1.0	[]	0
127378		1.0	[]	0
79456	M41L, L74I, M184V, L210W, T215F, K219W	4.2	['M41L', 'L74I', 'M184V', 'L210W', 'T215F', 'K219W']	1
151286		2.1	[]	1
195269		2.0	[]	1
177188		1.0	[]	0
122657	M41L, M184V, L210W, T215Y	2.2	['M41L', 'M184V', 'L210W', 'T215Y']	1
92369	M41L, D67N, K70R, M184V, T215F, K219Q	1.9	['M41L', 'D67N', 'K70R', 'M184V', 'T215F', 'K219Q']	1
184287	M184MV	2.1	['M184MV']	1
96350	M41L, E44A, D67N, T69D, M184V, L210W, T215Y, K219N	1.8	['M41L', 'E44A', 'D67N', 'T69D', 'M184V', 'L210W', 'T215Y', 'K219N']	1
71551	M41L, M184V, T215Y	1.4	['M41L', 'M184V', 'T215Y']	1
96237	M184V	1.6	['M184V']	1
127264	T69D	0.7	['T69D']	0
59247	M41L, L74I, M184V, L210W, T215Y	1.6	['M41L', 'L74I', 'M184V', 'L210W', 'T215Y']	1
124996		0.9	[]	0
127232	D67N, T69D, K70R, M184V, T215Y, K219Q	1.9	['D67N', 'T69D', 'K70R', 'M184V', 'T215Y', 'K219Q']	1
166048		1.1	[]	0
185094	D67DN, K70KR, K219KE	1.4	['D67DN', 'K70KR', 'K219KE']	1
71531	M41L, E44D, D67N, M184V, L210W, T215Y, K219Q	3.0	['M41L', 'E44D', 'D67N', 'M184V', 'L210W', 'T215Y', 'K219Q']	1
185942		1.2	[]	0
195287		1.0	[]	0
122677	M41L, E44D, D67DN, M184V, L210W, T215Y	2.6	['M41L', 'E44D', 'D67DN', 'M184V', 'L210W', 'T215Y']	1
127306		1.2	[]	0
127272		0.7	[]	0
185060		1.0	[]	0
71513	M41L, D67N, K70R, L210W, T215Y, K219E	2.0	['M41L', 'D67N', 'K70R', 'L210W', 'T215Y', 'K219E']	1
96410	D67N, K70KR, M184V, T215F, K219Q	1.7	['D67N', 'K70KR', 'M184V', 'T215F', 'K219Q']	1
102368	M41L, E44D, T69D, M184V, L210W, T215Y, K219R	2.0	['M41L', 'E44D', 'T69D', 'M184V', 'L210W', 'T215Y', 'K219R']	1
195293	M184V	1.4	['M184V']	1
70957	M41L, E44D, S68G, L74V, L210W, T215Y, K219N	2.4	['M41L', 'E44D', 'S68G', 'L74V', 'L210W', 'T215Y', 'K219N']	1
195285		1.1	[]	0
127290	D67N, K70G, M184MV, K219Q	1.4	['D67N', 'K70G', 'M184MV', 'K219Q']	1
57650	M41L, E44D, D67G, T69D, M184V, L210W, T215Y, K219R	2.9	['M41L', 'E44D', 'D67G', 'T69D', 'M184V', 'L210W', 'T215Y', 'K219R']	1
102358	M41L, E44D, D67N, L210W, T215Y, K219N	2.1	['M41L', 'E44D', 'D67N', 'L210W', 'T215Y', 'K219N']	1
127268		0.9	[]	0
166038	D67N, T215L, K219Q	0.9	['D67N', 'T215L', 'K219Q']	0
69081	A62AV, K65R, M184V	4.2	['A62AV', 'K65R', 'M184V']	1
86044	M41L, D67N, L210W, T215Y	1.2	['M41L', 'D67N', 'L210W', 'T215Y']	0
88713		1.1	[]	0
95818		1.0	[]	0
166096		1.0	[]	0
88759	L74LV, Y115YF, M184V	1.0	['L74LV', 'Y115YF', 'M184V']	0
122768	M41L, D67N, M184V, L210W, T215Y	2.7	['M41L', 'D67N', 'M184V', 'L210W', 'T215Y']	1
84316	M41ML, D67N, M184V, L210W, T215Y, K219KE	1.5	['M41ML', 'D67N', 'M184V', 'L210W', 'T215Y', 'K219KE']	1
185074	K70R, M184MV	1.5	['K70R', 'M184MV']	1
122772	M41L, K70R, M184V, K219Q	1.1	['M41L', 'K70R', 'M184V', 'K219Q']	0
64070	K65R, S68N	2.1	['K65R', 'S68N']	1
127362		1.1	[]	0
166040	K70KT, M184MV, T215Y	1.3	['K70KT', 'M184MV', 'T215Y']	1
127352	K70R, K219Q	1.0	['K70R', 'K219Q']	0
96376	M41L, E44D, D67N, L74I, L210W, T215Y, K219R	2.3	['M41L', 'E44D', 'D67N', 'L74I', 'L210W', 'T215Y', 'K219R']	1
127260	M184V	1.6	['M184V']	1
70975	M41L, E44A, D67N, L74I, M184V, L210W, T215Y, K219Q	2.8	['M41L', 'E44A', 'D67N', 'L74I', 'M184V', 'L210W', 'T215Y', 'K219Q']	1
94398	M41L, S68G, L74LV, M184V, L210W, T215Y	3.6	['M41L', 'S68G', 'L74LV', 'M184V', 'L210W', 'T215Y']	1
127314	M41L, E44D, T69D, L210LW, T215Y	1.4	['M41L', 'E44D', 'T69D', 'L210LW', 'T215Y']	1
84188	A62V, K70N, T215Y	1.2	['A62V', 'K70N', 'T215Y']	0
127340		0.8	[]	0
88735	A62V, V75I, M184V	1.3	['A62V', 'V75I', 'M184V']	1
122667	M184V, K219R	1.5	['M184V', 'K219R']	1
195253		1.2	[]	0
138343	D67N, K70R, M184V, K219Q	1.8	['D67N', 'K70R', 'M184V', 'K219Q']	1
151296		1.0	[]	0
166120		1.3	[]	1
184261	M184I	1.6	['M184I']	1
96396	K65KR, M184MV	1.8	['K65KR', 'M184MV']	1
96314	M41L, E44D, D67N, K70R, L74I, M184V, L210W, T215Y, K219Q	2.3	['M41L', 'E44D', 'D67N', 'K70R', 'L74I', 'M184V', 'L210W', 'T215Y', 'K219Q']	1
96380	M41L, E44D, D67NS, S68SN, K70RG, M184V, T215F, K219Q	1.7	['M41L', 'E44D', 'D67NS', 'S68SN', 'K70RG', 'M184V', 'T215F', 'K219Q']	1
88769		0.9	[]	0
95095	M41L, D67N, T69DN, K70R, T215F, K219Q	1.7	['M41L', 'D67N', 'T69DN', 'K70R', 'T215F', 'K219Q']	1
94386	D67N, S68G, K70R, T215Y, K219E	1.3	['D67N', 'S68G', 'K70R', 'T215Y', 'K219E']	1
126201	M41L, E44A, T69D, L210W, T215Y, K219R	2.5	['M41L', 'E44A', 'T69D', 'L210W', 'T215Y', 'K219R']	1
127326	K65KR, D67DN, K70KR, M184V, K219KE	3.6	['K65KR', 'D67DN', 'K70KR', 'M184V', 'K219KE']	1
184256	D67N, K70R, K219Q	1.3	['D67N', 'K70R', 'K219Q']	1
195311		0.9	[]	0
127248	S68G, L210LW, T215D	0.8	['S68G', 'L210LW', 'T215D']	0
88775	M41L, E44A, D67N, K70R, M184V, L210W, T215Y, K219ED	2.5	['M41L', 'E44A', 'D67N', 'K70R', 'M184V', 'L210W', 'T215Y', 'K219ED']	1
71517	M41L, M184V, L210W, T215Y	2.5	['M41L', 'M184V', 'L210W', 'T215Y']	1
127374		1.0	[]	0
127302	M41L, T69D, L210W, T215YC	1.3	['M41L', 'T69D', 'L210W', 'T215YC']	1
96338	D67N, K70R, M184V, K219Q	2.9	['D67N', 'K70R', 'M184V', 'K219Q']	1
88783	M41L, M184V, T215Y	1.4	['M41L', 'M184V', 'T215Y']	1
134419	K70G, M184V	2.3	['K70G', 'M184V']	1
184317	D67G, K70E	1.2	['D67G', 'K70E']	0
125008	M41L, S68G, M184V, T215Y	1.9	['M41L', 'S68G', 'M184V', 'T215Y']	1
195301		1.1	[]	0
94394	M41L, D67N, L210W, T215Y	1.4	['M41L', 'D67N', 'L210W', 'T215Y']	1
70961	M41L, E44A, D67G, S68G, L74LI, M184V, L210W, T215Y, K219N	3.0	['M41L', 'E44A', 'D67G', 'S68G', 'L74LI', 'M184V', 'L210W', 'T215Y', 'K219N']	1
176001	D67N, K219Q	1.1	['D67N', 'K219Q']	0
166092	D67N, K70R, M184V, K219E	1.5	['D67N', 'K70R', 'M184V', 'K219E']	1
122797		1.2	[]	0
95070	M41L, M184V, L210W, T215Y	1.6	['M41L', 'M184V', 'L210W', 'T215Y']	1
166106	M41L, M184MV, L210W, T215Y	1.8	['M41L', 'M184MV', 'L210W', 'T215Y']	1
95828	D67N, K70R, M184V, T215Y, K219E	1.4	['D67N', 'K70R', 'M184V', 'T215Y', 'K219E']	1
96414	D67N, T215Y	1.3	['D67N', 'T215Y']	1
68661	M41L, E44D, D67N, L74V, M184V, L210W, T215Y	2.4	['M41L', 'E44D', 'D67N', 'L74V', 'M184V', 'L210W', 'T215Y']	1
152718		0.7	[]	0
88739		1.2	[]	0
102364	M41L, M184V, L210W, T215Y	2.0	['M41L', 'M184V', 'L210W', 'T215Y']	1
84198	A62V, D67EK, T69S_SS, M184V, T215Y	2.5	['A62V', 'D67EK', 'T69S_SS', 'M184V', 'T215Y']	1
184240		1.0	[]	0
125020	M41ML, L74LI	1.3	['M41ML', 'L74LI']	1
88729		1.2	[]	0
185086	D67DN, K70RG, M184V, K219Q	1.5	['D67DN', 'K70RG', 'M184V', 'K219Q']	1
166118	S68SN	1.4	['S68SN']	1
71539	M41L, L210W, T215Y	2.9	['M41L', 'L210W', 'T215Y']	1
185946	S68G	1.0	['S68G']	0
88765		0.7	[]	0
57664	M41L, A62V, D67N, T69D, V75I, F116Y, Q151M, L210W, T215Y	5.7	['M41L', 'A62V', 'D67N', 'T69D', 'V75I', 'F116Y', 'Q151M', 'L210W', 'T215Y']	1
177184	M41L, E44D, D67N, T69D	0.5	['M41L', 'E44D', 'D67N', 'T69D']	0
96432	D67DN, K70KR, M184MV, K219KQ	1.4	['D67DN', 'K70KR', 'M184MV', 'K219KQ']	1
166088		1.1	[]	0
96426	M41L, M184V, L210W, T215Y	1.3	['M41L', 'M184V', 'L210W', 'T215Y']	1
134919	D67N, K70R, L74I, M184V, T215F, K219Q	2.0	['D67N', 'K70R', 'L74I', 'M184V', 'T215F', 'K219Q']	1
88797		0.9	[]	0
38521	D67N, K70R, Q151M, K219Q	2.4	['D67N', 'K70R', 'Q151M', 'K219Q']	1
127294		1.0	[]	0
96364	M41L, L74V, M184V	2.7	['M41L', 'L74V', 'M184V']	1
127256		1.1	[]	0
127328	S68G	0.9	['S68G']	0
151282	M41L, A62AV, V75I, M184V, L210W, T215Y	2.7	['M41L', 'A62AV', 'V75I', 'M184V', 'L210W', 'T215Y']	1
127246	M184V	1.3	['M184V']	1
96243	M41ML, D67G, S68G, K70R, M184V, T215F, K219E	1.5	['M41ML', 'D67G', 'S68G', 'K70R', 'M184V', 'T215F', 'K219E']	1
71525	D67N, K70R, T215V, K219Q	1.0	['D67N', 'K70R', 'T215V', 'K219Q']	0
88747	M41L, D67N, K70R, L74I, T215F, K219Q	1.8	['M41L', 'D67N', 'K70R', 'L74I', 'T215F', 'K219Q']	1
61104	K70G, M184V	2.5	['K70G', 'M184V']	1
96446	M41L, E44D, D67N, K70R, L74I, M184V, L210W, T215Y, K219Q	2.4	['M41L', 'E44D', 'D67N', 'K70R', 'L74I', 'M184V', 'L210W', 'T215Y', 'K219Q']	1
96362	M41L, M184MV, T215Y	1.7	['M41L', 'M184MV', 'T215Y']	1
88761	S68SN	0.8	['S68SN']	0
166066	A62V, V75T	1.4	['A62V', 'V75T']	1
96402	M184V, T215F	1.7	['M184V', 'T215F']	1
138349	K70R, M184V, K219Q	2.0	['K70R', 'M184V', 'K219Q']	1
184314		0.7	[]	0
124513	M41L, E44D, D67N, T69D, V75M, F77L, L210W, T215Y, K219R	3.4	['M41L', 'E44D', 'D67N', 'T69D', 'V75M', 'F77L', 'L210W', 'T215Y', 'K219R']	1
184252	M41L, D67N, T69D, M184V, L210W, T215Y, K219KR	1.4	['M41L', 'D67N', 'T69D', 'M184V', 'L210W', 'T215Y', 'K219KR']	1
92379	M41L, E44A, D67N, T69D, M184V, L210W, T215Y, K219N	2.4	['M41L', 'E44A', 'D67N', 'T69D', 'M184V', 'L210W', 'T215Y', 'K219N']	1
95842	M41L, D67N, K70R, M184V, T215TI, K219E	1.3	['M41L', 'D67N', 'K70R', 'M184V', 'T215TI', 'K219E']	1
122655	M41L, S68SG, L210W, T215D	0.8	['M41L', 'S68SG', 'L210W', 'T215D']	0
185070	V75I	0.9	['V75I']	0
125006		0.9	[]	0
88719		1.0	[]	0
127278	S68SG	0.9	['S68SG']	0
79444	M41L, E44D, D67G, L210W, T215Y, K219R	2.8	['M41L', 'E44D', 'D67G', 'L210W', 'T215Y', 'K219R']	1
162647	K65R	3.1	['K65R']	1
122649	D67N, F116FY, Q151M, M184V, K219Q	5.7	['D67N', 'F116FY', 'Q151M', 'M184V', 'K219Q']	1
96318	M41L, T215E	0.9	['M41L', 'T215E']	0
96326	K70KE, M184V	1.7	['K70KE', 'M184V']	1
79310	M41L, E44A, D67N, L74I, L210W, T215Y, K219N	2.0	['M41L', 'E44A', 'D67N', 'L74I', 'L210W', 'T215Y', 'K219N']	1
123388	M41L, D67DN, M184V, L210W, T215Y, K219KN	1.5	['M41L', 'D67DN', 'M184V', 'L210W', 'T215Y', 'K219KN']	1
151300		0.7	[]	0
122786	D67N, T69D, K70R, L74V, M184V, K219Q	6.4	['D67N', 'T69D', 'K70R', 'L74V', 'M184V', 'K219Q']	1
184246	M41L, M184MV, L210W, T215Y	1.8	['M41L', 'M184MV', 'L210W', 'T215Y']	1
184238	K70S, T215Y	1.0	['K70S', 'T215Y']	0
195249	T69D, M184MV	1.8	['T69D', 'M184MV']	1
96346	M41L, E44D, D67N, V75I, M184I, L210W, T215Y, K219R	3.8	['M41L', 'E44D', 'D67N', 'V75I', 'M184I', 'L210W', 'T215Y', 'K219R']	1
195315		0.8	[]	0
185078	M184MV	1.2	['M184MV']	0
166044	M41L, L74V, L210LW, T215Y	3.6	['M41L', 'L74V', 'L210LW', 'T215Y']	1
195245		0.8	[]	0
57702	M41L, D67N, K70GRS, M184V, T215F, K219Q	2.7	['M41L', 'D67N', 'K70GRS', 'M184V', 'T215F', 'K219Q']	1
151292		0.7	[]	0
166072		0.6	[]	0
195305		1.0	[]	0
166074	M41L, D67N, K70R, M184MV, L210W, T215F, K219E	1.7	['M41L', 'D67N', 'K70R', 'M184MV', 'L210W', 'T215F', 'K219E']	1
195295	M184V	1.7	['M184V']	1
71537	D67N, K70R, L74V, M184V, T215F, K219Q	2.3	['D67N', 'K70R', 'L74V', 'M184V', 'T215F', 'K219Q']	1
95824		1.2	[]	0
88801		1.2	[]	0
195275		1.1	[]	0
166084		1.1	[]	0
96404	M41L, D67N, M184V, L210W, T215Y	1.4	['M41L', 'D67N', 'M184V', 'L210W', 'T215Y']	1
195247	S68G	1.1	['S68G']	0
184260	D67N, T69D, K70R, L74V, T215F, K219Q	2.1	['D67N', 'T69D', 'K70R', 'L74V', 'T215F', 'K219Q']	1
71501	M41L, E44D, D67N, L74I, M184V, L210W, T215Y, K219N	2.9	['M41L', 'E44D', 'D67N', 'L74I', 'M184V', 'L210W', 'T215Y', 'K219N']	1
79854	M41L, E44D, L74LI, M184V, L210W, T215Y	2.2	['M41L', 'E44D', 'L74LI', 'M184V', 'L210W', 'T215Y']	1
166062	M41L	1.0	['M41L']	0
96406	M41L, D67N, K70R, M184V, T215F, K219Q	2.5	['M41L', 'D67N', 'K70R', 'M184V', 'T215F', 'K219Q']	1
122780	M41L, D67N, K70R, M184V, L210W, T215Y, K219E	1.8	['M41L', 'D67N', 'K70R', 'M184V', 'L210W', 'T215Y', 'K219E']	1
68559	M41L, E44D, D67G, T69D, M184V, L210LW, T215Y, K219R	1.8	['M41L', 'E44D', 'D67G', 'T69D', 'M184V', 'L210LW', 'T215Y', 'K219R']	1
162699	M184V	1.9	['M184V']	1
68617	M41L, E44D, D67N, T69D, L74V, L210W, T215Y, K219N	2.0	['M41L', 'E44D', 'D67N', 'T69D', 'L74V', 'L210W', 'T215Y', 'K219N']	1
127380	M41L, E44ED, S68G, M184V, T215Y	1.3	['M41L', 'E44ED', 'S68G', 'M184V', 'T215Y']	1
88789	L74LV, M184V	1.9	['L74LV', 'M184V']	1
71485	D67N, K70R, L74I, Y115F, M184V, K219Q	1.9	['D67N', 'K70R', 'L74I', 'Y115F', 'M184V', 'K219Q']	1
79324	M41L, D67N, K70R, M184V, L210W, T215Y, K219E	1.6	['M41L', 'D67N', 'K70R', 'M184V', 'L210W', 'T215Y', 'K219E']	1
127338	M41L, M184MV, L210LW, T215SY	1.7	['M41L', 'M184MV', 'L210LW', 'T215SY']	1
68609	M41L, D67N, V75M, M184V, L210W, T215Y, K219KE	2.8	['M41L', 'D67N', 'V75M', 'M184V', 'L210W', 'T215Y', 'K219KE']	1
170378	M41L, A62V, D67E, T69A_SX, L74V, M184MV, L210W, T215Y	3.3	['M41L', 'A62V', 'D67E', 'T69A_SX', 'L74V', 'M184MV', 'L210W', 'T215Y']	1
184259	M41L, D67N, T69D, K70R, V75M, T215F, K219Q	1.5	['M41L', 'D67N', 'T69D', 'K70R', 'V75M', 'T215F', 'K219Q']	1
68569	E40FL, M41L, D67N, L74I, M184V, L210W, T215Y	4.1	['E40FL', 'M41L', 'D67N', 'L74I', 'M184V', 'L210W', 'T215Y']	1
96334		1.1	[]	0
185058	M184V	1.7	['M184V']	1
184313	D67N, K70G, M184V, K219Q	1.4	['D67N', 'K70G', 'M184V', 'K219Q']	1
122803		0.9	[]	0
87346	D67N, T69D, K70R, M184I, K219Q	1.4	['D67N', 'T69D', 'K70R', 'M184I', 'K219Q']	1
195243	D67G, K70E	1.1	['D67G', 'K70E']	0
55164	M41ML, M184V	1.7	['M41ML', 'M184V']	1
125026	M41L, S68SG, M184V, L210W, T215Y	1.7	['M41L', 'S68SG', 'M184V', 'L210W', 'T215Y']	1
96390	M41L, A62V, V75T, M184V	2.4	['M41L', 'A62V', 'V75T', 'M184V']	1
71495		1.1	[]	0
95814	M41L, D67N, K70KE, V75M, M184V, L210W, T215Y	2.6	['M41L', 'D67N', 'K70KE', 'V75M', 'M184V', 'L210W', 'T215Y']	1
96366	D67N, K70R, M184V, T215Y, K219E	1.8	['D67N', 'K70R', 'M184V', 'T215Y', 'K219E']	1
96436	D67G, T69ND, K70R, L74LI, M184V, T215F, K219Q	2.1	['D67G', 'T69ND', 'K70R', 'L74LI', 'M184V', 'T215F', 'K219Q']	1
94380	K65R, K70KT, L74V, M184V, K219KR	3.6	['K65R', 'K70KT', 'L74V', 'M184V', 'K219KR']	1
86042	M41L, E44D, D67N, T69D, L74I, L210WR, T215Y	2.7	['M41L', 'E44D', 'D67N', 'T69D', 'L74I', 'L210WR', 'T215Y']	1
94392	S68G, K70G, M184V, T215TA	2.0	['S68G', 'K70G', 'M184V', 'T215TA']	1
127376		0.9	[]	0
63848	M41L, E44ED, D67N, T69D, M184MV, L210W, T215Y	1.4	['M41L', 'E44ED', 'D67N', 'T69D', 'M184MV', 'L210W', 'T215Y']	1
166114	D67N, T69D, K70R, T215F, K219W	3.0	['D67N', 'T69D', 'K70R', 'T215F', 'K219W']	1
88737	K219KE	1.0	['K219KE']	0
88727	D67N, K70R, M184MV, L210W, T215Y, K219KE	1.8	['D67N', 'K70R', 'M184MV', 'L210W', 'T215Y', 'K219KE']	1
88753	E44D	1.0	['E44D']	0
92375	E40F, M41L, D67N, K70QE, L210W, T215Y, K219R	2.2	['E40F', 'M41L', 'D67N', 'K70QE', 'L210W', 'T215Y', 'K219R']	1
127310		1.1	[]	0
95066	M41L, D67N, L74I, M184V, L210W, T215Y, K219N	1.8	['M41L', 'D67N', 'L74I', 'M184V', 'L210W', 'T215Y', 'K219N']	1
96344	D67E, T69S_SS, T215Y	3.2	['D67E', 'T69S_SS', 'T215Y']	1
126227	K65R	1.8	['K65R']	1
88791	M184MV	1.6	['M184MV']	1
70971	M41L, E44D, D67N, T69D, L210W, T215Y, K219R	2.9	['M41L', 'E44D', 'D67N', 'T69D', 'L210W', 'T215Y', 'K219R']	1
71523	M41L, D67N, S68G, T215S, K219E	0.9	['M41L', 'D67N', 'S68G', 'T215S', 'K219E']	0
96388	M41L, D67DN, L210W, T215Y	1.7	['M41L', 'D67DN', 'L210W', 'T215Y']	1
175997		1.1	[]	0
96322	M41L, E44D, S68G, M184V, L210W, T215Y, K219E	1.6	['M41L', 'E44D', 'S68G', 'M184V', 'L210W', 'T215Y', 'K219E']	1
162713	K65R, S68G, M184V	2.2	['K65R', 'S68G', 'M184V']	1
127228	L74LI, M184V	1.0	['L74LI', 'M184V']	0
70967	M41L, E44D, A62V, D67G, T69D, M184MI, L210W, T215Y, K219R	2.6	['M41L', 'E44D', 'A62V', 'D67G', 'T69D', 'M184MI', 'L210W', 'T215Y', 'K219R']	1
125010	M41L, M184V, L210W, T215Y	2.0	['M41L', 'M184V', 'L210W', 'T215Y']	1
87352	M41L, D67N, K70R, V75I, M184V, T215Y, K219E	1.3	['M41L', 'D67N', 'K70R', 'V75I', 'M184V', 'T215Y', 'K219E']	1
123364	M41L, E44D, D67N, M184V, L210W, T215Y, K219DN	2.9	['M41L', 'E44D', 'D67N', 'M184V', 'L210W', 'T215Y', 'K219DN']	1
124525		1.0	[]	0
127238		0.8	[]	0
166078	M41L, D67N, K70R, L210W, T215F, K219E	2.5	['M41L', 'D67N', 'K70R', 'L210W', 'T215F', 'K219E']	1
55114	M41L, D67N, K70KR, L74V, M184V, T215Y, K219Q	2.3	['M41L', 'D67N', 'K70KR', 'L74V', 'M184V', 'T215Y', 'K219Q']	1
185944		1.0	[]	0
57704	D67N, T69T_T, K70R, K219Q	1.7	['D67N', 'T69T_T', 'K70R', 'K219Q']	1
96428	M41L, E44D, D67N, T69D, M184V, L210W, T215Y	2.2	['M41L', 'E44D', 'D67N', 'T69D', 'M184V', 'L210W', 'T215Y']	1
151304		1.4	[]	1
166052	M41L, S68G, M184V, T215D	1.2	['M41L', 'S68G', 'M184V', 'T215D']	0
127284	M184V	1.6	['M184V']	1
96386	M41ML, E44D, D67N, T69D, M184V, L210W, T215Y, K219R	2.6	['M41ML', 'E44D', 'D67N', 'T69D', 'M184V', 'L210W', 'T215Y', 'K219R']	1
175989		1.0	[]	0
127346		1.1	[]	0
162236	K65KR, L74LV	0.7	['K65KR', 'L74LV']	0
127274		0.8	[]	0
71559		1.2	[]	0
96444	M41L, D67N, K70R, M184V, L210W, T215F, K219Q	1.6	['M41L', 'D67N', 'K70R', 'M184V', 'L210W', 'T215F', 'K219Q']	1
88799		0.8	[]	0
183807	D67N, K219Q	1.0	['D67N', 'K219Q']	0
68753	M41L, D67N, T69D, K70R, M184V, T215F, K219Q	1.7	['M41L', 'D67N', 'T69D', 'K70R', 'M184V', 'T215F', 'K219Q']	1
195291		1.7	[]	1
95058	M41L, D67N, K70R, L74LI, M184V, L210LW, T215Y, K219E	2.0	['M41L', 'D67N', 'K70R', 'L74LI', 'M184V', 'L210LW', 'T215Y', 'K219E']	1
84322	D67N, K70R, K219Q	1.0	['D67N', 'K70R', 'K219Q']	0
127348	A62V, K65R, M184V	2.4	['A62V', 'K65R', 'M184V']	1
184269	A62AV, K65KR, K70KT, M184MV	2.6	['A62AV', 'K65KR', 'K70KT', 'M184MV']	1
71483	M41L, D67H, S68G, K70G, M184V, T215F	1.3	['M41L', 'D67H', 'S68G', 'K70G', 'M184V', 'T215F']	1
84366	A62V, V75I, F77L, Y115F, F116Y, Q151M, M184V	15.0	['A62V', 'V75I', 'F77L', 'Y115F', 'F116Y', 'Q151M', 'M184V']	1
71527	M41L, D67N, T69D, K70R, L74V, M184V, T215F, K219Q	2.7	['M41L', 'D67N', 'T69D', 'K70R', 'L74V', 'M184V', 'T215F', 'K219Q']	1
151306	M184V	1.4	['M184V']	1
92365	M184V, T215Y	1.4	['M184V', 'T215Y']	1
86046	M41L, D67G, S68G, L74V, M184V, L210W, T215Y, K219ND	3.4	['M41L', 'D67G', 'S68G', 'L74V', 'M184V', 'L210W', 'T215Y', 'K219ND']	1
127334	M41MIL	0.9	['M41MIL']	0
185068		1.0	[]	0
88771		1.1	[]	0
95830	A62V, K65R, M184V	3.4	['A62V', 'K65R', 'M184V']	1
127226	D67N, T69D, K70R, M184V, T215F, K219Q	1.7	['D67N', 'T69D', 'K70R', 'M184V', 'T215F', 'K219Q']	1
185938		1.6	[]	1
71507	M41L, D67N, K70R, L74LV, T215F, K219Q	1.5	['M41L', 'D67N', 'K70R', 'L74LV', 'T215F', 'K219Q']	1
42039	M41L, D67N, L74LI, L210W, T215Y	1.8	['M41L', 'D67N', 'L74LI', 'L210W', 'T215Y']	1
195309		0.8	[]	0
185090	M41L, E44D, D67N, L74I, M184V, L210W, T215Y, K219KN	2.5	['M41L', 'E44D', 'D67N', 'L74I', 'M184V', 'L210W', 'T215Y', 'K219KN']	1
88709		1.0	[]	0
124998		0.9	[]	0
166068	A62V, V75T	1.5	['A62V', 'V75T']	1
58200	K65R, M184I	2.2	['K65R', 'M184I']	1
127320	M184V, K219KQ	1.7	['M184V', 'K219KQ']	1
96370	A62V, M184V, L210W, T215Y	2.0	['A62V', 'M184V', 'L210W', 'T215Y']	1
166054	M41L, L74V, M184V, L210W, T215Y, K219KN	1.6	['M41L', 'L74V', 'M184V', 'L210W', 'T215Y', 'K219KN']	1
127236	K219KQ	0.9	['K219KQ']	0
61288	K70R	0.8	['K70R']	0
166082		1.1	[]	0
95834	M41L, L74LV, M184V, L210W, T215HYD	1.6	['M41L', 'L74LV', 'M184V', 'L210W', 'T215HYD']	1
127250	M184V	1.4	['M184V']	1
184283	M41ML, D67N, K70R, T215Y, K219E	1.6	['M41ML', 'D67N', 'K70R', 'T215Y', 'K219E']	1
88741		1.0	[]	0
71569	M41L, M184V, T215F, K219Q	1.4	['M41L', 'M184V', 'T215F', 'K219Q']	1
152275	K65R	1.9	['K65R']	1
96330	S68G, K70Q, M184V, L210W, T215Y	1.6	['S68G', 'K70Q', 'M184V', 'L210W', 'T215Y']	1
127262		0.8	[]	0
59295	M41L, E44D, D67N, T69D, L74V, M184V, L210W, T215Y	2.2	['M41L', 'E44D', 'D67N', 'T69D', 'L74V', 'M184V', 'L210W', 'T215Y']	1
50042	M41L, M184V, L210LW, T215Y	1.7	['M41L', 'M184V', 'L210LW', 'T215Y']	1
125002		1.0	[]	0
127384		0.9	[]	0
184275	D67N, T69D, K70R, M184V, T215TI, K219Q	1.0	['D67N', 'T69D', 'K70R', 'M184V', 'T215TI', 'K219Q']	0
184311		1.1	[]	0
68809	M41L, E44D, D67N, T69D, V75M, F77FL, M184V, L210W, T215Y, K219Q	2.5	['M41L', 'E44D', 'D67N', 'T69D', 'V75M', 'F77FL', 'M184V', 'L210W', 'T215Y', 'K219Q']	1
185080		1.2	[]	0
88773		0.8	[]	0
86052	M184V, T215D	1.5	['M184V', 'T215D']	1
122673	K70KR, K219KQ	1.1	['K70KR', 'K219KQ']	0
50058	M41L, D67N, M184V, T215Y	1.5	['M41L', 'D67N', 'M184V', 'T215Y']	1
88478		1.5	[]	1
184250	M184V, K219KE	2.0	['M184V', 'K219KE']	1
88721	T215TA	1.3	['T215TA']	1
125014	S68G	1.0	['S68G']	0
96328	M41L, E44A, S68G, L74LI, M184V, L210W, T215Y	2.4	['M41L', 'E44A', 'S68G', 'L74LI', 'M184V', 'L210W', 'T215Y']	1
127280	K65R, Y115F	1.6	['K65R', 'Y115F']	1
195271	M184V	1.4	['M184V']	1
184255	M41L, D67N, T69D, K70KR, L74V, M184V, T215Y	2.4	['M41L', 'D67N', 'T69D', 'K70KR', 'L74V', 'M184V', 'T215Y']	1
102356	M41L, E44ED, D67N, L210W, T215Y, K219N	1.5	['M41L', 'E44ED', 'D67N', 'L210W', 'T215Y', 'K219N']	1
95062	M41L, D67N, K70R, L74I, V75T, M184MV, T215F, K219E	1.6	['M41L', 'D67N', 'K70R', 'L74I', 'V75T', 'M184MV', 'T215F', 'K219E']	1
88723	M184MV	1.6	['M184MV']	1
166110	M184MV	1.2	['M184MV']	0
71491	D67N, L74V, T215F, K219Q	1.9	['D67N', 'L74V', 'T215F', 'K219Q']	1
124517	M41L, L74V, M184V, L210W, T215Y	3.3	['M41L', 'L74V', 'M184V', 'L210W', 'T215Y']	1
96340	M41L, E44D, D67N, L74LV, L210W, T215Y, K219R	2.9	['M41L', 'E44D', 'D67N', 'L74LV', 'L210W', 'T215Y', 'K219R']	1
87350	S68G, F116Y, Q151M	9.6	['S68G', 'F116Y', 'Q151M']	1
88795		0.9	[]	0
185064		0.9	[]	0
175993		1.5	[]	1
127366	M184MIV	1.2	['M184MIV']	0
96358	M41L, E44ED, D67G, S68G, L74V, M184V, T215Y, K219N	2.2	['M41L', 'E44ED', 'D67G', 'S68G', 'L74V', 'M184V', 'T215Y', 'K219N']	1
96372	M41L, S68SG, L210W, T215D	0.7	['M41L', 'S68SG', 'L210W', 'T215D']	0
88777		1.0	[]	0
122776	K70E, M184V	1.3	['K70E', 'M184V']	1
122645	K70Q, M184V	1.8	['K70Q', 'M184V']	1
195237	M41L, S68G, L74LI, M184V, L210W, T215Y, K219KN	1.8	['M41L', 'S68G', 'L74LI', 'M184V', 'L210W', 'T215Y', 'K219KN']	1
127342	M184V, L210W, T215Y	1.7	['M184V', 'L210W', 'T215Y']	1
184316	D67G, K70E, Y115F, M184V	2.4	['D67G', 'K70E', 'Y115F', 'M184V']	1
195281		0.6	[]	0
127318		1.0	[]	0
88224	M41L, L210W, T215Y, K219E	1.4	['M41L', 'L210W', 'T215Y', 'K219E']	1
96394	K65R, S68G, M184V	2.8	['K65R', 'S68G', 'M184V']	1
79362	E40F, M41L, D67N, L74V, L210W, T215Y	2.8	['E40F', 'M41L', 'D67N', 'L74V', 'L210W', 'T215Y']	1
92371	D67N, M184V, L210W, T215Y, K219R	1.7	['D67N', 'M184V', 'L210W', 'T215Y', 'K219R']	1
127270		1.0	[]	0
185052		1.1	[]	0
96440	M41L, E44D, S68G, M184V, L210W, T215Y	1.2	['M41L', 'E44D', 'S68G', 'M184V', 'L210W', 'T215Y']	0
127372	M184V, T215FS	1.9	['M184V', 'T215FS']	1
175991		1.0	[]	0
71563	D67N, K70R, L74I, M184V, T215F, K219Q	2.1	['D67N', 'K70R', 'L74I', 'M184V', 'T215F', 'K219Q']	1
122643	D67DH, K70RG, M184MV, K219KE	1.6	['D67DH', 'K70RG', 'M184MV', 'K219KE']	1
122790	M41L, E44ED, L74V, V75VA, L210W, T215Y	1.8	['M41L', 'E44ED', 'L74V', 'V75VA', 'L210W', 'T215Y']	1
151298	K70E, Y115YF, M184V	1.6	['K70E', 'Y115YF', 'M184V']	1
88711	M41ML, A62AV, D67DG, S68SG, L74LV, M184V, L210W, T215Y, K219KQ	1.8	['M41ML', 'A62AV', 'D67DG', 'S68SG', 'L74LV', 'M184V', 'L210W', 'T215Y', 'K219KQ']	1
96382	D67G, K70R, L74I, M184V, K219Q	2.1	['D67G', 'K70R', 'L74I', 'M184V', 'K219Q']	1
127230	K65R, S68SN, M184V	3.5	['K65R', 'S68SN', 'M184V']	1
71515		0.8	[]	0
127364	D67DN, M184MV	1.2	['D67DN', 'M184MV']	0
166064	A62V, V75I	1.3	['A62V', 'V75I']	1
127308		1.2	[]	0
122774	M41L, K70R, M184V, T215Y, K219E	2.2	['M41L', 'K70R', 'M184V', 'T215Y', 'K219E']	1
184265	D67G, S68G, K70R, T215I, K219E	1.4	['D67G', 'S68G', 'K70R', 'T215I', 'K219E']	1
94374	M41L, E44ED, T69D, L210W, T215Y, K219R	1.6	['M41L', 'E44ED', 'T69D', 'L210W', 'T215Y', 'K219R']	1
127330	M41L, V75M, M184V, T215Y	1.6	['M41L', 'V75M', 'M184V', 'T215Y']	1
166042	E40F, M41L, D67N, L74V, M184V, L210W, T215F, K219E	2.7	['E40F', 'M41L', 'D67N', 'L74V', 'M184V', 'L210W', 'T215F', 'K219E']	1
185072	K70KT, M184V	2.0	['K70KT', 'M184V']	1
64054	M41L, E44ED, S68SG, M184V, L210W, T215Y	2.1	['M41L', 'E44ED', 'S68SG', 'M184V', 'L210W', 'T215Y']	1
166116		1.2	[]	0
138347	M41L, D67N, M184V, L210W, T215Y	1.4	['M41L', 'D67N', 'M184V', 'L210W', 'T215Y']	1
122788	M41L, D67N, T69D, K70R, M184V, T215F, K219Q	1.3	['M41L', 'D67N', 'T69D', 'K70R', 'M184V', 'T215F', 'K219Q']	1
166100	K65R, M184I	1.6	['K65R', 'M184I']	1
96316	M41L, A62V, M184V, T215Y	1.7	['M41L', 'A62V', 'M184V', 'T215Y']	1
177178	M41L, E44A, M184V, T215Y	2.0	['M41L', 'E44A', 'M184V', 'T215Y']	1
96324		1.0	[]	0
96378	M41L, E44D, D67N, K70R, M184V, T215F, K219Q	1.7	['M41L', 'E44D', 'D67N', 'K70R', 'M184V', 'T215F', 'K219Q']	1
95838	M41L, D67N, M184V, L210W, T215Y	2.7	['M41L', 'D67N', 'M184V', 'L210W', 'T215Y']	1
71545	M41L, E44A, D67N, T69D, V75M, F77FL, M184V, L210W, T215Y, K219KN	3.1	['M41L', 'E44A', 'D67N', 'T69D', 'V75M', 'F77FL', 'M184V', 'L210W', 'T215Y', 'K219KN']	1
166094		1.0	[]	0
184279	M41L, L74V, M184V, T215Y	2.0	['M41L', 'L74V', 'M184V', 'T215Y']	1
127282	M184MV	1.4	['M184MV']	1
127316	M41ML, A62AV, D67DG, S68G, K70KR, M184MV, K219KQ	1.3	['M41ML', 'A62AV', 'D67DG', 'S68G', 'K70KR', 'M184MV', 'K219KQ']	1
88781		0.8	[]	0
70953		1.0	[]	0
195255		0.8	[]	0
127324		0.8	[]	0
184236	M41L, M184V, T215Y	1.4	['M41L', 'M184V', 'T215Y']	1
166104	L74V, T215C	1.4	['L74V', 'T215C']	1
122661	M41L, E44D, S68G, M184V, L210W, T215Y	2.6	['M41L', 'E44D', 'S68G', 'M184V', 'L210W', 'T215Y']	1
70963	M41L, E44ED, V75VM, L210W, T215Y	1.8	['M41L', 'E44ED', 'V75VM', 'L210W', 'T215Y']	1
127288		1.0	[]	0
122778	M41L, E44D, T69D, L74V, M184V, L210W, T215Y, K219R	3.1	['M41L', 'E44D', 'T69D', 'L74V', 'M184V', 'L210W', 'T215Y', 'K219R']	1
63802	M41L, E44A, D67N, T69D, M184V, L210W, T215Y, K219KE	1.9	['M41L', 'E44A', 'D67N', 'T69D', 'M184V', 'L210W', 'T215Y', 'K219KE']	1
125016		0.9	[]	0
88767	M184V	1.4	['M184V']	1
162455	K65R, M184I	2.0	['K65R', 'M184I']	1
184289	A62V, S68G, K70N, V75I, F77L, Y115F, F116Y, Q151M, M184V, T215Y	200.0	['A62V', 'S68G', 'K70N', 'V75I', 'F77L', 'Y115F', 'F116Y', 'Q151M', 'M184V', 'T215Y']	1
55062	M41L, D67DN, K70KR, M184V, T215F, K219KE	2.0	['M41L', 'D67DN', 'K70KR', 'M184V', 'T215F', 'K219KE']	1
95808	M41L, D67N, L74I, F77FL, M184V, L210W, T215Y, K219Q	2.1	['M41L', 'D67N', 'L74I', 'F77FL', 'M184V', 'L210W', 'T215Y', 'K219Q']	1
185054		0.8	[]	0
127358	M41L, D67DN, M184V, T215Y, K219KE	1.1	['M41L', 'D67DN', 'M184V', 'T215Y', 'K219KE']	0
151284	M41L, D67DN, M184MV, L210LW, T215YD	1.1	['M41L', 'D67DN', 'M184MV', 'L210LW', 'T215YD']	0
35008	M184I	1.6	['M184I']	1
184242	M41L, D67N, T69D, K70R, M184V, T215FC, K219Q	2.5	['M41L', 'D67N', 'T69D', 'K70R', 'M184V', 'T215FC', 'K219Q']	1
138351	M41L, M184V, L210W, T215Y	1.8	['M41L', 'M184V', 'L210W', 'T215Y']	1
69041		1.1	[]	0
68805	M41L, K65R, L210W, T215S	1.8	['M41L', 'K65R', 'L210W', 'T215S']	1
71489	M41L, D67N, L74V, M184V, L210W, T215Y, K219N	2.5	['M41L', 'D67N', 'L74V', 'M184V', 'L210W', 'T215Y', 'K219N']	1
127304	M41L, S68SG, L74LI, M184V, L210LW, T215Y	1.5	['M41L', 'S68SG', 'L74LI', 'M184V', 'L210LW', 'T215Y']	1
127350	L74I, M184V	1.4	['L74I', 'M184V']	1
96412	D67N, K70R, M184V, K219Q	2.1	['D67N', 'K70R', 'M184V', 'K219Q']	1
195263	K70R, L210LW	0.8	['K70R', 'L210LW']	0
96231	S68SG, K70KN, T215F, K219Q	1.3	['S68SG', 'K70KN', 'T215F', 'K219Q']	1
124515	K70KE, M184V	1.8	['K70KE', 'M184V']	1
95820		1.2	[]	0
96241	V75M	0.8	['V75M']	0
102352	M41L, D67N, T69D, K70R, L74I, M184V, T215F, K219W	3.7	['M41L', 'D67N', 'T69D', 'K70R', 'L74I', 'M184V', 'T215F', 'K219W']	1
96239	M41L, E44A, D67N, T69D, M184MIV, L210W, T215Y, K219KR	2.5	['M41L', 'E44A', 'D67N', 'T69D', 'M184MIV', 'L210W', 'T215Y', 'K219KR']	1
185092	S68N, K70G, M184V	1.9	['S68N', 'K70G', 'M184V']	1
64316	L74V, Y115F, M184V	2.6	['L74V', 'Y115F', 'M184V']	1
195267		1.1	[]	0
71529	K65R, S68G, K70T, V75I, F77L, Y115YF, F116Y, Q151M	26.0	['K65R', 'S68G', 'K70T', 'V75I', 'F77L', 'Y115YF', 'F116Y', 'Q151M']	1
177186		0.8	[]	0
152836		1.2	[]	0
71533	M41L, D67N, K70R, T215F, K219Q	1.8	['M41L', 'D67N', 'K70R', 'T215F', 'K219Q']	1
184312	K70E, M184V	1.5	['K70E', 'M184V']	1
102362	M41L, S68G, L74V, M184V, L210W, T215Y, K219KN	3.8	['M41L', 'S68G', 'L74V', 'M184V', 'L210W', 'T215Y', 'K219KN']	1
70959	M41L, M184V, L210W, T215Y	2.0	['M41L', 'M184V', 'L210W', 'T215Y']	1
96420	M41ML, M184V, L210W, T215Y	1.5	['M41ML', 'M184V', 'L210W', 'T215Y']	1
127292	K70N, M184MIV	1.7	['K70N', 'M184MIV']	1
92381	M41L, E44D, D67N, L210W, T215Y, K219R	1.9	['M41L', 'E44D', 'D67N', 'L210W', 'T215Y', 'K219R']	1
79292	Y115F, M184V	2.2	['Y115F', 'M184V']	1
185088	L74I, M184V, T215Y	1.3	['L74I', 'M184V', 'T215Y']	1
70973	M41L, E44D, D67N, T69D, M184V, L210W, T215Y	2.8	['M41L', 'E44D', 'D67N', 'T69D', 'M184V', 'L210W', 'T215Y']	1
95840	M41L, E44D, L210W, T215Y	1.4	['M41L', 'E44D', 'L210W', 'T215Y']	1
87342	M41L, A62AV, S68SG, V75VI, F116FY, Q151QL, M184MV, T215F	1.6	['M41L', 'A62AV', 'S68SG', 'V75VI', 'F116FY', 'Q151QL', 'M184MV', 'T215F']	1
123504	K65R	1.5	['K65R']	1
96400	M41L, L74LV, M184V, L210W, T215Y, K219N	1.4	['M41L', 'L74LV', 'M184V', 'L210W', 'T215Y', 'K219N']	1
63838	M41L, E44ED, D67N, T69D, K70KR, M184V, T215Y, K219Q	2.2	['M41L', 'E44ED', 'D67N', 'T69D', 'K70KR', 'M184V', 'T215Y', 'K219Q']	1
127360	M41L, M184V, T215Y	2.4	['M41L', 'M184V', 'T215Y']	1
95213	M41L, L210W, T215Y	1.3	['M41L', 'L210W', 'T215Y']	1
122770	M41L, E44D, A62V, M184V, L210W, T215Y	1.9	['M41L', 'E44D', 'A62V', 'M184V', 'L210W', 'T215Y']	1
92377	D67N, K70R, L74I, Y115F, M184V, K219Q	1.6	['D67N', 'K70R', 'L74I', 'Y115F', 'M184V', 'K219Q']	1
184264	M41L, D67N, L74V, L210W, T215Y	1.0	['M41L', 'D67N', 'L74V', 'L210W', 'T215Y']	0
124511		1.2	[]	0
166112	M41L, D67N, M184V, L210W, T215Y	1.4	['M41L', 'D67N', 'M184V', 'L210W', 'T215Y']	1
71505	M41L, E44D, D67N, T69D, M184V, L210W, T215Y, K219N	2.8	['M41L', 'E44D', 'D67N', 'T69D', 'M184V', 'L210W', 'T215Y', 'K219N']	1
88757	A62AV, D67DG, S68G, K70KR, M184MV, K219KQ	1.0	['A62AV', 'D67DG', 'S68G', 'K70KR', 'M184MV', 'K219KQ']	0
125004		1.4	[]	1
88715		0.9	[]	0
177174	M41L, D67N, T215N, K219E	1.0	['M41L', 'D67N', 'T215N', 'K219E']	0
124529	M41ML, D67G, T69ND, K70R, L74I, M184V, T215F, K219Q	2.3	['M41ML', 'D67G', 'T69ND', 'K70R', 'L74I', 'M184V', 'T215F', 'K219Q']	1
95846	K65R, M184V	3.7	['K65R', 'M184V']	1
94378	K65R, D67N, T69D	1.8	['K65R', 'D67N', 'T69D']	1
185076	L210W, T215C	0.8	['L210W', 'T215C']	0
24381	M41L, A62AV, T69S_ST, M184V, T215Y	2.2	['M41L', 'A62AV', 'T69S_ST', 'M184V', 'T215Y']	1
166098	M184V	1.2	['M184V']	0
88717		1.1	[]	0
166046	K65R, S68G, K70T, M184V	2.2	['K65R', 'S68G', 'K70T', 'M184V']	1
122784	M41L, D67N, K70R, M184V, T215F, K219E	2.3	['M41L', 'D67N', 'K70R', 'M184V', 'T215F', 'K219E']	1
195251		0.9	[]	0
84180	M41L, D67N, M184V, L210W, T215Y	2.7	['M41L', 'D67N', 'M184V', 'L210W', 'T215Y']	1
195313		0.9	[]	0
122665	M41L, D67DN, L210W, T215Y	1.5	['M41L', 'D67DN', 'L210W', 'T215Y']	1
175987	L74V, M184V, K219N	2.1	['L74V', 'M184V', 'K219N']	1
94384	M41L, E44ED, D67G, S68G, L74V, M184V, L210W, T215Y, K219NS	3.2	['M41L', 'E44ED', 'D67G', 'S68G', 'L74V', 'M184V', 'L210W', 'T215Y', 'K219NS']	1
71561	M41L, D67N, K70R, M184V, T215Y, K219E	2.1	['M41L', 'D67N', 'K70R', 'M184V', 'T215Y', 'K219E']	1
127354	M184V, T215TI	1.4	['M184V', 'T215TI']	1
95810		1.2	[]	0
94388	M41L, E44D, D67N, L74V, M184V, L210W, T215Y, K219N	3.0	['M41L', 'E44D', 'D67N', 'L74V', 'M184V', 'L210W', 'T215Y', 'K219N']	1
127382		1.0	[]	0
195279		0.8	[]	0
127244	M41L, S68G, M184V, L210W, T215SY	1.1	['M41L', 'S68G', 'M184V', 'L210W', 'T215SY']	0
96336		1.0	[]	0
151294	M41L, E44D, D67N, K70R, L74LI, M184V, T215Y, K219E	1.7	['M41L', 'E44D', 'D67N', 'K70R', 'L74LI', 'M184V', 'T215Y', 'K219E']	1
60842	M41ML, D67N, T69D, K70R, M184V, T215F, K219Q	1.8	['M41ML', 'D67N', 'T69D', 'K70R', 'M184V', 'T215F', 'K219Q']	1
96416	M41L, L74V, M184V, L210W, T215Y	2.0	['M41L', 'L74V', 'M184V', 'L210W', 'T215Y']	1
195303		1.0	[]	0
95804	M41L, E44A, D67N, L74V, M184V, L210W, T215Y, K219N	3.8	['M41L', 'E44A', 'D67N', 'L74V', 'M184V', 'L210W', 'T215Y', 'K219N']	1
95826		0.7	[]	0
102366	M41L, E44D, D67N, T69D, M184V, L210W, T215Y, K219R	2.1	['M41L', 'E44D', 'D67N', 'T69D', 'M184V', 'L210W', 'T215Y', 'K219R']	1
184258	M184V	1.1	['M184V']	0
122659	D67N, K70R, M184V, K219Q	1.9	['D67N', 'K70R', 'M184V', 'K219Q']	1
88785		1.0	[]	0
127258		1.1	[]	0
59559		1.1	[]	0
195277	M184V	1.3	['M184V']	1
71541	M41L, D67N, K70KR, L74LIV, M184V, L210W, T215Y, K219Q	1.6	['M41L', 'D67N', 'K70KR', 'L74LIV', 'M184V', 'L210W', 'T215Y', 'K219Q']	1
166090		1.0	[]	0
127300		1.0	[]	0
71519	E44D, M184V, T215Y	1.9	['E44D', 'M184V', 'T215Y']	1
71553	M41L, E44A, D67N, L210W, T215Y, K219R	2.3	['M41L', 'E44A', 'D67N', 'L210W', 'T215Y', 'K219R']	1
88733		1.0	[]	0
88763		1.0	[]	0
125022	M41L, E44A, L74V, M184V, L210W, T215Y	2.9	['M41L', 'E44A', 'L74V', 'M184V', 'L210W', 'T215Y']	1
195289		1.5	[]	1
185084		0.8	[]	0
177182	S68G, M184V, T215F	1.9	['S68G', 'M184V', 'T215F']	1
122653	L74LI, T215Y	1.0	['L74LI', 'T215Y']	0
127266	K70N, M184MV	1.4	['K70N', 'M184MV']	1
86048	D67N, T69D, K70R, L74V, T215Y, K219Q	2.0	['D67N', 'T69D', 'K70R', 'L74V', 'T215Y', 'K219Q']	1
96430	M41L, S68G, L74V, M184V, L210W, T215Y	1.7	['M41L', 'S68G', 'L74V', 'M184V', 'L210W', 'T215Y']	1
151288	M41L, M184V, L210W, T215Y, K219KE	1.6	['M41L', 'M184V', 'L210W', 'T215Y', 'K219KE']	1
86050	M41L, E44D, D67N, T69D, L210W, T215Y, K219KR	1.8	['M41L', 'E44D', 'D67N', 'T69D', 'L210W', 'T215Y', 'K219KR']	1
127296		1.2	[]	0
96448	D67G, T69ND, K70R, L74LI, M184V, T215F, K219Q	1.9	['D67G', 'T69ND', 'K70R', 'L74LI', 'M184V', 'T215F', 'K219Q']	1
96360	D67G, T69D, K70RG, M184MV	1.0	['D67G', 'T69D', 'K70RG', 'M184MV']	0
71555	D67N, T69D, K70R, M184V, T215F, K219Q	2.1	['D67N', 'T69D', 'K70R', 'M184V', 'T215F', 'K219Q']	1
69141	M41L, E44A, D67N, L74I, V75VIM, M184V, L210W, T215Y, K219E	2.3	['M41L', 'E44A', 'D67N', 'L74I', 'V75VIM', 'M184V', 'L210W', 'T215Y', 'K219E']	1
48242	D67N, K70R, T215F, K219Q	1.3	['D67N', 'K70R', 'T215F', 'K219Q']	1
127254		1.1	[]	0
185940		0.8	[]	0
71471	M41L, E44D, D67DN, V75M, M184V, L210W, T215Y	2.1	['M41L', 'E44D', 'D67DN', 'V75M', 'M184V', 'L210W', 'T215Y']	1
92509	M41L, L210W, T215Y	1.2	['M41L', 'L210W', 'T215Y']	0
170964		0.9	[]	0
96424	M41L, E44D, D67N, L74LV, M184V, L210W, T215Y	1.5	['M41L', 'E44D', 'D67N', 'L74LV', 'M184V', 'L210W', 'T215Y']	1
185062		1.1	[]	0
38901		1.0	[]	0
35194	D67N, T69D, K70R, T215F, K219Q	1.4	['D67N', 'T69D', 'K70R', 'T215F', 'K219Q']	1
236591		1.1	[]	0
14729	S68G, L74V, V75T, Y115F, Q151M	11.0	['S68G', 'L74V', 'V75T', 'Y115F', 'Q151M']	1
40737	S68G	0.8	['S68G']	0
14143	M41L, M184V, T215Y	1.6	['M41L', 'M184V', 'T215Y']	1
38017	M41L, E44ED, D67DN, S68SG, M184V, L210W, T215Y	2.5	['M41L', 'E44ED', 'D67DN', 'S68SG', 'M184V', 'L210W', 'T215Y']	1
19923	D67N, T215V, K219Q	0.9	['D67N', 'T215V', 'K219Q']	0
236571		0.7	[]	0
24800	M41L, E44D, D67N, M184V, L210W, T215Y, K219Q	1.7	['M41L', 'E44D', 'D67N', 'M184V', 'L210W', 'T215Y', 'K219Q']	1
17451	E40F, M41L, D67N, L74I, L210W, T215Y, K219N	2.6	['E40F', 'M41L', 'D67N', 'L74I', 'L210W', 'T215Y', 'K219N']	1
12270	M41L, D67N, L210W, T215Y	1.4	['M41L', 'D67N', 'L210W', 'T215Y']	1
214357	M41L, L74I, M184V, L210W, T215Y	2.3	['M41L', 'L74I', 'M184V', 'L210W', 'T215Y']	1
35156	D67N, K70R, L74V, T215TI, K219Q	2.6	['D67N', 'K70R', 'L74V', 'T215TI', 'K219Q']	1
27641	M184V	2.0	['M184V']	1
3787	D67N, K70R	0.8	['D67N', 'K70R']	0
59209	D67N, K70R, T215F, K219E	1.2	['D67N', 'K70R', 'T215F', 'K219E']	0
4582	V75T, M184V	2.0	['V75T', 'M184V']	1
38077	A62V, K65R, S68G, V75I, F77L, F116Y, Q151M	23.0	['A62V', 'K65R', 'S68G', 'V75I', 'F77L', 'F116Y', 'Q151M']	1
214365		1.0	[]	0
214353	M184V, T215Y	1.3	['M184V', 'T215Y']	1
68911		1.0	[]	0
34448		1.1	[]	0
37816	D67N, T69D, K70R, M184V, T215V, K219Q	1.5	['D67N', 'T69D', 'K70R', 'M184V', 'T215V', 'K219Q']	1
34464	M41L, D67N, L210W, T215Y, K219R	1.7	['M41L', 'D67N', 'L210W', 'T215Y', 'K219R']	1
237811	M41L, T215D	0.7	['M41L', 'T215D']	0
19999	M184V	1.4	['M184V']	1
12464	M41L, D67N, T215Y	1.2	['M41L', 'D67N', 'T215Y']	0
9044	T215D	0.7	['T215D']	0
37855	M41L, D67G, S68G, K70R, M184V, T215F, K219Q	3.6	['M41L', 'D67G', 'S68G', 'K70R', 'M184V', 'T215F', 'K219Q']	1
41241	M41L, L74I, M184V, L210W, T215Y	2.8	['M41L', 'L74I', 'M184V', 'L210W', 'T215Y']	1
42025	E40F, M41L, S68G, L74I, V75A, M184V, L210W, T215Y, K219N	2.8	['E40F', 'M41L', 'S68G', 'L74I', 'V75A', 'M184V', 'L210W', 'T215Y', 'K219N']	1
214371	T69D, M184MV	1.8	['T69D', 'M184MV']	1
13062	M41L, E44ED, D67N, T69D, V75M, F77L, M184V, L210W, T215Y	2.7	['M41L', 'E44ED', 'D67N', 'T69D', 'V75M', 'F77L', 'M184V', 'L210W', 'T215Y']	1
237141		1.1	[]	0
41187	M41L, M184V, T215Y	1.5	['M41L', 'M184V', 'T215Y']	1
34319	M41L, E44A, T69D, L74I, L210W, T215Y, K219R	2.3	['M41L', 'E44A', 'T69D', 'L74I', 'L210W', 'T215Y', 'K219R']	1
214341	M41L, D67N, T69D, L74LV, V75VIM, M184V, T215Y	1.4	['M41L', 'D67N', 'T69D', 'L74LV', 'V75VIM', 'M184V', 'T215Y']	1
14732	M41L, D67N, L210W, T215Y, K219R	2.1	['M41L', 'D67N', 'L210W', 'T215Y', 'K219R']	1
237831	M41L, E44D, D67N, M184V, L210W, T215Y	3.0	['M41L', 'E44D', 'D67N', 'M184V', 'L210W', 'T215Y']	1
237815	M41L, E44AD, D67N, L74I, M184V, L210W, T215Y, K219N	2.2	['M41L', 'E44AD', 'D67N', 'L74I', 'M184V', 'L210W', 'T215Y', 'K219N']	1
236563	M184V	1.2	['M184V']	0
237139	M41L, E44D, D67N, K70R, M184V, T215V, K219E	2.0	['M41L', 'E44D', 'D67N', 'K70R', 'M184V', 'T215V', 'K219E']	1
14494		1.1	[]	0
236595		0.7	[]	0
38405		1.0	[]	0
214361	L74LI, M184V	1.6	['L74LI', 'M184V']	1
27639	M184V	1.2	['M184V']	0
237827	D67N, K70R, L74I, M184V, K219Q	2.1	['D67N', 'K70R', 'L74I', 'M184V', 'K219Q']	1
38037	M41L, D67N, K70R, M184V, L210W, T215Y, K219E	1.7	['M41L', 'D67N', 'K70R', 'M184V', 'L210W', 'T215Y', 'K219E']	1
12925	K65R, D67N, S68N, K70G, K219R	1.7	['K65R', 'D67N', 'S68N', 'K70G', 'K219R']	1
27645		1.1	[]	0
38439	D67N, T69D, K70R, M184V, T215F, K219Q	1.6	['D67N', 'T69D', 'K70R', 'M184V', 'T215F', 'K219Q']	1
214335	M41L, D67DN, M184V, L210W, T215Y	1.3	['M41L', 'D67DN', 'M184V', 'L210W', 'T215Y']	1
41283	D67N, K70R, K219Q	1.0	['D67N', 'K70R', 'K219Q']	0
21195	M41L, L74V, M184V, T215Y	2.6	['M41L', 'L74V', 'M184V', 'T215Y']	1
237809		0.9	[]	0
37826		1.9	[]	1
11742	M41L, M184V, T215Y	1.3	['M41L', 'M184V', 'T215Y']	1
236585	D67DN, K70KR, M184V, K219KE	1.6	['D67DN', 'K70KR', 'M184V', 'K219KE']	1
7756	F77L, F116Y, Q151M	9.2	['F77L', 'F116Y', 'Q151M']	1
236597	D67N, K70R, M184V, K219Q	1.5	['D67N', 'K70R', 'M184V', 'K219Q']	1
13061	M41L, T215Y	1.7	['M41L', 'T215Y']	1
24746	D67N, K70R, M184MV, T215F, K219Q	0.6	['D67N', 'K70R', 'M184MV', 'T215F', 'K219Q']	0
10617	M41L, E44D, M184V, L210W, T215Y	1.9	['M41L', 'E44D', 'M184V', 'L210W', 'T215Y']	1
34564	M41L, K70R, M184V	1.6	['M41L', 'K70R', 'M184V']	1
237823	M184MV	1.4	['M184MV']	1
236567	M41L, A62V, M184V, T215Y	2.2	['M41L', 'A62V', 'M184V', 'T215Y']	1
9168	M41L, E44D, D67N, T69D, K70KR, L210W, T215Y	1.4	['M41L', 'E44D', 'D67N', 'T69D', 'K70KR', 'L210W', 'T215Y']	1
21176	D67G, S68G, K70KR, L74V, K219N	1.6	['D67G', 'S68G', 'K70KR', 'L74V', 'K219N']	1
24252	D67N, K70R, M184V	1.8	['D67N', 'K70R', 'M184V']	1
237143		1.0	[]	0
23563	Y115F, M184V	2.5	['Y115F', 'M184V']	1
214329	K65KR, S68SG, M184V, K219KR	1.4	['K65KR', 'S68SG', 'M184V', 'K219KR']	1
34577	M41L, E44D, D67N, M184V, L210W, T215Y	2.0	['M41L', 'E44D', 'D67N', 'M184V', 'L210W', 'T215Y']	1
237817	M41L, D67N, K70R, M184V, T215F, K219Q	2.7	['M41L', 'D67N', 'K70R', 'M184V', 'T215F', 'K219Q']	1
13491	M41L, D67N, K70R, T215F	1.2	['M41L', 'D67N', 'K70R', 'T215F']	0
214347	Y115F, M184V, T215F, K219E	1.6	['Y115F', 'M184V', 'T215F', 'K219E']	1
24639	M41L, E44D, V75M, L210W, T215Y, K219N	1.7	['M41L', 'E44D', 'V75M', 'L210W', 'T215Y', 'K219N']	1
11001	M41L, D67N, L210W, T215Y	1.6	['M41L', 'D67N', 'L210W', 'T215Y']	1
237833		1.0	[]	0
14753	M41L, E44EA, D67N, L74V, L210W, T215Y, K219N	1.8	['M41L', 'E44EA', 'D67N', 'L74V', 'L210W', 'T215Y', 'K219N']	1
7758	M41L, A62V, D67N, L74I, M184V, L210W, T215F, K219Q	2.1	['M41L', 'A62V', 'D67N', 'L74I', 'M184V', 'L210W', 'T215F', 'K219Q']	1
38359	M41L, A62V, S68G, T69A_VG, L210W, T215Y	14.0	['M41L', 'A62V', 'S68G', 'T69A_VG', 'L210W', 'T215Y']	1
38271	M41L, D67N, T69D, K70R, M184V, T215F, K219Q	1.7	['M41L', 'D67N', 'T69D', 'K70R', 'M184V', 'T215F', 'K219Q']	1
214379	M41L, D67N, K70R, L74I, V75T, T215F, K219Q	2.1	['M41L', 'D67N', 'K70R', 'L74I', 'V75T', 'T215F', 'K219Q']	1
24272	L74LV, Y115F, M184V	2.3	['L74LV', 'Y115F', 'M184V']	1
12496	M41L, D67N, L74V, M184V, L210W, T215Y	1.6	['M41L', 'D67N', 'L74V', 'M184V', 'L210W', 'T215Y']	1
40819	A62V, S68G, K70N, V75I, F77L, Y115F, F116Y, Q151M, M184V	29.0	['A62V', 'S68G', 'K70N', 'V75I', 'F77L', 'Y115F', 'F116Y', 'Q151M', 'M184V']	1
23585	M41L, L74V, T215Y	1.6	['M41L', 'L74V', 'T215Y']	1
20223	M41L, A62V, S68G, V75T, M184V, T215Y	2.2	['M41L', 'A62V', 'S68G', 'V75T', 'M184V', 'T215Y']	1
40736		0.9	[]	0
24345	M41L, D67G, S68G, T69D, K70R, M184V, T215F	1.6	['M41L', 'D67G', 'S68G', 'T69D', 'K70R', 'M184V', 'T215F']	1
214331	K70R	1.1	['K70R']	0
24786	M41L, E44D, D67N, T69D, L74I, L210W, T215Y	2.4	['M41L', 'E44D', 'D67N', 'T69D', 'L74I', 'L210W', 'T215Y']	1
214369	M184V	0.9	['M184V']	0
12835	K70R, M184V	1.5	['K70R', 'M184V']	1
33149	M184V	1.5	['M184V']	1
236581	D67N, K70R, M184V, K219Q	1.5	['D67N', 'K70R', 'M184V', 'K219Q']	1
24066	D67N, M184V, K219Q	1.4	['D67N', 'M184V', 'K219Q']	1
236575	M41L, D67N, T69D, M184V, L210W, T215Y	2.4	['M41L', 'D67N', 'T69D', 'M184V', 'L210W', 'T215Y']	1
214381	S68G, T69SGE, T215Y	7.2	['S68G', 'T69SGE', 'T215Y']	1
236599		1.1	[]	0
34500	M184V	1.6	['M184V']	1
9896	D67N, T215F, K219Q	1.1	['D67N', 'T215F', 'K219Q']	0
214359		0.9	[]	0
214343		1.0	[]	0
237829	D67DN, K70KR, M184I, K219E	1.0	['D67DN', 'K70KR', 'M184I', 'K219E']	0
38503	S68G	0.9	['S68G']	0
3798	D67N, K70R, T215I, K219E	1.1	['D67N', 'K70R', 'T215I', 'K219E']	0
34677		1.0	[]	0
14139	M41L, D67N, F116Y, Q151M, T215F, K219Q	6.4	['M41L', 'D67N', 'F116Y', 'Q151M', 'T215F', 'K219Q']	1
192066		0.7	[]	0
4919	M41L, D67N, L210W, T215Y	1.6	['M41L', 'D67N', 'L210W', 'T215Y']	1
37989	K65R	2.8	['K65R']	1
34751	M184V	1.6	['M184V']	1
9078	M184V	1.3	['M184V']	1
34623	S68G, M184V, L210LW, T215Y	1.8	['S68G', 'M184V', 'L210LW', 'T215Y']	1
19952	A62V, D67E, T69S_SS, T215Y	3.2	['A62V', 'D67E', 'T69S_SS', 'T215Y']	1
236569		1.0	[]	0
14681	M41L, L210W, T215Y	1.1	['M41L', 'L210W', 'T215Y']	0
214383	A62V, D67E, T69S_SS, L210W, T215Y	4.2	['A62V', 'D67E', 'T69S_SS', 'L210W', 'T215Y']	1
10948	L74V	2.1	['L74V']	1
42021	M41L, M184V, L210W, T215Y	1.9	['M41L', 'M184V', 'L210W', 'T215Y']	1
11970	D67N, T69D, K70R, M184V, T215F, K219Q	1.9	['D67N', 'T69D', 'K70R', 'M184V', 'T215F', 'K219Q']	1
23687	M41L, D67N, M184V, T215F, K219Q	1.7	['M41L', 'D67N', 'M184V', 'T215F', 'K219Q']	1
11722		0.9	[]	0
14471		0.8	[]	0
37772	M41L, D67N, T69D, K70R, M184V, L210W, T215Y, K219Q	2.0	['M41L', 'D67N', 'T69D', 'K70R', 'M184V', 'L210W', 'T215Y', 'K219Q']	1
11204	M41L, E44D, D67DN, T69D, M184V, L210W, T215Y, K219R	2.2	['M41L', 'E44D', 'D67DN', 'T69D', 'M184V', 'L210W', 'T215Y', 'K219R']	1
214355		1.2	[]	0
214337		1.2	[]	0
13682	M41L, L74V, M184V, T215Y	2.8	['M41L', 'L74V', 'M184V', 'T215Y']	1
9355	M41L, E44D, D67N, T69D, L210W, T215Y	2.4	['M41L', 'E44D', 'D67N', 'T69D', 'L210W', 'T215Y']	1
237825		0.9	[]	0
214363	M184MV	1.3	['M184MV']	1
214373	M184V	2.0	['M184V']	1
34844	M41ML, T69DN, K70KR, M184V, T215F	2.6	['M41ML', 'T69DN', 'K70KR', 'M184V', 'T215F']	1
34877	M41L, T69S_SA, L210W, T215Y	3.7	['M41L', 'T69S_SA', 'L210W', 'T215Y']	1
9268		1.0	[]	0
10555	M41L, D67N, T69D, K70R, M184V, T215F	1.4	['M41L', 'D67N', 'T69D', 'K70R', 'M184V', 'T215F']	1
9128	M41L, E44A, D67N, L210W, T215Y, K219N	1.8	['M41L', 'E44A', 'D67N', 'L210W', 'T215Y', 'K219N']	1
8046	E40F, M41L, D67N, V75M, M184V, L210W, T215Y, K219Q	2.4	['E40F', 'M41L', 'D67N', 'V75M', 'M184V', 'L210W', 'T215Y', 'K219Q']	1
4256	M41L, E44D, V75M, M184V, L210W, T215Y	1.3	['M41L', 'E44D', 'V75M', 'M184V', 'L210W', 'T215Y']	1
236573	M41L, L210W, T215Y	1.3	['M41L', 'L210W', 'T215Y']	1
23844	M41L, K65R, D67N, S68G, V75I, F77L, Y115F, F116Y, Q151M, M184I, K219Q	45.0	['M41L', 'K65R', 'D67N', 'S68G', 'V75I', 'F77L', 'Y115F', 'F116Y', 'Q151M', 'M184I', 'K219Q']	1
41193		0.7	[]	0
38175		1.0	[]	0
38213	K65R	3.1	['K65R']	1
24256	D67G, K70R, M184V, K219E	2.3	['D67G', 'K70R', 'M184V', 'K219E']	1
5025	M41L, D67N, T69D, K70R, L74V, M184V, T215F, K219Q	1.9	['M41L', 'D67N', 'T69D', 'K70R', 'L74V', 'M184V', 'T215F', 'K219Q']	1
214387		0.9	[]	0
35206	D67N, K70R, M184V	1.1	['D67N', 'K70R', 'M184V']	0
236593	M41L, E44D, D67N, L74I, M184V, L210W, T215Y, K219R	2.9	['M41L', 'E44D', 'D67N', 'L74I', 'M184V', 'L210W', 'T215Y', 'K219R']	1
16876	M41L, L74V, L210W, T215Y	1.7	['M41L', 'L74V', 'L210W', 'T215Y']	1
35226	M41L, E44EA, D67N, L74V, M184V, L210W, T215Y, K219N	3.1	['M41L', 'E44EA', 'D67N', 'L74V', 'M184V', 'L210W', 'T215Y', 'K219N']	1
38099	M41L, M184V, L210W, T215Y	1.6	['M41L', 'M184V', 'L210W', 'T215Y']	1
23876	D67N, K70R, M184V, K219Q	2.1	['D67N', 'K70R', 'M184V', 'K219Q']	1
23708	K70KR, M184V, T215F	2.2	['K70KR', 'M184V', 'T215F']	1
24457	M41L, D67DN, M184V, L210W, T215Y	1.7	['M41L', 'D67DN', 'M184V', 'L210W', 'T215Y']	1
35230	M41L, D67N, T215CY	1.5	['M41L', 'D67N', 'T215CY']	1
38069	D67N, M184V, K219Q	1.2	['D67N', 'M184V', 'K219Q']	0
34963	D67N, M184V, K219Q	1.3	['D67N', 'M184V', 'K219Q']	1
214351	M41L, E44A, D67N, V75M, M184V, L210W, T215Y, K219E	2.1	['M41L', 'E44A', 'D67N', 'V75M', 'M184V', 'L210W', 'T215Y', 'K219E']	1
27643	M184V	1.7	['M184V']	1
214333	M41L, D67N, K70R, L74I, V75T, T215F, K219Q	2.1	['M41L', 'D67N', 'K70R', 'L74I', 'V75T', 'T215F', 'K219Q']	1
214375	M41L, E44D, L74LI, M184V, L210W, T215Y	2.7	['M41L', 'E44D', 'L74LI', 'M184V', 'L210W', 'T215Y']	1
34971	D67N, K70R, M184V, K219Q	1.4	['D67N', 'K70R', 'M184V', 'K219Q']	1
12349	M184V, K219KR	1.6	['M184V', 'K219KR']	1
13058	M41L, D67N, K70R, V75VM, T215F, K219Q	1.2	['M41L', 'D67N', 'K70R', 'V75VM', 'T215F', 'K219Q']	0
23922	M41L, M184V, L210W, T215Y	2.2	['M41L', 'M184V', 'L210W', 'T215Y']	1
9418	D67N, K70R, K219Q	1.0	['D67N', 'K70R', 'K219Q']	0
9379	M41L, D67N, T215Y	1.4	['M41L', 'D67N', 'T215Y']	1
20144	M41L, M184V, L210LW, T215Y	1.4	['M41L', 'M184V', 'L210LW', 'T215Y']	1
237813		1.1	[]	0
3861	M41L, D67N, L74V, L210W, T215Y	1.3	['M41L', 'D67N', 'L74V', 'L210W', 'T215Y']	1
11659	M41L, D67DN, M184V, L210W, T215Y	1.9	['M41L', 'D67DN', 'M184V', 'L210W', 'T215Y']	1
57862	A62AV, S68SG, K70KN, V75T	2.8	['A62AV', 'S68SG', 'K70KN', 'V75T']	1
10496		1.1	[]	0
236561	M184MV	1.1	['M184MV']	0
38209	D67N, K70R, M184V, K219E	1.5	['D67N', 'K70R', 'M184V', 'K219E']	1
17397	M41L, E44A, D67N, L74V, L210W, T215Y, K219N	1.2	['M41L', 'E44A', 'D67N', 'L74V', 'L210W', 'T215Y', 'K219N']	0
9099		1.0	[]	0
237819	T69D	1.2	['T69D']	0
214385	M41L, E44D, D67N, M184V, L210W, T215Y	2.9	['M41L', 'E44D', 'D67N', 'M184V', 'L210W', 'T215Y']	1
34497	M184IV	0.9	['M184IV']	0
17425	M184V	1.5	['M184V']	1
37875	M41L, E44D, D67DN, M184V, L210W, T215Y	2.2	['M41L', 'E44D', 'D67DN', 'M184V', 'L210W', 'T215Y']	1
11723	M41L, D67N, T69D, L210W, T215Y	1.5	['M41L', 'D67N', 'T69D', 'L210W', 'T215Y']	1
10630	M41L, D67N, K70R, L74V, T215F, K219Q	1.5	['M41L', 'D67N', 'K70R', 'L74V', 'T215F', 'K219Q']	1
35193	M41L, A62AV, V75I, M184V, T215Y	1.7	['M41L', 'A62AV', 'V75I', 'M184V', 'T215Y']	1
34922		0.8	[]	0
37949	M41L, D67N, K70R, T215F, K219Q	1.5	['M41L', 'D67N', 'K70R', 'T215F', 'K219Q']	1
34501		1.2	[]	0
9173		0.9	[]	0
38265	M184I	1.3	['M184I']	1
214377	M41L, T215D	0.9	['M41L', 'T215D']	0
237145	K219E	0.9	['K219E']	0
11587	M41L, E44D, D67N, T69D, M184V, L210W, T215Y	2.1	['M41L', 'E44D', 'D67N', 'T69D', 'M184V', 'L210W', 'T215Y']	1
10532		1.2	[]	0
34849	D67G, S68G, K70R, K219Q	1.3	['D67G', 'S68G', 'K70R', 'K219Q']	1
236587		1.1	[]	0
23667	K70R	1.2	['K70R']	0
38123	D67N, K70R, L74IV, T215I, K219E	1.5	['D67N', 'K70R', 'L74IV', 'T215I', 'K219E']	1
236559	T215D	0.9	['T215D']	0
17408	M41L, S68G, L210W, T215Y	1.1	['M41L', 'S68G', 'L210W', 'T215Y']	0
23192	M41L, D67N, M184V, L210W, T215Y	1.6	['M41L', 'D67N', 'M184V', 'L210W', 'T215Y']	1
23543	M41L, D67N, V75M, L210W, T215Y	2.2	['M41L', 'D67N', 'V75M', 'L210W', 'T215Y']	1
58186	D67G, M184V	1.4	['D67G', 'M184V']	1
14788	D67N, K70R	0.9	['D67N', 'K70R']	0
37914	M41L, E44D, V75M, M184V, L210W, T215Y, K219N	2.2	['M41L', 'E44D', 'V75M', 'M184V', 'L210W', 'T215Y', 'K219N']	1
237821		1.5	[]	1
40821	M41L, L210W, T215Y	1.1	['M41L', 'L210W', 'T215Y']	0
214367	M184I, T215D	1.7	['M184I', 'T215D']	1
236565	M184V	1.2	['M184V']	0
14784	M184V	1.5	['M184V']	1
15990	K70R	1.0	['K70R']	0
236601		1.0	[]	0
39039	M184V	1.3	['M184V']	1
236589		0.9	[]	0
38147	T215Y	1.1	['T215Y']	0
34456		1.0	[]	0
214349	E44ED, D67N, T69D	0.8	['E44ED', 'D67N', 'T69D']	0
37881	M41L, E44D, D67N, K70R, V75VA, L210W, T215Y, K219E	1.7	['M41L', 'E44D', 'D67N', 'K70R', 'V75VA', 'L210W', 'T215Y', 'K219E']	1
37687	M41L, M184V, L210W, T215Y	1.9	['M41L', 'M184V', 'L210W', 'T215Y']	1
14704		1.0	[]	0
12831	M184V	1.5	['M184V']	1
10564	D67N, T69D, K70R, M184V, T215F, K219Q	1.4	['D67N', 'T69D', 'K70R', 'M184V', 'T215F', 'K219Q']	1
38623		0.8	[]	0
33151		1.0	[]	0
12326	M184V	1.6	['M184V']	1
214339		0.8	[]	0
23806	M41L, E44D, D67N, L210W, T215Y, K219R	2.3	['M41L', 'E44D', 'D67N', 'L210W', 'T215Y', 'K219R']	1
11979	M184V	1.4	['M184V']	1
68561	D67G, T69DN, K70R, M184V, K219Q	1.6	['D67G', 'T69DN', 'K70R', 'M184V', 'K219Q']	1
236583		1.1	[]	0
236579		0.7	[]	0
15932	D67N, K70R, M184V, T215Y, K219Q	1.8	['D67N', 'K70R', 'M184V', 'T215Y', 'K219Q']	1
10989	M184V	1.6	['M184V']	1
13679	M41L, E44ED, D67N, L74I, M184V, L210W, T215Y	2.2	['M41L', 'E44ED', 'D67N', 'L74I', 'M184V', 'L210W', 'T215Y']	1
24615		1.0	[]	0
236577	M184V	1.2	['M184V']	0
34910		1.0	[]	0
214345		0.9	[]	0
237865	M184V	1.2	['M184V']	0
237855		0.9	[]	0
237895	Y115YF, M184I, K219KE	1.9	['Y115YF', 'M184I', 'K219KE']	1
237899	S68G	1.5	['S68G']	1
237869		1.3	[]	1
237859		1.0	[]	0
237875	K70KE, M184I	1.4	['K70KE', 'M184I']	1
237901		0.8	[]	0
237843		1.0	[]	0
237891	M184V	1.1	['M184V']	0
237885		1.2	[]	0
237851	S68G	1.3	['S68G']	1
237889		0.8	[]	0
237837	M184V	1.5	['M184V']	1
237871	A62AV, K65KN, M184MIV	1.0	['A62AV', 'K65KN', 'M184MIV']	0
237847		0.8	[]	0
237839		0.9	[]	0
237879	L74V, M184V	2.0	['L74V', 'M184V']	1
237893		1.3	[]	1
237887	M184I	1.9	['M184I']	1
237853	K65KR, S68SG, M184MIV	2.1	['K65KR', 'S68SG', 'M184MIV']	1
237863		0.7	[]	0
237841	D67G, M184I, K219E	1.3	['D67G', 'M184I', 'K219E']	1
237903	M184V	1.2	['M184V']	0
237867	M184V	1.8	['M184V']	1
237897	S68G	0.8	['S68G']	0
237873		1.2	[]	0
237857	K65R, T69T_X, K219KE	1.7	['K65R', 'T69T_X', 'K219KE']	1
237881		1.3	[]	1
237883	M184I	1.6	['M184I']	1
237845	M184I	1.6	['M184I']	1
237835		1.1	[]	0
237861	M184I	1.6	['M184I']	1
237849	M184I	1.4	['M184I']	1
237877		0.9	[]	0
248973		0.8	[]	0
248970	M184I	2.4	['M184I']	1
248971	M184I	2.2	['M184I']	1
248969		1.2	[]	0
248972		1.2	[]	0
592190	M41L, S68SG, M184V, L210W, T215Y	2.0	['M41L', 'S68SG', 'M184V', 'L210W', 'T215Y']	1
592218	M184V	1.2	['M184V']	0
591678		0.8	[]	0
591822		0.9	[]	0
591480	M41L, L210W, T215Y	2.6	['M41L', 'L210W', 'T215Y']	1
592096	M41L, D67N, S68G, K70R, M184V, T215Y, K219E	1.8	['M41L', 'D67N', 'S68G', 'K70R', 'M184V', 'T215Y', 'K219E']	1
591504	L210LW	1.1	['L210LW']	0
591436	D67G, S68G, K70R, V75I, Y115YF, F116Y, Q151M, M184V, T215V, K219E	18.0	['D67G', 'S68G', 'K70R', 'V75I', 'Y115YF', 'F116Y', 'Q151M', 'M184V', 'T215V', 'K219E']	1
592010		0.9	[]	0
591712	M41L, E44D, D67N, T69D, M184V, L210W, T215Y, K219KN	2.8	['M41L', 'E44D', 'D67N', 'T69D', 'M184V', 'L210W', 'T215Y', 'K219KN']	1
591368	M41L, L74V, M184V, T215F	3.2	['M41L', 'L74V', 'M184V', 'T215F']	1
591748	M41L, S68G, M184V, T215Y	1.4	['M41L', 'S68G', 'M184V', 'T215Y']	1
591884	D67N, K70R, M184V, T215I, K219E	2.1	['D67N', 'K70R', 'M184V', 'T215I', 'K219E']	1
591702	D67N, K70R, M184MI, K219E	1.6	['D67N', 'K70R', 'M184MI', 'K219E']	1
592354		0.9	[]	0
592312	M41L, D67N, T69D, L74I, M184V, L210W, T215Y	2.2	['M41L', 'D67N', 'T69D', 'L74I', 'M184V', 'L210W', 'T215Y']	1
592056	V75M, F77L, M184V, T215Y	1.9	['V75M', 'F77L', 'M184V', 'T215Y']	1
592092	D67N, T69D, K70KR, M184V, T215FIL, K219Q	1.0	['D67N', 'T69D', 'K70KR', 'M184V', 'T215FIL', 'K219Q']	0
592118	D67N, T69D, T215C, K219Q	1.3	['D67N', 'T69D', 'T215C', 'K219Q']	1
591730	M41L, D67DN, T69D, L210W, T215CY	1.2	['M41L', 'D67DN', 'T69D', 'L210W', 'T215CY']	0
592430		0.7	[]	0
591922	M41L, E44D, D67N, L74LV, L210W, T215Y, K219R	1.8	['M41L', 'E44D', 'D67N', 'L74LV', 'L210W', 'T215Y', 'K219R']	1
592348	M41L, E44D, D67N, M184V, L210W, T215Y	1.3	['M41L', 'E44D', 'D67N', 'M184V', 'L210W', 'T215Y']	1
591966	M41L, D67N, M184V, L210W, T215Y, K219N	2.0	['M41L', 'D67N', 'M184V', 'L210W', 'T215Y', 'K219N']	1
591964	M41L, D67DN, L74V, M184V, T215Y	3.4	['M41L', 'D67DN', 'L74V', 'M184V', 'T215Y']	1
591554	S68G	1.1	['S68G']	0
592402		1.1	[]	0
592390	M41L, E44D, D67E, S68G, V75M, M184V, L210W, T215Y	3.4	['M41L', 'E44D', 'D67E', 'S68G', 'V75M', 'M184V', 'L210W', 'T215Y']	1
591380	M41L, D67N, T69D, K70R, M184V, T215F, K219Q	1.9	['M41L', 'D67N', 'T69D', 'K70R', 'M184V', 'T215F', 'K219Q']	1
592002	M41L, E44A, D67N, V75M, F77L, M184V, L210W, T215Y, K219KR	2.8	['M41L', 'E44A', 'D67N', 'V75M', 'F77L', 'M184V', 'L210W', 'T215Y', 'K219KR']	1
591416	M41L, E44D, T69D, M184V, L210W, T215Y, K219R	1.5	['M41L', 'E44D', 'T69D', 'M184V', 'L210W', 'T215Y', 'K219R']	1
591378	D67DN	1.1	['D67DN']	0
592250	M41L, E44D, D67N, T69D, L74V, M184V, L210W, T215Y, K219R	2.8	['M41L', 'E44D', 'D67N', 'T69D', 'L74V', 'M184V', 'L210W', 'T215Y', 'K219R']	1
591772		0.9	[]	0
591688	M41L, A62AV, D67DN, V75I, L210W, T215Y	1.2	['M41L', 'A62AV', 'D67DN', 'V75I', 'L210W', 'T215Y']	0
592252	D67N, K70R, L74V, V75A, K219Q	3.0	['D67N', 'K70R', 'L74V', 'V75A', 'K219Q']	1
592388	D67N, K70R, M184V, K219Q	1.7	['D67N', 'K70R', 'M184V', 'K219Q']	1
592392		0.7	[]	0
591660	D67N, T69D, K70R, M184V, L210W, T215F, K219Q	1.9	['D67N', 'T69D', 'K70R', 'M184V', 'L210W', 'T215F', 'K219Q']	1
592186	M41L, D67N, M184V, L210W, T215Y, K219E	1.2	['M41L', 'D67N', 'M184V', 'L210W', 'T215Y', 'K219E']	0
592308	M41L, D67G, S68G, K70R, M184V, T215F, K219E	1.8	['M41L', 'D67G', 'S68G', 'K70R', 'M184V', 'T215F', 'K219E']	1
592280		1.2	[]	0
591934		1.3	[]	1
591356	M41L, D67N, V75M, M184V, L210W, T215Y, K219E	1.6	['M41L', 'D67N', 'V75M', 'M184V', 'L210W', 'T215Y', 'K219E']	1
591456	E40F, M41L, D67N, L74V, M184V, L210W, T215Y, K219N	4.4	['E40F', 'M41L', 'D67N', 'L74V', 'M184V', 'L210W', 'T215Y', 'K219N']	1
591650	T215Y	1.1	['T215Y']	0
592160	M184V	1.6	['M184V']	1
592074		0.9	[]	0
592246		1.1	[]	0
591878	M41L, D67N, K70R, M184V, T215F, K219Q	1.7	['M41L', 'D67N', 'K70R', 'M184V', 'T215F', 'K219Q']	1
591780	M41L, E44D, D67N, M184V, L210W, T215Y, K219N	3.5	['M41L', 'E44D', 'D67N', 'M184V', 'L210W', 'T215Y', 'K219N']	1
592374	M41L, M184MV, L210LW, T215Y	1.8	['M41L', 'M184MV', 'L210LW', 'T215Y']	1
592412	M41L, M184V, L210W, T215Y	1.8	['M41L', 'M184V', 'L210W', 'T215Y']	1
591638		1.7	[]	1
591610	M41ML, E44A, D67N, V75M, F77L, L210W, T215D	0.9	['M41ML', 'E44A', 'D67N', 'V75M', 'F77L', 'L210W', 'T215D']	0
591586		0.9	[]	0
591628		0.8	[]	0
591412		1.2	[]	0
592224		1.6	[]	1
591758		0.9	[]	0
591566		1.0	[]	0
591446	M41L, E44D, D67N, L210W, T215Y, K219KR	1.3	['M41L', 'E44D', 'D67N', 'L210W', 'T215Y', 'K219KR']	1
592048		1.0	[]	0
591756	M41L, D67N, T69D, K70R, L74LI, M184V, T215F, K219Q	2.4	['M41L', 'D67N', 'T69D', 'K70R', 'L74LI', 'M184V', 'T215F', 'K219Q']	1
591466	E40F, M41L, A62V, T69D, L74I, M184V, L210W, T215Y, K219R	4.8	['E40F', 'M41L', 'A62V', 'T69D', 'L74I', 'M184V', 'L210W', 'T215Y', 'K219R']	1
591492		1.0	[]	0
592164		0.8	[]	0
591574	M41ML, K70KR, T215Y	2.6	['M41ML', 'K70KR', 'T215Y']	1
592194	D67N, T69D, K70R, M184V, T215F, K219Q	2.5	['D67N', 'T69D', 'K70R', 'M184V', 'T215F', 'K219Q']	1
592040	D67N, T69D, K70R, M184V	2.2	['D67N', 'T69D', 'K70R', 'M184V']	1
592018		0.9	[]	0
591624	M41L, M184V, T215Y	2.1	['M41L', 'M184V', 'T215Y']	1
591360		1.7	[]	1
592140	D67N, K70R, M184V, T215F, K219Q	3.7	['D67N', 'K70R', 'M184V', 'T215F', 'K219Q']	1
591744		1.0	[]	0
591608	M41L, E44A, D67N, V75M, F77L, L210W	0.7	['M41L', 'E44A', 'D67N', 'V75M', 'F77L', 'L210W']	0
591742	D67N, K70R, M184V, T215Y, K219E	1.5	['D67N', 'K70R', 'M184V', 'T215Y', 'K219E']	1
592006	K70N, M184V, T215Y	1.0	['K70N', 'M184V', 'T215Y']	0
591370	T215D	1.1	['T215D']	0
591632	D67NS, K70R, M184V, L210LW, K219E	2.2	['D67NS', 'K70R', 'M184V', 'L210LW', 'K219E']	1
592284	D67N, T69DN, K70R, M184V, T215F, K219Q	1.5	['D67N', 'T69DN', 'K70R', 'M184V', 'T215F', 'K219Q']	1
592344	A62AV	0.9	['A62AV']	0
592380	M41L, D67N, T69D, M184V, L210W, T215CY	1.6	['M41L', 'D67N', 'T69D', 'M184V', 'L210W', 'T215CY']	1
591828	M41L, D67N, M184V, L210W, T215Y, K219E	2.2	['M41L', 'D67N', 'M184V', 'L210W', 'T215Y', 'K219E']	1
591536	M41L, D67G, S68G, K70R, M184AV, T215Y, K219E	2.2	['M41L', 'D67G', 'S68G', 'K70R', 'M184AV', 'T215Y', 'K219E']	1
592336	M41L, D67N, T69D, K70R, T215F, K219Q	1.6	['M41L', 'D67N', 'T69D', 'K70R', 'T215F', 'K219Q']	1
591786	M41L, D67N, K70R, M184V, T215Y, K219Q	1.7	['M41L', 'D67N', 'K70R', 'M184V', 'T215Y', 'K219Q']	1
591594	D67DN	1.5	['D67DN']	1
591734	S68SG, L74V, Y115F, M184V, T215Y	2.1	['S68SG', 'L74V', 'Y115F', 'M184V', 'T215Y']	1
591674	D67N, K70KE, M184V, L210W, T215Y	2.2	['D67N', 'K70KE', 'M184V', 'L210W', 'T215Y']	1
591538	M41L, E44EA, L74LI, M184V, L210W, T215Y	1.8	['M41L', 'E44EA', 'L74LI', 'M184V', 'L210W', 'T215Y']	1
591432	D67N, K70R, M184V, K219Q	1.2	['D67N', 'K70R', 'M184V', 'K219Q']	0
592278		0.8	[]	0
591970	D67N, V75VA, M184V	1.9	['D67N', 'V75VA', 'M184V']	1
591846		0.8	[]	0
592316		1.0	[]	0
592156	M41L, L74V, M184V, L210W, T215Y	2.2	['M41L', 'L74V', 'M184V', 'L210W', 'T215Y']	1
591500	M41L, M184V, T215F	1.9	['M41L', 'M184V', 'T215F']	1
591706	D67N, M184V, L210W, T215Y	1.3	['D67N', 'M184V', 'L210W', 'T215Y']	1
591510	M41L, D67N, T69D, K70R, V75M, M184V, L210W, T215F, K219Q	1.9	['M41L', 'D67N', 'T69D', 'K70R', 'V75M', 'M184V', 'L210W', 'T215F', 'K219Q']	1
591578	M41ML	1.0	['M41ML']	0
592132	M41L, E44ED, S68G, M184V, L210W, T215Y	2.1	['M41L', 'E44ED', 'S68G', 'M184V', 'L210W', 'T215Y']	1
591440		1.2	[]	0
591986	M41L, D67DN, K70KR, M184V, T215Y	1.6	['M41L', 'D67DN', 'K70KR', 'M184V', 'T215Y']	1
591992	M41L, D67N, M184V, L210W, T215Y	2.3	['M41L', 'D67N', 'M184V', 'L210W', 'T215Y']	1
592176		1.1	[]	0
592080	M41L, L74V, M184V, T215Y	3.2	['M41L', 'L74V', 'M184V', 'T215Y']	1
591462		1.2	[]	0
591400	M41L, E44D, D67N, K70R, V75M, F77L, M184V, L210W, T215Y, K219E	1.7	['M41L', 'E44D', 'D67N', 'K70R', 'V75M', 'F77L', 'M184V', 'L210W', 'T215Y', 'K219E']	1
592170	M41L, D67N, T69D, K70R, T215F, K219Q	1.9	['M41L', 'D67N', 'T69D', 'K70R', 'T215F', 'K219Q']	1
592404		1.1	[]	0
592396	S68G, M184V, L210W, T215Y	1.7	['S68G', 'M184V', 'L210W', 'T215Y']	1
591856		0.8	[]	0
592444	A62V, S68G, K70S, V75I, F77L, Y115F, F116Y, Q151M, M184V, T215D	22.0	['A62V', 'S68G', 'K70S', 'V75I', 'F77L', 'Y115F', 'F116Y', 'Q151M', 'M184V', 'T215D']	1
592364	M41L, E44A, D67N, M184V, L210W, T215Y	4.1	['M41L', 'E44A', 'D67N', 'M184V', 'L210W', 'T215Y']	1
591684	M41L, D67N, M184V, L210LW, T215Y	1.7	['M41L', 'D67N', 'M184V', 'L210LW', 'T215Y']	1
591522	L74LV, Y115YF, M184MV	1.7	['L74LV', 'Y115YF', 'M184MV']	1
591886	S68SG, L74LI, M184V	1.2	['S68SG', 'L74LI', 'M184V']	0
592228	M41L, E44D, D67N, M184V, L210W, T215Y, K219N	1.6	['M41L', 'E44D', 'D67N', 'M184V', 'L210W', 'T215Y', 'K219N']	1
592034		1.0	[]	0
591978	A62V, M184V, T215Y	1.9	['A62V', 'M184V', 'T215Y']	1
591614	D67DN, L210LW, K219KN	1.1	['D67DN', 'L210LW', 'K219KN']	0
592124	M41L, E44A, D67N, L74I, M184V, L210W, T215Y, K219N	2.1	['M41L', 'E44A', 'D67N', 'L74I', 'M184V', 'L210W', 'T215Y', 'K219N']	1
591838	K70KR	1.9	['K70KR']	1
591402	M41L, E44D, D67N, K70R, V75M, F77L, M184V, L210W, T215Y, K219E	2.5	['M41L', 'E44D', 'D67N', 'K70R', 'V75M', 'F77L', 'M184V', 'L210W', 'T215Y', 'K219E']	1
591662	M41L, M184MV, L210W, T215Y, K219R	1.4	['M41L', 'M184MV', 'L210W', 'T215Y', 'K219R']	1
591374	T215D	1.0	['T215D']	0
591642	M41L	1.1	['M41L']	0
591640	M41L, T215Y	1.1	['M41L', 'T215Y']	0
591634	M41L, E44A, A62V, D67DG, S68SGR, K70KT, L74LV, M184V, L210W, T215Y, K219KN	3.1	['M41L', 'E44A', 'A62V', 'D67DG', 'S68SGR', 'K70KT', 'L74LV', 'M184V', 'L210W', 'T215Y', 'K219KN']	1
591752	M41L, D67N, L74V, M184V, L210W, T215Y, K219KN	3.1	['M41L', 'D67N', 'L74V', 'M184V', 'L210W', 'T215Y', 'K219KN']	1
591880	M41L, D67N, K70R, M184V, T215F, K219Q	1.3	['M41L', 'D67N', 'K70R', 'M184V', 'T215F', 'K219Q']	1
592060	M41L, D67N, T69D, K70R, L210W, T215FS, K219Q	0.9	['M41L', 'D67N', 'T69D', 'K70R', 'L210W', 'T215FS', 'K219Q']	0
591582	E40F, M41L, D67N, K70Q, L210W, T215Y, K219R	2.9	['E40F', 'M41L', 'D67N', 'K70Q', 'L210W', 'T215Y', 'K219R']	1
592376	M41L, E44ED, V75VIM, L210W	0.8	['M41L', 'E44ED', 'V75VIM', 'L210W']	0
592290	M41ML, T215Y	1.2	['M41ML', 'T215Y']	0
591474	M41L, M184V, L210W, T215Y	1.7	['M41L', 'M184V', 'L210W', 'T215Y']	1
591868	M41L, E44D, D67N, L74V, L210W, T215Y, K219NS	3.7	['M41L', 'E44D', 'D67N', 'L74V', 'L210W', 'T215Y', 'K219NS']	1
592398		1.1	[]	0
591892		1.0	[]	0
591982		0.9	[]	0
591450		1.2	[]	0
591904	M41L, E44D, D67N, M184V, L210W, T215Y, K219DN	2.6	['M41L', 'E44D', 'D67N', 'M184V', 'L210W', 'T215Y', 'K219DN']	1
592110	M41L, E44A, L74I, M184V, L210W, T215Y, K219R	1.9	['M41L', 'E44A', 'L74I', 'M184V', 'L210W', 'T215Y', 'K219R']	1
591598	M41L, D67N, K70R, L74I, M184V, L210W, T215Y, K219E	2.3	['M41L', 'D67N', 'K70R', 'L74I', 'M184V', 'L210W', 'T215Y', 'K219E']	1
592044	M41L, L74V, L210W, T215Y	1.7	['M41L', 'L74V', 'L210W', 'T215Y']	1
591768	M41L, T69ADV, L74LI, M184V, L210W, T215Y, K219R	3.0	['M41L', 'T69ADV', 'L74LI', 'M184V', 'L210W', 'T215Y', 'K219R']	1
591420	S68G, L210W, T215Y	1.1	['S68G', 'L210W', 'T215Y']	0
591488	M41L, D67N, T69D, M184V, L210W, T215F, K219R	2.3	['M41L', 'D67N', 'T69D', 'M184V', 'L210W', 'T215F', 'K219R']	1
592442	M41ML, L74LV	0.8	['M41ML', 'L74LV']	0
592050		1.0	[]	0
591524	L74LV, Y115YF, M184MV	1.6	['L74LV', 'Y115YF', 'M184MV']	1
592138	M41L, E44A, D67G, S68G, M184V, L210W, T215Y	2.6	['M41L', 'E44A', 'D67G', 'S68G', 'M184V', 'L210W', 'T215Y']	1
592146	T215F	0.9	['T215F']	0
592064	M41L, E44ED, D67N, T69D, M184V, L210W, T215Y	2.9	['M41L', 'E44ED', 'D67N', 'T69D', 'M184V', 'L210W', 'T215Y']	1
591394	K70KE, M184V	1.0	['K70KE', 'M184V']	0
591612	M41ML, E44ED, D67DN, L210LW, K219KN	0.6	['M41ML', 'E44ED', 'D67DN', 'L210LW', 'K219KN']	0
592382	M41L, D67DN, M184V, L210W, T215Y, K219KN	1.9	['M41L', 'D67DN', 'M184V', 'L210W', 'T215Y', 'K219KN']	1
591726	M41L, E44D, S68G, M184V, L210W, T215Y	2.2	['M41L', 'E44D', 'S68G', 'M184V', 'L210W', 'T215Y']	1
592258	T69D, K70R	1.1	['T69D', 'K70R']	0
591464	D67N, K70R, M184V, K219Q	1.5	['D67N', 'K70R', 'M184V', 'K219Q']	1
591490		1.4	[]	1
591672	D67G, T69D, K70R, M184V, K219Q	2.5	['D67G', 'T69D', 'K70R', 'M184V', 'K219Q']	1
591818	M41L, E44D, M184V, T215F	1.0	['M41L', 'E44D', 'M184V', 'T215F']	0
591974	M41L, E44D, D67N, L74V, M184V, L210W, T215Y, K219R	2.6	['M41L', 'E44D', 'D67N', 'L74V', 'M184V', 'L210W', 'T215Y', 'K219R']	1
591908	M41L, D67DG, S68SG, M184MV, L210LW, T215Y, K219E	2.2	['M41L', 'D67DG', 'S68SG', 'M184MV', 'L210LW', 'T215Y', 'K219E']	1
591666	D67N, T69D, L74V, K219Q	1.5	['D67N', 'T69D', 'L74V', 'K219Q']	1
591428		1.3	[]	1
592154	M41L, D67N, V75M, F77L, T215F	1.3	['M41L', 'D67N', 'V75M', 'F77L', 'T215F']	1
591514	M184MV	1.2	['M184MV']	0
591604	M41L, E44D, D67N, T69D, L210W	0.9	['M41L', 'E44D', 'D67N', 'T69D', 'L210W']	0
592360	M41ML, T215C	1.0	['M41ML', 'T215C']	0
592084	D67N, K70R, L74I, M184V, T215F, K219E	1.4	['D67N', 'K70R', 'L74I', 'M184V', 'T215F', 'K219E']	1
591866	M41L, E44D, D67N, L74V, L210W, T215Y, K219N	2.0	['M41L', 'E44D', 'D67N', 'L74V', 'L210W', 'T215Y', 'K219N']	1
592204	M41MIL, M184MV, T215L	1.1	['M41MIL', 'M184MV', 'T215L']	0
591948	M41L, D67N, K70KR, T215F, K219E	1.5	['M41L', 'D67N', 'K70KR', 'T215F', 'K219E']	1
591622	M41L, M184V, T215Y	1.2	['M41L', 'M184V', 'T215Y']	0
592260	D67N, K70R, M184V, K219Q	1.9	['D67N', 'K70R', 'M184V', 'K219Q']	1
591996		0.7	[]	0
591762		0.8	[]	0
592334	M41ML, D67DN, L74LV, M184MV, L210LW, K219KN	1.0	['M41ML', 'D67DN', 'L74LV', 'M184MV', 'L210LW', 'K219KN']	0
592012	M41L, D67G, S68G, M184V, T215Y, K219E	2.0	['M41L', 'D67G', 'S68G', 'M184V', 'T215Y', 'K219E']	1
591720		1.7	[]	1
591390	M41L, A62V, D67N, T69D, K70R, V75I, L210W, T215F, K219Q	1.6	['M41L', 'A62V', 'D67N', 'T69D', 'K70R', 'V75I', 'L210W', 'T215F', 'K219Q']	1
591842		1.2	[]	0
591914	M41L, L74I, M184V, L210W, T215Y	1.7	['M41L', 'L74I', 'M184V', 'L210W', 'T215Y']	1
592300	M41L, E44D, D67N, T69D, V75M, M184V, L210W, T215Y	2.1	['M41L', 'E44D', 'D67N', 'T69D', 'V75M', 'M184V', 'L210W', 'T215Y']	1
591534	D67DN, M184V, T215TI	1.3	['D67DN', 'M184V', 'T215TI']	1
592052	M41L, S68G, L74I, M184V, L210W, T215Y	1.0	['M41L', 'S68G', 'L74I', 'M184V', 'L210W', 'T215Y']	0
591956	A62AV, K65R, M184V, L210W	3.2	['A62AV', 'K65R', 'M184V', 'L210W']	1
591776		0.9	[]	0
592326	D67DN, K70R, K219EQ	1.7	['D67DN', 'K70R', 'K219EQ']	1
591848		1.0	[]	0
592238	D67N, K70R, V75I, K219E	1.5	['D67N', 'K70R', 'V75I', 'K219E']	1
592036	M41L, S68G, L74V, M184V, L210W, T215Y	4.1	['M41L', 'S68G', 'L74V', 'M184V', 'L210W', 'T215Y']	1
591646	M41L, E44D, D67H, S68N, T69DN, K70KR, M184V, T215F, K219Q	1.8	['M41L', 'E44D', 'D67H', 'S68N', 'T69DN', 'K70KR', 'M184V', 'T215F', 'K219Q']	1
591546	M41L, D67G, T69DE, K70T, L74V, M184V, L210W, T215Y	4.7	['M41L', 'D67G', 'T69DE', 'K70T', 'L74V', 'M184V', 'L210W', 'T215Y']	1
592128	M41L, D67N, T69D, K70R, L74I, V75M, M184V, T215F, K219Q	3.0	['M41L', 'D67N', 'T69D', 'K70R', 'L74I', 'V75M', 'M184V', 'T215F', 'K219Q']	1
591916	M41L, V75I, L210W, T215Y	1.7	['M41L', 'V75I', 'L210W', 'T215Y']	1
592198	M41L, E44D, D67N, K70KR, L74IV, M184V, T215Y, K219Q	3.4	['M41L', 'E44D', 'D67N', 'K70KR', 'L74IV', 'M184V', 'T215Y', 'K219Q']	1
591478	M41L, E44A, D67N, V75M, L210W, T215FY, K219N	5.0	['M41L', 'E44A', 'D67N', 'V75M', 'L210W', 'T215FY', 'K219N']	1
592292		1.0	[]	0
591802	D67N, K70KR, M184MV, K219Q	1.9	['D67N', 'K70KR', 'M184MV', 'K219Q']	1
591470	S68G, L74V, V75S, K219KN	1.9	['S68G', 'L74V', 'V75S', 'K219KN']	1
592234	M41L, S68G, K70KN, L74I, V75T, M184V, L210W, T215Y	2.4	['M41L', 'S68G', 'K70KN', 'L74I', 'V75T', 'M184V', 'L210W', 'T215Y']	1
591406	M41L, L74LV, M184V, T215Y	1.8	['M41L', 'L74LV', 'M184V', 'T215Y']	1
591716	L74V, Y115F, M184V	2.7	['L74V', 'Y115F', 'M184V']	1
592324	K70R, K219KQ	0.8	['K70R', 'K219KQ']	0
591616	M41L, D67N, L74LI, L210W, T215Y, K219R	1.5	['M41L', 'D67N', 'L74LI', 'L210W', 'T215Y', 'K219R']	1
591364	L210W, T215Y	1.0	['L210W', 'T215Y']	0
591778		1.4	[]	1
591424	K219KR	1.0	['K219KR']	0
592134	M184V	1.5	['M184V']	1
591498	M41L, D67N, V75I, L210W, T215Y, K219KR	2.3	['M41L', 'D67N', 'V75I', 'L210W', 'T215Y', 'K219KR']	1
592106	M41ML, D67N, K70R, M184V, K219Q	1.1	['M41ML', 'D67N', 'K70R', 'M184V', 'K219Q']	0
592108	M41L, E44D, D67N, L74V, M184V, L210W, T215Y	3.2	['M41L', 'E44D', 'D67N', 'L74V', 'M184V', 'L210W', 'T215Y']	1
591454		0.9	[]	0
591398	S68G	1.1	['S68G']	0
591936	M41L, E44A, D67N, K70R, V75M, M184V, T215Y, K219E	2.7	['M41L', 'E44A', 'D67N', 'K70R', 'V75M', 'M184V', 'T215Y', 'K219E']	1
591820		0.7	[]	0
591530	D67N, K70R, M184MV, K219E	1.2	['D67N', 'K70R', 'M184MV', 'K219E']	0
592150	M41L, K70R, L74I, Y115F, M184V, T215F, K219Q	2.1	['M41L', 'K70R', 'L74I', 'Y115F', 'M184V', 'T215F', 'K219Q']	1
592264	M41L, E44D, D67N, M184V, L210L*W, T215Y	2.0	['M41L', 'E44D', 'D67N', 'M184V', 'L210L*W', 'T215Y']	1
592436	M41L, D67N, T69D, L74V, M184V, T215F, K219Q	4.6	['M41L', 'D67N', 'T69D', 'L74V', 'M184V', 'T215F', 'K219Q']	1
591926	D67DN	0.9	['D67DN']	0
592240	M41L, T215Y	3.1	['M41L', 'T215Y']	1
591656	D67G, S68G, K70R, T215I, K219E	1.2	['D67G', 'S68G', 'K70R', 'T215I', 'K219E']	0
591872	D67N, K70R, K219Q	1.1	['D67N', 'K70R', 'K219Q']	0
591832	M184V	2.1	['M184V']	1
591952	M184MIV	1.4	['M184MIV']	1
592408		0.9	[]	0
591388	M41L, D67N, K70R, V75T, L210W, T215Y, K219E	2.4	['M41L', 'D67N', 'K70R', 'V75T', 'L210W', 'T215Y', 'K219E']	1
592068		1.1	[]	0
591806	M41L, E44A, A62V, T215FY	3.2	['M41L', 'E44A', 'A62V', 'T215FY']	1
592208	M41L, E44D, D67N, T69D, M184V, L210W, T215Y	2.0	['M41L', 'E44D', 'D67N', 'T69D', 'M184V', 'L210W', 'T215Y']	1
592254	E44D, D67N, T69D, M184V, L210W, T215Y	1.8	['E44D', 'D67N', 'T69D', 'M184V', 'L210W', 'T215Y']	1
592330	A62V	0.9	['A62V']	0
592078	M41L, L74V, M184V, L210W, T215Y	3.5	['M41L', 'L74V', 'M184V', 'L210W', 'T215Y']	1
592072		1.0	[]	0
591542	M41L, E44D, D67N, L74V, M184V, L210W, T215Y, K219R	2.2	['M41L', 'E44D', 'D67N', 'L74V', 'M184V', 'L210W', 'T215Y', 'K219R']	1
591552	S68G	1.0	['S68G']	0
592122	M41L, D67N, L74V, M184V, T215F, K219Q	2.5	['M41L', 'D67N', 'L74V', 'M184V', 'T215F', 'K219Q']	1
591796		1.1	[]	0
591506		0.8	[]	0
591560	A62V, L74I	0.9	['A62V', 'L74I']	0
592420	M41L, E44D, D67N, T69D, M184V, L210W, T215Y	4.4	['M41L', 'E44D', 'D67N', 'T69D', 'M184V', 'L210W', 'T215Y']	1
591812	M41L, E44A, D67N, V75M, F77L, M184V, L210W, T215Y, K219N	5.4	['M41L', 'E44A', 'D67N', 'V75M', 'F77L', 'M184V', 'L210W', 'T215Y', 'K219N']	1
592410		1.1	[]	0
591686	T215TS	1.0	['T215TS']	0
592242	M41L, S68G, L74LV, M184V, L210W, T215F	1.6	['M41L', 'S68G', 'L74LV', 'M184V', 'L210W', 'T215F']	1
592416		0.7	[]	0
591600	D67N, K70R, L74I, M184V, T215F, K219Q	2.4	['D67N', 'K70R', 'L74I', 'M184V', 'T215F', 'K219Q']	1
592182	D67N, T69D, K70R, L74I, M184V, K219Q	1.3	['D67N', 'T69D', 'K70R', 'L74I', 'M184V', 'K219Q']	1
592274	M41L, E44D, S68G, K70S, L74LI, M184V, L210W, T215Y	1.8	['M41L', 'E44D', 'S68G', 'K70S', 'L74LI', 'M184V', 'L210W', 'T215Y']	1
591852		0.7	[]	0
592304	M41L, L74IV, M184MV, T215Y	1.7	['M41L', 'L74IV', 'M184MV', 'T215Y']	1
592296	M41L, E44D, D67N, T69D, V75M, M184V, L210W, T215Y	2.2	['M41L', 'E44D', 'D67N', 'T69D', 'V75M', 'M184V', 'L210W', 'T215Y']	1
591460	K65R, S68G, V75I, F77L, F116Y, Q151M	200.0	['K65R', 'S68G', 'V75I', 'F77L', 'F116Y', 'Q151M']	1
592426	M41L, E44A, D67N, M184V, L210W, T215Y, K219DN	2.1	['M41L', 'E44A', 'D67N', 'M184V', 'L210W', 'T215Y', 'K219DN']	1
591508	M41L, D67N, T69D, K70R, V75M, M184V, L210W, T215F, K219Q	2.0	['M41L', 'D67N', 'T69D', 'K70R', 'V75M', 'M184V', 'L210W', 'T215F', 'K219Q']	1
591484	M41L, D67E, S68G, V75M, M184V, L210W, T215C	4.9	['M41L', 'D67E', 'S68G', 'V75M', 'M184V', 'L210W', 'T215C']	1
592102		1.0	[]	0
591698		1.1	[]	0
591694	M41L, D67DG, M184MIV, T215Y	1.9	['M41L', 'D67DG', 'M184MIV', 'T215Y']	1
591738	S68G, T69D	1.3	['S68G', 'T69D']	1
591442	M41L, E44D, M184V, L210W, T215Y	1.7	['M41L', 'E44D', 'M184V', 'L210W', 'T215Y']	1
591764		1.3	[]	1
592022	K65R, S68G	2.1	['K65R', 'S68G']	1
592212		1.0	[]	0
591418	M41ML, S68G, M184MV, L210W, T215Y	1.4	['M41ML', 'S68G', 'M184MV', 'L210W', 'T215Y']	1
592386	M41L, E44D, S68G, M184V, L210W, T215Y	3.4	['M41L', 'E44D', 'S68G', 'M184V', 'L210W', 'T215Y']	1
592028	M41L, A62V, V75I	2.0	['M41L', 'A62V', 'V75I']	1
592320	M184V	1.8	['M184V']	1
592358	M41L, D67N, T69D, V75M, T215S, K219Q	1.1	['M41L', 'D67N', 'T69D', 'V75M', 'T215S', 'K219Q']	0
591358	T215TS	0.9	['T215TS']	0
592270	M41L, K70R, L74I, M184V, T215F, K219Q	1.5	['M41L', 'K70R', 'L74I', 'M184V', 'T215F', 'K219Q']	1
592282	D67N, K70R, M184V, L210LW, K219Q	1.3	['D67N', 'K70R', 'M184V', 'L210LW', 'K219Q']	1
592162	M184V	1.4	['M184V']	1
592302	M41L, L74I, M184V, T215Y	1.9	['M41L', 'L74I', 'M184V', 'T215Y']	1
591888	L74I, M184V	1.4	['L74I', 'M184V']	1
591592	L74V, Y115F, M184V	1.7	['L74V', 'Y115F', 'M184V']	1
591728	D67N, K70R, M184V, T215Y, K219E	1.4	['D67N', 'K70R', 'M184V', 'T215Y', 'K219E']	1
591458	M41L, E44EAD, D67N, T69D, V75M, F77L, M184V, L210W, T215Y	2.5	['M41L', 'E44EAD', 'D67N', 'T69D', 'V75M', 'F77L', 'M184V', 'L210W', 'T215Y']	1
592032		1.0	[]	0
591792	S68G, V75I, F77L, F116Y, Q151M	10.0	['S68G', 'V75I', 'F77L', 'F116Y', 'Q151M']	1
592172	M41L, K65KR, S68G, K70RS, V75I, F116Y, Q151M, T215C	6.6	['M41L', 'K65KR', 'S68G', 'K70RS', 'V75I', 'F116Y', 'Q151M', 'T215C']	1
592424	A62AV, D67G, K70R, M184V, K219Q	2.9	['A62AV', 'D67G', 'K70R', 'M184V', 'K219Q']	1
591448		0.7	[]	0
592220	S68SN, M184MV	1.0	['S68SN', 'M184MV']	0
592088	M41L, M184V, L210W, T215Y	1.4	['M41L', 'M184V', 'L210W', 'T215Y']	1
592244	M41L, S68G, L210W, T215S	0.8	['M41L', 'S68G', 'L210W', 'T215S']	0
591754	M41L, T69G, K70R, M184V, T215Y, K219E	2.5	['M41L', 'T69G', 'K70R', 'M184V', 'T215Y', 'K219E']	1
591636		1.1	[]	0
591572		0.8	[]	0
591496	M41L, D67DN, M184V, L210W, T215Y	2.5	['M41L', 'D67DN', 'M184V', 'L210W', 'T215Y']	1
591810	M41L, E44A, D67N, T69D, L74V, M184V, L210W, T215Y	2.8	['M41L', 'E44A', 'D67N', 'T69D', 'L74V', 'M184V', 'L210W', 'T215Y']	1
591564		1.0	[]	0
591864	D67N, K70E, M184V	2.2	['D67N', 'K70E', 'M184V']	1
591626		2.1	[]	1
591494	M41L, D67N, K70R, M184V, T215Y, K219E	1.8	['M41L', 'D67N', 'K70R', 'M184V', 'T215Y', 'K219E']	1
591932	M184MIV, T215FS	1.6	['M184MIV', 'T215FS']	1
591924	K65R	2.8	['K65R']	1
591826	D67N, T69D, K219N	1.0	['D67N', 'T69D', 'K219N']	0
592158	M41L, E44D, D67N, V75I, L210W, T215Y, K219R	1.9	['M41L', 'E44D', 'D67N', 'V75I', 'L210W', 'T215Y', 'K219R']	1
591502	L210LW, T215AD	1.0	['L210LW', 'T215AD']	0
592196	M41L, T69DN, K70R, V75M, M184V, L210W, T215C	2.6	['M41L', 'T69DN', 'K70R', 'V75M', 'M184V', 'L210W', 'T215C']	1
592352		1.7	[]	1
591910	D67HN, K70R, L74LI, M184V, T215Y, K219E	2.2	['D67HN', 'K70R', 'L74LI', 'M184V', 'T215Y', 'K219E']	1
591732	M41L, D67DN, L210W, T215D	1.8	['M41L', 'D67DN', 'L210W', 'T215D']	1
591800	M41MIL	0.9	['M41MIL']	0
591606	A62AV, K65R, S68G, M184V	2.4	['A62AV', 'K65R', 'S68G', 'M184V']	1
592378	M41L, L210W, T215C	0.9	['M41L', 'L210W', 'T215C']	0
592104	M41L, D67NT, L210W, T215F, K219KR	1.7	['M41L', 'D67NT', 'L210W', 'T215F', 'K219KR']	1
592432		1.1	[]	0
592268	D67DN, K219KR	1.1	['D67DN', 'K219KR']	0
591746		1.0	[]	0
591376	M41L, D67N, K70R, T215F, K219Q	2.2	['M41L', 'D67N', 'K70R', 'T215F', 'K219Q']	1
592126	M41ML, S68SG, K70KR, M184V	1.5	['M41ML', 'S68SG', 'K70KR', 'M184V']	1
591556	D67N, K70G, M184V, T215F, K219Q	1.7	['D67N', 'K70G', 'M184V', 'T215F', 'K219Q']	1
591434	D67G, S68G, K70R, V75I, F116Y, Q151M, M184V, T215V, K219E	18.0	['D67G', 'S68G', 'K70R', 'V75I', 'F116Y', 'Q151M', 'M184V', 'T215V', 'K219E']	1
591962		1.0	[]	0
591682	M41ML, L74LI, M184MIV, L210LW	1.4	['M41ML', 'L74LI', 'M184MIV', 'L210LW']	1
592346	M41L, D67N, K70R, T215F, K219Q	2.2	['M41L', 'D67N', 'K70R', 'T215F', 'K219Q']	1
591840		0.9	[]	0
592174		1.1	[]	0
591700	D67N, K70R, T215F, K219Q	1.2	['D67N', 'K70R', 'T215F', 'K219Q']	0
592400		1.1	[]	0
591870		1.0	[]	0
592130	M41L, D67N, T69D, K70R, L74I, V75M, M184V, T215F, K219Q	2.6	['M41L', 'D67N', 'T69D', 'K70R', 'L74I', 'V75M', 'M184V', 'T215F', 'K219Q']	1
592216		0.9	[]	0
592310	M41L, D67G, S68G, K70R, M184V, T215F, K219E	1.8	['M41L', 'D67G', 'S68G', 'K70R', 'M184V', 'T215F', 'K219E']	1
592166	M41L, D67N, T69D, M184V, L210W, T215Y	2.0	['M41L', 'D67N', 'T69D', 'M184V', 'L210W', 'T215Y']	1
591588	D67N, K70R, M184V, T215I, K219E	1.8	['D67N', 'K70R', 'M184V', 'T215I', 'K219E']	1
591896	M41L, D67N, M184V, T215Y	1.9	['M41L', 'D67N', 'M184V', 'T215Y']	1
592434		1.3	[]	1
592004	M41L, E44A, D67N, V75M, F77L, M184V, L210W, T215Y, K219KR	2.6	['M41L', 'E44A', 'D67N', 'V75M', 'F77L', 'M184V', 'L210W', 'T215Y', 'K219KR']	1
591968	D67N, M184V	1.8	['D67N', 'M184V']	1
591710	D67N, K70R, K219Q	2.2	['D67N', 'K70R', 'K219Q']	1
592248	M41ML	1.1	['M41ML']	0
592372	M41L, M184V, L210W, T215Y	2.1	['M41L', 'M184V', 'L210W', 'T215Y']	1
591930	M41L, T215Y	1.4	['M41L', 'T215Y']	1
591548	M41L, D67N, T215Y, K219KR	1.5	['M41L', 'D67N', 'T215Y', 'K219KR']	1
592294		1.0	[]	0
592418		1.2	[]	0
591990	D67N, K70KR, L74V, M184V, K219E	2.0	['D67N', 'K70KR', 'L74V', 'M184V', 'K219E']	1
592394		0.8	[]	0
591692		0.9	[]	0
591652	M41L, M184V, T215C	1.4	['M41L', 'M184V', 'T215C']	1
591654	M41L, M184MV, T215C	1.2	['M41L', 'M184MV', 'T215C']	0
591414		1.1	[]	0
591942	M41L, E44D, D67N, T69D, L210W	1.1	['M41L', 'E44D', 'D67N', 'T69D', 'L210W']	0
592222		1.0	[]	0
591976	M41L, E44EA, T69G, K70R, L74I, V75A, M184V, T215F, K219E	2.5	['M41L', 'E44EA', 'T69G', 'K70R', 'L74I', 'V75A', 'M184V', 'T215F', 'K219E']	1
591404	M41L, E44D, D67N, M184V, L210W, T215Y, K219N	2.5	['M41L', 'E44D', 'D67N', 'M184V', 'L210W', 'T215Y', 'K219N']	1
591988	K65R, M184MV	1.8	['K65R', 'M184MV']	1
591860	M41ML, L74LV	1.5	['M41ML', 'L74LV']	1
592236	D67N, K70R, V75IT, M184V, K219E	1.9	['D67N', 'K70R', 'V75IT', 'M184V', 'K219E']	1
592090	K65R, S68G, M184V	5.2	['K65R', 'S68G', 'M184V']	1
592020	A62AV, K65KR, S68G	1.9	['A62AV', 'K65KR', 'S68G']	1
591472	M41L, E44D, D67N, L210W, T215Y, K219N	3.1	['M41L', 'E44D', 'D67N', 'L210W', 'T215Y', 'K219N']	1
591858	M41L, L210W, T215Y	3.7	['M41L', 'L210W', 'T215Y']	1
591836		1.0	[]	0
591890		1.0	[]	0
591882	M41L, D67N, K70R, Q151M, T215V, K219E	3.3	['M41L', 'D67N', 'K70R', 'Q151M', 'T215V', 'K219E']	1
592082	M41L, E44DG, A62V, D67N, T69D, V75I, L210W, T215F, K219QR	1.4	['M41L', 'E44DG', 'A62V', 'D67N', 'T69D', 'V75I', 'L210W', 'T215F', 'K219QR']	1
592298	M41L, E44D, D67N, T69D, V75M, M184V, L210W, T215Y	3.0	['M41L', 'E44D', 'D67N', 'T69D', 'V75M', 'M184V', 'L210W', 'T215Y']	1
592200	M41L, D67DN, L74I, M184V, L210W, T215Y	3.2	['M41L', 'D67DN', 'L74I', 'M184V', 'L210W', 'T215Y']	1
591520	M41L, S68SG, L74V, M184V, L210W, T215Y	2.6	['M41L', 'S68SG', 'L74V', 'M184V', 'L210W', 'T215Y']	1
591584	M184MV	0.8	['M184MV']	0
592016		0.9	[]	0
591740	D67N, K70R, M184V, T215Y, K219E	2.7	['D67N', 'K70R', 'M184V', 'T215Y', 'K219E']	1
591384	M41L, M184V, L210W, T215Y, K219R	2.7	['M41L', 'M184V', 'L210W', 'T215Y', 'K219R']	1
591486	D67N, K70R, L74I, M184V, T215F, K219Q	2.4	['D67N', 'K70R', 'L74I', 'M184V', 'T215F', 'K219Q']	1
592178	M41L, E44A, D67N, L74V, M184V, L210W, T215Y	3.6	['M41L', 'E44A', 'D67N', 'L74V', 'M184V', 'L210W', 'T215Y']	1
592276		1.0	[]	0
591468	S68SG	0.8	['S68SG']	0
591736	S68G, T69D	0.7	['S68G', 'T69D']	0
592342		0.7	[]	0
591392	M41L, A62V, D67N, T69D, K70R, V75I, L210W, T215F, K219Q	1.5	['M41L', 'A62V', 'D67N', 'T69D', 'K70R', 'V75I', 'L210W', 'T215F', 'K219Q']	1
591362	M41L, E44ED, M184V, L210W, T215Y	2.0	['M41L', 'E44ED', 'M184V', 'L210W', 'T215Y']	1
592362	D67N, T69D, K70R, M184V, K219Q	1.6	['D67N', 'T69D', 'K70R', 'M184V', 'K219Q']	1
592286	M184MV, L210LW, T215Y	1.6	['M184MV', 'L210LW', 'T215Y']	1
591830	M41L, D67N, K70R, M184V, L210W, T215Y, K219E	1.7	['M41L', 'D67N', 'K70R', 'M184V', 'L210W', 'T215Y', 'K219E']	1
591596	D67DN	1.6	['D67DN']	1
592338	M41L, D67N, M184V, T215Y	1.5	['M41L', 'D67N', 'M184V', 'T215Y']	1
592114	K219N	1.5	['K219N']	1
591784	D67DN	1.2	['D67DN']	0
591912	M41L, E44D, D67N, M184V, L210W, T215Y	2.3	['M41L', 'E44D', 'D67N', 'M184V', 'L210W', 'T215Y']	1
592008		1.1	[]	0
592314	M184V	1.5	['M184V']	1
591782	M41L, D67N, T69D, L74I, M184V, L210W, T215Y, K219R	2.0	['M41L', 'D67N', 'T69D', 'L74I', 'M184V', 'L210W', 'T215Y', 'K219R']	1
591900	M41ML, T69G, K70R, M184V, T215F, K219EQ	2.0	['M41ML', 'T69G', 'K70R', 'M184V', 'T215F', 'K219EQ']	1
592142	M41L, E44D, L74V, M184MV, L210L*W	2.6	['M41L', 'E44D', 'L74V', 'M184MV', 'L210L*W']	1
591576	M41L, M184MV, T215Y	1.4	['M41L', 'M184MV', 'T215Y']	1
592440	K65R, S68G, M184V	4.5	['K65R', 'S68G', 'M184V']	1
591512	M41L, D67N, M184V, T215Y	1.5	['M41L', 'D67N', 'M184V', 'T215Y']	1
591704	D67N, K70E, M184V, T215F, K219Q	1.6	['D67N', 'K70E', 'M184V', 'T215F', 'K219Q']	1
591724	M184MV	1.2	['M184MV']	0
592306	M184V	1.4	['M184V']	1
592350	M41L, E44D, D67N, T69D, M184V, L210W, T215Y	1.5	['M41L', 'E44D', 'D67N', 'T69D', 'M184V', 'L210W', 'T215Y']	1
591430	M41L, M184V, L210W, T215Y	1.9	['M41L', 'M184V', 'L210W', 'T215Y']	1
592184	M41L, T69G, K70R, M184V, T215F, K219E	2.6	['M41L', 'T69G', 'K70R', 'M184V', 'T215F', 'K219E']	1
591372	T215D	1.1	['T215D']	0
591770	M41L, S68G, M184V, L210W, T215Y	1.7	['M41L', 'S68G', 'M184V', 'L210W', 'T215Y']	1
591620	T215Y	1.2	['T215Y']	0
592014	S68G	0.8	['S68G']	0
592226	D67N, K70R, L74LI, M184V, T215I, K219Q	3.2	['D67N', 'K70R', 'L74LI', 'M184V', 'T215I', 'K219Q']	1
591602	D67N, K70KR, M184V, T215Y, K219E	1.4	['D67N', 'K70KR', 'M184V', 'T215Y', 'K219E']	1
591994		1.0	[]	0
591946	M41ML, D67N, V75VIM, M184V, T215Y	1.3	['M41ML', 'D67N', 'V75VIM', 'M184V', 'T215Y']	1
592332	M41L, D67N, L74V, M184V, L210W, T215Y, K219DN	2.1	['M41L', 'D67N', 'L74V', 'M184V', 'L210W', 'T215Y', 'K219DN']	1
591850		1.0	[]	0
591570	D67N, K70R, L74I, M184V, T215F, K219E	1.5	['D67N', 'K70R', 'L74I', 'M184V', 'T215F', 'K219E']	1
591580	K70Q, M184V	1.3	['K70Q', 'M184V']	1
591558	A62V, L74I	1.2	['A62V', 'L74I']	0
592288	M41ML, T215Y	1.2	['M41ML', 'T215Y']	0
591958	M41L, D67N, T69D, K70R, L74I, V75T, M184V, T215F, K219Q	3.0	['M41L', 'D67N', 'T69D', 'K70R', 'L74I', 'V75T', 'M184V', 'T215F', 'K219Q']	1
592262	M184MV, K219KQ	1.1	['M184MV', 'K219KQ']	0
591426	M184MV	1.6	['M184MV']	1
591760		1.3	[]	1
592086	M41L, M184V, L210W, T215Y	1.7	['M41L', 'M184V', 'L210W', 'T215Y']	1
592070	M41L, D67N, T69D, M184V, L210W, T215Y, K219R	1.8	['M41L', 'D67N', 'T69D', 'M184V', 'L210W', 'T215Y', 'K219R']	1
591410		1.0	[]	0
592272	M41L, D67E, T69G, T215Y	7.6	['M41L', 'D67E', 'T69G', 'T215Y']	1
591918	M41L, V75I, L210W, T215Y	1.3	['M41L', 'V75I', 'L210W', 'T215Y']	1
592202	M41L, E44ED, D67G, S68G, K70KT, L74LV, M184V, L210W, T215Y, K219KN	2.0	['M41L', 'E44ED', 'D67G', 'S68G', 'K70KT', 'L74LV', 'M184V', 'L210W', 'T215Y', 'K219KN']	1
592414	D67N, K70R, T215F, K219Q	0.8	['D67N', 'K70R', 'T215F', 'K219Q']	0
592024	S68G	1.0	['S68G']	0
592100		1.0	[]	0
592116	M184V, T215F	2.5	['M184V', 'T215F']	1
592038	M41L, E44ED, D67N, L74LI, M184V, L210W, T215Y	1.8	['M41L', 'E44ED', 'D67N', 'L74LI', 'M184V', 'L210W', 'T215Y']	1
591696	M41L, E44A, D67N, T69D, M184V, L210W, T215Y	2.8	['M41L', 'E44A', 'D67N', 'T69D', 'M184V', 'L210W', 'T215Y']	1
591722	M41L, M184V, L210W, T215Y, K219E	1.8	['M41L', 'M184V', 'L210W', 'T215Y', 'K219E']	1
591476	M41L, D67N, M184V, L210LW, T215Y	0.8	['M41L', 'D67N', 'M184V', 'L210LW', 'T215Y']	0
591644	M41L, S68G, L74V, M184V, T215Y	2.5	['M41L', 'S68G', 'L74V', 'M184V', 'T215Y']	1
591690	M41L, S68SG, M184V, L210W, T215Y	1.2	['M41L', 'S68SG', 'M184V', 'L210W', 'T215Y']	0
592328	M41L, M184V, L210W, T215Y	2.8	['M41L', 'M184V', 'L210W', 'T215Y']	1
591568	D67NT, T69DN, K70R, M184V, T215F, K219E	1.7	['D67NT', 'T69DN', 'K70R', 'M184V', 'T215F', 'K219E']	1
591544	M41L, E44D, D67N, L210W, K219E	0.9	['M41L', 'E44D', 'D67N', 'L210W', 'K219E']	0
591844	M41L, L74LI, M184V, T215Y	2.4	['M41L', 'L74LI', 'M184V', 'T215Y']	1
591774		1.0	[]	0
591386	M41L, D67N, K70KR, V75T, L210W, T215Y, K219E	2.0	['M41L', 'D67N', 'K70KR', 'V75T', 'L210W', 'T215Y', 'K219E']	1
592232	S68SG	1.2	['S68SG']	0
591366	M41L, L210W, T215S	0.7	['M41L', 'L210W', 'T215S']	0
592030		1.8	[]	1
591516	M184MV	1.8	['M184MV']	1
592144	M41L, E44D, L74V, L210LW	1.7	['M41L', 'E44D', 'L74V', 'L210LW']	1
592318	M184V	1.5	['M184V']	1
591526		1.3	[]	1
591618	M41L, T69D, M184V, L210W, T215Y, K219KR	2.4	['M41L', 'T69D', 'M184V', 'L210W', 'T215Y', 'K219KR']	1
591920		1.1	[]	0
591894	M41L, D67N, L74V, V75T, Y115F, M184V, K219KQ	3.2	['M41L', 'D67N', 'L74V', 'V75T', 'Y115F', 'M184V', 'K219KQ']	1
591518		0.7	[]	0
591396	S68G	1.2	['S68G']	0
591834		0.9	[]	0
591664	M41ML	1.2	['M41ML']	0
591630	M41L, D67DN, V75VA, M184V, L210W, T215Y	2.0	['M41L', 'D67DN', 'V75VA', 'M184V', 'L210W', 'T215Y']	1
591794	M41L, E44A, V75M, M184V, L210W, T215Y, K219N	2.3	['M41L', 'E44A', 'V75M', 'M184V', 'L210W', 'T215Y', 'K219N']	1
591766	D67DN, M184V, T215L, K219Q	1.6	['D67DN', 'M184V', 'T215L', 'K219Q']	1
591902	M41L, T215Y	1.0	['M41L', 'T215Y']	0
591680	M41L, L74LI, M184V, L210LW, T215Y	1.8	['M41L', 'L74LI', 'M184V', 'L210LW', 'T215Y']	1
591408	K70KR	1.0	['K70KR']	0
591482	M41L, D67E, S68G, V75M, M184V, L210W, T215C	4.5	['M41L', 'D67E', 'S68G', 'V75M', 'M184V', 'L210W', 'T215C']	1
592000	M41L, D67N, K70KR, T215F, K219Q	1.2	['M41L', 'D67N', 'K70KR', 'T215F', 'K219Q']	0
591676		1.0	[]	0
592368	K70E, M184V	1.6	['K70E', 'M184V']	1
591816		1.1	[]	0
591906	M41L, M184V, T215Y	1.1	['M41L', 'M184V', 'T215Y']	0
591814		1.1	[]	0
592098	D67N, K70R, L74LI, Y115YF, M184MV, K219HQ	1.6	['D67N', 'K70R', 'L74LI', 'Y115YF', 'M184MV', 'K219HQ']	1
591984		1.1	[]	0
591750	M184V	2.2	['M184V']	1
592406	M41L, M184V, L210W, T215Y, K219KN	1.6	['M41L', 'M184V', 'L210W', 'T215Y', 'K219KN']	1
592152		0.9	[]	0
591788	M41L, E44D, A62AV, D67N, K70R, V75I, M184V, L210W, T215F, K219EQ	2.8	['M41L', 'E44D', 'A62AV', 'D67N', 'K70R', 'V75I', 'M184V', 'L210W', 'T215F', 'K219EQ']	1
591998	M41L, E44D, D67N, T69D, L210W, T215CSY, K219KR	1.3	['M41L', 'E44D', 'D67N', 'T69D', 'L210W', 'T215CSY', 'K219KR']	1
592180	K70R, M184V, T215F, K219E	1.8	['K70R', 'M184V', 'T215F', 'K219E']	1
592214		1.0	[]	0
592206	M41MIL, T215L	1.0	['M41MIL', 'T215L']	0
592112	K219N	1.3	['K219N']	1
591862	M41L, L74LV	1.6	['M41L', 'L74LV']	1
591876	K219KQ	1.0	['K219KQ']	0
591540	M41L, E44D, D67GS, T69DE, L210W, T215Y, K219R	1.8	['M41L', 'E44D', 'D67GS', 'T69DE', 'L210W', 'T215Y', 'K219R']	1
591708	D67N, K70R, T215F, K219Q	1.4	['D67N', 'K70R', 'T215F', 'K219Q']	1
591940	M41L, E44ED, T69D, V75M, M184V, L210W, T215Y, K219R	1.5	['M41L', 'E44ED', 'T69D', 'V75M', 'M184V', 'L210W', 'T215Y', 'K219R']	1
592076	M41L, S68G, M184V, T215Y	1.5	['M41L', 'S68G', 'M184V', 'T215Y']	1
591562	M41L, D67N, M184V, L210W, T215Y, K219KN	2.8	['M41L', 'D67N', 'M184V', 'L210W', 'T215Y', 'K219KN']	1
591954	D67G, K70R, L74V, Y115F, M184V, K219Q	2.3	['D67G', 'K70R', 'L74V', 'Y115F', 'M184V', 'K219Q']	1
592384	D67H, K70R, L74I, M184V, T215I, K219E	1.2	['D67H', 'K70R', 'L74I', 'M184V', 'T215I', 'K219E']	0
591444	M41L, D67N, T215Y	2.1	['M41L', 'D67N', 'T215Y']	1
592428		0.8	[]	0
592192	D67G, S68G, K70R, V75M, M184V, K219Q	2.0	['D67G', 'S68G', 'K70R', 'V75M', 'M184V', 'K219Q']	1
591854		0.8	[]	0
592054	M41L, E44ED, D67N, T69D, K70R, M184V, T215FY, K219Q	1.3	['M41L', 'E44ED', 'D67N', 'T69D', 'K70R', 'M184V', 'T215FY', 'K219Q']	1
591960	M41L, D67N, S68G, L74V, M184V, L210W, T215Y, K219N	2.5	['M41L', 'D67N', 'S68G', 'L74V', 'M184V', 'L210W', 'T215Y', 'K219N']	1
591648	M41ML, M184V, T215Y	1.4	['M41ML', 'M184V', 'T215Y']	1
592210	L74V, Y115F, M184V, T215Y	1.4	['L74V', 'Y115F', 'M184V', 'T215Y']	1
591528		1.0	[]	0
592046	M41L, L74V, L210W, T215Y	3.0	['M41L', 'L74V', 'L210W', 'T215Y']	1
592266	D67N, K70KN, T215Y, K219KR	1.1	['D67N', 'K70KN', 'T215Y', 'K219KR']	0
591550	K70KR, M184V	1.5	['K70KR', 'M184V']	1
592026	M41L, D67N, M184V, L210W, T215Y	1.3	['M41L', 'D67N', 'M184V', 'L210W', 'T215Y']	1
592230	M184V, K219E	2.8	['M184V', 'K219E']	1
591898	M184V, T215E	1.1	['M184V', 'T215E']	0
591798	M41L, L74I, L210W, T215Y	1.5	['M41L', 'L74I', 'L210W', 'T215Y']	1
592322	M41L, S68G, L74I, M184V, L210W, T215Y, K219N	1.8	['M41L', 'S68G', 'L74I', 'M184V', 'L210W', 'T215Y', 'K219N']	1
592136	M41L, E44EA, D67G, S68G, L74LI, M184V, L210W, T215Y	3.5	['M41L', 'E44EA', 'D67G', 'S68G', 'L74LI', 'M184V', 'L210W', 'T215Y']	1
591804	M41L, L74I, M184V, T215Y	2.0	['M41L', 'L74I', 'M184V', 'T215Y']	1
592438	M41L, D67N, T69D, L74V, M184V, T215F, K219Q	2.6	['M41L', 'D67N', 'T69D', 'L74V', 'M184V', 'T215F', 'K219Q']	1
591590		0.9	[]	0
592370	M41L, M184V, L210W, T215Y	1.8	['M41L', 'M184V', 'L210W', 'T215Y']	1
592042	M41L, E44D, D67N, K70R, M184V, L210W, T215Y, K219E	2.0	['M41L', 'E44D', 'D67N', 'K70R', 'M184V', 'L210W', 'T215Y', 'K219E']	1
592356	M41L, D67N, T69D, V75M, T215S, K219Q	1.3	['M41L', 'D67N', 'T69D', 'V75M', 'T215S', 'K219Q']	1
591668	D67N, K70R, M184V, L210W, T215E, K219Q	2.6	['D67N', 'K70R', 'M184V', 'L210W', 'T215E', 'K219Q']	1
592066		0.8	[]	0
592094	M41L, M184V, T215Y	1.5	['M41L', 'M184V', 'T215Y']	1
591938	M41L, L74V, M184V, L210W, T215Y	3.4	['M41L', 'L74V', 'M184V', 'L210W', 'T215Y']	1
591452	M41L, D67N, K70KR, L74LV, M184V, T215F, K219Q	2.0	['M41L', 'D67N', 'K70KR', 'L74LV', 'M184V', 'T215F', 'K219Q']	1
592120	D67N, T69D, T215C, K219Q	0.8	['D67N', 'T69D', 'T215C', 'K219Q']	0
592058	V75M, F77L, M184V, T215Y	1.6	['V75M', 'F77L', 'M184V', 'T215Y']	1
591790	S68G, V75I, F77L, F116Y, Q151M	10.0	['S68G', 'V75I', 'F77L', 'F116Y', 'Q151M']	1
592148	T215F	0.7	['T215F']	0
592168	A62V, D67N, K70R, V75I, F77L, Y115F, F116Y, Q151M, M184V, T215I, K219E	13.0	['A62V', 'D67N', 'K70R', 'V75I', 'F77L', 'Y115F', 'F116Y', 'Q151M', 'M184V', 'T215I', 'K219E']	1
591718	L74LV, Y115YF, M184MV	1.1	['L74LV', 'Y115YF', 'M184MV']	0
591950	M41L, E44D, A62V, L74LV, M184V, L210W, T215Y	2.4	['M41L', 'E44D', 'A62V', 'L74LV', 'M184V', 'L210W', 'T215Y']	1
591422		0.9	[]	0
591980		0.8	[]	0
591944	M41L, E44D, D67N, T69D, L210W, T215D	1.2	['M41L', 'E44D', 'D67N', 'T69D', 'L210W', 'T215D']	0
591438		1.1	[]	0
592188	A62V, S68G, K70T, V75I, F116Y, Q151M, M184V	17.0	['A62V', 'S68G', 'K70T', 'V75I', 'F116Y', 'Q151M', 'M184V']	1
592340		1.0	[]	0
591714		0.9	[]	0
591928	M41L, E44D, T69D, M184V, L210W, T215Y, K219R	2.2	['M41L', 'E44D', 'T69D', 'M184V', 'L210W', 'T215Y', 'K219R']	1
591874	M41L, E44D, D67N, M184V, L210W, T215Y, K219N	4.3	['M41L', 'E44D', 'D67N', 'M184V', 'L210W', 'T215Y', 'K219N']	1
592422	M41L, D67N, F77L, M184V, L210W, T215Y, K219N	1.6	['M41L', 'D67N', 'F77L', 'M184V', 'L210W', 'T215Y', 'K219N']	1
591972	M184V	1.3	['M184V']	1
591382	M41L, D67N, T69D, K70R, M184V, T215F, K219Q	2.4	['M41L', 'D67N', 'T69D', 'K70R', 'M184V', 'T215F', 'K219Q']	1
591670		1.2	[]	0
591808	M41L, D67N, S68SG, K70KR, M184V, L210W, T215Y, K219E	1.8	['M41L', 'D67N', 'S68SG', 'K70KR', 'M184V', 'L210W', 'T215Y', 'K219E']	1
591658	D67G, S68G, K70R, T215I, K219E	1.6	['D67G', 'S68G', 'K70R', 'T215I', 'K219E']	1
591532	M41L, D67N, T69D, V75I, M184V, L210W, T215Y	1.8	['M41L', 'D67N', 'T69D', 'V75I', 'M184V', 'L210W', 'T215Y']	1
592256	T69D, K70R	1.1	['T69D', 'K70R']	0
743974	M184V	1.6	['M184V']	1
692618		0.9	[]	0
692622		1.6	[]	1
692619		0.7	[]	0
743968	M184V	1.2	['M184V']	0
743969	M184V	1.2	['M184V']	0
692621		0.1	[]	0
743971		1.0	[]	0
692616		1.1	[]	0
743973	K65R, M184V	1.5	['K65R', 'M184V']	1
743972	M184V	1.1	['M184V']	0
743970	K65R	1.8	['K65R']	1
692620		0.9	[]	0
692617		1.2	[]	0
63812	M41L, E44D, D67N, T69D, L74V, M184V, L210W, T215Y, K219KN	2.8	['M41L', 'E44D', 'D67N', 'T69D', 'L74V', 'M184V', 'L210W', 'T215Y', 'K219KN']	1
48168		1.2	[]	0
38097	M41L, L74V, L210W, T215Y	6.5	['M41L', 'L74V', 'L210W', 'T215Y']	1
41335	M41ML, D67N, K70R, M184V, L210LW, T215F, K219EG	2.8	['M41ML', 'D67N', 'K70R', 'M184V', 'L210LW', 'T215F', 'K219EG']	1
37679	D67N, M184V, T215C, K219E	1.3	['D67N', 'M184V', 'T215C', 'K219E']	1
35054	K70R, T215TA	1.1	['K70R', 'T215TA']	0
41303	M41L, D67N, K70R, V75VIM, L210W, T215Y, K219E	2.0	['M41L', 'D67N', 'K70R', 'V75VIM', 'L210W', 'T215Y', 'K219E']	1
42612	M41L, E44D, D67N, K70R, L74V, L210W, T215Y, K219Q	2.9	['M41L', 'E44D', 'D67N', 'K70R', 'L74V', 'L210W', 'T215Y', 'K219Q']	1
42626	M41L, V75M, F77L, M184V, T215FY	1.1	['M41L', 'V75M', 'F77L', 'M184V', 'T215FY']	0
37865	M41L, E44A, T69D, L74V, M184V, L210W, T215Y, K219R	3.6	['M41L', 'E44A', 'T69D', 'L74V', 'M184V', 'L210W', 'T215Y', 'K219R']	1
42734	M41L, E44A, T69D, M184MV, L210W, T215Y, K219R	1.7	['M41L', 'E44A', 'T69D', 'M184MV', 'L210W', 'T215Y', 'K219R']	1
63964	M41L, E44A, D67N, T69D, V75M, M184V, L210W, T215F	3.1	['M41L', 'E44A', 'D67N', 'T69D', 'V75M', 'M184V', 'L210W', 'T215F']	1
48124	M41L, E44D, D67N, T69AD, M184MV, L210W, T215Y, K219KR	3.0	['M41L', 'E44D', 'D67N', 'T69AD', 'M184MV', 'L210W', 'T215Y', 'K219KR']	1
