IsolateID,NRTIDRMs,FoldChange,Mutation_List,resistance
10626,"D67N, T69D, K70R, T215F, K219Q",0.9,"['D67N', 'T69D', 'K70R', 'T215F', 'K219Q']",0
15983,"M41L, D67N, M184V, L210W, T215Y",0.9,"['M41L', 'D67N', 'M184V', 'L210W', 'T215Y']",1
11732,"M41L, L74V, L210W, T215Y",1.4,"['M41L', 'L74V', 'L210W', 'T215Y']",1
11961,"D67N, K70R, M184V, T215V, K219Q",0.9,"['D67N', 'K70R', 'M184V', 'T215V', 'K219Q']",1
11193,"E40F, M41L, D67N, L210W, T215Y, K219N",4.6,"['E40F', 'M41L', 'D67N', 'L210W', 'T215Y', 'K219N']",0
24202,"M41L, T69S_SS, L210W, T215Y",28.0,"['M41L', 'T69S_SS', 'L210W', 'T215Y']",0
13897,"M41L, A62V, V75T, M184V, T215Y",1.1,"['M41L', 'A62V', 'V75T', 'M184V', 'T215Y']",1
4364,"S68G, F116Y, Q151M",0.9,"['S68G', 'F116Y', 'Q151M']",1
10967,"A62V, L74V, V75T",0.4,"['A62V', 'L74V', 'V75T']",1
16903,"M41L, D67N, T215Y",2.7,"['M41L', 'D67N', 'T215Y']",1
34671,K219N,0.6,['K219N'],1
13105,"S68G, L74V, M184V, K219E",0.3,"['S68G', 'L74V', 'M184V', 'K219E']",1
7970,"A62V, T69S_SS, K70R, M184V",0.9,"['A62V', 'T69S_SS', 'K70R', 'M184V']",1
12495,"M41L, E44D, D67N, L210W, T215Y, K219KR",8.9,"['M41L', 'E44D', 'D67N', 'L210W', 'T215Y', 'K219KR']",1
35460,"M41L, A62V, T69S_SA, L74V, M184V, L210W, T215Y",3.8,"['M41L', 'A62V', 'T69S_SA', 'L74V', 'M184V', 'L210W', 'T215Y']",1
35470,"D67N, T69D, K70R, T215F, K219Q",2.1,"['D67N', 'T69D', 'K70R', 'T215F', 'K219Q']",1
35478,"M41L, E44D, D67N, M184V, L210W, T215Y, K219E",0.6,"['M41L', 'E44D', 'D67N', 'M184V', 'L210W', 'T215Y', 'K219E']",1
35464,"M41L, M184V, T215Y",1.0,"['M41L', 'M184V', 'T215Y']",0
35472,"M41L, D67N, K70R, M184V, T215Y, K219E",1.8,"['M41L', 'D67N', 'K70R', 'M184V', 'T215Y', 'K219E']",1
35468,"M41L, D67N, L210W, T215Y",5.6,"['M41L', 'D67N', 'L210W', 'T215Y']",1
35476,"M41L, D67N, V75M, L210W, T215Y",2.5,"['M41L', 'D67N', 'V75M', 'L210W', 'T215Y']",0
35462,"A62V, V75I, F77L, F116Y, Q151M, M184V",0.9,"['A62V', 'V75I', 'F77L', 'F116Y', 'Q151M', 'M184V']",0
35474,M184V,0.5,['M184V'],1
35466,"D67N, T69D, K70R, T215F, K219Q",4.7,"['D67N', 'T69D', 'K70R', 'T215F', 'K219Q']",1
17367,"M41ML, T69S_SG, V75M, L210W, T215Y",6.6,"['M41ML', 'T69S_SG', 'V75M', 'L210W', 'T215Y']",1
24573,"M41L, D67N, V75M, M184V, L210W, T215Y",1.5,"['M41L', 'D67N', 'V75M', 'M184V', 'L210W', 'T215Y']",0
24633,"M41L, L74V, M184V, L210W, T215F",0.8,"['M41L', 'L74V', 'M184V', 'L210W', 'T215F']",1
16447,Q151M,0.7,['Q151M'],1
36826,K65R,1.7,['K65R'],1
36827,"K65R, S68G",1.9,"['K65R', 'S68G']",1
36828,"A62V, K65R",1.8,"['A62V', 'K65R']",1
37039,"M41L, D67N, T69D, L74V, M184V, T215Y",0.6,"['M41L', 'D67N', 'T69D', 'L74V', 'M184V', 'T215Y']",1
37041,"K65R, T69D, K70R",1.2,"['K65R', 'T69D', 'K70R']",1
37040,"M184V, L210W, T215Y, K219N",0.8,"['M184V', 'L210W', 'T215Y', 'K219N']",0
42566,"K65R, L74V, M184V",0.9,"['K65R', 'L74V', 'M184V']",1
42563,"K65R, M184V",1.2,"['K65R', 'M184V']",0
42561,Y115F,1.3,['Y115F'],0
42565,"Y115F, M184V",0.9,"['Y115F', 'M184V']",1
42558,,0.9,[],0
42562,M184V,0.5,['M184V'],0
42560,L74V,0.6,['L74V'],1
42564,"L74V, M184V",0.4,"['L74V', 'M184V']",1
42559,K65R,2.1,['K65R'],1
26633,"M41L, M184V, L210W, T215Y",1.2,"['M41L', 'M184V', 'L210W', 'T215Y']",1
26636,"D67N, K70R, M184V, T215F, K219Q",0.8,"['D67N', 'K70R', 'M184V', 'T215F', 'K219Q']",0
37237,,0.6,[],1
26625,"E40F, M41L, D67N, M184V, L210W, T215Y",1.7,"['E40F', 'M41L', 'D67N', 'M184V', 'L210W', 'T215Y']",0
26608,"M41L, D67N, M184V, L210W, T215Y",1.6,"['M41L', 'D67N', 'M184V', 'L210W', 'T215Y']",1
26629,"D67N, K70R, T215F, K219Q",1.4,"['D67N', 'K70R', 'T215F', 'K219Q']",0
26619,"K65R, Y115F",1.5,"['K65R', 'Y115F']",1
37240,"A62V, K65R, S68G, V75I, F77L, Q151M",4.9,"['A62V', 'K65R', 'S68G', 'V75I', 'F77L', 'Q151M']",1
26602,"M41L, M184V, L210W, T215Y",1.2,"['M41L', 'M184V', 'L210W', 'T215Y']",1
26609,"D67N, M184V, L210W, T215Y, K219R",1.0,"['D67N', 'M184V', 'L210W', 'T215Y', 'K219R']",0
26622,"D67N, K70R, T215F, K219Q",3.0,"['D67N', 'K70R', 'T215F', 'K219Q']",0
26613,"M41L, E44D, D67N, K70R, M184V, L210W, T215Y, K219Q",2.4,"['M41L', 'E44D', 'D67N', 'K70R', 'M184V', 'L210W', 'T215Y', 'K219Q']",1
26612,"M41L, E44D, D67N, K70R, M184V, L210W, T215Y, K219Q",2.5,"['M41L', 'E44D', 'D67N', 'K70R', 'M184V', 'L210W', 'T215Y', 'K219Q']",0
26624,"F116Y, Q151M",1.4,"['F116Y', 'Q151M']",0
26595,,1.2,[],1
26638,"M41L, M184V, T215Y",1.3,"['M41L', 'M184V', 'T215Y']",1
26628,"D67N, K70R, T215F, K219Q",1.2,"['D67N', 'K70R', 'T215F', 'K219Q']",0
26604,"M41L, D67G, M184V, L210W, T215Y",0.8,"['M41L', 'D67G', 'M184V', 'L210W', 'T215Y']",0
37238,"M184V, T215Y",0.4,"['M184V', 'T215Y']",0
26597,"D67N, S68G, K70R, T215F, K219E",2.8,"['D67N', 'S68G', 'K70R', 'T215F', 'K219E']",0
37241,"M41L, E44D, D67N, T69D, L210W, T215Y",6.1,"['M41L', 'E44D', 'D67N', 'T69D', 'L210W', 'T215Y']",1
26621,"D67N, K70R, T215I, K219Q",3.5,"['D67N', 'K70R', 'T215I', 'K219Q']",1
37239,"M184V, T215Y",0.6,"['M184V', 'T215Y']",1
26603,"M41L, V75A, M184V, L210W, T215Y",1.3,"['M41L', 'V75A', 'M184V', 'L210W', 'T215Y']",0
26630,"D67N, K70R, M184V, T215F, K219Q",1.1,"['D67N', 'K70R', 'M184V', 'T215F', 'K219Q']",1
37236,"M41L, D67N, T69G, M184V, L210W, T215Y",1.2,"['M41L', 'D67N', 'T69G', 'M184V', 'L210W', 'T215Y']",1
26637,"M41L, D67N, K70R, M184V, T215F, K219Q",1.4,"['M41L', 'D67N', 'K70R', 'M184V', 'T215F', 'K219Q']",0
48754,K70KR,0.8,['K70KR'],1
48764,,1.0,[],1
48761,T215Y,1.4,['T215Y'],1
48747,"L210W, T215Y",1.3,"['L210W', 'T215Y']",0
48757,,1.0,[],1
48746,,1.2,[],1
48753,K70R,1.3,['K70R'],1
48765,,0.8,[],1
48756,,0.7,[],1
48749,"D67N, K70R, K219Q",2.1,"['D67N', 'K70R', 'K219Q']",1
48752,"D67N, K70R, T215F, K219Q",2.4,"['D67N', 'K70R', 'T215F', 'K219Q']",1
48744,,0.7,[],0
48759,"M41L, L210W, T215Y",1.6,"['M41L', 'L210W', 'T215Y']",1
48755,"M41L, S68G, T215SY",2.2,"['M41L', 'S68G', 'T215SY']",0
48748,"M41L, T215Y",2.3,"['M41L', 'T215Y']",1
48758,,0.7,[],1
48743,,1.0,[],1
48751,K70R,0.8,['K70R'],1
48763,"M41L, D67DN, L210W, T215Y",2.6,"['M41L', 'D67DN', 'L210W', 'T215Y']",0
42013,,0.9,[],1
42011,,0.9,[],1
16894,"M41L, D67N, L210W, T215Y, K219N",1.8,"['M41L', 'D67N', 'L210W', 'T215Y', 'K219N']",1
38131,M184V,0.4,['M184V'],1
38023,"M41L, E44A, D67N, T69D, V75M, M184V, L210W, T215F",2.7,"['M41L', 'E44A', 'D67N', 'T69D', 'V75M', 'M184V', 'L210W', 'T215F']",1
21200,"D67N, K70R, K219Q",2.3,"['D67N', 'K70R', 'K219Q']",1
24044,,0.7,[],1
7736,"M41L, D67G, S68G, K70R, L74V, T215Y, K219E",2.2,"['M41L', 'D67G', 'S68G', 'K70R', 'L74V', 'T215Y', 'K219E']",1
34294,"D67N, T69D, M184V, T215F, K219Q",0.5,"['D67N', 'T69D', 'M184V', 'T215F', 'K219Q']",1
37774,"M41L, D67N, T69D, M184V, T215V, K219Q",0.4,"['M41L', 'D67N', 'T69D', 'M184V', 'T215V', 'K219Q']",1
41273,"M41L, D67N, K70R, M184V, T215F, K219Q",1.3,"['M41L', 'D67N', 'K70R', 'M184V', 'T215F', 'K219Q']",1
15890,"S68G, M184V",0.5,"['S68G', 'M184V']",1
48172,"D67N, T69D, K70R, M184V, T215F, K219Q",1.0,"['D67N', 'T69D', 'K70R', 'M184V', 'T215F', 'K219Q']",1
12433,"M41L, M184V, L210W, T215Y",1.1,"['M41L', 'M184V', 'L210W', 'T215Y']",1
71565,"M41L, A62V, T69G, L74V, M184V, L210W, T215Y",7.5,"['M41L', 'A62V', 'T69G', 'L74V', 'M184V', 'L210W', 'T215Y']",1
21069,"F116Y, Q151M",1.4,"['F116Y', 'Q151M']",1
17429,"M41L, S68G, L74V, M184V, T215Y",0.8,"['M41L', 'S68G', 'L74V', 'M184V', 'T215Y']",0
48196,"D67N, K70G, M184V, K219Q",0.6,"['D67N', 'K70G', 'M184V', 'K219Q']",1
20184,"M41L, A62V, V75T, M184V, L210W, T215Y",0.8,"['M41L', 'A62V', 'V75T', 'M184V', 'L210W', 'T215Y']",0
42786,"K65KR, S68SG, L74LV",0.8,"['K65KR', 'S68SG', 'L74LV']",0
42684,"M41L, E44A, D67N, T69D, V75M, M184V, L210W, T215F",2.7,"['M41L', 'E44A', 'D67N', 'T69D', 'V75M', 'M184V', 'L210W', 'T215F']",0
20180,"D67G, S68G, K70R, M184V, T215F, K219Q",1.2,"['D67G', 'S68G', 'K70R', 'M184V', 'T215F', 'K219Q']",1
48080,"M41L, E44EA, D67N, K70R, L74LI, M184V, L210W, T215Y, K219Q",2.2,"['M41L', 'E44EA', 'D67N', 'K70R', 'L74LI', 'M184V', 'L210W', 'T215Y', 'K219Q']",1
34731,"S68SG, M184V, T215F",0.9,"['S68SG', 'M184V', 'T215F']",0
38927,"S68SG, M184V, T215Y",0.4,"['S68SG', 'M184V', 'T215Y']",1
26618,T215Y,1.6,['T215Y'],1
26606,"M41L, M184V, T215Y",0.8,"['M41L', 'M184V', 'T215Y']",0
26632,"M41L, D67N, M184V, L210W, T215Y",1.5,"['M41L', 'D67N', 'M184V', 'L210W', 'T215Y']",1
26610,"M41L, E44D, D67N, T69D, M184V, L210W, T215Y",2.3,"['M41L', 'E44D', 'D67N', 'T69D', 'M184V', 'L210W', 'T215Y']",1
51392,"K65R, M184V",1.1,"['K65R', 'M184V']",1
26626,"M41L, D67N, M184V, L210W, T215Y",2.6,"['M41L', 'D67N', 'M184V', 'L210W', 'T215Y']",1
26614,"M41L, E44D, D67N, L210W, T215Y, K219N",5.9,"['M41L', 'E44D', 'D67N', 'L210W', 'T215Y', 'K219N']",1
26635,"D67N, K70R, M184V, T215F, K219Q",1.1,"['D67N', 'K70R', 'M184V', 'T215F', 'K219Q']",0
26596,"M41L, D67N, K70R, T215F, K219E",8.1,"['M41L', 'D67N', 'K70R', 'T215F', 'K219E']",0
26617,T215Y,2.0,['T215Y'],0
26605,"M41L, M184V",0.4,"['M41L', 'M184V']",0
26616,T215Y,0.9,['T215Y'],0
26598,"D67N, S68G, K70R, T215F, K219E",5.2,"['D67N', 'S68G', 'K70R', 'T215F', 'K219E']",0
26607,"A62V, S68G, K70G, V75I, F77L, Y115F, F116Y, Q151M, M184V",2.4,"['A62V', 'S68G', 'K70G', 'V75I', 'F77L', 'Y115F', 'F116Y', 'Q151M', 'M184V']",0
51390,K65R,3.8,['K65R'],0
26600,"M41L, L74V, T215Y",0.7,"['M41L', 'L74V', 'T215Y']",0
26623,"A62V, V75I, F77L, F116Y, Q151M",1.9,"['A62V', 'V75I', 'F77L', 'F116Y', 'Q151M']",0
26620,"M41L, A62V, D67N, V75I, M184V, L210W, T215Y",0.9,"['M41L', 'A62V', 'D67N', 'V75I', 'M184V', 'L210W', 'T215Y']",1
26615,T215Y,1.7,['T215Y'],0
26631,"K65R, S68G, K70R, V75I, F77L, Y115F, F116Y, Q151M",11.0,"['K65R', 'S68G', 'K70R', 'V75I', 'F77L', 'Y115F', 'F116Y', 'Q151M']",0
26599,T215Y,0.6,['T215Y'],1
26611,"M41L, E44D, D67N, T69D, L210W, T215Y",5.9,"['M41L', 'E44D', 'D67N', 'T69D', 'L210W', 'T215Y']",0
26627,"M41L, T69S_SS, L74V, M184V, L210W, T215Y",4.2,"['M41L', 'T69S_SS', 'L74V', 'M184V', 'L210W', 'T215Y']",0
63698,"K65N, Y115F",2.6,"['K65N', 'Y115F']",0
63696,K65N,1.7,['K65N'],0
63860,"M41L, D67N, L74V, M184V, L210W, T215Y",1.6,"['M41L', 'D67N', 'L74V', 'M184V', 'L210W', 'T215Y']",0
41183,"M41L, E44D, D67N, S68SG, K70KR, M184V, L210W, T215Y, K219E",1.0,"['M41L', 'E44D', 'D67N', 'S68SG', 'K70KR', 'M184V', 'L210W', 'T215Y', 'K219E']",0
63842,,1.0,[],0
50044,M184V,0.5,['M184V'],0
55465,"D67G, S68G, L74V, Y115F, M184V, T215F, K219E",0.6,"['D67G', 'S68G', 'L74V', 'Y115F', 'M184V', 'T215F', 'K219E']",0
63788,,0.7,[],0
55479,"M41L, E44D, D67N, M184V, L210W, T215Y",4.3,"['M41L', 'E44D', 'D67N', 'M184V', 'L210W', 'T215Y']",0
50052,M184V,0.7,['M184V'],1
43048,M41L,1.0,['M41L'],0
42015,"D67N, K70R, M184V, K219Q",1.6,"['D67N', 'K70R', 'M184V', 'K219Q']",0
43034,T215C,1.0,['T215C'],0
58144,,0.8,[],0
37764,"D67N, K70R, T215F, K219Q",3.5,"['D67N', 'K70R', 'T215F', 'K219Q']",0
20189,"D67G, S68G, K70R, M184V, T215F, K219Q",1.7,"['D67G', 'S68G', 'K70R', 'M184V', 'T215F', 'K219Q']",1
63746,"K70R, M184V",0.5,"['K70R', 'M184V']",0
63734,"M41L, E44D, D67N, T69D, M184V, L210W, T215Y",2.1,"['M41L', 'E44D', 'D67N', 'T69D', 'M184V', 'L210W', 'T215Y']",0
59237,"M41L, E44D, D67N, M184V, L210W, T215Y, K219DN",1.6,"['M41L', 'E44D', 'D67N', 'M184V', 'L210W', 'T215Y', 'K219DN']",0
57652,"M41L, E44D, D67G, T69D, V75M, F77L, M184V, L210W",0.6,"['M41L', 'E44D', 'D67G', 'T69D', 'V75M', 'F77L', 'M184V', 'L210W']",0
63724,"M41L, E44D, D67N, M184V, L210W, T215Y",1.3,"['M41L', 'E44D', 'D67N', 'M184V', 'L210W', 'T215Y']",1
43020,,0.7,[],0
63768,"D67N, K70R, M184V, K219Q",0.8,"['D67N', 'K70R', 'M184V', 'K219Q']",1
55388,T215CS,0.7,['T215CS'],1
43086,,0.8,[],1
43080,,0.8,[],1
57630,"M41L, D67N, K70R, T215F, K219Q",5.5,"['M41L', 'D67N', 'K70R', 'T215F', 'K219Q']",0
63792,,0.9,[],1
61376,"M41L, E44D, D67N, L210W, T215Y, K219R",5.3,"['M41L', 'E44D', 'D67N', 'L210W', 'T215Y', 'K219R']",1
19917,"M41L, D67N, K70R, T215F, K219Q",2.8,"['M41L', 'D67N', 'K70R', 'T215F', 'K219Q']",1
43062,,1.1,[],0
55469,"D67N, T69D, K70R, T215F, K219Q",3.2,"['D67N', 'T69D', 'K70R', 'T215F', 'K219Q']",1
37953,M184I,0.5,['M184I'],1
43078,M184I,0.4,['M184I'],1
42974,"M41L, D67N, M184V, L210W, T215Y",2.1,"['M41L', 'D67N', 'M184V', 'L210W', 'T215Y']",0
63850,"M41L, L74V, M184V, T215FY",0.5,"['M41L', 'L74V', 'M184V', 'T215FY']",1
63832,"M41L, D67N, T69D, V75M, M184V, L210W, T215F, K219W",14.0,"['M41L', 'D67N', 'T69D', 'V75M', 'M184V', 'L210W', 'T215F', 'K219W']",1
42572,"D67G, K70R, V75T, L210LW, K219Q",2.5,"['D67G', 'K70R', 'V75T', 'L210LW', 'K219Q']",0
63770,,0.9,[],1
63796,"M41L, D67N, L74I, V75T, M184MV, L210W, T215Y",1.4,"['M41L', 'D67N', 'L74I', 'V75T', 'M184MV', 'L210W', 'T215Y']",1
55481,"M41L, E44D, D67N, M184V, L210W, T215Y",1.1,"['M41L', 'E44D', 'D67N', 'M184V', 'L210W', 'T215Y']",0
59333,,0.9,[],0
63752,"L74V, Y115F, M184V",0.7,"['L74V', 'Y115F', 'M184V']",1
55475,"D67N, K70R, M184V, K219E",1.4,"['D67N', 'K70R', 'M184V', 'K219E']",1
42029,"M41L, D67N, T69D, K70R, T215F, K219Q",5.4,"['M41L', 'D67N', 'T69D', 'K70R', 'T215F', 'K219Q']",1
41191,"D67N, K70R, L74V, M184V, K219Q",0.6,"['D67N', 'K70R', 'L74V', 'M184V', 'K219Q']",1
55463,"M41L, M184V, L210W, T215Y",0.9,"['M41L', 'M184V', 'L210W', 'T215Y']",0
63784,,0.9,[],1
63846,"M41L, E44D, D67N, M184V, L210W, T215Y, K219N",2.2,"['M41L', 'E44D', 'D67N', 'M184V', 'L210W', 'T215Y', 'K219N']",1
63716,,1.0,[],1
63720,"K70R, M184V, K219Q",0.7,"['K70R', 'M184V', 'K219Q']",1
63760,,0.9,[],1
63774,,0.7,[],1
42574,"D67NH, K70R, M184V, T215F, K219Q",2.6,"['D67NH', 'K70R', 'M184V', 'T215F', 'K219Q']",1
43088,M184V,0.6,['M184V'],1
42037,"A62V, K65R, M184V",2.2,"['A62V', 'K65R', 'M184V']",0
63828,"M41L, E44D, D67N, K70R, V75M, L210W, T215Y, K219Q",4.7,"['M41L', 'E44D', 'D67N', 'K70R', 'V75M', 'L210W', 'T215Y', 'K219Q']",1
43070,,0.9,[],1
43068,M184V,0.5,['M184V'],0
63800,"D67N, T69ND, K70RG, L74V, M184V, K219QE",0.2,"['D67N', 'T69ND', 'K70RG', 'L74V', 'M184V', 'K219QE']",0
63856,"M41L, E44D, D67N, L74V, M184MV, L210W, T215Y, K219R",2.1,"['M41L', 'E44D', 'D67N', 'L74V', 'M184MV', 'L210W', 'T215Y', 'K219R']",0
63840,,0.8,[],0
34267,K70R,1.1,['K70R'],0
50907,"D67N, K70R, M184V, T215Y, K219E",1.2,"['D67N', 'K70R', 'M184V', 'T215Y', 'K219E']",0
42031,"M41L, V75M, M184V, L210W, T215Y",4.5,"['M41L', 'V75M', 'M184V', 'L210W', 'T215Y']",0
55473,"M41L, T215Y",0.8,"['M41L', 'T215Y']",0
63726,"D67G, K70E, M184V, K219R",0.6,"['D67G', 'K70E', 'M184V', 'K219R']",1
63730,"D67N, K70R, M184V, K219Q",1.2,"['D67N', 'K70R', 'M184V', 'K219Q']",1
55453,"D67N, K70R, K219Q",1.5,"['D67N', 'K70R', 'K219Q']",0
63780,"D67N, K70R, T215F, K219E",1.5,"['D67N', 'K70R', 'T215F', 'K219E']",0
63834,,0.6,[],0
42045,"M41L, S68G, L74V, M184V, L210W, T215Y",0.9,"['M41L', 'S68G', 'L74V', 'M184V', 'L210W', 'T215Y']",0
24531,"A62V, V75T, M184V",0.4,"['A62V', 'V75T', 'M184V']",0
60774,K65R,2.5,['K65R'],0
63804,,0.8,[],1
42017,"D67N, T69ND, K70R, K219Q",2.1,"['D67N', 'T69ND', 'K70R', 'K219Q']",0
63722,"M41L, E44D, D67N, L74V, M184V, L210W, T215Y, K219N",1.2,"['M41L', 'E44D', 'D67N', 'L74V', 'M184V', 'L210W', 'T215Y', 'K219N']",0
63864,"M41L, M184V, T215Y",1.0,"['M41L', 'M184V', 'T215Y']",0
43030,,0.6,[],0
38421,,0.7,[],0
63822,"M41L, D67N, K70G, L74LV, T215F, K219Q",1.5,"['M41L', 'D67N', 'K70G', 'L74LV', 'T215F', 'K219Q']",0
43040,"D67N, K70R, T215I, K219E",1.0,"['D67N', 'K70R', 'T215I', 'K219E']",0
43076,,0.8,[],1
43052,,0.8,[],1
42041,"K65R, Y115YF",2.6,"['K65R', 'Y115YF']",0
43064,"M41L, D67N, M184V, L210W, T215Y",2.7,"['M41L', 'D67N', 'M184V', 'L210W', 'T215Y']",0
63740,"M41L, E44A, A62V, D67N, K70R, L74I, V75T, M184V, L210W, T215Y, K219E",6.9,"['M41L', 'E44A', 'A62V', 'D67N', 'K70R', 'L74I', 'V75T', 'M184V', 'L210W', 'T215Y', 'K219E']",0
57632,,1.4,[],0
51393,K65R,3.0,['K65R'],0
43054,,0.9,[],0
63742,"M41L, D67N, L74V, M184V, T215Y, K219Q",0.6,"['M41L', 'D67N', 'L74V', 'M184V', 'T215Y', 'K219Q']",1
63808,,0.9,[],0
21096,"D67G, T69D, K70R, M184V, K219Q",0.8,"['D67G', 'T69D', 'K70R', 'M184V', 'K219Q']",0
42568,,0.8,[],0
21141,K70R,1.4,['K70R'],0
63766,"M41L, D67N, L74V, M184V, L210W, T215Y, K219N",0.6,"['M41L', 'D67N', 'L74V', 'M184V', 'L210W', 'T215Y', 'K219N']",0
43022,,1.0,[],0
63814,"M41L, E44D, D67N, K70R, L210W, T215Y",3.6,"['M41L', 'E44D', 'D67N', 'K70R', 'L210W', 'T215Y']",0
63806,"M41L, E44D, D67N, L74I, M184V, L210W, T215Y",2.2,"['M41L', 'E44D', 'D67N', 'L74I', 'M184V', 'L210W', 'T215Y']",0
55447,,0.9,[],0
63736,"D67G, S68G, K70R, M184V, T215F, K219E",1.2,"['D67G', 'S68G', 'K70R', 'M184V', 'T215F', 'K219E']",1
63744,"K70R, K219Q",1.8,"['K70R', 'K219Q']",0
63824,,0.8,[],0
63718,"S68G, M184V, T215Y",0.5,"['S68G', 'M184V', 'T215Y']",0
63844,"M41L, S68SG, T69T_SS, L74I, M184V, L210W",0.4,"['M41L', 'S68SG', 'T69T_SS', 'L74I', 'M184V', 'L210W']",0
63810,"M41L, D67G, K70R, L74V, T215F, K219Q",1.1,"['M41L', 'D67G', 'K70R', 'L74V', 'T215F', 'K219Q']",0
55467,"D67G, S68G, L74V, Y115F, M184V, T215F, K219E",0.7,"['D67G', 'S68G', 'L74V', 'Y115F', 'M184V', 'T215F', 'K219E']",0
43082,M184V,0.5,['M184V'],0
63714,"E44D, D67~, S68G, T69G, K70R, T215I, K219Q",6.6,"['E44D', 'D67~', 'S68G', 'T69G', 'K70R', 'T215I', 'K219Q']",0
39194,"D67N, K70R, M184V, K219E",0.7,"['D67N', 'K70R', 'M184V', 'K219E']",0
50054,M184V,0.4,['M184V'],0
63754,M184V,0.4,['M184V'],1
43058,"M41L, E44D, D67N, K70R, L74V, M184V, L210W, T215Y, K219E",1.0,"['M41L', 'E44D', 'D67N', 'K70R', 'L74V', 'M184V', 'L210W', 'T215Y', 'K219E']",1
42578,S68G,0.9,['S68G'],0
42019,"M41L, D67N, T69D, L210W, T215Y",4.6,"['M41L', 'D67N', 'T69D', 'L210W', 'T215Y']",1
63818,"M41L, D67N, L210W, T215Y",5.1,"['M41L', 'D67N', 'L210W', 'T215Y']",1
51394,K65R,1.5,['K65R'],1
55483,"M41L, E44D, D67N, T69D, K70R, V75M, L210W, T215F, K219Q",2.0,"['M41L', 'E44D', 'D67N', 'T69D', 'K70R', 'V75M', 'L210W', 'T215F', 'K219Q']",0
63772,,1.1,[],1
35112,,0.8,[],1
23888,"D67N, K70R, M184V, K219E",0.9,"['D67N', 'K70R', 'M184V', 'K219E']",1
43084,,0.6,[],1
43036,"M41L, L74V, M184V, L210W, T215Y",1.1,"['M41L', 'L74V', 'M184V', 'L210W', 'T215Y']",1
63782,,0.9,[],1
23718,"D67G, T69D, K70R, M184V, K219Q",1.0,"['D67G', 'T69D', 'K70R', 'M184V', 'K219Q']",1
50943,"M41L, D67N, K70R, M184V, T215F, K219Q",1.1,"['M41L', 'D67N', 'K70R', 'M184V', 'T215F', 'K219Q']",0
63820,"D67N, K70R, M184I, T215F, K219Q",0.9,"['D67N', 'K70R', 'M184I', 'T215F', 'K219Q']",1
63758,,0.9,[],0
55461,"M41L, A62V, M184V, L210W, T215Y",1.3,"['M41L', 'A62V', 'M184V', 'L210W', 'T215Y']",1
34308,"D67N, K70KR, M184V, T215F, K219E",0.4,"['D67N', 'K70KR', 'M184V', 'T215F', 'K219E']",0
43024,"L74V, M184V",0.4,"['L74V', 'M184V']",1
55485,"M41L, E44D, D67N, T69D, K70R, V75M, L210W, T215F, K219Q",3.0,"['M41L', 'E44D', 'D67N', 'T69D', 'K70R', 'V75M', 'L210W', 'T215F', 'K219Q']",1
63710,"D67N, K70R, M184V, K219Q",0.5,"['D67N', 'K70R', 'M184V', 'K219Q']",1
43046,,0.9,[],0
21113,"D67G, S68G, K70R, T215F, K219E",2.3,"['D67G', 'S68G', 'K70R', 'T215F', 'K219E']",1
55455,"D67N, K70R, M184V, K219Q",1.0,"['D67N', 'K70R', 'M184V', 'K219Q']",1
43060,"M41L, L210W, T215Y",4.0,"['M41L', 'L210W', 'T215Y']",1
20247,,1.1,[],1
63794,"M41L, L74V, T215Y",0.8,"['M41L', 'L74V', 'T215Y']",0
40734,"D67N, K70R, L74V, M184V, K219Q",0.6,"['D67N', 'K70R', 'L74V', 'M184V', 'K219Q']",0
42886,"M41L, D67N, T69D, V75T, L210W, T215Y, K219N",2.6,"['M41L', 'D67N', 'T69D', 'V75T', 'L210W', 'T215Y', 'K219N']",1
63830,"M41L, M184V, L210W, T215Y",2.0,"['M41L', 'M184V', 'L210W', 'T215Y']",0
63866,"D67N, K70R, L74V, K219Q",1.5,"['D67N', 'K70R', 'L74V', 'K219Q']",0
63750,M184V,0.6,['M184V'],0
63778,"M41L, D67N, M184V, T215F",1.6,"['M41L', 'D67N', 'M184V', 'T215F']",1
42023,"D67N, M184V, L210W, T215Y, K219N",2.3,"['D67N', 'M184V', 'L210W', 'T215Y', 'K219N']",0
55471,"M184V, L210W, T215Y",0.4,"['M184V', 'L210W', 'T215Y']",0
43066,"M41L, E44D, D67N, L74V, M184V, L210W, T215Y, K219N",0.8,"['M41L', 'E44D', 'D67N', 'L74V', 'M184V', 'L210W', 'T215Y', 'K219N']",1
43074,"M41L, E44D, D67N, T69D, L210W, T215Y, K219KR",5.5,"['M41L', 'E44D', 'D67N', 'T69D', 'L210W', 'T215Y', 'K219KR']",1
63836,"M41L, E44D, D67N, K70KR, L74LI, M184V, L210W, T215Y, K219Q",1.4,"['M41L', 'E44D', 'D67N', 'K70KR', 'L74LI', 'M184V', 'L210W', 'T215Y', 'K219Q']",0
55477,"M41L, E44D, D67N, M184V, L210W, T215Y",2.5,"['M41L', 'E44D', 'D67N', 'M184V', 'L210W', 'T215Y']",1
55457,,0.8,[],0
42686,K70N,1.1,['K70N'],1
42043,"M41L, D67N, L74V, M184V, L210W, T215Y",1.1,"['M41L', 'D67N', 'L74V', 'M184V', 'L210W', 'T215Y']",0
43028,"K65R, M184V",0.9,"['K65R', 'M184V']",0
50893,"M41L, E44D, D67N, L74I, M184V, L210W, T215Y",1.6,"['M41L', 'E44D', 'D67N', 'L74I', 'M184V', 'L210W', 'T215Y']",0
43090,,0.9,[],1
55451,,1.1,[],0
63862,T215Y,1.4,['T215Y'],0
40739,"K70R, L74I, Y115F, M184V",0.6,"['K70R', 'L74I', 'Y115F', 'M184V']",1
63762,"M41L, M184V, T215Y",1.1,"['M41L', 'M184V', 'T215Y']",0
43044,"M41L, T69D, V75M, L210W, T215Y, K219R",3.1,"['M41L', 'T69D', 'V75M', 'L210W', 'T215Y', 'K219R']",1
43056,,0.7,[],1
63776,"M41L, M184V",0.6,"['M41L', 'M184V']",0
42570,,0.9,[],1
39023,"M41L, M184V, L210W, T215Y",2.3,"['M41L', 'M184V', 'L210W', 'T215Y']",0
63826,,0.7,[],0
63852,"M41L, D67G, S68G, L74V, V75VA, M184V, L210W, T215Y, K219N",1.4,"['M41L', 'D67G', 'S68G', 'L74V', 'V75VA', 'M184V', 'L210W', 'T215Y', 'K219N']",1
63712,,0.8,[],0
59287,"M41L, L74V, M184V, L210W, T215Y",0.6,"['M41L', 'L74V', 'M184V', 'L210W', 'T215Y']",1
43072,"M41L, L74I, M184V, L210W, T215Y",1.0,"['M41L', 'L74I', 'M184V', 'L210W', 'T215Y']",1
43050,"M41L, A62V, T69D, V75T, L210W, T215Y",2.6,"['M41L', 'A62V', 'T69D', 'V75T', 'L210W', 'T215Y']",1
43018,"L74V, Y115F, M184V, K219E",0.4,"['L74V', 'Y115F', 'M184V', 'K219E']",1
42027,"S68N, K70T, L74V, V75T, Y115F, Q151M, M184V",1.0,"['S68N', 'K70T', 'L74V', 'V75T', 'Y115F', 'Q151M', 'M184V']",0
63858,"M41L, T215Y, K219R",2.0,"['M41L', 'T215Y', 'K219R']",0
41189,"M41L, M184V, T215Y",1.1,"['M41L', 'M184V', 'T215Y']",1
51395,"K65R, M184V",0.9,"['K65R', 'M184V']",0
60958,,0.9,[],1
63732,"E44D, D67N, T69D, L210W, T215D",0.5,"['E44D', 'D67N', 'T69D', 'L210W', 'T215D']",1
48426,"D67DN, K70KR, M184MV",1.3,"['D67DN', 'K70KR', 'M184MV']",1
38305,,0.7,[],0
55459,,0.7,[],0
55449,"D67N, K70R, T215F, K219E",4.0,"['D67N', 'K70R', 'T215F', 'K219E']",0
43038,"M41L, D67DN, M184V, L210W, T215Y, K219KN",1.5,"['M41L', 'D67DN', 'M184V', 'L210W', 'T215Y', 'K219KN']",0
63786,"M41L, D67N, T69D, M184V, L210W, T215Y",0.9,"['M41L', 'D67N', 'T69D', 'M184V', 'L210W', 'T215Y']",1
43032,,0.8,[],1
43042,S68G,0.8,['S68G'],0
63738,"M41L, E44D, D67N, L74V, M184V, L210W, T215Y",0.5,"['M41L', 'E44D', 'D67N', 'L74V', 'M184V', 'L210W', 'T215Y']",1
63728,"D67N, K70R, T215F, K219E",1.5,"['D67N', 'K70R', 'T215F', 'K219E']",1
34521,"D67G, S68G, K70R, M184V, T215V, K219E",0.8,"['D67G', 'S68G', 'K70R', 'M184V', 'T215V', 'K219E']",1
92196,"M41L, L74V, M184V, L210W, T215Y",1.1,"['M41L', 'L74V', 'M184V', 'L210W', 'T215Y']",1
91781,"M41ML, A62AV, M184V, L210LW, T215Y",1.1,"['M41ML', 'A62AV', 'M184V', 'L210LW', 'T215Y']",1
92269,"D67N, T69D, K70R, M184V, T215F, K219Q",0.5,"['D67N', 'T69D', 'K70R', 'M184V', 'T215F', 'K219Q']",0
91795,"M41L, D67N, L74I, V75T, M184V, L210W, T215Y, K219Q",1.9,"['M41L', 'D67N', 'L74I', 'V75T', 'M184V', 'L210W', 'T215Y', 'K219Q']",1
91811,"M41L, D67N, M184V, L210W, T215Y",1.3,"['M41L', 'D67N', 'M184V', 'L210W', 'T215Y']",1
91867,"M41L, E44ED, M184V, L210W, T215F",2.8,"['M41L', 'E44ED', 'M184V', 'L210W', 'T215F']",1
91879,"M41L, E44D, D67N, K70R, L74V, L210W, T215Y, K219E",1.4,"['M41L', 'E44D', 'D67N', 'K70R', 'L74V', 'L210W', 'T215Y', 'K219E']",1
91807,"M41L, E44D, D67N, L210W, T215Y, K219N",5.7,"['M41L', 'E44D', 'D67N', 'L210W', 'T215Y', 'K219N']",1
92283,"M41L, D67N, K70R, L210W, T215Y, K219E",5.9,"['M41L', 'D67N', 'K70R', 'L210W', 'T215Y', 'K219E']",1
92249,"M41L, D67N, L74V, M184V, L210W, T215Y",1.2,"['M41L', 'D67N', 'L74V', 'M184V', 'L210W', 'T215Y']",1
91716,"M41L, D67N, T69D, L210W, T215Y",3.6,"['M41L', 'D67N', 'T69D', 'L210W', 'T215Y']",1
91694,"M41L, D67N, K70G, L74I, V75T, T215F, K219Q",2.2,"['M41L', 'D67N', 'K70G', 'L74I', 'V75T', 'T215F', 'K219Q']",1
91772,"M41L, D67GV, S68G, K70R, L74I, L210W, T215F, K219E",2.9,"['M41L', 'D67GV', 'S68G', 'K70R', 'L74I', 'L210W', 'T215F', 'K219E']",0
92172,"E40F, M41L, D67N, L74V, L210W, T215Y, K219N",1.7,"['E40F', 'M41L', 'D67N', 'L74V', 'L210W', 'T215Y', 'K219N']",1
92202,"M41L, A62V, V75I, T215Y",1.7,"['M41L', 'A62V', 'V75I', 'T215Y']",1
91831,"M41L, E44D, D67N, T69D, V75M, L210W, T215Y",3.8,"['M41L', 'E44D', 'D67N', 'T69D', 'V75M', 'L210W', 'T215Y']",0
91698,"D67N, T215F",2.0,"['D67N', 'T215F']",0
91823,"M41L, L210W, T215Y",2.1,"['M41L', 'L210W', 'T215Y']",0
91873,"M41L, M184MV, T215Y",1.0,"['M41L', 'M184MV', 'T215Y']",1
92271,"M41L, E44D, D67N, T69D, L74V, L210W, T215Y",1.5,"['M41L', 'E44D', 'D67N', 'T69D', 'L74V', 'L210W', 'T215Y']",0
91750,"M41L, D67N, L210W, T215Y, K219R",3.7,"['M41L', 'D67N', 'L210W', 'T215Y', 'K219R']",1
91799,"M41L, E44D, D67N, L74V, L210W, T215Y, K219N",1.3,"['M41L', 'E44D', 'D67N', 'L74V', 'L210W', 'T215Y', 'K219N']",1
91847,"M41ML, D67N, T69D, K219R",1.1,"['M41ML', 'D67N', 'T69D', 'K219R']",1
91742,"M41L, D67N, T69D, K70R, V75MT, T215F, K219Q",5.9,"['M41L', 'D67N', 'T69D', 'K70R', 'V75MT', 'T215F', 'K219Q']",1
91901,"M41L, E44EAD, D67N, M184V, L210W, T215Y",1.8,"['M41L', 'E44EAD', 'D67N', 'M184V', 'L210W', 'T215Y']",0
92294,"M41L, E44D, D67E, S68G, L74I, V75M, M184V, L210W, T215Y",1.5,"['M41L', 'E44D', 'D67E', 'S68G', 'L74I', 'V75M', 'M184V', 'L210W', 'T215Y']",0
91913,"M41L, T215Y",1.3,"['M41L', 'T215Y']",1
91728,"A62V, K65R, K70T, V75I, F77L, Y115F, F116Y, Q151M, M184V",7.5,"['A62V', 'K65R', 'K70T', 'V75I', 'F77L', 'Y115F', 'F116Y', 'Q151M', 'M184V']",1
91885,"M41L, D67N, L74I, M184V, T215Y",0.9,"['M41L', 'D67N', 'L74I', 'M184V', 'T215Y']",1
91785,"M41L, D67N, K70R, L74V, L210W, T215F, K219W",18.0,"['M41L', 'D67N', 'K70R', 'L74V', 'L210W', 'T215F', 'K219W']",1
91917,,0.9,[],0
91726,"M41L, D67N, T69D, K70R, T215F, K219Q",6.6,"['M41L', 'D67N', 'T69D', 'K70R', 'T215F', 'K219Q']",1
91859,"M41L, E44D, D67N, V75A, M184V, L210W, T215Y",0.9,"['M41L', 'E44D', 'D67N', 'V75A', 'M184V', 'L210W', 'T215Y']",1
91708,,0.9,[],1
91801,M184V,0.4,['M184V'],0
91887,"D67H, K70R, M184V, T215F, K219*E",1.2,"['D67H', 'K70R', 'M184V', 'T215F', 'K219*E']",0
91762,"M41L, D67N, V75M, L210W, T215Y",2.6,"['M41L', 'D67N', 'V75M', 'L210W', 'T215Y']",1
92182,"M41L, E44ED, D67N, V75ILM, L210W, T215Y, K219R",5.0,"['M41L', 'E44ED', 'D67N', 'V75ILM', 'L210W', 'T215Y', 'K219R']",1
91776,,0.8,[],1
91787,"M41L, A62V, V75I, T215Y",0.8,"['M41L', 'A62V', 'V75I', 'T215Y']",0
92225,"M41L, S68G, M184V, T215Y",1.5,"['M41L', 'S68G', 'M184V', 'T215Y']",1
92208,"D67N, S68N, L74V, T215Y, K219E",0.6,"['D67N', 'S68N', 'L74V', 'T215Y', 'K219E']",1
91758,"D67DN, T215Y",1.1,"['D67DN', 'T215Y']",1
92178,"L74V, Y115F, M184V",7.1,"['L74V', 'Y115F', 'M184V']",1
91861,"K70KN, L74V, Y115F, Q151M, M184V, K219Q",0.5,"['K70KN', 'L74V', 'Y115F', 'Q151M', 'M184V', 'K219Q']",1
91837,"D67N, L74IV, M184V, T215I, K219E",0.3,"['D67N', 'L74IV', 'M184V', 'T215I', 'K219E']",1
91738,"M41L, D67N, L210W, T215Y, K219N",1.7,"['M41L', 'D67N', 'L210W', 'T215Y', 'K219N']",1
92233,"M41ML, E44ED, T69AD, L210LW, K219KR",3.8,"['M41ML', 'E44ED', 'T69AD', 'L210LW', 'K219KR']",1
92273,"M41L, E44D, D67S, T69T_VT, L210W, T215Y",47.0,"['M41L', 'E44D', 'D67S', 'T69T_VT', 'L210W', 'T215Y']",0
91827,"M41L, D67DN, M184V, T215Y",0.6,"['M41L', 'D67DN', 'M184V', 'T215Y']",1
91905,"K65R, S68G, Q151M",2.4,"['K65R', 'S68G', 'Q151M']",0
91911,"M41L, E44D, D67G, S68G, V75M, L210W, T215Y",3.2,"['M41L', 'E44D', 'D67G', 'S68G', 'V75M', 'L210W', 'T215Y']",0
92287,"M41L, S68G, M184V, L210W, T215Y",1.7,"['M41L', 'S68G', 'M184V', 'L210W', 'T215Y']",1
92265,"M41L, D67N, L210W, T215Y",2.7,"['M41L', 'D67N', 'L210W', 'T215Y']",1
92192,"M41L, M184V, L210W, T215Y, K219E",0.7,"['M41L', 'M184V', 'L210W', 'T215Y', 'K219E']",0
91791,"M41L, K65KE, L74V, M184V, T215Y",0.6,"['M41L', 'K65KE', 'L74V', 'M184V', 'T215Y']",1
91754,"M41L, L74V, M184V, L210W, T215Y",0.5,"['M41L', 'L74V', 'M184V', 'L210W', 'T215Y']",1
91897,"D67N, K70R, T215F, K219Q",3.1,"['D67N', 'K70R', 'T215F', 'K219Q']",0
92200,"D67N, K70R, K219Q",1.7,"['D67N', 'K70R', 'K219Q']",1
91734,T215Y,1.1,['T215Y'],1
92174,"M41L, E44D, D67N, T69DN, K70R, L74I, L210W, T215F, K219Q",2.2,"['M41L', 'E44D', 'D67N', 'T69DN', 'K70R', 'L74I', 'L210W', 'T215F', 'K219Q']",1
91748,"M41L, D67N, L210W, T215Y, K219R",4.3,"['M41L', 'D67N', 'L210W', 'T215Y', 'K219R']",1
92277,"M41L, E44A, D67N, T69D, V75M, M184V, L210W, T215Y",1.9,"['M41L', 'E44A', 'D67N', 'T69D', 'V75M', 'M184V', 'L210W', 'T215Y']",0
91817,"M41ML, D67N, T69DY, K70R, M184V, T215F, K219Q",0.7,"['M41ML', 'D67N', 'T69DY', 'K70R', 'M184V', 'T215F', 'K219Q']",1
91863,M184MV,0.7,['M184MV'],1
92241,"M41L, D67N, L74V, M184V, L210W, T215Y, K219N",0.9,"['M41L', 'D67N', 'L74V', 'M184V', 'L210W', 'T215Y', 'K219N']",1
91712,"M41L, M184V, L210W, T215Y",1.3,"['M41L', 'M184V', 'L210W', 'T215Y']",0
92229,"S68G, F116Y, Q151M, M184V",0.7,"['S68G', 'F116Y', 'Q151M', 'M184V']",0
91704,"D67N, K70GR, L74LV, T215I, K219E",0.6,"['D67N', 'K70GR', 'L74LV', 'T215I', 'K219E']",1
91821,"K65KR, S68G, K70R, V75I, F77L, Y115F, F116Y, Q151M, K219E",4.2,"['K65KR', 'S68G', 'K70R', 'V75I', 'F77L', 'Y115F', 'F116Y', 'Q151M', 'K219E']",0
91702,,0.9,[],0
91853,"M41L, E44A, D67N, L74I, V75M, M184V, L210W, T215Y, K219KN",1.0,"['M41L', 'E44A', 'D67N', 'L74I', 'V75M', 'M184V', 'L210W', 'T215Y', 'K219KN']",1
92216,"D67N, T69D, K70R, L74V, M184V, K219Q",0.4,"['D67N', 'T69D', 'K70R', 'L74V', 'M184V', 'K219Q']",1
91919,"A62V, T69T_T, V75T",2.2,"['A62V', 'T69T_T', 'V75T']",1
91779,"D67N, K70R, T215F, K219E",1.4,"['D67N', 'K70R', 'T215F', 'K219E']",1
91825,"M41L, D67N, L210W, T215Y, K219KN",3.9,"['M41L', 'D67N', 'L210W', 'T215Y', 'K219KN']",0
91903,"M41L, E44ED, L74V, M184V, L210LW, T215Y",0.6,"['M41L', 'E44ED', 'L74V', 'M184V', 'L210LW', 'T215Y']",0
91696,"M41L, T69S_SS, L210W, T215Y",12.0,"['M41L', 'T69S_SS', 'L210W', 'T215Y']",1
91764,"M41L, D67N, V75M, L210W, T215Y",3.5,"['M41L', 'D67N', 'V75M', 'L210W', 'T215Y']",0
92204,"M41L, D67N, L74V, L210W, T215Y, K219R",2.9,"['M41L', 'D67N', 'L74V', 'L210W', 'T215Y', 'K219R']",1
91700,"D67N, K70R, K219Q",1.7,"['D67N', 'K70R', 'K219Q']",1
91895,"M41L, E44D, D67N, M184V, L210W, T215Y, K219N",1.4,"['M41L', 'E44D', 'D67N', 'M184V', 'L210W', 'T215Y', 'K219N']",0
92279,"M41L, D67N, L210LW, T215Y, K219R",3.9,"['M41L', 'D67N', 'L210LW', 'T215Y', 'K219R']",1
91813,"M41L, D67N, T69D, K70R, V75M, T215Y, K219Q",2.3,"['M41L', 'D67N', 'T69D', 'K70R', 'V75M', 'T215Y', 'K219Q']",1
91833,"M41L, E44D, D67N, T69D, V75M, L210W, T215Y",3.4,"['M41L', 'E44D', 'D67N', 'T69D', 'V75M', 'L210W', 'T215Y']",0
92231,"E40F, M41L, T69D, V75M, L210W, T215Y",7.6,"['E40F', 'M41L', 'T69D', 'V75M', 'L210W', 'T215Y']",1
91740,,0.9,[],0
91877,T215Y,1.2,['T215Y'],0
91746,"M41L, L74V, V75S, M184V, T215Y",2.4,"['M41L', 'L74V', 'V75S', 'M184V', 'T215Y']",1
92255,"M41L, L74V, V75S, M184V, T215Y",0.7,"['M41L', 'L74V', 'V75S', 'M184V', 'T215Y']",1
92180,"D67N, K70R, M184V, T215V, K219Q",1.6,"['D67N', 'K70R', 'M184V', 'T215V', 'K219Q']",0
92289,"M41L, L74LFI, V75VI, L210W, T215Y",2.1,"['M41L', 'L74LFI', 'V75VI', 'L210W', 'T215Y']",1
92292,"M41L, E44A, D67N, T69D, L210W, T215Y",3.6,"['M41L', 'E44A', 'D67N', 'T69D', 'L210W', 'T215Y']",1
92221,"M41L, D67N, L210W, T215Y",2.6,"['M41L', 'D67N', 'L210W', 'T215Y']",0
91915,M41L,1.6,['M41L'],0
91907,"M41L, D67N, L74V, L210W, T215Y, K219N",1.3,"['M41L', 'D67N', 'L74V', 'L210W', 'T215Y', 'K219N']",1
91883,"D67N, L74LV, L210LW, T215NY, K219N",1.2,"['D67N', 'L74LV', 'L210LW', 'T215NY', 'K219N']",1
91789,"M41L, D67N, T69D, L210W, T215Y, K219R",4.9,"['M41L', 'D67N', 'T69D', 'L210W', 'T215Y', 'K219R']",1
91774,"A62V, K65R, D67N, S68G, V75I, F77L, Y115F, F116Y, Q151M, K219E",7.8,"['A62V', 'K65R', 'D67N', 'S68G', 'V75I', 'F77L', 'Y115F', 'F116Y', 'Q151M', 'K219E']",0
92198,"M41L, M184V, T215Y",1.6,"['M41L', 'M184V', 'T215Y']",1
92251,"M41L, E44D, D67N, L74LV, M184V, L210W, T215Y, K219N",1.8,"['M41L', 'E44D', 'D67N', 'L74LV', 'M184V', 'L210W', 'T215Y', 'K219N']",0
92186,,1.0,[],0
91710,"M41L, L210W, T215Y",3.2,"['M41L', 'L210W', 'T215Y']",1
91891,"M41L, D67DN, M184V, L210W, T215Y",1.1,"['M41L', 'D67DN', 'M184V', 'L210W', 'T215Y']",1
91730,"M41L, E44D, T69D, L210W, T215Y, K219R",4.1,"['M41L', 'E44D', 'T69D', 'L210W', 'T215Y', 'K219R']",0
92261,"D67N, K70R, M184V, T215F, K219Q",1.4,"['D67N', 'K70R', 'M184V', 'T215F', 'K219Q']",0
92247,"M41L, M184V, L210W, T215Y",1.1,"['M41L', 'M184V', 'L210W', 'T215Y']",1
92206,"M41L, M184V, L210W, T215Y",1.0,"['M41L', 'M184V', 'L210W', 'T215Y']",0
92237,"M41L, E44D, D67N, T69D, M184V, L210W, T215Y, K219KR",2.3,"['M41L', 'E44D', 'D67N', 'T69D', 'M184V', 'L210W', 'T215Y', 'K219KR']",0
91819,"M41L, E44D, D67N, L74I, V75A, M184V, L210L*W, T215Y",1.5,"['M41L', 'E44D', 'D67N', 'L74I', 'V75A', 'M184V', 'L210L*W', 'T215Y']",0
91845,"D67N, K70G, T215F, K219Q",0.9,"['D67N', 'K70G', 'T215F', 'K219Q']",0
91865,"M41L, E44D, D67N, L74V, T215Y",1.1,"['M41L', 'E44D', 'D67N', 'L74V', 'T215Y']",0
91736,M184V,0.6,['M184V'],0
92285,"M41L, S68G, M184V, L210W, T215Y",1.7,"['M41L', 'S68G', 'M184V', 'L210W', 'T215Y']",0
91839,"M41L, T69T_ST, V75M, M184V, T215Y",1.8,"['M41L', 'T69T_ST', 'V75M', 'M184V', 'T215Y']",0
92218,"M41L, M184V, L210W, T215Y",1.6,"['M41L', 'M184V', 'L210W', 'T215Y']",0
91855,"T69G_SG, V75M, M184V, T215F",4.6,"['T69G_SG', 'V75M', 'M184V', 'T215F']",0
91881,"M41L, E44D, D67N, K70R, L74V, L210W, T215Y, K219E",0.9,"['M41L', 'E44D', 'D67N', 'K70R', 'L74V', 'L210W', 'T215Y', 'K219E']",0
92190,T215Y,1.3,['T215Y'],0
92239,"M41L, E44D, D67N, T69D, M184V, L210W, T215Y, K219KR",1.3,"['M41L', 'E44D', 'D67N', 'T69D', 'M184V', 'L210W', 'T215Y', 'K219KR']",0
92227,"M41L, E44D, D67N, T69D, L74V, F77FL, M184V, L210W, T215Y",0.7,"['M41L', 'E44D', 'D67N', 'T69D', 'L74V', 'F77FL', 'M184V', 'L210W', 'T215Y']",0
91724,"M41L, L210LW, T215Y",2.1,"['M41L', 'L210LW', 'T215Y']",0
91805,"D67N, K70R, L74V, Y115F, M184V, K219E",0.5,"['D67N', 'K70R', 'L74V', 'Y115F', 'M184V', 'K219E']",0
91857,"M41L, E44D, D67N, M184V, L210W, T215Y",0.9,"['M41L', 'E44D', 'D67N', 'M184V', 'L210W', 'T215Y']",0
92188,T215Y,1.3,['T215Y'],0
92223,"M41L, L74V, Y115F, M184V, T215Y, K219E",0.7,"['M41L', 'L74V', 'Y115F', 'M184V', 'T215Y', 'K219E']",1
91714,"L74V, M184V",0.4,"['L74V', 'M184V']",1
91809,"M41L, M184V, T215CY",0.6,"['M41L', 'M184V', 'T215CY']",0
91841,"M41L, E44D, D67N, L210W, T215Y",4.9,"['M41L', 'E44D', 'D67N', 'L210W', 'T215Y']",0
91756,"A62V, D67DG, T69DN, K70KN, V75T, M184V",0.7,"['A62V', 'D67DG', 'T69DN', 'K70KN', 'V75T', 'M184V']",0
91889,"D67N, K70KR, T215TI, K219Q",1.8,"['D67N', 'K70KR', 'T215TI', 'K219Q']",0
91720,"M41L, A62V, T69S_SS, M184I, L210W, T215Y",2.4,"['M41L', 'A62V', 'T69S_SS', 'M184I', 'L210W', 'T215Y']",0
91851,"D67N, K70R, M184V, T215I, K219E",0.7,"['D67N', 'K70R', 'M184V', 'T215I', 'K219E']",1
91815,"M41L, D67N, K70R, L210W, T215F, K219Q",5.9,"['M41L', 'D67N', 'K70R', 'L210W', 'T215F', 'K219Q']",1
92235,"M41L, L74V, M184V, L210W, T215Y",0.8,"['M41L', 'L74V', 'M184V', 'L210W', 'T215Y']",0
91718,,1.0,[],0
91797,"A62V, D67N, V75I, F116FY, T215NY, K219Q",1.3,"['A62V', 'D67N', 'V75I', 'F116FY', 'T215NY', 'K219Q']",1
91706,"M41L, D67N, T69D, K70R, M184V, T215F, K219Q",1.0,"['M41L', 'D67N', 'T69D', 'K70R', 'M184V', 'T215F', 'K219Q']",0
91752,"D67N, K70R, L74LV, K219Q",3.7,"['D67N', 'K70R', 'L74LV', 'K219Q']",0
92259,"M41L, E44D, D67N, T69D, L74LI, V75A, M184V, L210W, T215Y",1.0,"['M41L', 'E44D', 'D67N', 'T69D', 'L74LI', 'V75A', 'M184V', 'L210W', 'T215Y']",1
92210,"M41L, D67N, T69D, K70R, L74V, V75T, T215F, K219Q",1.5,"['M41L', 'D67N', 'T69D', 'K70R', 'L74V', 'V75T', 'T215F', 'K219Q']",1
92267,"M41L, E44ED, D67G, T69D, V75M, M184MV, L210W, T215Y, K219R",2.5,"['M41L', 'E44ED', 'D67G', 'T69D', 'V75M', 'M184MV', 'L210W', 'T215Y', 'K219R']",1
92176,T215L,0.9,['T215L'],0
91732,"M41L, E44D, T69D, M184V, L210W, T215Y, K219R",2.8,"['M41L', 'E44D', 'T69D', 'M184V', 'L210W', 'T215Y', 'K219R']",1
91869,"M41L, E44ED, L210W, T215F",4.9,"['M41L', 'E44ED', 'L210W', 'T215F']",0
91899,"M41L, E44EAD, D67N, M184V, L210W, T215Y",1.8,"['M41L', 'E44EAD', 'D67N', 'M184V', 'L210W', 'T215Y']",1
92184,"D67N, K70R, T215F, K219Q",2.0,"['D67N', 'K70R', 'T215F', 'K219Q']",0
92275,"M41L, D67N, T69D, K70R, L74I, V75T, L210LW, T215F, K219Q",2.5,"['M41L', 'D67N', 'T69D', 'K70R', 'L74I', 'V75T', 'L210LW', 'T215F', 'K219Q']",1
125417,E44D,1.0,['E44D'],0
128485,,0.8,[],0
151990,"K65R, K70E",2.3,"['K65R', 'K70E']",0
151989,K70E,1.2,['K70E'],0
183806,"M41L, T215D",0.7,"['M41L', 'T215D']",0
183803,S68G,0.6,['S68G'],1
183800,"M41L, T215Y",0.5,"['M41L', 'T215Y']",0
183798,"M41L, L74V, M184V, T215Y",0.6,"['M41L', 'L74V', 'M184V', 'T215Y']",1
183801,,0.9,[],1
183799,"M41L, D67G, L74I, M184V, T215Y",2.0,"['M41L', 'D67G', 'L74I', 'M184V', 'T215Y']",0
183804,"M41L, T215F",2.2,"['M41L', 'T215F']",1
183802,"K70R, M184V, T215F",0.9,"['K70R', 'M184V', 'T215F']",0
183808,"M41L, L210W, T215Y",3.0,"['M41L', 'L210W', 'T215Y']",0
183805,"M41L, E44D, D67N, T69D, L74I, L210W, T215Y",6.9,"['M41L', 'E44D', 'D67N', 'T69D', 'L74I', 'L210W', 'T215Y']",1
184293,K70~,1.0,['K70~'],0
184294,"K70~, Q151M",1.0,"['K70~', 'Q151M']",1
184295,"K70~, L74V",0.9,"['K70~', 'L74V']",1
184292,Q151M,0.9,['Q151M'],0
184296,L74V,0.7,['L74V'],1
184297,,1.0,[],1
184306,M184V,0.8,['M184V'],0
184309,,1.0,[],0
184305,M184I,0.7,['M184I'],1
184308,M184V,0.6,['M184V'],1
184304,,1.2,[],1
184307,M184I,0.6,['M184I'],1
184320,"M41L, D67N, K70R, M184V, T215F, K219Q",3.1,"['M41L', 'D67N', 'K70R', 'M184V', 'T215F', 'K219Q']",0
184326,"M41L, D67G, K70R, L74I, M184V, T215F, K219Q",1.0,"['M41L', 'D67G', 'K70R', 'L74I', 'M184V', 'T215F', 'K219Q']",1
184319,"D67N, K70R",2.3,"['D67N', 'K70R']",0
184318,"D67N, K70R, T215E, K219Q",4.2,"['D67N', 'K70R', 'T215E', 'K219Q']",0
184323,"M41L, D67N, T69D, V75T, L210W, T215Y",2.0,"['M41L', 'D67N', 'T69D', 'V75T', 'L210W', 'T215Y']",0
184321,"M41L, D67N, K70R, M184V, T215F, K219Q",2.6,"['M41L', 'D67N', 'K70R', 'M184V', 'T215F', 'K219Q']",0
184327,"M41L, D67G, K70R, L74I, M184V, T215F, K219Q",0.8,"['M41L', 'D67G', 'K70R', 'L74I', 'M184V', 'T215F', 'K219Q']",0
184324,"D67N, K70R, L74I, M184V, T215F, K219Q",0.9,"['D67N', 'K70R', 'L74I', 'M184V', 'T215F', 'K219Q']",1
184325,"D67N, K70R, M184V, T215F, K219Q",0.5,"['D67N', 'K70R', 'M184V', 'T215F', 'K219Q']",0
184328,"D67N, K70R, K219Q",4.1,"['D67N', 'K70R', 'K219Q']",0
184329,"D67N, K70R, K219Q",2.9,"['D67N', 'K70R', 'K219Q']",1
184322,"M41L, D67N, T69D, V75T, L210W, T215Y",2.9,"['M41L', 'D67N', 'T69D', 'V75T', 'L210W', 'T215Y']",0
96320,"M41ML, D67N, M184MIV, T215F, K219Q",0.6,"['M41ML', 'D67N', 'M184MIV', 'T215F', 'K219Q']",0
122671,"M41ML, L74LI, M184MV, L210LW, T215SY",0.7,"['M41ML', 'L74LI', 'M184MV', 'L210LW', 'T215SY']",0
135157,"L74LI, M184V",0.4,"['L74LI', 'M184V']",1
95241,"D67G, K70R, T215I, K219Q",4.2,"['D67G', 'K70R', 'T215I', 'K219Q']",0
68581,"M41L, D67N, L74V, M184V, L210W, T215Y, K219Q",0.6,"['M41L', 'D67N', 'L74V', 'M184V', 'L210W', 'T215Y', 'K219Q']",0
184271,"M41L, D67N, T69D, M184V, L210W, T215F",1.0,"['M41L', 'D67N', 'T69D', 'M184V', 'L210W', 'T215F']",1
70969,"M41L, D67N, L74LI, M184V, L210W, T215Y, K219N",1.9,"['M41L', 'D67N', 'L74LI', 'M184V', 'L210W', 'T215Y', 'K219N']",1
95064,"M41L, M184V, L210W, T215Y",2.0,"['M41L', 'M184V', 'L210W', 'T215Y']",1
95836,"M41L, E44A, D67N, V75M, F77L, M184V, L210W, T215Y, K219Q",1.5,"['M41L', 'E44A', 'D67N', 'V75M', 'F77L', 'M184V', 'L210W', 'T215Y', 'K219Q']",1
88725,M184MV,0.6,['M184MV'],0
125012,,0.8,[],1
84914,"M41L, E44D, T69D, L210W, T215Y, K219R",5.1,"['M41L', 'E44D', 'T69D', 'L210W', 'T215Y', 'K219R']",0
50903,"M41L, E44ED, D67N, L74LI, M184MV, L210W, T215Y, K219KN",1.6,"['M41L', 'E44ED', 'D67N', 'L74LI', 'M184MV', 'L210W', 'T215Y', 'K219KN']",1
88793,,0.8,[],0
92511,M184V,0.6,['M184V'],1
127370,,0.8,[],0
127344,,0.8,[],0
166050,"T69D, M184V",0.3,"['T69D', 'M184V']",0
59233,"M41L, D67N, L74I, V75T, M184V, L210W, T215Y",1.0,"['M41L', 'D67N', 'L74I', 'V75T', 'M184V', 'L210W', 'T215Y']",0
177176,,1.3,[],1
88779,"M184MIV, T215TI",0.4,"['M184MIV', 'T215TI']",0
86056,"D67G, S68G, K70R, M184V, L210W, T215F, K219W",7.2,"['D67G', 'S68G', 'K70R', 'M184V', 'L210W', 'T215F', 'K219W']",0
125028,"K70R, M184V",0.8,"['K70R', 'M184V']",0
151302,"M184V, T215Y",1.1,"['M184V', 'T215Y']",0
87354,"M41L, E44D, A62V, D67N, V75I, L210W, K219N",3.2,"['M41L', 'E44D', 'A62V', 'D67N', 'V75I', 'L210W', 'K219N']",1
96356,"M41L, E44D, L74IV, M184V, L210W, T215Y, K219R",1.2,"['M41L', 'E44D', 'L74IV', 'M184V', 'L210W', 'T215Y', 'K219R']",1
71557,"M41L, E44D, D67DN, L74LV, M184V, L210LW, T215Y, K219KN",1.1,"['M41L', 'E44D', 'D67DN', 'L74LV', 'M184V', 'L210LW', 'T215Y', 'K219KN']",0
69023,"K65R, M184MV",0.9,"['K65R', 'M184MV']",0
122799,,1.1,[],0
124523,"D67N, K70R, K219E",2.3,"['D67N', 'K70R', 'K219E']",1
88803,M184V,0.9,['M184V'],1
92373,"M41L, E44D, D67N, T69D, M184V, L210W, T215Y, K219R",1.8,"['M41L', 'E44D', 'D67N', 'T69D', 'M184V', 'L210W', 'T215Y', 'K219R']",1
177180,"A62V, K65R, M184V",2.3,"['A62V', 'K65R', 'M184V']",0
95812,"K70KR, M184V",0.8,"['K70KR', 'M184V']",0
184310,,0.8,[],1
88743,,1.1,[],0
184267,,1.4,[],1
96408,"M41L, D67N, K70R, M184V, T215F, K219Q",2.0,"['M41L', 'D67N', 'K70R', 'M184V', 'T215F', 'K219Q']",0
95844,"D67N, K70R, T215F, K219Q",2.8,"['D67N', 'K70R', 'T215F', 'K219Q']",1
122651,"M41L, S68G, L210W, T215F",3.3,"['M41L', 'S68G', 'L210W', 'T215F']",0
88749,,1.1,[],0
122782,"M41L, M184V, T215Y",1.1,"['M41L', 'M184V', 'T215Y']",0
95822,M184V,0.5,['M184V'],0
96442,,0.7,[],1
185096,,0.9,[],0
195307,"A62AV, M184V",0.6,"['A62AV', 'M184V']",1
185948,"L74V, M184V",0.4,"['L74V', 'M184V']",1
185950,"D67N, K70R, M184V, K219Q",0.8,"['D67N', 'K70R', 'M184V', 'K219Q']",1
184254,M184MV,0.4,['M184MV'],0
151290,"K65R, M184V, T215S, K219KN",1.2,"['K65R', 'M184V', 'T215S', 'K219KN']",1
184262,"M41L, T69D, M184V, L210W, T215Y",1.5,"['M41L', 'T69D', 'M184V', 'L210W', 'T215Y']",0
96332,,1.0,[],0
87344,"M41ML, D67N, T69D, T215D",0.8,"['M41ML', 'D67N', 'T69D', 'T215D']",1
184244,"L74V, T215C",0.6,"['L74V', 'T215C']",0
59627,"M41L, D67DN, M184V, L210W, T215Y, K219N",2.5,"['M41L', 'D67DN', 'M184V', 'L210W', 'T215Y', 'K219N']",0
184257,"M41L, D67N, K70R, T215Y, K219E",4.7,"['M41L', 'D67N', 'K70R', 'T215Y', 'K219E']",0
63816,"M41L, E44ED, D67N, M184IV, L210W, T215Y",3.8,"['M41L', 'E44ED', 'D67N', 'M184IV', 'L210W', 'T215Y']",1
166060,"D67N, K70R, V75T, M184V, K219Q",2.6,"['D67N', 'K70R', 'V75T', 'M184V', 'K219Q']",0
88787,,1.0,[],0
96434,,1.0,[],1
124527,,0.7,[],0
195241,,0.9,[],0
94390,"M41L, D67N, K70R, M184V, T215Y, K219E",1.2,"['M41L', 'D67N', 'K70R', 'M184V', 'T215Y', 'K219E']",0
125000,"M41L, L74LV, M184V, T215Y",0.7,"['M41L', 'L74LV', 'M184V', 'T215Y']",1
96368,"M41L, D67N, L74I, M184V, L210W, T215Y, K219Q",1.2,"['M41L', 'D67N', 'L74I', 'M184V', 'L210W', 'T215Y', 'K219Q']",0
94396,"M41L, E44D, D67N, L74IV, M184V, L210W, T215Y, K219N",1.2,"['M41L', 'E44D', 'D67N', 'L74IV', 'M184V', 'L210W', 'T215Y', 'K219N']",1
94382,"M41L, E44D, D67N, L74LV, M184V, L210W, T215Y, K219KR",0.9,"['M41L', 'E44D', 'D67N', 'L74LV', 'M184V', 'L210W', 'T215Y', 'K219KR']",1
184273,M184V,0.5,['M184V'],0
134365,"D67N, S68G, T215L, K219Q",1.1,"['D67N', 'S68G', 'T215L', 'K219Q']",1
185056,,0.7,[],0
122767,"M41L, D67N, V75M, M184V, L210W, T215Y, K219E",1.5,"['M41L', 'D67N', 'V75M', 'M184V', 'L210W', 'T215Y', 'K219E']",0
175999,"M41L, D67N, K70R, M184V, T215F, K219E",2.6,"['M41L', 'D67N', 'K70R', 'M184V', 'T215F', 'K219E']",1
127276,,0.9,[],0
127252,,0.7,[],1
86054,"M41L, D67N, L74I, M184V, T215F, K219W",2.0,"['M41L', 'D67N', 'L74I', 'M184V', 'T215F', 'K219W']",0
166070,"T69D, V75A, M184V",0.6,"['T69D', 'V75A', 'M184V']",1
71497,"M41L, K70KR, M184V, L210W, T215Y, K219E",2.1,"['M41L', 'K70KR', 'M184V', 'L210W', 'T215Y', 'K219E']",1
122669,"E44D, A62V, M184V, L210W, T215Y",0.9,"['E44D', 'A62V', 'M184V', 'L210W', 'T215Y']",0
96354,"M41L, D67N, K70KR, M184V, T215F, K219Q",1.4,"['M41L', 'D67N', 'K70KR', 'M184V', 'T215F', 'K219Q']",0
127368,,0.6,[],0
195299,S68G,0.9,['S68G'],0
125018,,0.7,[],0
71475,"M41L, E44ED, D67N, L74LV, L210W, T215Y, K219KR",5.2,"['M41L', 'E44ED', 'D67N', 'L74LV', 'L210W', 'T215Y', 'K219KR']",0
71567,"A62V, K70N, V75I, F77L, Y115F, F116Y, Q151M",2.1,"['A62V', 'K70N', 'V75I', 'F77L', 'Y115F', 'F116Y', 'Q151M']",1
122675,"M41L, L210W, T215Y",1.9,"['M41L', 'L210W', 'T215Y']",0
95816,,0.8,[],1
184281,"M41L, D67NS, T69D, K70R, M184V, T215F, K219Q",1.7,"['M41L', 'D67NS', 'T69D', 'K70R', 'M184V', 'T215F', 'K219Q']",0
184277,"M41L, D67N, K70N, M184V, T215Y",1.8,"['M41L', 'D67N', 'K70N', 'M184V', 'T215Y']",0
195283,M184V,0.5,['M184V'],1
96438,"M41L, E44D, D67N, M184V, L210W, T215Y, K219E",0.7,"['M41L', 'E44D', 'D67N', 'M184V', 'L210W', 'T215Y', 'K219E']",1
195273,,0.9,[],1
96229,"A62V, V75I",0.8,"['A62V', 'V75I']",0
195261,,1.1,[],1
127312,,0.6,[],1
102354,"M41L, D67N, T69D, K70R, L74I, M184V, T215F, K219W",4.3,"['M41L', 'D67N', 'T69D', 'K70R', 'L74I', 'M184V', 'T215F', 'K219W']",1
55092,"D67N, K70R, M184MV, T215TI, K219Q",1.6,"['D67N', 'K70R', 'M184MV', 'T215TI', 'K219Q']",1
185066,"D67N, K70R, K219Q",1.1,"['D67N', 'K70R', 'K219Q']",1
166086,,0.8,[],0
51129,"M41L, L74V, T215Y",1.6,"['M41L', 'L74V', 'T215Y']",1
96342,"M41L, L74V, M184V, L210W, T215Y, K219N",0.4,"['M41L', 'L74V', 'M184V', 'L210W', 'T215Y', 'K219N']",1
184248,"M41L, A62V, K65R, V75I, Y115F, F116Y, Q151M, L210W, T215E",12.0,"['M41L', 'A62V', 'K65R', 'V75I', 'Y115F', 'F116Y', 'Q151M', 'L210W', 'T215E']",0
175995,,0.5,[],1
162659,"D67G, K70E, M184V",0.7,"['D67G', 'K70E', 'M184V']",1
177172,"M41L, M184V, T215Y",1.9,"['M41L', 'M184V', 'T215Y']",1
122647,"M41L, S68SG, L74V, M184V, T215Y",0.5,"['M41L', 'S68SG', 'L74V', 'M184V', 'T215Y']",1
95060,"M41L, D67N, M184V, L210W, T215Y, K219E",1.5,"['M41L', 'D67N', 'M184V', 'L210W', 'T215Y', 'K219E']",0
71509,"M41L, D67N, L74LI, M184V, L210W, T215Y",0.9,"['M41L', 'D67N', 'L74LI', 'M184V', 'L210W', 'T215Y']",0
124519,,0.9,[],1
71521,"M41L, T69S_SS, V75M, M184V, L210W, T215FY",5.5,"['M41L', 'T69S_SS', 'V75M', 'M184V', 'L210W', 'T215FY']",0
195239,"M184V, T215Y",0.4,"['M184V', 'T215Y']",1
86038,"M41L, M184V, L210W, T215Y",1.8,"['M41L', 'M184V', 'L210W', 'T215Y']",0
88731,,0.8,[],0
68595,"M41L, D67G, S68G, K70R, L74I, M184V, T215F, K219E",0.9,"['M41L', 'D67G', 'S68G', 'K70R', 'L74I', 'M184V', 'T215F', 'K219E']",1
96384,"M41L, D67N, L74LI, M184V, L210LW, T215FY, K219Q",7.0,"['M41L', 'D67N', 'L74LI', 'M184V', 'L210LW', 'T215FY', 'K219Q']",0
127298,"M41L, M184V, T215Y",2.0,"['M41L', 'M184V', 'T215Y']",1
84910,"D67N, T69D, K70R, F116Y, Q151M, M184V, T215V, K219Q",0.8,"['D67N', 'T69D', 'K70R', 'F116Y', 'Q151M', 'M184V', 'T215V', 'K219Q']",1
95068,"D67N, T69D, M184V, T215L, K219Q",0.3,"['D67N', 'T69D', 'M184V', 'T215L', 'K219Q']",0
63984,"M41L, D67G, K70R, M184V, L210W, T215Y, K219E",3.3,"['M41L', 'D67G', 'K70R', 'M184V', 'L210W', 'T215Y', 'K219E']",0
195235,,0.8,[],0
96374,"M41L, E44A, D67NS, V75M, F77L, M184V, L210W, T215Y, K219Q",1.7,"['M41L', 'E44A', 'D67NS', 'V75M', 'F77L', 'M184V', 'L210W', 'T215Y', 'K219Q']",1
96392,"M41L, E44D, L74I, M184V, L210W, T215Y, K219R",1.4,"['M41L', 'E44D', 'L74I', 'M184V', 'L210W', 'T215Y', 'K219R']",1
122801,,0.7,[],0
84230,D67N,0.9,['D67N'],1
95056,"M41L, E44A, D67N, L210W, T215Y",4.8,"['M41L', 'E44A', 'D67N', 'L210W', 'T215Y']",0
84124,"M41L, D67N, T69D, M184V, L210W, T215Y",1.2,"['M41L', 'D67N', 'T69D', 'M184V', 'L210W', 'T215Y']",1
92367,"M41L, D67N, T69D, K70R, M184V, T215F, K219Q",1.0,"['M41L', 'D67N', 'T69D', 'K70R', 'M184V', 'T215F', 'K219Q']",1
71493,T215F,0.9,['T215F'],1
63798,"M41L, D67N, K70R, L74LI, T215F, K219Q",4.7,"['M41L', 'D67N', 'K70R', 'L74LI', 'T215F', 'K219Q']",0
127332,,1.0,[],1
96398,"M41L, S68SG, L74V, M184V, L210W, T215Y",0.9,"['M41L', 'S68SG', 'L74V', 'M184V', 'L210W', 'T215Y']",1
71487,"M41L, D67N, L74V, L210W, T215FY",1.0,"['M41L', 'D67N', 'L74V', 'L210W', 'T215FY']",1
71535,"M41L, D67N, L74LV, L210W, T215Y, K219R",7.9,"['M41L', 'D67N', 'L74LV', 'L210W', 'T215Y', 'K219R']",0
95072,"K65R, S68N, M184V",1.3,"['K65R', 'S68N', 'M184V']",0
95832,,0.9,[],0
84186,"M41L, L74LV, M184V, L210W, T215Y",1.1,"['M41L', 'L74LV', 'M184V', 'L210W', 'T215Y']",0
88707,,0.9,[],1
94372,"M41L, D67N, K70R, M184V, T215IF, K219E",2.8,"['M41L', 'D67N', 'K70R', 'M184V', 'T215IF', 'K219E']",0
195259,,0.9,[],0
71469,"M41L, D67N, K70R, M184V, T215F, K219Q",2.3,"['M41L', 'D67N', 'K70R', 'M184V', 'T215F', 'K219Q']",1
127224,"D67N, T69D, K70R, L74V, T215IF, K219Q",1.3,"['D67N', 'T69D', 'K70R', 'L74V', 'T215IF', 'K219Q']",1
127234,E44D,0.9,['E44D'],1
87348,,1.3,[],0
195257,,0.8,[],0
195297,,0.9,[],1
88755,,0.7,[],1
184285,"M41L, V75M, F77L, M184V, L210W, T215Y",2.1,"['M41L', 'V75M', 'F77L', 'M184V', 'L210W', 'T215Y']",1
122663,"A62V, K65R, S68G, K70R, V75I, F77L, Y115F, F116Y, Q151M, M184V, T215TI",7.5,"['A62V', 'K65R', 'S68G', 'K70R', 'V75I', 'F77L', 'Y115F', 'F116Y', 'Q151M', 'M184V', 'T215TI']",1
127336,,1.0,[],1
151308,"M41ML, K65R, K70T, Y115F",4.1,"['M41ML', 'K65R', 'K70T', 'Y115F']",0
127286,"M41L, D67DN, M184V, L210W, T215Y, K219N",2.0,"['M41L', 'D67DN', 'M184V', 'L210W', 'T215Y', 'K219N']",1
42580,"M41L, M184V, L210LW, T215Y",1.7,"['M41L', 'M184V', 'L210LW', 'T215Y']",1
71549,"M41ML, D67N, S68SG, L210W, T215C, K219E",1.1,"['M41ML', 'D67N', 'S68SG', 'L210W', 'T215C', 'K219E']",1
96235,"M41L, D67DN, L210W, T215F",5.2,"['M41L', 'D67DN', 'L210W', 'T215F']",1
70955,"M41L, D67N, S68G, M184V, T215S, K219E",0.5,"['M41L', 'D67N', 'S68G', 'M184V', 'T215S', 'K219E']",1
184315,"K70E, M184V",0.5,"['K70E', 'M184V']",1
185082,"D67N, K70R, M184V, T215V, K219E",0.6,"['D67N', 'K70R', 'M184V', 'T215V', 'K219E']",1
96563,K65R,1.4,['K65R'],1
184263,"M41L, D67N, K70R, M184V, L210W, T215F, K219E",1.3,"['M41L', 'D67N', 'K70R', 'M184V', 'L210W', 'T215F', 'K219E']",1
127240,,0.7,[],1
125024,"S68G, T215TA",0.7,"['S68G', 'T215TA']",1
86040,"M41L, E44D, D67N, K70KE, M184V, T215Y, K219KR",1.2,"['M41L', 'E44D', 'D67N', 'K70KE', 'M184V', 'T215Y', 'K219KR']",1
94376,"M41ML, D67N, K70R, T215F, K219Q",3.1,"['M41ML', 'D67N', 'K70R', 'T215F', 'K219Q']",1
166102,"M41L, D67N, T69D, K70R, M184V, T215FC, K219Q",54.0,"['M41L', 'D67N', 'T69D', 'K70R', 'M184V', 'T215FC', 'K219Q']",1
166080,,1.0,[],1
127322,,0.9,[],1
195265,,0.9,[],1
134393,M184V,0.7,['M184V'],1
95806,"M41ML, D67DG, S68G, L74LV, L210LW, K219KN",1.3,"['M41ML', 'D67DG', 'S68G', 'L74LV', 'L210LW', 'K219KN']",1
127242,"M41L, S68G, K70KN, L74I, L210LW, T215Y",5.7,"['M41L', 'S68G', 'K70KN', 'L74I', 'L210LW', 'T215Y']",0
96422,"M41ML, M184V, L210W, T215Y",0.4,"['M41ML', 'M184V', 'L210W', 'T215Y']",1
102360,"D67N, M184V, K219Q",0.6,"['D67N', 'M184V', 'K219Q']",1
127356,,1.0,[],1
87356,"M41L, E44ED, D67N, L74I, M184V, L210W, T215Y, K219R",1.3,"['M41L', 'E44ED', 'D67N', 'L74I', 'M184V', 'L210W', 'T215Y', 'K219R']",0
96418,"D67N, K70R, M184V, K219Q",1.4,"['D67N', 'K70R', 'M184V', 'K219Q']",1
70965,"M41L, D67N, K70R, L74IV, M184V, T215F, K219Q",0.8,"['M41L', 'D67N', 'K70R', 'L74IV', 'M184V', 'T215F', 'K219Q']",1
63934,M184V,0.6,['M184V'],1
185952,,0.8,[],0
127378,,1.0,[],1
79456,"M41L, L74I, M184V, L210W, T215F, K219W",3.4,"['M41L', 'L74I', 'M184V', 'L210W', 'T215F', 'K219W']",1
151286,,1.1,[],0
195269,,1.3,[],0
177188,,0.8,[],1
122657,"M41L, M184V, L210W, T215Y",2.2,"['M41L', 'M184V', 'L210W', 'T215Y']",1
92369,"M41L, D67N, K70R, M184V, T215F, K219Q",2.6,"['M41L', 'D67N', 'K70R', 'M184V', 'T215F', 'K219Q']",1
184287,M184MV,0.7,['M184MV'],0
96350,"M41L, E44A, D67N, T69D, M184V, L210W, T215Y, K219N",3.7,"['M41L', 'E44A', 'D67N', 'T69D', 'M184V', 'L210W', 'T215Y', 'K219N']",1
71551,"M41L, M184V, T215Y",1.6,"['M41L', 'M184V', 'T215Y']",0
96237,M184V,0.3,['M184V'],0
127264,T69D,0.4,['T69D'],1
59247,"M41L, L74I, M184V, L210W, T215Y",0.7,"['M41L', 'L74I', 'M184V', 'L210W', 'T215Y']",1
124996,,0.8,[],1
127232,"D67N, T69D, K70R, M184V, T215Y, K219Q",1.2,"['D67N', 'T69D', 'K70R', 'M184V', 'T215Y', 'K219Q']",0
166048,,1.4,[],1
185094,"D67DN, K70KR, K219KE",1.7,"['D67DN', 'K70KR', 'K219KE']",1
71531,"M41L, E44D, D67N, M184V, L210W, T215Y, K219Q",1.4,"['M41L', 'E44D', 'D67N', 'M184V', 'L210W', 'T215Y', 'K219Q']",1
185942,,1.0,[],0
195287,,1.0,[],1
122677,"M41L, E44D, D67DN, M184V, L210W, T215Y",1.3,"['M41L', 'E44D', 'D67DN', 'M184V', 'L210W', 'T215Y']",1
127306,,1.0,[],1
127272,,0.7,[],1
185060,,1.2,[],0
71513,"M41L, D67N, K70R, L210W, T215Y, K219E",6.8,"['M41L', 'D67N', 'K70R', 'L210W', 'T215Y', 'K219E']",1
96410,"D67N, K70KR, M184V, T215F, K219Q",0.6,"['D67N', 'K70KR', 'M184V', 'T215F', 'K219Q']",1
102368,"M41L, E44D, T69D, M184V, L210W, T215Y, K219R",1.3,"['M41L', 'E44D', 'T69D', 'M184V', 'L210W', 'T215Y', 'K219R']",1
195293,M184V,0.6,['M184V'],0
70957,"M41L, E44D, S68G, L74V, L210W, T215Y, K219N",3.5,"['M41L', 'E44D', 'S68G', 'L74V', 'L210W', 'T215Y', 'K219N']",1
195285,,1.0,[],1
127290,"D67N, K70G, M184MV, K219Q",0.9,"['D67N', 'K70G', 'M184MV', 'K219Q']",1
57650,"M41L, E44D, D67G, T69D, M184V, L210W, T215Y, K219R",2.3,"['M41L', 'E44D', 'D67G', 'T69D', 'M184V', 'L210W', 'T215Y', 'K219R']",1
102358,"M41L, E44D, D67N, L210W, T215Y, K219N",3.9,"['M41L', 'E44D', 'D67N', 'L210W', 'T215Y', 'K219N']",1
127268,,0.8,[],0
166038,"D67N, T215L, K219Q",0.9,"['D67N', 'T215L', 'K219Q']",1
69081,"A62AV, K65R, M184V",1.0,"['A62AV', 'K65R', 'M184V']",1
86044,"M41L, D67N, L210W, T215Y",5.2,"['M41L', 'D67N', 'L210W', 'T215Y']",1
88713,,1.1,[],1
95818,,0.8,[],1
166096,,0.8,[],0
88759,"L74LV, Y115YF, M184V",0.5,"['L74LV', 'Y115YF', 'M184V']",1
122768,"M41L, D67N, M184V, L210W, T215Y",2.7,"['M41L', 'D67N', 'M184V', 'L210W', 'T215Y']",0
84316,"M41ML, D67N, M184V, L210W, T215Y, K219KE",1.0,"['M41ML', 'D67N', 'M184V', 'L210W', 'T215Y', 'K219KE']",1
185074,"K70R, M184MV",0.5,"['K70R', 'M184MV']",1
122772,"M41L, K70R, M184V, K219Q",1.4,"['M41L', 'K70R', 'M184V', 'K219Q']",1
64070,"K65R, S68N",1.9,"['K65R', 'S68N']",1
127362,,1.1,[],1
166040,"K70KT, M184MV, T215Y",8.3,"['K70KT', 'M184MV', 'T215Y']",1
127352,"K70R, K219Q",1.7,"['K70R', 'K219Q']",1
96376,"M41L, E44D, D67N, L74I, L210W, T215Y, K219R",6.2,"['M41L', 'E44D', 'D67N', 'L74I', 'L210W', 'T215Y', 'K219R']",0
127260,M184V,0.7,['M184V'],1
70975,"M41L, E44A, D67N, L74I, M184V, L210W, T215Y, K219Q",1.6,"['M41L', 'E44A', 'D67N', 'L74I', 'M184V', 'L210W', 'T215Y', 'K219Q']",1
94398,"M41L, S68G, L74LV, M184V, L210W, T215Y",1.1,"['M41L', 'S68G', 'L74LV', 'M184V', 'L210W', 'T215Y']",1
127314,"M41L, E44D, T69D, L210LW, T215Y",1.1,"['M41L', 'E44D', 'T69D', 'L210LW', 'T215Y']",1
84188,"A62V, K70N, T215Y",2.4,"['A62V', 'K70N', 'T215Y']",1
127340,,0.8,[],0
88735,"A62V, V75I, M184V",0.5,"['A62V', 'V75I', 'M184V']",1
122667,"M184V, K219R",0.5,"['M184V', 'K219R']",1
195253,,0.8,[],1
138343,"D67N, K70R, M184V, K219Q",1.2,"['D67N', 'K70R', 'M184V', 'K219Q']",1
151296,,0.9,[],1
166120,,0.9,[],1
184261,M184I,0.4,['M184I'],1
96396,"K65KR, M184MV",1.3,"['K65KR', 'M184MV']",1
96314,"M41L, E44D, D67N, K70R, L74I, M184V, L210W, T215Y, K219Q",2.4,"['M41L', 'E44D', 'D67N', 'K70R', 'L74I', 'M184V', 'L210W', 'T215Y', 'K219Q']",1
96380,"M41L, E44D, D67NS, S68SN, K70RG, M184V, T215F, K219Q",2.1,"['M41L', 'E44D', 'D67NS', 'S68SN', 'K70RG', 'M184V', 'T215F', 'K219Q']",1
88769,,0.9,[],1
95095,"M41L, D67N, T69DN, K70R, T215F, K219Q",4.8,"['M41L', 'D67N', 'T69DN', 'K70R', 'T215F', 'K219Q']",1
94386,"D67N, S68G, K70R, T215Y, K219E",3.7,"['D67N', 'S68G', 'K70R', 'T215Y', 'K219E']",1
126201,"M41L, E44A, T69D, L210W, T215Y, K219R",8.1,"['M41L', 'E44A', 'T69D', 'L210W', 'T215Y', 'K219R']",1
127326,"K65KR, D67DN, K70KR, M184V, K219KE",0.8,"['K65KR', 'D67DN', 'K70KR', 'M184V', 'K219KE']",1
184256,"D67N, K70R, K219Q",1.6,"['D67N', 'K70R', 'K219Q']",1
195311,,1.0,[],1
127248,"S68G, L210LW, T215D",0.5,"['S68G', 'L210LW', 'T215D']",1
88775,"M41L, E44A, D67N, K70R, M184V, L210W, T215Y, K219ED",2.6,"['M41L', 'E44A', 'D67N', 'K70R', 'M184V', 'L210W', 'T215Y', 'K219ED']",1
71517,"M41L, M184V, L210W, T215Y",1.9,"['M41L', 'M184V', 'L210W', 'T215Y']",1
127374,,0.7,[],1
127302,"M41L, T69D, L210W, T215YC",1.3,"['M41L', 'T69D', 'L210W', 'T215YC']",1
96338,"D67N, K70R, M184V, K219Q",1.9,"['D67N', 'K70R', 'M184V', 'K219Q']",1
88783,"M41L, M184V, T215Y",1.0,"['M41L', 'M184V', 'T215Y']",1
134419,"K70G, M184V",0.6,"['K70G', 'M184V']",1
184317,"D67G, K70E",0.9,"['D67G', 'K70E']",0
125008,"M41L, S68G, M184V, T215Y",1.6,"['M41L', 'S68G', 'M184V', 'T215Y']",1
195301,,0.8,[],1
94394,"M41L, D67N, L210W, T215Y",5.2,"['M41L', 'D67N', 'L210W', 'T215Y']",1
70961,"M41L, E44A, D67G, S68G, L74LI, M184V, L210W, T215Y, K219N",3.4,"['M41L', 'E44A', 'D67G', 'S68G', 'L74LI', 'M184V', 'L210W', 'T215Y', 'K219N']",1
176001,"D67N, K219Q",1.1,"['D67N', 'K219Q']",1
166092,"D67N, K70R, M184V, K219E",0.7,"['D67N', 'K70R', 'M184V', 'K219E']",1
122797,,0.9,[],1
95070,"M41L, M184V, L210W, T215Y",1.0,"['M41L', 'M184V', 'L210W', 'T215Y']",1
166106,"M41L, M184MV, L210W, T215Y",120.0,"['M41L', 'M184MV', 'L210W', 'T215Y']",1
95828,"D67N, K70R, M184V, T215Y, K219E",1.3,"['D67N', 'K70R', 'M184V', 'T215Y', 'K219E']",0
96414,"D67N, T215Y",1.5,"['D67N', 'T215Y']",1
68661,"M41L, E44D, D67N, L74V, M184V, L210W, T215Y",1.2,"['M41L', 'E44D', 'D67N', 'L74V', 'M184V', 'L210W', 'T215Y']",1
152718,,0.7,[],0
88739,,1.3,[],0
102364,"M41L, M184V, L210W, T215Y",1.8,"['M41L', 'M184V', 'L210W', 'T215Y']",0
84198,"A62V, D67EK, T69S_SS, M184V, T215Y",3.1,"['A62V', 'D67EK', 'T69S_SS', 'M184V', 'T215Y']",1
184240,,0.8,[],1
125020,"M41ML, L74LI",1.0,"['M41ML', 'L74LI']",1
88729,,1.0,[],1
185086,"D67DN, K70RG, M184V, K219Q",0.9,"['D67DN', 'K70RG', 'M184V', 'K219Q']",0
166118,S68SN,0.5,['S68SN'],1
71539,"M41L, L210W, T215Y",9.3,"['M41L', 'L210W', 'T215Y']",1
185946,S68G,0.6,['S68G'],0
88765,,0.7,[],1
57664,"M41L, A62V, D67N, T69D, V75I, F116Y, Q151M, L210W, T215Y",2.6,"['M41L', 'A62V', 'D67N', 'T69D', 'V75I', 'F116Y', 'Q151M', 'L210W', 'T215Y']",1
177184,"M41L, E44D, D67N, T69D",0.8,"['M41L', 'E44D', 'D67N', 'T69D']",1
96432,"D67DN, K70KR, M184MV, K219KQ",1.1,"['D67DN', 'K70KR', 'M184MV', 'K219KQ']",1
166088,,0.8,[],1
96426,"M41L, M184V, L210W, T215Y",1.6,"['M41L', 'M184V', 'L210W', 'T215Y']",1
134919,"D67N, K70R, L74I, M184V, T215F, K219Q",1.8,"['D67N', 'K70R', 'L74I', 'M184V', 'T215F', 'K219Q']",0
88797,,0.8,[],1
38521,"D67N, K70R, Q151M, K219Q",1.6,"['D67N', 'K70R', 'Q151M', 'K219Q']",1
127294,,0.7,[],1
96364,"M41L, L74V, M184V",0.4,"['M41L', 'L74V', 'M184V']",1
127256,,0.8,[],1
127328,S68G,0.6,['S68G'],0
151282,"M41L, A62AV, V75I, M184V, L210W, T215Y",1.7,"['M41L', 'A62AV', 'V75I', 'M184V', 'L210W', 'T215Y']",0
127246,M184V,0.6,['M184V'],0
96243,"M41ML, D67G, S68G, K70R, M184V, T215F, K219E",1.0,"['M41ML', 'D67G', 'S68G', 'K70R', 'M184V', 'T215F', 'K219E']",0
71525,"D67N, K70R, T215V, K219Q",1.8,"['D67N', 'K70R', 'T215V', 'K219Q']",1
88747,"M41L, D67N, K70R, L74I, T215F, K219Q",4.9,"['M41L', 'D67N', 'K70R', 'L74I', 'T215F', 'K219Q']",1
61104,"K70G, M184V",0.8,"['K70G', 'M184V']",1
96446,"M41L, E44D, D67N, K70R, L74I, M184V, L210W, T215Y, K219Q",2.2,"['M41L', 'E44D', 'D67N', 'K70R', 'L74I', 'M184V', 'L210W', 'T215Y', 'K219Q']",1
96362,"M41L, M184MV, T215Y",2.2,"['M41L', 'M184MV', 'T215Y']",1
88761,S68SN,0.7,['S68SN'],1
166066,"A62V, V75T",0.9,"['A62V', 'V75T']",1
96402,"M184V, T215F",0.8,"['M184V', 'T215F']",1
138349,"K70R, M184V, K219Q",0.7,"['K70R', 'M184V', 'K219Q']",0
184314,,0.6,[],1
124513,"M41L, E44D, D67N, T69D, V75M, F77L, L210W, T215Y, K219R",17.0,"['M41L', 'E44D', 'D67N', 'T69D', 'V75M', 'F77L', 'L210W', 'T215Y', 'K219R']",1
184252,"M41L, D67N, T69D, M184V, L210W, T215Y, K219KR",0.8,"['M41L', 'D67N', 'T69D', 'M184V', 'L210W', 'T215Y', 'K219KR']",1
92379,"M41L, E44A, D67N, T69D, M184V, L210W, T215Y, K219N",1.8,"['M41L', 'E44A', 'D67N', 'T69D', 'M184V', 'L210W', 'T215Y', 'K219N']",0
95842,"M41L, D67N, K70R, M184V, T215TI, K219E",1.9,"['M41L', 'D67N', 'K70R', 'M184V', 'T215TI', 'K219E']",0
122655,"M41L, S68SG, L210W, T215D",0.8,"['M41L', 'S68SG', 'L210W', 'T215D']",0
185070,V75I,0.6,['V75I'],0
125006,,1.0,[],0
88719,,0.9,[],0
127278,S68SG,0.8,['S68SG'],0
79444,"M41L, E44D, D67G, L210W, T215Y, K219R",14.0,"['M41L', 'E44D', 'D67G', 'L210W', 'T215Y', 'K219R']",0
162647,K65R,1.3,['K65R'],1
122649,"D67N, F116FY, Q151M, M184V, K219Q",0.3,"['D67N', 'F116FY', 'Q151M', 'M184V', 'K219Q']",1
96318,"M41L, T215E",0.9,"['M41L', 'T215E']",1
96326,"K70KE, M184V",0.5,"['K70KE', 'M184V']",1
79310,"M41L, E44A, D67N, L74I, L210W, T215Y, K219N",1.9,"['M41L', 'E44A', 'D67N', 'L74I', 'L210W', 'T215Y', 'K219N']",1
123388,"M41L, D67DN, M184V, L210W, T215Y, K219KN",1.0,"['M41L', 'D67DN', 'M184V', 'L210W', 'T215Y', 'K219KN']",1
151300,,0.8,[],1
122786,"D67N, T69D, K70R, L74V, M184V, K219Q",2.4,"['D67N', 'T69D', 'K70R', 'L74V', 'M184V', 'K219Q']",1
184246,"M41L, M184MV, L210W, T215Y",8.8,"['M41L', 'M184MV', 'L210W', 'T215Y']",0
184238,"K70S, T215Y",1.1,"['K70S', 'T215Y']",1
195249,"T69D, M184MV",0.6,"['T69D', 'M184MV']",1
96346,"M41L, E44D, D67N, V75I, M184I, L210W, T215Y, K219R",4.5,"['M41L', 'E44D', 'D67N', 'V75I', 'M184I', 'L210W', 'T215Y', 'K219R']",1
195315,,1.1,[],0
185078,M184MV,0.7,['M184MV'],0
166044,"M41L, L74V, L210LW, T215Y",71.0,"['M41L', 'L74V', 'L210LW', 'T215Y']",0
195245,,0.8,[],1
57702,"M41L, D67N, K70GRS, M184V, T215F, K219Q",1.8,"['M41L', 'D67N', 'K70GRS', 'M184V', 'T215F', 'K219Q']",1
151292,,0.6,[],1
166072,,0.9,[],1
195305,,0.7,[],1
166074,"M41L, D67N, K70R, M184MV, L210W, T215F, K219E",37.0,"['M41L', 'D67N', 'K70R', 'M184MV', 'L210W', 'T215F', 'K219E']",1
195295,M184V,0.8,['M184V'],0
71537,"D67N, K70R, L74V, M184V, T215F, K219Q",0.6,"['D67N', 'K70R', 'L74V', 'M184V', 'T215F', 'K219Q']",0
95824,,1.2,[],1
88801,,0.9,[],1
195275,,1.0,[],0
166084,,0.7,[],0
96404,"M41L, D67N, M184V, L210W, T215Y",1.0,"['M41L', 'D67N', 'M184V', 'L210W', 'T215Y']",0
195247,S68G,0.7,['S68G'],0
184260,"D67N, T69D, K70R, L74V, T215F, K219Q",1.0,"['D67N', 'T69D', 'K70R', 'L74V', 'T215F', 'K219Q']",0
71501,"M41L, E44D, D67N, L74I, M184V, L210W, T215Y, K219N",1.6,"['M41L', 'E44D', 'D67N', 'L74I', 'M184V', 'L210W', 'T215Y', 'K219N']",1
79854,"M41L, E44D, L74LI, M184V, L210W, T215Y",1.1,"['M41L', 'E44D', 'L74LI', 'M184V', 'L210W', 'T215Y']",0
166062,M41L,1.0,['M41L'],0
96406,"M41L, D67N, K70R, M184V, T215F, K219Q",2.4,"['M41L', 'D67N', 'K70R', 'M184V', 'T215F', 'K219Q']",1
122780,"M41L, D67N, K70R, M184V, L210W, T215Y, K219E",1.6,"['M41L', 'D67N', 'K70R', 'M184V', 'L210W', 'T215Y', 'K219E']",0
68559,"M41L, E44D, D67G, T69D, M184V, L210LW, T215Y, K219R",1.2,"['M41L', 'E44D', 'D67G', 'T69D', 'M184V', 'L210LW', 'T215Y', 'K219R']",1
162699,M184V,0.4,['M184V'],1
68617,"M41L, E44D, D67N, T69D, L74V, L210W, T215Y, K219N",2.2,"['M41L', 'E44D', 'D67N', 'T69D', 'L74V', 'L210W', 'T215Y', 'K219N']",1
127380,"M41L, E44ED, S68G, M184V, T215Y",1.3,"['M41L', 'E44ED', 'S68G', 'M184V', 'T215Y']",1
88789,"L74LV, M184V",0.4,"['L74LV', 'M184V']",1
71485,"D67N, K70R, L74I, Y115F, M184V, K219Q",1.0,"['D67N', 'K70R', 'L74I', 'Y115F', 'M184V', 'K219Q']",0
79324,"M41L, D67N, K70R, M184V, L210W, T215Y, K219E",2.6,"['M41L', 'D67N', 'K70R', 'M184V', 'L210W', 'T215Y', 'K219E']",0
127338,"M41L, M184MV, L210LW, T215SY",1.0,"['M41L', 'M184MV', 'L210LW', 'T215SY']",1
68609,"M41L, D67N, V75M, M184V, L210W, T215Y, K219KE",2.4,"['M41L', 'D67N', 'V75M', 'M184V', 'L210W', 'T215Y', 'K219KE']",0
170378,"M41L, A62V, D67E, T69A_SX, L74V, M184MV, L210W, T215Y",8.4,"['M41L', 'A62V', 'D67E', 'T69A_SX', 'L74V', 'M184MV', 'L210W', 'T215Y']",1
184259,"M41L, D67N, T69D, K70R, V75M, T215F, K219Q",4.1,"['M41L', 'D67N', 'T69D', 'K70R', 'V75M', 'T215F', 'K219Q']",0
68569,"E40FL, M41L, D67N, L74I, M184V, L210W, T215Y",1.7,"['E40FL', 'M41L', 'D67N', 'L74I', 'M184V', 'L210W', 'T215Y']",0
96334,,1.2,[],0
185058,M184V,0.6,['M184V'],0
184313,"D67N, K70G, M184V, K219Q",0.5,"['D67N', 'K70G', 'M184V', 'K219Q']",1
122803,,1.1,[],0
87346,"D67N, T69D, K70R, M184I, K219Q",1.0,"['D67N', 'T69D', 'K70R', 'M184I', 'K219Q']",1
195243,"D67G, K70E",0.9,"['D67G', 'K70E']",1
55164,"M41ML, M184V",0.9,"['M41ML', 'M184V']",0
125026,"M41L, S68SG, M184V, L210W, T215Y",1.7,"['M41L', 'S68SG', 'M184V', 'L210W', 'T215Y']",1
96390,"M41L, A62V, V75T, M184V",0.9,"['M41L', 'A62V', 'V75T', 'M184V']",0
71495,,0.9,[],0
95814,"M41L, D67N, K70KE, V75M, M184V, L210W, T215Y",1.7,"['M41L', 'D67N', 'K70KE', 'V75M', 'M184V', 'L210W', 'T215Y']",0
96366,"D67N, K70R, M184V, T215Y, K219E",0.7,"['D67N', 'K70R', 'M184V', 'T215Y', 'K219E']",0
96436,"D67G, T69ND, K70R, L74LI, M184V, T215F, K219Q",0.9,"['D67G', 'T69ND', 'K70R', 'L74LI', 'M184V', 'T215F', 'K219Q']",0
94380,"K65R, K70KT, L74V, M184V, K219KR",1.4,"['K65R', 'K70KT', 'L74V', 'M184V', 'K219KR']",0
86042,"M41L, E44D, D67N, T69D, L74I, L210WR, T215Y",1.4,"['M41L', 'E44D', 'D67N', 'T69D', 'L74I', 'L210WR', 'T215Y']",0
94392,"S68G, K70G, M184V, T215TA",0.6,"['S68G', 'K70G', 'M184V', 'T215TA']",0
127376,,0.8,[],1
63848,"M41L, E44ED, D67N, T69D, M184MV, L210W, T215Y",1.6,"['M41L', 'E44ED', 'D67N', 'T69D', 'M184MV', 'L210W', 'T215Y']",0
166114,"D67N, T69D, K70R, T215F, K219W",5.5,"['D67N', 'T69D', 'K70R', 'T215F', 'K219W']",1
88737,K219KE,0.9,['K219KE'],0
88727,"D67N, K70R, M184MV, L210W, T215Y, K219KE",1.5,"['D67N', 'K70R', 'M184MV', 'L210W', 'T215Y', 'K219KE']",1
88753,E44D,0.9,['E44D'],1
92375,"E40F, M41L, D67N, K70QE, L210W, T215Y, K219R",5.4,"['E40F', 'M41L', 'D67N', 'K70QE', 'L210W', 'T215Y', 'K219R']",1
127310,,0.9,[],1
95066,"M41L, D67N, L74I, M184V, L210W, T215Y, K219N",0.8,"['M41L', 'D67N', 'L74I', 'M184V', 'L210W', 'T215Y', 'K219N']",0
96344,"D67E, T69S_SS, T215Y",11.0,"['D67E', 'T69S_SS', 'T215Y']",0
126227,K65R,1.7,['K65R'],0
88791,M184MV,0.8,['M184MV'],0
70971,"M41L, E44D, D67N, T69D, L210W, T215Y, K219R",5.9,"['M41L', 'E44D', 'D67N', 'T69D', 'L210W', 'T215Y', 'K219R']",1
71523,"M41L, D67N, S68G, T215S, K219E",0.8,"['M41L', 'D67N', 'S68G', 'T215S', 'K219E']",0
96388,"M41L, D67DN, L210W, T215Y",4.7,"['M41L', 'D67DN', 'L210W', 'T215Y']",1
175997,,0.9,[],1
96322,"M41L, E44D, S68G, M184V, L210W, T215Y, K219E",1.3,"['M41L', 'E44D', 'S68G', 'M184V', 'L210W', 'T215Y', 'K219E']",1
162713,"K65R, S68G, M184V",1.6,"['K65R', 'S68G', 'M184V']",0
127228,"L74LI, M184V",0.5,"['L74LI', 'M184V']",1
70967,"M41L, E44D, A62V, D67G, T69D, M184MI, L210W, T215Y, K219R",6.2,"['M41L', 'E44D', 'A62V', 'D67G', 'T69D', 'M184MI', 'L210W', 'T215Y', 'K219R']",0
125010,"M41L, M184V, L210W, T215Y",2.8,"['M41L', 'M184V', 'L210W', 'T215Y']",1
87352,"M41L, D67N, K70R, V75I, M184V, T215Y, K219E",0.6,"['M41L', 'D67N', 'K70R', 'V75I', 'M184V', 'T215Y', 'K219E']",1
123364,"M41L, E44D, D67N, M184V, L210W, T215Y, K219DN",1.7,"['M41L', 'E44D', 'D67N', 'M184V', 'L210W', 'T215Y', 'K219DN']",0
124525,,0.7,[],0
127238,,0.7,[],1
166078,"M41L, D67N, K70R, L210W, T215F, K219E",4.6,"['M41L', 'D67N', 'K70R', 'L210W', 'T215F', 'K219E']",1
55114,"M41L, D67N, K70KR, L74V, M184V, T215Y, K219Q",0.6,"['M41L', 'D67N', 'K70KR', 'L74V', 'M184V', 'T215Y', 'K219Q']",1
185944,,0.9,[],1
57704,"D67N, T69T_T, K70R, K219Q",11.0,"['D67N', 'T69T_T', 'K70R', 'K219Q']",1
96428,"M41L, E44D, D67N, T69D, M184V, L210W, T215Y",1.1,"['M41L', 'E44D', 'D67N', 'T69D', 'M184V', 'L210W', 'T215Y']",0
151304,,0.9,[],0
166052,"M41L, S68G, M184V, T215D",0.4,"['M41L', 'S68G', 'M184V', 'T215D']",0
127284,M184V,0.6,['M184V'],1
96386,"M41ML, E44D, D67N, T69D, M184V, L210W, T215Y, K219R",2.2,"['M41ML', 'E44D', 'D67N', 'T69D', 'M184V', 'L210W', 'T215Y', 'K219R']",1
175989,,1.0,[],1
127346,,0.8,[],0
162236,"K65KR, L74LV",0.6,"['K65KR', 'L74LV']",1
127274,,0.7,[],1
71559,,0.9,[],0
96444,"M41L, D67N, K70R, M184V, L210W, T215F, K219Q",1.3,"['M41L', 'D67N', 'K70R', 'M184V', 'L210W', 'T215F', 'K219Q']",0
88799,,0.9,[],0
183807,"D67N, K219Q",0.5,"['D67N', 'K219Q']",0
68753,"M41L, D67N, T69D, K70R, M184V, T215F, K219Q",1.3,"['M41L', 'D67N', 'T69D', 'K70R', 'M184V', 'T215F', 'K219Q']",0
195291,,1.0,[],0
95058,"M41L, D67N, K70R, L74LI, M184V, L210LW, T215Y, K219E",1.4,"['M41L', 'D67N', 'K70R', 'L74LI', 'M184V', 'L210LW', 'T215Y', 'K219E']",1
84322,"D67N, K70R, K219Q",2.6,"['D67N', 'K70R', 'K219Q']",1
127348,"A62V, K65R, M184V",1.3,"['A62V', 'K65R', 'M184V']",0
184269,"A62AV, K65KR, K70KT, M184MV",2.0,"['A62AV', 'K65KR', 'K70KT', 'M184MV']",1
71483,"M41L, D67H, S68G, K70G, M184V, T215F",1.9,"['M41L', 'D67H', 'S68G', 'K70G', 'M184V', 'T215F']",1
84366,"A62V, V75I, F77L, Y115F, F116Y, Q151M, M184V",1.6,"['A62V', 'V75I', 'F77L', 'Y115F', 'F116Y', 'Q151M', 'M184V']",0
71527,"M41L, D67N, T69D, K70R, L74V, M184V, T215F, K219Q",1.2,"['M41L', 'D67N', 'T69D', 'K70R', 'L74V', 'M184V', 'T215F', 'K219Q']",1
151306,M184V,0.5,['M184V'],0
92365,"M184V, T215Y",0.4,"['M184V', 'T215Y']",0
86046,"M41L, D67G, S68G, L74V, M184V, L210W, T215Y, K219ND",1.4,"['M41L', 'D67G', 'S68G', 'L74V', 'M184V', 'L210W', 'T215Y', 'K219ND']",1
127334,M41MIL,0.8,['M41MIL'],0
185068,,1.2,[],1
88771,,0.9,[],1
95830,"A62V, K65R, M184V",1.5,"['A62V', 'K65R', 'M184V']",0
127226,"D67N, T69D, K70R, M184V, T215F, K219Q",0.8,"['D67N', 'T69D', 'K70R', 'M184V', 'T215F', 'K219Q']",1
185938,,1.2,[],0
71507,"M41L, D67N, K70R, L74LV, T215F, K219Q",3.1,"['M41L', 'D67N', 'K70R', 'L74LV', 'T215F', 'K219Q']",1
42039,"M41L, D67N, L74LI, L210W, T215Y",3.6,"['M41L', 'D67N', 'L74LI', 'L210W', 'T215Y']",0
195309,,1.0,[],1
185090,"M41L, E44D, D67N, L74I, M184V, L210W, T215Y, K219KN",1.2,"['M41L', 'E44D', 'D67N', 'L74I', 'M184V', 'L210W', 'T215Y', 'K219KN']",1
88709,,0.9,[],0
124998,,0.9,[],1
166068,"A62V, V75T",0.9,"['A62V', 'V75T']",0
58200,"K65R, M184I",1.3,"['K65R', 'M184I']",1
127320,"M184V, K219KQ",0.4,"['M184V', 'K219KQ']",0
96370,"A62V, M184V, L210W, T215Y",1.0,"['A62V', 'M184V', 'L210W', 'T215Y']",1
166054,"M41L, L74V, M184V, L210W, T215Y, K219KN",25.0,"['M41L', 'L74V', 'M184V', 'L210W', 'T215Y', 'K219KN']",1
127236,K219KQ,0.8,['K219KQ'],0
61288,K70R,0.9,['K70R'],0
166082,,0.8,[],1
95834,"M41L, L74LV, M184V, L210W, T215HYD",0.4,"['M41L', 'L74LV', 'M184V', 'L210W', 'T215HYD']",1
127250,M184V,0.5,['M184V'],1
184283,"M41ML, D67N, K70R, T215Y, K219E",0.7,"['M41ML', 'D67N', 'K70R', 'T215Y', 'K219E']",0
88741,,0.9,[],1
71569,"M41L, M184V, T215F, K219Q",0.5,"['M41L', 'M184V', 'T215F', 'K219Q']",0
152275,K65R,1.7,['K65R'],1
96330,"S68G, K70Q, M184V, L210W, T215Y",1.0,"['S68G', 'K70Q', 'M184V', 'L210W', 'T215Y']",1
127262,,0.6,[],1
59295,"M41L, E44D, D67N, T69D, L74V, M184V, L210W, T215Y",0.6,"['M41L', 'E44D', 'D67N', 'T69D', 'L74V', 'M184V', 'L210W', 'T215Y']",0
50042,"M41L, M184V, L210LW, T215Y",1.8,"['M41L', 'M184V', 'L210LW', 'T215Y']",0
125002,,0.8,[],1
127384,,0.8,[],0
184275,"D67N, T69D, K70R, M184V, T215TI, K219Q",1.8,"['D67N', 'T69D', 'K70R', 'M184V', 'T215TI', 'K219Q']",1
184311,,0.7,[],0
68809,"M41L, E44D, D67N, T69D, V75M, F77FL, M184V, L210W, T215Y, K219Q",1.4,"['M41L', 'E44D', 'D67N', 'T69D', 'V75M', 'F77FL', 'M184V', 'L210W', 'T215Y', 'K219Q']",1
185080,,0.7,[],1
88773,,0.9,[],0
86052,"M184V, T215D",0.3,"['M184V', 'T215D']",0
122673,"K70KR, K219KQ",0.9,"['K70KR', 'K219KQ']",0
50058,"M41L, D67N, M184V, T215Y",1.0,"['M41L', 'D67N', 'M184V', 'T215Y']",0
88478,,0.9,[],0
184250,"M184V, K219KE",0.6,"['M184V', 'K219KE']",1
88721,T215TA,0.9,['T215TA'],1
125014,S68G,1.0,['S68G'],0
96328,"M41L, E44A, S68G, L74LI, M184V, L210W, T215Y",2.0,"['M41L', 'E44A', 'S68G', 'L74LI', 'M184V', 'L210W', 'T215Y']",1
127280,"K65R, Y115F",2.2,"['K65R', 'Y115F']",1
195271,M184V,0.5,['M184V'],1
184255,"M41L, D67N, T69D, K70KR, L74V, M184V, T215Y",0.7,"['M41L', 'D67N', 'T69D', 'K70KR', 'L74V', 'M184V', 'T215Y']",0
95062,"M41L, D67N, K70R, L74I, V75T, M184MV, T215F, K219E",0.9,"['M41L', 'D67N', 'K70R', 'L74I', 'V75T', 'M184MV', 'T215F', 'K219E']",1
88723,M184MV,0.6,['M184MV'],0
166110,M184MV,0.7,['M184MV'],0
71491,"D67N, L74V, T215F, K219Q",0.4,"['D67N', 'L74V', 'T215F', 'K219Q']",0
124517,"M41L, L74V, M184V, L210W, T215Y",0.9,"['M41L', 'L74V', 'M184V', 'L210W', 'T215Y']",0
96340,"M41L, E44D, D67N, L74LV, L210W, T215Y, K219R",5.5,"['M41L', 'E44D', 'D67N', 'L74LV', 'L210W', 'T215Y', 'K219R']",1
87350,"S68G, F116Y, Q151M",1.0,"['S68G', 'F116Y', 'Q151M']",0
88795,,0.6,[],0
185064,,1.0,[],1
175993,,0.7,[],1
127366,M184MIV,0.7,['M184MIV'],1
96358,"M41L, E44ED, D67G, S68G, L74V, M184V, T215Y, K219N",0.5,"['M41L', 'E44ED', 'D67G', 'S68G', 'L74V', 'M184V', 'T215Y', 'K219N']",0
96372,"M41L, S68SG, L210W, T215D",0.6,"['M41L', 'S68SG', 'L210W', 'T215D']",0
88777,,0.8,[],0
122776,"K70E, M184V",0.5,"['K70E', 'M184V']",0
122645,"K70Q, M184V",0.4,"['K70Q', 'M184V']",1
195237,"M41L, S68G, L74LI, M184V, L210W, T215Y, K219KN",1.0,"['M41L', 'S68G', 'L74LI', 'M184V', 'L210W', 'T215Y', 'K219KN']",1
127342,"M184V, L210W, T215Y",0.6,"['M184V', 'L210W', 'T215Y']",0
184316,"D67G, K70E, Y115F, M184V",0.9,"['D67G', 'K70E', 'Y115F', 'M184V']",0
195281,,0.8,[],0
127318,,0.8,[],1
88224,"M41L, L210W, T215Y, K219E",3.7,"['M41L', 'L210W', 'T215Y', 'K219E']",1
96394,"K65R, S68G, M184V",1.2,"['K65R', 'S68G', 'M184V']",1
79362,"E40F, M41L, D67N, L74V, L210W, T215Y",4.7,"['E40F', 'M41L', 'D67N', 'L74V', 'L210W', 'T215Y']",0
92371,"D67N, M184V, L210W, T215Y, K219R",1.2,"['D67N', 'M184V', 'L210W', 'T215Y', 'K219R']",0
127270,,0.8,[],0
185052,,0.8,[],1
96440,"M41L, E44D, S68G, M184V, L210W, T215Y",1.5,"['M41L', 'E44D', 'S68G', 'M184V', 'L210W', 'T215Y']",1
127372,"M184V, T215FS",0.5,"['M184V', 'T215FS']",1
175991,,0.8,[],0
71563,"D67N, K70R, L74I, M184V, T215F, K219Q",0.8,"['D67N', 'K70R', 'L74I', 'M184V', 'T215F', 'K219Q']",1
122643,"D67DH, K70RG, M184MV, K219KE",1.7,"['D67DH', 'K70RG', 'M184MV', 'K219KE']",1
122790,"M41L, E44ED, L74V, V75VA, L210W, T215Y",1.4,"['M41L', 'E44ED', 'L74V', 'V75VA', 'L210W', 'T215Y']",0
151298,"K70E, Y115YF, M184V",0.7,"['K70E', 'Y115YF', 'M184V']",1
88711,"M41ML, A62AV, D67DG, S68SG, L74LV, M184V, L210W, T215Y, K219KQ",0.5,"['M41ML', 'A62AV', 'D67DG', 'S68SG', 'L74LV', 'M184V', 'L210W', 'T215Y', 'K219KQ']",1
96382,"D67G, K70R, L74I, M184V, K219Q",3.1,"['D67G', 'K70R', 'L74I', 'M184V', 'K219Q']",0
127230,"K65R, S68SN, M184V",2.5,"['K65R', 'S68SN', 'M184V']",0
71515,,0.7,[],1
127364,"D67DN, M184MV",0.5,"['D67DN', 'M184MV']",0
166064,"A62V, V75I",0.7,"['A62V', 'V75I']",1
127308,,0.9,[],0
122774,"M41L, K70R, M184V, T215Y, K219E",0.9,"['M41L', 'K70R', 'M184V', 'T215Y', 'K219E']",1
184265,"D67G, S68G, K70R, T215I, K219E",2.9,"['D67G', 'S68G', 'K70R', 'T215I', 'K219E']",1
94374,"M41L, E44ED, T69D, L210W, T215Y, K219R",4.2,"['M41L', 'E44ED', 'T69D', 'L210W', 'T215Y', 'K219R']",0
127330,"M41L, V75M, M184V, T215Y",0.8,"['M41L', 'V75M', 'M184V', 'T215Y']",0
166042,"E40F, M41L, D67N, L74V, M184V, L210W, T215F, K219E",14.0,"['E40F', 'M41L', 'D67N', 'L74V', 'M184V', 'L210W', 'T215F', 'K219E']",1
185072,"K70KT, M184V",0.5,"['K70KT', 'M184V']",0
64054,"M41L, E44ED, S68SG, M184V, L210W, T215Y",0.7,"['M41L', 'E44ED', 'S68SG', 'M184V', 'L210W', 'T215Y']",0
166116,,0.6,[],0
138347,"M41L, D67N, M184V, L210W, T215Y",1.4,"['M41L', 'D67N', 'M184V', 'L210W', 'T215Y']",1
122788,"M41L, D67N, T69D, K70R, M184V, T215F, K219Q",2.1,"['M41L', 'D67N', 'T69D', 'K70R', 'M184V', 'T215F', 'K219Q']",0
166100,"K65R, M184I",0.6,"['K65R', 'M184I']",1
96316,"M41L, A62V, M184V, T215Y",1.0,"['M41L', 'A62V', 'M184V', 'T215Y']",0
177178,"M41L, E44A, M184V, T215Y",1.5,"['M41L', 'E44A', 'M184V', 'T215Y']",1
96324,,0.9,[],0
96378,"M41L, E44D, D67N, K70R, M184V, T215F, K219Q",1.6,"['M41L', 'E44D', 'D67N', 'K70R', 'M184V', 'T215F', 'K219Q']",0
95838,"M41L, D67N, M184V, L210W, T215Y",2.6,"['M41L', 'D67N', 'M184V', 'L210W', 'T215Y']",1
71545,"M41L, E44A, D67N, T69D, V75M, F77FL, M184V, L210W, T215Y, K219KN",2.2,"['M41L', 'E44A', 'D67N', 'T69D', 'V75M', 'F77FL', 'M184V', 'L210W', 'T215Y', 'K219KN']",1
166094,,1.0,[],0
184279,"M41L, L74V, M184V, T215Y",0.6,"['M41L', 'L74V', 'M184V', 'T215Y']",0
127282,M184MV,0.6,['M184MV'],0
127316,"M41ML, A62AV, D67DG, S68G, K70KR, M184MV, K219KQ",0.7,"['M41ML', 'A62AV', 'D67DG', 'S68G', 'K70KR', 'M184MV', 'K219KQ']",1
88781,,0.6,[],0
70953,,0.8,[],0
195255,,0.7,[],0
127324,,0.8,[],0
184236,"M41L, M184V, T215Y",1.0,"['M41L', 'M184V', 'T215Y']",1
166104,"L74V, T215C",0.4,"['L74V', 'T215C']",1
122661,"M41L, E44D, S68G, M184V, L210W, T215Y",2.0,"['M41L', 'E44D', 'S68G', 'M184V', 'L210W', 'T215Y']",0
70963,"M41L, E44ED, V75VM, L210W, T215Y",3.1,"['M41L', 'E44ED', 'V75VM', 'L210W', 'T215Y']",0
127288,,0.7,[],1
122778,"M41L, E44D, T69D, L74V, M184V, L210W, T215Y, K219R",0.8,"['M41L', 'E44D', 'T69D', 'L74V', 'M184V', 'L210W', 'T215Y', 'K219R']",0
63802,"M41L, E44A, D67N, T69D, M184V, L210W, T215Y, K219KE",1.7,"['M41L', 'E44A', 'D67N', 'T69D', 'M184V', 'L210W', 'T215Y', 'K219KE']",1
125016,,0.6,[],1
88767,M184V,0.7,['M184V'],1
162455,"K65R, M184I",1.1,"['K65R', 'M184I']",0
184289,"A62V, S68G, K70N, V75I, F77L, Y115F, F116Y, Q151M, M184V, T215Y",3.2,"['A62V', 'S68G', 'K70N', 'V75I', 'F77L', 'Y115F', 'F116Y', 'Q151M', 'M184V', 'T215Y']",1
55062,"M41L, D67DN, K70KR, M184V, T215F, K219KE",2.8,"['M41L', 'D67DN', 'K70KR', 'M184V', 'T215F', 'K219KE']",1
95808,"M41L, D67N, L74I, F77FL, M184V, L210W, T215Y, K219Q",1.8,"['M41L', 'D67N', 'L74I', 'F77FL', 'M184V', 'L210W', 'T215Y', 'K219Q']",1
185054,,0.9,[],1
127358,"M41L, D67DN, M184V, T215Y, K219KE",0.5,"['M41L', 'D67DN', 'M184V', 'T215Y', 'K219KE']",0
151284,"M41L, D67DN, M184MV, L210LW, T215YD",1.2,"['M41L', 'D67DN', 'M184MV', 'L210LW', 'T215YD']",0
35008,M184I,0.5,['M184I'],0
184242,"M41L, D67N, T69D, K70R, M184V, T215FC, K219Q",2.3,"['M41L', 'D67N', 'T69D', 'K70R', 'M184V', 'T215FC', 'K219Q']",0
138351,"M41L, M184V, L210W, T215Y",2.0,"['M41L', 'M184V', 'L210W', 'T215Y']",1
69041,,0.8,[],0
68805,"M41L, K65R, L210W, T215S",2.1,"['M41L', 'K65R', 'L210W', 'T215S']",0
71489,"M41L, D67N, L74V, M184V, L210W, T215Y, K219N",0.7,"['M41L', 'D67N', 'L74V', 'M184V', 'L210W', 'T215Y', 'K219N']",0
127304,"M41L, S68SG, L74LI, M184V, L210LW, T215Y",1.2,"['M41L', 'S68SG', 'L74LI', 'M184V', 'L210LW', 'T215Y']",0
127350,"L74I, M184V",0.4,"['L74I', 'M184V']",1
96412,"D67N, K70R, M184V, K219Q",1.8,"['D67N', 'K70R', 'M184V', 'K219Q']",1
195263,"K70R, L210LW",1.3,"['K70R', 'L210LW']",0
96231,"S68SG, K70KN, T215F, K219Q",1.7,"['S68SG', 'K70KN', 'T215F', 'K219Q']",1
124515,"K70KE, M184V",0.6,"['K70KE', 'M184V']",1
95820,,1.0,[],1
96241,V75M,0.7,['V75M'],0
102352,"M41L, D67N, T69D, K70R, L74I, M184V, T215F, K219W",3.8,"['M41L', 'D67N', 'T69D', 'K70R', 'L74I', 'M184V', 'T215F', 'K219W']",1
96239,"M41L, E44A, D67N, T69D, M184MIV, L210W, T215Y, K219KR",2.3,"['M41L', 'E44A', 'D67N', 'T69D', 'M184MIV', 'L210W', 'T215Y', 'K219KR']",0
185092,"S68N, K70G, M184V",0.7,"['S68N', 'K70G', 'M184V']",0
64316,"L74V, Y115F, M184V",0.5,"['L74V', 'Y115F', 'M184V']",1
195267,,0.9,[],1
71529,"K65R, S68G, K70T, V75I, F77L, Y115YF, F116Y, Q151M",14.0,"['K65R', 'S68G', 'K70T', 'V75I', 'F77L', 'Y115YF', 'F116Y', 'Q151M']",0
177186,,0.8,[],1
152836,,0.8,[],1
71533,"M41L, D67N, K70R, T215F, K219Q",6.2,"['M41L', 'D67N', 'K70R', 'T215F', 'K219Q']",1
184312,"K70E, M184V",0.7,"['K70E', 'M184V']",0
102362,"M41L, S68G, L74V, M184V, L210W, T215Y, K219KN",0.7,"['M41L', 'S68G', 'L74V', 'M184V', 'L210W', 'T215Y', 'K219KN']",0
70959,"M41L, M184V, L210W, T215Y",2.3,"['M41L', 'M184V', 'L210W', 'T215Y']",1
96420,"M41ML, M184V, L210W, T215Y",0.7,"['M41ML', 'M184V', 'L210W', 'T215Y']",0
127292,"K70N, M184MIV",0.5,"['K70N', 'M184MIV']",1
92381,"M41L, E44D, D67N, L210W, T215Y, K219R",5.0,"['M41L', 'E44D', 'D67N', 'L210W', 'T215Y', 'K219R']",1
79292,"Y115F, M184V",0.9,"['Y115F', 'M184V']",0
185088,"L74I, M184V, T215Y",0.3,"['L74I', 'M184V', 'T215Y']",0
70973,"M41L, E44D, D67N, T69D, M184V, L210W, T215Y",3.8,"['M41L', 'E44D', 'D67N', 'T69D', 'M184V', 'L210W', 'T215Y']",0
95840,"M41L, E44D, L210W, T215Y",1.4,"['M41L', 'E44D', 'L210W', 'T215Y']",1
87342,"M41L, A62AV, S68SG, V75VI, F116FY, Q151QL, M184MV, T215F",2.4,"['M41L', 'A62AV', 'S68SG', 'V75VI', 'F116FY', 'Q151QL', 'M184MV', 'T215F']",1
123504,K65R,1.7,['K65R'],1
96400,"M41L, L74LV, M184V, L210W, T215Y, K219N",1.8,"['M41L', 'L74LV', 'M184V', 'L210W', 'T215Y', 'K219N']",1
63838,"M41L, E44ED, D67N, T69D, K70KR, M184V, T215Y, K219Q",1.9,"['M41L', 'E44ED', 'D67N', 'T69D', 'K70KR', 'M184V', 'T215Y', 'K219Q']",1
127360,"M41L, M184V, T215Y",1.5,"['M41L', 'M184V', 'T215Y']",0
95213,"M41L, L210W, T215Y",2.6,"['M41L', 'L210W', 'T215Y']",0
122770,"M41L, E44D, A62V, M184V, L210W, T215Y",1.2,"['M41L', 'E44D', 'A62V', 'M184V', 'L210W', 'T215Y']",1
92377,"D67N, K70R, L74I, Y115F, M184V, K219Q",0.9,"['D67N', 'K70R', 'L74I', 'Y115F', 'M184V', 'K219Q']",1
184264,"M41L, D67N, L74V, L210W, T215Y",0.9,"['M41L', 'D67N', 'L74V', 'L210W', 'T215Y']",0
124511,,0.8,[],0
166112,"M41L, D67N, M184V, L210W, T215Y",1.8,"['M41L', 'D67N', 'M184V', 'L210W', 'T215Y']",0
71505,"M41L, E44D, D67N, T69D, M184V, L210W, T215Y, K219N",1.7,"['M41L', 'E44D', 'D67N', 'T69D', 'M184V', 'L210W', 'T215Y', 'K219N']",0
88757,"A62AV, D67DG, S68G, K70KR, M184MV, K219KQ",0.8,"['A62AV', 'D67DG', 'S68G', 'K70KR', 'M184MV', 'K219KQ']",0
125004,,1.1,[],1
88715,,0.9,[],0
177174,"M41L, D67N, T215N, K219E",1.2,"['M41L', 'D67N', 'T215N', 'K219E']",0
124529,"M41ML, D67G, T69ND, K70R, L74I, M184V, T215F, K219Q",1.5,"['M41ML', 'D67G', 'T69ND', 'K70R', 'L74I', 'M184V', 'T215F', 'K219Q']",1
95846,"K65R, M184V",1.9,"['K65R', 'M184V']",0
94378,"K65R, D67N, T69D",1.3,"['K65R', 'D67N', 'T69D']",0
185076,"L210W, T215C",0.8,"['L210W', 'T215C']",0
24381,"M41L, A62AV, T69S_ST, M184V, T215Y",1.2,"['M41L', 'A62AV', 'T69S_ST', 'M184V', 'T215Y']",1
166098,M184V,0.5,['M184V'],1
88717,,1.1,[],0
166046,"K65R, S68G, K70T, M184V",1.0,"['K65R', 'S68G', 'K70T', 'M184V']",1
122784,"M41L, D67N, K70R, M184V, T215F, K219E",3.3,"['M41L', 'D67N', 'K70R', 'M184V', 'T215F', 'K219E']",0
195251,,0.8,[],0
84180,"M41L, D67N, M184V, L210W, T215Y",1.4,"['M41L', 'D67N', 'M184V', 'L210W', 'T215Y']",0
195313,,0.8,[],0
122665,"M41L, D67DN, L210W, T215Y",3.0,"['M41L', 'D67DN', 'L210W', 'T215Y']",1
175987,"L74V, M184V, K219N",0.3,"['L74V', 'M184V', 'K219N']",0
94384,"M41L, E44ED, D67G, S68G, L74V, M184V, L210W, T215Y, K219NS",2.1,"['M41L', 'E44ED', 'D67G', 'S68G', 'L74V', 'M184V', 'L210W', 'T215Y', 'K219NS']",0
71561,"M41L, D67N, K70R, M184V, T215Y, K219E",1.9,"['M41L', 'D67N', 'K70R', 'M184V', 'T215Y', 'K219E']",1
127354,"M184V, T215TI",0.5,"['M184V', 'T215TI']",1
95810,,1.1,[],0
94388,"M41L, E44D, D67N, L74V, M184V, L210W, T215Y, K219N",1.1,"['M41L', 'E44D', 'D67N', 'L74V', 'M184V', 'L210W', 'T215Y', 'K219N']",1
127382,,0.7,[],1
195279,,0.8,[],0
127244,"M41L, S68G, M184V, L210W, T215SY",1.5,"['M41L', 'S68G', 'M184V', 'L210W', 'T215SY']",0
96336,,1.1,[],1
151294,"M41L, E44D, D67N, K70R, L74LI, M184V, T215Y, K219E",1.1,"['M41L', 'E44D', 'D67N', 'K70R', 'L74LI', 'M184V', 'T215Y', 'K219E']",0
60842,"M41ML, D67N, T69D, K70R, M184V, T215F, K219Q",1.0,"['M41ML', 'D67N', 'T69D', 'K70R', 'M184V', 'T215F', 'K219Q']",0
96416,"M41L, L74V, M184V, L210W, T215Y",0.6,"['M41L', 'L74V', 'M184V', 'L210W', 'T215Y']",1
195303,,0.8,[],1
95804,"M41L, E44A, D67N, L74V, M184V, L210W, T215Y, K219N",1.2,"['M41L', 'E44A', 'D67N', 'L74V', 'M184V', 'L210W', 'T215Y', 'K219N']",1
95826,,0.7,[],0
102366,"M41L, E44D, D67N, T69D, M184V, L210W, T215Y, K219R",1.9,"['M41L', 'E44D', 'D67N', 'T69D', 'M184V', 'L210W', 'T215Y', 'K219R']",0
184258,M184V,0.4,['M184V'],0
122659,"D67N, K70R, M184V, K219Q",0.8,"['D67N', 'K70R', 'M184V', 'K219Q']",0
88785,,0.8,[],0
127258,,0.8,[],0
59559,,0.9,[],1
195277,M184V,0.6,['M184V'],1
71541,"M41L, D67N, K70KR, L74LIV, M184V, L210W, T215Y, K219Q",1.3,"['M41L', 'D67N', 'K70KR', 'L74LIV', 'M184V', 'L210W', 'T215Y', 'K219Q']",1
166090,,0.7,[],0
127300,,0.9,[],0
71519,"E44D, M184V, T215Y",0.9,"['E44D', 'M184V', 'T215Y']",1
71553,"M41L, E44A, D67N, L210W, T215Y, K219R",4.7,"['M41L', 'E44A', 'D67N', 'L210W', 'T215Y', 'K219R']",1
88733,,1.2,[],0
88763,,1.1,[],1
125022,"M41L, E44A, L74V, M184V, L210W, T215Y",2.0,"['M41L', 'E44A', 'L74V', 'M184V', 'L210W', 'T215Y']",1
195289,,1.1,[],0
185084,,1.2,[],0
177182,"S68G, M184V, T215F",0.7,"['S68G', 'M184V', 'T215F']",1
122653,"L74LI, T215Y",0.7,"['L74LI', 'T215Y']",0
127266,"K70N, M184MV",1.2,"['K70N', 'M184MV']",0
86048,"D67N, T69D, K70R, L74V, T215Y, K219Q",1.3,"['D67N', 'T69D', 'K70R', 'L74V', 'T215Y', 'K219Q']",1
96430,"M41L, S68G, L74V, M184V, L210W, T215Y",0.8,"['M41L', 'S68G', 'L74V', 'M184V', 'L210W', 'T215Y']",0
151288,"M41L, M184V, L210W, T215Y, K219KE",2.0,"['M41L', 'M184V', 'L210W', 'T215Y', 'K219KE']",1
86050,"M41L, E44D, D67N, T69D, L210W, T215Y, K219KR",5.7,"['M41L', 'E44D', 'D67N', 'T69D', 'L210W', 'T215Y', 'K219KR']",0
127296,,0.8,[],0
96448,"D67G, T69ND, K70R, L74LI, M184V, T215F, K219Q",0.9,"['D67G', 'T69ND', 'K70R', 'L74LI', 'M184V', 'T215F', 'K219Q']",0
96360,"D67G, T69D, K70RG, M184MV",0.9,"['D67G', 'T69D', 'K70RG', 'M184MV']",1
71555,"D67N, T69D, K70R, M184V, T215F, K219Q",1.0,"['D67N', 'T69D', 'K70R', 'M184V', 'T215F', 'K219Q']",0
69141,"M41L, E44A, D67N, L74I, V75VIM, M184V, L210W, T215Y, K219E",2.4,"['M41L', 'E44A', 'D67N', 'L74I', 'V75VIM', 'M184V', 'L210W', 'T215Y', 'K219E']",1
48242,"D67N, K70R, T215F, K219Q",2.2,"['D67N', 'K70R', 'T215F', 'K219Q']",0
127254,,0.8,[],0
185940,,0.5,[],0
71471,"M41L, E44D, D67DN, V75M, M184V, L210W, T215Y",2.9,"['M41L', 'E44D', 'D67DN', 'V75M', 'M184V', 'L210W', 'T215Y']",0
92509,"M41L, L210W, T215Y",3.1,"['M41L', 'L210W', 'T215Y']",1
170964,,0.6,[],0
96424,"M41L, E44D, D67N, L74LV, M184V, L210W, T215Y",0.9,"['M41L', 'E44D', 'D67N', 'L74LV', 'M184V', 'L210W', 'T215Y']",1
185062,,0.9,[],1
38901,,0.9,[],1
35194,"D67N, T69D, K70R, T215F, K219Q",1.7,"['D67N', 'T69D', 'K70R', 'T215F', 'K219Q']",0
236591,,1.0,[],1
40737,S68G,0.7,['S68G'],1
38017,"M41L, E44ED, D67DN, S68SG, M184V, L210W, T215Y",2.1,"['M41L', 'E44ED', 'D67DN', 'S68SG', 'M184V', 'L210W', 'T215Y']",1
19923,"D67N, T215V, K219Q",0.7,"['D67N', 'T215V', 'K219Q']",0
236571,,0.9,[],1
17451,"E40F, M41L, D67N, L74I, L210W, T215Y, K219N",5.4,"['E40F', 'M41L', 'D67N', 'L74I', 'L210W', 'T215Y', 'K219N']",0
12270,"M41L, D67N, L210W, T215Y",2.3,"['M41L', 'D67N', 'L210W', 'T215Y']",0
214357,"M41L, L74I, M184V, L210W, T215Y",2.7,"['M41L', 'L74I', 'M184V', 'L210W', 'T215Y']",0
35156,"D67N, K70R, L74V, T215TI, K219Q",1.8,"['D67N', 'K70R', 'L74V', 'T215TI', 'K219Q']",1
3787,"D67N, K70R",1.9,"['D67N', 'K70R']",1
59209,"D67N, K70R, T215F, K219E",3.0,"['D67N', 'K70R', 'T215F', 'K219E']",1
38077,"A62V, K65R, S68G, V75I, F77L, F116Y, Q151M",8.0,"['A62V', 'K65R', 'S68G', 'V75I', 'F77L', 'F116Y', 'Q151M']",1
214365,,0.9,[],1
214353,"M184V, T215Y",0.4,"['M184V', 'T215Y']",1
68911,,0.9,[],0
34448,,0.7,[],0
37816,"D67N, T69D, K70R, M184V, T215V, K219Q",0.7,"['D67N', 'T69D', 'K70R', 'M184V', 'T215V', 'K219Q']",0
34464,"M41L, D67N, L210W, T215Y, K219R",3.0,"['M41L', 'D67N', 'L210W', 'T215Y', 'K219R']",0
237811,"M41L, T215D",0.8,"['M41L', 'T215D']",1
19999,M184V,0.4,['M184V'],0
12464,"M41L, D67N, T215Y",2.9,"['M41L', 'D67N', 'T215Y']",0
9044,T215D,0.4,['T215D'],1
37855,"M41L, D67G, S68G, K70R, M184V, T215F, K219Q",2.0,"['M41L', 'D67G', 'S68G', 'K70R', 'M184V', 'T215F', 'K219Q']",0
41241,"M41L, L74I, M184V, L210W, T215Y",1.2,"['M41L', 'L74I', 'M184V', 'L210W', 'T215Y']",0
42025,"E40F, M41L, S68G, L74I, V75A, M184V, L210W, T215Y, K219N",1.5,"['E40F', 'M41L', 'S68G', 'L74I', 'V75A', 'M184V', 'L210W', 'T215Y', 'K219N']",1
214371,"T69D, M184MV",0.6,"['T69D', 'M184MV']",1
13062,"M41L, E44ED, D67N, T69D, V75M, F77L, M184V, L210W, T215Y",2.6,"['M41L', 'E44ED', 'D67N', 'T69D', 'V75M', 'F77L', 'M184V', 'L210W', 'T215Y']",1
237141,,1.0,[],0
41187,"M41L, M184V, T215Y",1.2,"['M41L', 'M184V', 'T215Y']",1
34319,"M41L, E44A, T69D, L74I, L210W, T215Y, K219R",3.5,"['M41L', 'E44A', 'T69D', 'L74I', 'L210W', 'T215Y', 'K219R']",0
214341,"M41L, D67N, T69D, L74LV, V75VIM, M184V, T215Y",0.5,"['M41L', 'D67N', 'T69D', 'L74LV', 'V75VIM', 'M184V', 'T215Y']",0
237831,"M41L, E44D, D67N, M184V, L210W, T215Y",5.1,"['M41L', 'E44D', 'D67N', 'M184V', 'L210W', 'T215Y']",1
237815,"M41L, E44AD, D67N, L74I, M184V, L210W, T215Y, K219N",1.0,"['M41L', 'E44AD', 'D67N', 'L74I', 'M184V', 'L210W', 'T215Y', 'K219N']",1
236563,M184V,0.6,['M184V'],0
237139,"M41L, E44D, D67N, K70R, M184V, T215V, K219E",2.0,"['M41L', 'E44D', 'D67N', 'K70R', 'M184V', 'T215V', 'K219E']",1
236595,,0.7,[],0
38405,,1.0,[],1
214361,"L74LI, M184V",0.5,"['L74LI', 'M184V']",0
237827,"D67N, K70R, L74I, M184V, K219Q",2.4,"['D67N', 'K70R', 'L74I', 'M184V', 'K219Q']",1
38037,"M41L, D67N, K70R, M184V, L210W, T215Y, K219E",1.7,"['M41L', 'D67N', 'K70R', 'M184V', 'L210W', 'T215Y', 'K219E']",1
12925,"K65R, D67N, S68N, K70G, K219R",2.8,"['K65R', 'D67N', 'S68N', 'K70G', 'K219R']",0
38439,"D67N, T69D, K70R, M184V, T215F, K219Q",1.2,"['D67N', 'T69D', 'K70R', 'M184V', 'T215F', 'K219Q']",0
214335,"M41L, D67DN, M184V, L210W, T215Y",1.6,"['M41L', 'D67DN', 'M184V', 'L210W', 'T215Y']",1
41283,"D67N, K70R, K219Q",1.5,"['D67N', 'K70R', 'K219Q']",0
21195,"M41L, L74V, M184V, T215Y",0.4,"['M41L', 'L74V', 'M184V', 'T215Y']",1
237809,,1.0,[],0
37826,,0.7,[],0
236585,"D67DN, K70KR, M184V, K219KE",0.9,"['D67DN', 'K70KR', 'M184V', 'K219KE']",0
7756,"F77L, F116Y, Q151M",1.2,"['F77L', 'F116Y', 'Q151M']",0
236597,"D67N, K70R, M184V, K219Q",1.3,"['D67N', 'K70R', 'M184V', 'K219Q']",1
24746,"D67N, K70R, M184MV, T215F, K219Q",1.9,"['D67N', 'K70R', 'M184MV', 'T215F', 'K219Q']",1
34564,"M41L, K70R, M184V",0.8,"['M41L', 'K70R', 'M184V']",1
237823,M184MV,0.8,['M184MV'],1
236567,"M41L, A62V, M184V, T215Y",1.5,"['M41L', 'A62V', 'M184V', 'T215Y']",0
9168,"M41L, E44D, D67N, T69D, K70KR, L210W, T215Y",2.1,"['M41L', 'E44D', 'D67N', 'T69D', 'K70KR', 'L210W', 'T215Y']",0
21176,"D67G, S68G, K70KR, L74V, K219N",0.7,"['D67G', 'S68G', 'K70KR', 'L74V', 'K219N']",1
24252,"D67N, K70R, M184V",1.7,"['D67N', 'K70R', 'M184V']",1
237143,,0.7,[],0
23563,"Y115F, M184V",0.8,"['Y115F', 'M184V']",1
214329,"K65KR, S68SG, M184V, K219KR",0.7,"['K65KR', 'S68SG', 'M184V', 'K219KR']",1
34577,"M41L, E44D, D67N, M184V, L210W, T215Y",2.0,"['M41L', 'E44D', 'D67N', 'M184V', 'L210W', 'T215Y']",0
237817,"M41L, D67N, K70R, M184V, T215F, K219Q",1.9,"['M41L', 'D67N', 'K70R', 'M184V', 'T215F', 'K219Q']",0
214347,"Y115F, M184V, T215F, K219E",0.9,"['Y115F', 'M184V', 'T215F', 'K219E']",0
24639,"M41L, E44D, V75M, L210W, T215Y, K219N",2.1,"['M41L', 'E44D', 'V75M', 'L210W', 'T215Y', 'K219N']",1
11001,"M41L, D67N, L210W, T215Y",7.0,"['M41L', 'D67N', 'L210W', 'T215Y']",0
237833,,0.9,[],0
14753,"M41L, E44EA, D67N, L74V, L210W, T215Y, K219N",2.3,"['M41L', 'E44EA', 'D67N', 'L74V', 'L210W', 'T215Y', 'K219N']",0
38359,"M41L, A62V, S68G, T69A_VG, L210W, T215Y",51.0,"['M41L', 'A62V', 'S68G', 'T69A_VG', 'L210W', 'T215Y']",0
38271,"M41L, D67N, T69D, K70R, M184V, T215F, K219Q",2.3,"['M41L', 'D67N', 'T69D', 'K70R', 'M184V', 'T215F', 'K219Q']",0
214379,"M41L, D67N, K70R, L74I, V75T, T215F, K219Q",1.9,"['M41L', 'D67N', 'K70R', 'L74I', 'V75T', 'T215F', 'K219Q']",1
24272,"L74LV, Y115F, M184V",0.7,"['L74LV', 'Y115F', 'M184V']",0
40819,"A62V, S68G, K70N, V75I, F77L, Y115F, F116Y, Q151M, M184V",2.2,"['A62V', 'S68G', 'K70N', 'V75I', 'F77L', 'Y115F', 'F116Y', 'Q151M', 'M184V']",0
23585,"M41L, L74V, T215Y",0.7,"['M41L', 'L74V', 'T215Y']",1
40736,,1.3,[],1
24345,"M41L, D67G, S68G, T69D, K70R, M184V, T215F",1.3,"['M41L', 'D67G', 'S68G', 'T69D', 'K70R', 'M184V', 'T215F']",1
214331,K70R,1.0,['K70R'],0
24786,"M41L, E44D, D67N, T69D, L74I, L210W, T215Y",6.9,"['M41L', 'E44D', 'D67N', 'T69D', 'L74I', 'L210W', 'T215Y']",0
214369,M184V,0.3,['M184V'],0
236581,"D67N, K70R, M184V, K219Q",1.3,"['D67N', 'K70R', 'M184V', 'K219Q']",1
24066,"D67N, M184V, K219Q",0.7,"['D67N', 'M184V', 'K219Q']",1
236575,"M41L, D67N, T69D, M184V, L210W, T215Y",1.7,"['M41L', 'D67N', 'T69D', 'M184V', 'L210W', 'T215Y']",1
214381,"S68G, T69SGE, T215Y",17.0,"['S68G', 'T69SGE', 'T215Y']",0
236599,,0.9,[],0
34500,M184V,0.6,['M184V'],1
214359,,0.8,[],0
214343,,0.8,[],0
237829,"D67DN, K70KR, M184I, K219E",0.5,"['D67DN', 'K70KR', 'M184I', 'K219E']",0
38503,S68G,0.6,['S68G'],0
3798,"D67N, K70R, T215I, K219E",1.1,"['D67N', 'K70R', 'T215I', 'K219E']",1
34677,,0.7,[],0
192066,,0.6,[],1
4919,"M41L, D67N, L210W, T215Y",5.0,"['M41L', 'D67N', 'L210W', 'T215Y']",1
37989,K65R,1.6,['K65R'],0
34751,M184V,0.4,['M184V'],1
34623,"S68G, M184V, L210LW, T215Y",1.0,"['S68G', 'M184V', 'L210LW', 'T215Y']",0
19952,"A62V, D67E, T69S_SS, T215Y",18.0,"['A62V', 'D67E', 'T69S_SS', 'T215Y']",0
236569,,0.8,[],1
214383,"A62V, D67E, T69S_SS, L210W, T215Y",20.0,"['A62V', 'D67E', 'T69S_SS', 'L210W', 'T215Y']",0
10948,L74V,0.5,['L74V'],0
42021,"M41L, M184V, L210W, T215Y",1.1,"['M41L', 'M184V', 'L210W', 'T215Y']",1
23687,"M41L, D67N, M184V, T215F, K219Q",1.4,"['M41L', 'D67N', 'M184V', 'T215F', 'K219Q']",1
37772,"M41L, D67N, T69D, K70R, M184V, L210W, T215Y, K219Q",1.3,"['M41L', 'D67N', 'T69D', 'K70R', 'M184V', 'L210W', 'T215Y', 'K219Q']",0
214355,,0.6,[],0
214337,,1.1,[],0
13682,"M41L, L74V, M184V, T215Y",0.6,"['M41L', 'L74V', 'M184V', 'T215Y']",0
237825,,0.6,[],0
214363,M184MV,0.7,['M184MV'],1
214373,M184V,0.5,['M184V'],0
34844,"M41ML, T69DN, K70KR, M184V, T215F",1.4,"['M41ML', 'T69DN', 'K70KR', 'M184V', 'T215F']",0
34877,"M41L, T69S_SA, L210W, T215Y",7.1,"['M41L', 'T69S_SA', 'L210W', 'T215Y']",0
9268,,0.7,[],1
10555,"M41L, D67N, T69D, K70R, M184V, T215F",1.3,"['M41L', 'D67N', 'T69D', 'K70R', 'M184V', 'T215F']",0
8046,"E40F, M41L, D67N, V75M, M184V, L210W, T215Y, K219Q",3.7,"['E40F', 'M41L', 'D67N', 'V75M', 'M184V', 'L210W', 'T215Y', 'K219Q']",1
236573,"M41L, L210W, T215Y",3.1,"['M41L', 'L210W', 'T215Y']",1
23844,"M41L, K65R, D67N, S68G, V75I, F77L, Y115F, F116Y, Q151M, M184I, K219Q",5.2,"['M41L', 'K65R', 'D67N', 'S68G', 'V75I', 'F77L', 'Y115F', 'F116Y', 'Q151M', 'M184I', 'K219Q']",0
41193,,0.7,[],0
38175,,0.9,[],0
38213,K65R,2.0,['K65R'],0
24256,"D67G, K70R, M184V, K219E",0.5,"['D67G', 'K70R', 'M184V', 'K219E']",1
5025,"M41L, D67N, T69D, K70R, L74V, M184V, T215F, K219Q",0.9,"['M41L', 'D67N', 'T69D', 'K70R', 'L74V', 'M184V', 'T215F', 'K219Q']",0
214387,,0.6,[],0
35206,"D67N, K70R, M184V",0.7,"['D67N', 'K70R', 'M184V']",0
236593,"M41L, E44D, D67N, L74I, M184V, L210W, T215Y, K219R",2.7,"['M41L', 'E44D', 'D67N', 'L74I', 'M184V', 'L210W', 'T215Y', 'K219R']",0
16876,"M41L, L74V, L210W, T215Y",2.2,"['M41L', 'L74V', 'L210W', 'T215Y']",1
35226,"M41L, E44EA, D67N, L74V, M184V, L210W, T215Y, K219N",1.0,"['M41L', 'E44EA', 'D67N', 'L74V', 'M184V', 'L210W', 'T215Y', 'K219N']",0
38099,"M41L, M184V, L210W, T215Y",2.0,"['M41L', 'M184V', 'L210W', 'T215Y']",0
23876,"D67N, K70R, M184V, K219Q",2.0,"['D67N', 'K70R', 'M184V', 'K219Q']",0
23708,"K70KR, M184V, T215F",1.2,"['K70KR', 'M184V', 'T215F']",0
24457,"M41L, D67DN, M184V, L210W, T215Y",1.5,"['M41L', 'D67DN', 'M184V', 'L210W', 'T215Y']",1
35230,"M41L, D67N, T215CY",1.8,"['M41L', 'D67N', 'T215CY']",0
38069,"D67N, M184V, K219Q",0.4,"['D67N', 'M184V', 'K219Q']",0
34963,"D67N, M184V, K219Q",0.6,"['D67N', 'M184V', 'K219Q']",1
214351,"M41L, E44A, D67N, V75M, M184V, L210W, T215Y, K219E",2.5,"['M41L', 'E44A', 'D67N', 'V75M', 'M184V', 'L210W', 'T215Y', 'K219E']",1
214333,"M41L, D67N, K70R, L74I, V75T, T215F, K219Q",2.0,"['M41L', 'D67N', 'K70R', 'L74I', 'V75T', 'T215F', 'K219Q']",1
214375,"M41L, E44D, L74LI, M184V, L210W, T215Y",2.3,"['M41L', 'E44D', 'L74LI', 'M184V', 'L210W', 'T215Y']",0
34971,"D67N, K70R, M184V, K219Q",0.7,"['D67N', 'K70R', 'M184V', 'K219Q']",0
23922,"M41L, M184V, L210W, T215Y",2.0,"['M41L', 'M184V', 'L210W', 'T215Y']",1
237813,,0.9,[],1
57862,"A62AV, S68SG, K70KN, V75T",1.4,"['A62AV', 'S68SG', 'K70KN', 'V75T']",1
236561,M184MV,0.6,['M184MV'],1
38209,"D67N, K70R, M184V, K219E",1.2,"['D67N', 'K70R', 'M184V', 'K219E']",0
17397,"M41L, E44A, D67N, L74V, L210W, T215Y, K219N",2.3,"['M41L', 'E44A', 'D67N', 'L74V', 'L210W', 'T215Y', 'K219N']",0
9099,,0.7,[],0
237819,T69D,0.8,['T69D'],0
214385,"M41L, E44D, D67N, M184V, L210W, T215Y",3.3,"['M41L', 'E44D', 'D67N', 'M184V', 'L210W', 'T215Y']",1
34497,M184IV,0.7,['M184IV'],0
37875,"M41L, E44D, D67DN, M184V, L210W, T215Y",2.6,"['M41L', 'E44D', 'D67DN', 'M184V', 'L210W', 'T215Y']",0
11723,"M41L, D67N, T69D, L210W, T215Y",3.9,"['M41L', 'D67N', 'T69D', 'L210W', 'T215Y']",0
35193,"M41L, A62AV, V75I, M184V, T215Y",1.0,"['M41L', 'A62AV', 'V75I', 'M184V', 'T215Y']",0
34922,,0.5,[],1
37949,"M41L, D67N, K70R, T215F, K219Q",3.8,"['M41L', 'D67N', 'K70R', 'T215F', 'K219Q']",0
34501,,0.8,[],0
38265,M184I,0.3,['M184I'],0
214377,"M41L, T215D",1.0,"['M41L', 'T215D']",0
237145,K219E,0.8,['K219E'],1
10532,,1.2,[],1
34849,"D67G, S68G, K70R, K219Q",1.1,"['D67G', 'S68G', 'K70R', 'K219Q']",1
236587,,0.7,[],1
23667,K70R,1.4,['K70R'],0
38123,"D67N, K70R, L74IV, T215I, K219E",1.3,"['D67N', 'K70R', 'L74IV', 'T215I', 'K219E']",0
236559,T215D,0.7,['T215D'],1
17408,"M41L, S68G, L210W, T215Y",2.9,"['M41L', 'S68G', 'L210W', 'T215Y']",0
23192,"M41L, D67N, M184V, L210W, T215Y",0.9,"['M41L', 'D67N', 'M184V', 'L210W', 'T215Y']",0
23543,"M41L, D67N, V75M, L210W, T215Y",3.4,"['M41L', 'D67N', 'V75M', 'L210W', 'T215Y']",1
58186,"D67G, M184V",0.5,"['D67G', 'M184V']",1
14788,"D67N, K70R",1.1,"['D67N', 'K70R']",1
37914,"M41L, E44D, V75M, M184V, L210W, T215Y, K219N",2.3,"['M41L', 'E44D', 'V75M', 'M184V', 'L210W', 'T215Y', 'K219N']",0
237821,,0.8,[],0
40821,"M41L, L210W, T215Y",3.1,"['M41L', 'L210W', 'T215Y']",1
214367,"M184I, T215D",0.6,"['M184I', 'T215D']",1
236565,M184V,0.5,['M184V'],0
15990,K70R,1.1,['K70R'],0
236601,,1.0,[],0
39039,M184V,0.7,['M184V'],0
236589,,0.9,[],1
38147,T215Y,1.2,['T215Y'],1
34456,,0.7,[],1
214349,"E44ED, D67N, T69D",0.6,"['E44ED', 'D67N', 'T69D']",0
37881,"M41L, E44D, D67N, K70R, V75VA, L210W, T215Y, K219E",2.3,"['M41L', 'E44D', 'D67N', 'K70R', 'V75VA', 'L210W', 'T215Y', 'K219E']",1
37687,"M41L, M184V, L210W, T215Y",1.2,"['M41L', 'M184V', 'L210W', 'T215Y']",0
10564,"D67N, T69D, K70R, M184V, T215F, K219Q",0.7,"['D67N', 'T69D', 'K70R', 'M184V', 'T215F', 'K219Q']",1
38623,,1.0,[],0
214339,,0.9,[],1
23806,"M41L, E44D, D67N, L210W, T215Y, K219R",7.1,"['M41L', 'E44D', 'D67N', 'L210W', 'T215Y', 'K219R']",1
68561,"D67G, T69DN, K70R, M184V, K219Q",2.4,"['D67G', 'T69DN', 'K70R', 'M184V', 'K219Q']",0
236583,,1.3,[],1
236579,,1.0,[],1
15932,"D67N, K70R, M184V, T215Y, K219Q",0.7,"['D67N', 'K70R', 'M184V', 'T215Y', 'K219Q']",0
24615,,0.5,[],1
236577,M184V,0.4,['M184V'],1
34910,,0.9,[],1
214345,,0.9,[],0
237865,M184V,0.2,['M184V'],0
237855,,0.7,[],0
237895,"Y115YF, M184I, K219KE",0.8,"['Y115YF', 'M184I', 'K219KE']",0
237899,S68G,0.7,['S68G'],0
237869,,1.0,[],0
237859,,0.9,[],0
237875,"K70KE, M184I",0.6,"['K70KE', 'M184I']",0
237901,,0.6,[],0
237843,,0.9,[],0
237891,M184V,0.2,['M184V'],1
237885,,0.8,[],1
237851,S68G,0.9,['S68G'],0
237889,,0.8,[],1
237837,M184V,0.4,['M184V'],1
237871,"A62AV, K65KN, M184MIV",0.7,"['A62AV', 'K65KN', 'M184MIV']",0
237847,,0.7,[],0
237839,,0.8,[],0
237879,"L74V, M184V",0.3,"['L74V', 'M184V']",1
237893,,1.0,[],1
237887,M184I,0.7,['M184I'],1
237853,"K65KR, S68SG, M184MIV",0.8,"['K65KR', 'S68SG', 'M184MIV']",0
237863,,0.8,[],0
237841,"D67G, M184I, K219E",0.5,"['D67G', 'M184I', 'K219E']",0
237903,M184V,0.4,['M184V'],0
237867,M184V,0.4,['M184V'],1
237897,S68G,0.7,['S68G'],1
237873,,0.9,[],0
237857,"K65R, T69T_X, K219KE",2.0,"['K65R', 'T69T_X', 'K219KE']",0
237881,,0.9,[],1
237883,M184I,0.5,['M184I'],1
237845,M184I,0.3,['M184I'],0
237835,,0.7,[],1
237861,M184I,0.5,['M184I'],0
237849,M184I,0.4,['M184I'],1
237877,,0.9,[],0
248973,,0.7,[],0
248970,M184I,0.8,['M184I'],0
248971,M184I,0.6,['M184I'],1
248969,,1.1,[],1
248972,,1.2,[],0
575464,K65R,1.7,['K65R'],0
575461,"Q151M, M184IV",1.1,"['Q151M', 'M184IV']",0
575462,T69S_SS,17.0,['T69S_SS'],1
575469,"K65R, Q151M, M184V",5.9,"['K65R', 'Q151M', 'M184V']",0
575456,M184I,0.6,['M184I'],0
575463,"T69S_SS, M184IV",5.1,"['T69S_SS', 'M184IV']",1
575468,"K65R, Q151M",9.8,"['K65R', 'Q151M']",0
575470,"K70E, M184IV",0.7,"['K70E', 'M184IV']",1
575457,M184V,0.6,['M184V'],1
575459,"L74V, M184V",0.4,"['L74V', 'M184V']",1
575467,"K65R, L74V, Y115F, M184V",1.9,"['K65R', 'L74V', 'Y115F', 'M184V']",0
575466,"K65R, L74I, M184V",1.4,"['K65R', 'L74I', 'M184V']",1
575458,L74V,0.5,['L74V'],0
575460,Q151M,1.9,['Q151M'],0
575465,"K65R, M184IV",1.3,"['K65R', 'M184IV']",1
575455,,1.0,[],1
592190,"M41L, S68SG, M184V, L210W, T215Y",2.5,"['M41L', 'S68SG', 'M184V', 'L210W', 'T215Y']",1
592218,M184V,0.5,['M184V'],0
591678,,0.8,[],1
591822,,1.1,[],1
591480,"M41L, L210W, T215Y",13.0,"['M41L', 'L210W', 'T215Y']",1
592096,"M41L, D67N, S68G, K70R, M184V, T215Y, K219E",1.9,"['M41L', 'D67N', 'S68G', 'K70R', 'M184V', 'T215Y', 'K219E']",1
591504,L210LW,0.8,['L210LW'],1
591436,"D67G, S68G, K70R, V75I, Y115YF, F116Y, Q151M, M184V, T215V, K219E",1.2,"['D67G', 'S68G', 'K70R', 'V75I', 'Y115YF', 'F116Y', 'Q151M', 'M184V', 'T215V', 'K219E']",0
592010,,1.1,[],1
591712,"M41L, E44D, D67N, T69D, M184V, L210W, T215Y, K219KN",1.3,"['M41L', 'E44D', 'D67N', 'T69D', 'M184V', 'L210W', 'T215Y', 'K219KN']",0
591368,"M41L, L74V, M184V, T215F",0.8,"['M41L', 'L74V', 'M184V', 'T215F']",1
591748,"M41L, S68G, M184V, T215Y",0.9,"['M41L', 'S68G', 'M184V', 'T215Y']",1
591884,"D67N, K70R, M184V, T215I, K219E",1.1,"['D67N', 'K70R', 'M184V', 'T215I', 'K219E']",0
591702,"D67N, K70R, M184MI, K219E",1.6,"['D67N', 'K70R', 'M184MI', 'K219E']",0
592354,,0.8,[],0
592312,"M41L, D67N, T69D, L74I, M184V, L210W, T215Y",0.8,"['M41L', 'D67N', 'T69D', 'L74I', 'M184V', 'L210W', 'T215Y']",1
592056,"V75M, F77L, M184V, T215Y",0.9,"['V75M', 'F77L', 'M184V', 'T215Y']",1
592092,"D67N, T69D, K70KR, M184V, T215FIL, K219Q",0.4,"['D67N', 'T69D', 'K70KR', 'M184V', 'T215FIL', 'K219Q']",0
592118,"D67N, T69D, T215C, K219Q",0.8,"['D67N', 'T69D', 'T215C', 'K219Q']",1
591730,"M41L, D67DN, T69D, L210W, T215CY",2.6,"['M41L', 'D67DN', 'T69D', 'L210W', 'T215CY']",0
592430,,0.7,[],1
591922,"M41L, E44D, D67N, L74LV, L210W, T215Y, K219R",3.8,"['M41L', 'E44D', 'D67N', 'L74LV', 'L210W', 'T215Y', 'K219R']",0
592348,"M41L, E44D, D67N, M184V, L210W, T215Y",0.7,"['M41L', 'E44D', 'D67N', 'M184V', 'L210W', 'T215Y']",0
591966,"M41L, D67N, M184V, L210W, T215Y, K219N",1.7,"['M41L', 'D67N', 'M184V', 'L210W', 'T215Y', 'K219N']",0
591964,"M41L, D67DN, L74V, M184V, T215Y",0.7,"['M41L', 'D67DN', 'L74V', 'M184V', 'T215Y']",1
591554,S68G,0.9,['S68G'],0
592402,,1.0,[],1
592390,"M41L, E44D, D67E, S68G, V75M, M184V, L210W, T215Y",2.7,"['M41L', 'E44D', 'D67E', 'S68G', 'V75M', 'M184V', 'L210W', 'T215Y']",0
591380,"M41L, D67N, T69D, K70R, M184V, T215F, K219Q",1.0,"['M41L', 'D67N', 'T69D', 'K70R', 'M184V', 'T215F', 'K219Q']",1
592002,"M41L, E44A, D67N, V75M, F77L, M184V, L210W, T215Y, K219KR",2.4,"['M41L', 'E44A', 'D67N', 'V75M', 'F77L', 'M184V', 'L210W', 'T215Y', 'K219KR']",0
591416,"M41L, E44D, T69D, M184V, L210W, T215Y, K219R",1.2,"['M41L', 'E44D', 'T69D', 'M184V', 'L210W', 'T215Y', 'K219R']",1
591378,D67DN,0.8,['D67DN'],1
592250,"M41L, E44D, D67N, T69D, L74V, M184V, L210W, T215Y, K219R",4.1,"['M41L', 'E44D', 'D67N', 'T69D', 'L74V', 'M184V', 'L210W', 'T215Y', 'K219R']",0
591772,,0.7,[],0
591688,"M41L, A62AV, D67DN, V75I, L210W, T215Y",2.4,"['M41L', 'A62AV', 'D67DN', 'V75I', 'L210W', 'T215Y']",1
592252,"D67N, K70R, L74V, V75A, K219Q",4.5,"['D67N', 'K70R', 'L74V', 'V75A', 'K219Q']",0
592388,"D67N, K70R, M184V, K219Q",1.2,"['D67N', 'K70R', 'M184V', 'K219Q']",0
592392,,0.6,[],0
591660,"D67N, T69D, K70R, M184V, L210W, T215F, K219Q",1.0,"['D67N', 'T69D', 'K70R', 'M184V', 'L210W', 'T215F', 'K219Q']",0
592186,"M41L, D67N, M184V, L210W, T215Y, K219E",1.3,"['M41L', 'D67N', 'M184V', 'L210W', 'T215Y', 'K219E']",1
592308,"M41L, D67G, S68G, K70R, M184V, T215F, K219E",2.5,"['M41L', 'D67G', 'S68G', 'K70R', 'M184V', 'T215F', 'K219E']",1
592280,,0.6,[],1
591934,,0.9,[],0
591356,"M41L, D67N, V75M, M184V, L210W, T215Y, K219E",0.7,"['M41L', 'D67N', 'V75M', 'M184V', 'L210W', 'T215Y', 'K219E']",1
591456,"E40F, M41L, D67N, L74V, M184V, L210W, T215Y, K219N",2.1,"['E40F', 'M41L', 'D67N', 'L74V', 'M184V', 'L210W', 'T215Y', 'K219N']",0
591650,T215Y,1.6,['T215Y'],1
592160,M184V,0.7,['M184V'],0
592074,,1.2,[],0
592246,,1.1,[],0
591878,"M41L, D67N, K70R, M184V, T215F, K219Q",1.1,"['M41L', 'D67N', 'K70R', 'M184V', 'T215F', 'K219Q']",0
591780,"M41L, E44D, D67N, M184V, L210W, T215Y, K219N",3.2,"['M41L', 'E44D', 'D67N', 'M184V', 'L210W', 'T215Y', 'K219N']",0
592374,"M41L, M184MV, L210LW, T215Y",1.9,"['M41L', 'M184MV', 'L210LW', 'T215Y']",0
592412,"M41L, M184V, L210W, T215Y",0.7,"['M41L', 'M184V', 'L210W', 'T215Y']",1
591638,,1.1,[],0
591610,"M41ML, E44A, D67N, V75M, F77L, L210W, T215D",0.6,"['M41ML', 'E44A', 'D67N', 'V75M', 'F77L', 'L210W', 'T215D']",0
591586,,0.9,[],1
591628,,0.6,[],1
591412,,1.2,[],0
592224,,1.0,[],0
591758,,0.6,[],1
591566,,1.1,[],0
591446,"M41L, E44D, D67N, L210W, T215Y, K219KR",2.6,"['M41L', 'E44D', 'D67N', 'L210W', 'T215Y', 'K219KR']",0
592048,,0.7,[],0
591756,"M41L, D67N, T69D, K70R, L74LI, M184V, T215F, K219Q",1.8,"['M41L', 'D67N', 'T69D', 'K70R', 'L74LI', 'M184V', 'T215F', 'K219Q']",1
591466,"E40F, M41L, A62V, T69D, L74I, M184V, L210W, T215Y, K219R",6.6,"['E40F', 'M41L', 'A62V', 'T69D', 'L74I', 'M184V', 'L210W', 'T215Y', 'K219R']",0
591492,,1.0,[],1
592164,,0.7,[],1
591574,"M41ML, K70KR, T215Y",6.4,"['M41ML', 'K70KR', 'T215Y']",1
592194,"D67N, T69D, K70R, M184V, T215F, K219Q",0.8,"['D67N', 'T69D', 'K70R', 'M184V', 'T215F', 'K219Q']",1
592040,"D67N, T69D, K70R, M184V",1.8,"['D67N', 'T69D', 'K70R', 'M184V']",0
592018,,0.8,[],1
591624,"M41L, M184V, T215Y",1.6,"['M41L', 'M184V', 'T215Y']",0
591360,,2.2,[],1
592140,"D67N, K70R, M184V, T215F, K219Q",2.5,"['D67N', 'K70R', 'M184V', 'T215F', 'K219Q']",1
591744,,0.8,[],1
591608,"M41L, E44A, D67N, V75M, F77L, L210W",0.7,"['M41L', 'E44A', 'D67N', 'V75M', 'F77L', 'L210W']",0
591742,"D67N, K70R, M184V, T215Y, K219E",1.1,"['D67N', 'K70R', 'M184V', 'T215Y', 'K219E']",0
592006,"K70N, M184V, T215Y",0.6,"['K70N', 'M184V', 'T215Y']",1
591370,T215D,0.5,['T215D'],1
591632,"D67NS, K70R, M184V, L210LW, K219E",1.1,"['D67NS', 'K70R', 'M184V', 'L210LW', 'K219E']",0
592284,"D67N, T69DN, K70R, M184V, T215F, K219Q",0.6,"['D67N', 'T69DN', 'K70R', 'M184V', 'T215F', 'K219Q']",1
592344,A62AV,0.8,['A62AV'],0
592380,"M41L, D67N, T69D, M184V, L210W, T215CY",0.5,"['M41L', 'D67N', 'T69D', 'M184V', 'L210W', 'T215CY']",0
591828,"M41L, D67N, M184V, L210W, T215Y, K219E",0.8,"['M41L', 'D67N', 'M184V', 'L210W', 'T215Y', 'K219E']",1
591536,"M41L, D67G, S68G, K70R, M184AV, T215Y, K219E",2.7,"['M41L', 'D67G', 'S68G', 'K70R', 'M184AV', 'T215Y', 'K219E']",0
592336,"M41L, D67N, T69D, K70R, T215F, K219Q",3.9,"['M41L', 'D67N', 'T69D', 'K70R', 'T215F', 'K219Q']",1
591786,"M41L, D67N, K70R, M184V, T215Y, K219Q",1.4,"['M41L', 'D67N', 'K70R', 'M184V', 'T215Y', 'K219Q']",0
591594,D67DN,1.1,['D67DN'],1
591734,"S68SG, L74V, Y115F, M184V, T215Y",0.5,"['S68SG', 'L74V', 'Y115F', 'M184V', 'T215Y']",1
591674,"D67N, K70KE, M184V, L210W, T215Y",1.1,"['D67N', 'K70KE', 'M184V', 'L210W', 'T215Y']",0
591538,"M41L, E44EA, L74LI, M184V, L210W, T215Y",1.5,"['M41L', 'E44EA', 'L74LI', 'M184V', 'L210W', 'T215Y']",0
591432,"D67N, K70R, M184V, K219Q",0.9,"['D67N', 'K70R', 'M184V', 'K219Q']",1
592278,,0.7,[],1
591970,"D67N, V75VA, M184V",0.4,"['D67N', 'V75VA', 'M184V']",1
591846,,0.8,[],1
592316,,1.1,[],1
592156,"M41L, L74V, M184V, L210W, T215Y",0.4,"['M41L', 'L74V', 'M184V', 'L210W', 'T215Y']",0
591500,"M41L, M184V, T215F",0.7,"['M41L', 'M184V', 'T215F']",0
591706,"D67N, M184V, L210W, T215Y",0.8,"['D67N', 'M184V', 'L210W', 'T215Y']",0
591510,"M41L, D67N, T69D, K70R, V75M, M184V, L210W, T215F, K219Q",2.7,"['M41L', 'D67N', 'T69D', 'K70R', 'V75M', 'M184V', 'L210W', 'T215F', 'K219Q']",0
591578,M41ML,1.0,['M41ML'],1
592132,"M41L, E44ED, S68G, M184V, L210W, T215Y",1.0,"['M41L', 'E44ED', 'S68G', 'M184V', 'L210W', 'T215Y']",0
591440,,1.2,[],0
591986,"M41L, D67DN, K70KR, M184V, T215Y",1.1,"['M41L', 'D67DN', 'K70KR', 'M184V', 'T215Y']",0
591992,"M41L, D67N, M184V, L210W, T215Y",2.0,"['M41L', 'D67N', 'M184V', 'L210W', 'T215Y']",0
592176,,0.7,[],0
592080,"M41L, L74V, M184V, T215Y",0.5,"['M41L', 'L74V', 'M184V', 'T215Y']",1
591462,,1.0,[],0
591400,"M41L, E44D, D67N, K70R, V75M, F77L, M184V, L210W, T215Y, K219E",1.3,"['M41L', 'E44D', 'D67N', 'K70R', 'V75M', 'F77L', 'M184V', 'L210W', 'T215Y', 'K219E']",0
592170,"M41L, D67N, T69D, K70R, T215F, K219Q",4.4,"['M41L', 'D67N', 'T69D', 'K70R', 'T215F', 'K219Q']",1
592404,,0.9,[],0
592396,"S68G, M184V, L210W, T215Y",0.9,"['S68G', 'M184V', 'L210W', 'T215Y']",1
591856,,0.8,[],1
592444,"A62V, S68G, K70S, V75I, F77L, Y115F, F116Y, Q151M, M184V, T215D",2.0,"['A62V', 'S68G', 'K70S', 'V75I', 'F77L', 'Y115F', 'F116Y', 'Q151M', 'M184V', 'T215D']",1
592364,"M41L, E44A, D67N, M184V, L210W, T215Y",2.2,"['M41L', 'E44A', 'D67N', 'M184V', 'L210W', 'T215Y']",0
591684,"M41L, D67N, M184V, L210LW, T215Y",1.2,"['M41L', 'D67N', 'M184V', 'L210LW', 'T215Y']",1
591522,"L74LV, Y115YF, M184MV",0.6,"['L74LV', 'Y115YF', 'M184MV']",0
591886,"S68SG, L74LI, M184V",0.5,"['S68SG', 'L74LI', 'M184V']",1
592228,"M41L, E44D, D67N, M184V, L210W, T215Y, K219N",2.2,"['M41L', 'E44D', 'D67N', 'M184V', 'L210W', 'T215Y', 'K219N']",1
592034,,1.1,[],0
591978,"A62V, M184V, T215Y",1.4,"['A62V', 'M184V', 'T215Y']",1
591614,"D67DN, L210LW, K219KN",0.8,"['D67DN', 'L210LW', 'K219KN']",1
592124,"M41L, E44A, D67N, L74I, M184V, L210W, T215Y, K219N",1.3,"['M41L', 'E44A', 'D67N', 'L74I', 'M184V', 'L210W', 'T215Y', 'K219N']",0
591838,K70KR,1.5,['K70KR'],0
591402,"M41L, E44D, D67N, K70R, V75M, F77L, M184V, L210W, T215Y, K219E",1.1,"['M41L', 'E44D', 'D67N', 'K70R', 'V75M', 'F77L', 'M184V', 'L210W', 'T215Y', 'K219E']",0
591662,"M41L, M184MV, L210W, T215Y, K219R",6.3,"['M41L', 'M184MV', 'L210W', 'T215Y', 'K219R']",0
591374,T215D,0.5,['T215D'],0
591642,M41L,1.0,['M41L'],0
591640,"M41L, T215Y",1.3,"['M41L', 'T215Y']",0
591634,"M41L, E44A, A62V, D67DG, S68SGR, K70KT, L74LV, M184V, L210W, T215Y, K219KN",1.8,"['M41L', 'E44A', 'A62V', 'D67DG', 'S68SGR', 'K70KT', 'L74LV', 'M184V', 'L210W', 'T215Y', 'K219KN']",1
591752,"M41L, D67N, L74V, M184V, L210W, T215Y, K219KN",1.5,"['M41L', 'D67N', 'L74V', 'M184V', 'L210W', 'T215Y', 'K219KN']",1
591880,"M41L, D67N, K70R, M184V, T215F, K219Q",1.1,"['M41L', 'D67N', 'K70R', 'M184V', 'T215F', 'K219Q']",1
592060,"M41L, D67N, T69D, K70R, L210W, T215FS, K219Q",1.2,"['M41L', 'D67N', 'T69D', 'K70R', 'L210W', 'T215FS', 'K219Q']",0
591582,"E40F, M41L, D67N, K70Q, L210W, T215Y, K219R",5.7,"['E40F', 'M41L', 'D67N', 'K70Q', 'L210W', 'T215Y', 'K219R']",1
592376,"M41L, E44ED, V75VIM, L210W",1.2,"['M41L', 'E44ED', 'V75VIM', 'L210W']",1
592290,"M41ML, T215Y",2.7,"['M41ML', 'T215Y']",0
591474,"M41L, M184V, L210W, T215Y",1.1,"['M41L', 'M184V', 'L210W', 'T215Y']",0
591868,"M41L, E44D, D67N, L74V, L210W, T215Y, K219NS",2.9,"['M41L', 'E44D', 'D67N', 'L74V', 'L210W', 'T215Y', 'K219NS']",0
592398,,1.0,[],0
591892,,0.9,[],1
591982,,1.0,[],0
591450,,0.8,[],1
591904,"M41L, E44D, D67N, M184V, L210W, T215Y, K219DN",1.1,"['M41L', 'E44D', 'D67N', 'M184V', 'L210W', 'T215Y', 'K219DN']",1
592110,"M41L, E44A, L74I, M184V, L210W, T215Y, K219R",1.1,"['M41L', 'E44A', 'L74I', 'M184V', 'L210W', 'T215Y', 'K219R']",1
591598,"M41L, D67N, K70R, L74I, M184V, L210W, T215Y, K219E",1.4,"['M41L', 'D67N', 'K70R', 'L74I', 'M184V', 'L210W', 'T215Y', 'K219E']",0
592044,"M41L, L74V, L210W, T215Y",0.8,"['M41L', 'L74V', 'L210W', 'T215Y']",1
591768,"M41L, T69ADV, L74LI, M184V, L210W, T215Y, K219R",2.6,"['M41L', 'T69ADV', 'L74LI', 'M184V', 'L210W', 'T215Y', 'K219R']",0
591420,"S68G, L210W, T215Y",2.8,"['S68G', 'L210W', 'T215Y']",0
591488,"M41L, D67N, T69D, M184V, L210W, T215F, K219R",2.3,"['M41L', 'D67N', 'T69D', 'M184V', 'L210W', 'T215F', 'K219R']",1
592442,"M41ML, L74LV",0.6,"['M41ML', 'L74LV']",1
592050,,0.6,[],0
591524,"L74LV, Y115YF, M184MV",0.9,"['L74LV', 'Y115YF', 'M184MV']",1
592138,"M41L, E44A, D67G, S68G, M184V, L210W, T215Y",2.5,"['M41L', 'E44A', 'D67G', 'S68G', 'M184V', 'L210W', 'T215Y']",0
592146,T215F,0.9,['T215F'],0
592064,"M41L, E44ED, D67N, T69D, M184V, L210W, T215Y",1.9,"['M41L', 'E44ED', 'D67N', 'T69D', 'M184V', 'L210W', 'T215Y']",0
591394,"K70KE, M184V",0.4,"['K70KE', 'M184V']",1
591612,"M41ML, E44ED, D67DN, L210LW, K219KN",0.6,"['M41ML', 'E44ED', 'D67DN', 'L210LW', 'K219KN']",1
592382,"M41L, D67DN, M184V, L210W, T215Y, K219KN",1.7,"['M41L', 'D67DN', 'M184V', 'L210W', 'T215Y', 'K219KN']",1
591726,"M41L, E44D, S68G, M184V, L210W, T215Y",2.0,"['M41L', 'E44D', 'S68G', 'M184V', 'L210W', 'T215Y']",0
592258,"T69D, K70R",1.1,"['T69D', 'K70R']",1
591464,"D67N, K70R, M184V, K219Q",1.0,"['D67N', 'K70R', 'M184V', 'K219Q']",1
591490,,1.1,[],0
591672,"D67G, T69D, K70R, M184V, K219Q",0.8,"['D67G', 'T69D', 'K70R', 'M184V', 'K219Q']",1
591818,"M41L, E44D, M184V, T215F",1.8,"['M41L', 'E44D', 'M184V', 'T215F']",1
591974,"M41L, E44D, D67N, L74V, M184V, L210W, T215Y, K219R",0.8,"['M41L', 'E44D', 'D67N', 'L74V', 'M184V', 'L210W', 'T215Y', 'K219R']",1
591908,"M41L, D67DG, S68SG, M184MV, L210LW, T215Y, K219E",1.3,"['M41L', 'D67DG', 'S68SG', 'M184MV', 'L210LW', 'T215Y', 'K219E']",1
591666,"D67N, T69D, L74V, K219Q",0.4,"['D67N', 'T69D', 'L74V', 'K219Q']",1
591428,,1.0,[],0
592154,"M41L, D67N, V75M, F77L, T215F",2.1,"['M41L', 'D67N', 'V75M', 'F77L', 'T215F']",1
591514,M184MV,0.6,['M184MV'],1
591604,"M41L, E44D, D67N, T69D, L210W",1.1,"['M41L', 'E44D', 'D67N', 'T69D', 'L210W']",1
592360,"M41ML, T215C",1.2,"['M41ML', 'T215C']",1
592084,"D67N, K70R, L74I, M184V, T215F, K219E",0.8,"['D67N', 'K70R', 'L74I', 'M184V', 'T215F', 'K219E']",0
591866,"M41L, E44D, D67N, L74V, L210W, T215Y, K219N",1.7,"['M41L', 'E44D', 'D67N', 'L74V', 'L210W', 'T215Y', 'K219N']",1
592204,"M41MIL, M184MV, T215L",0.6,"['M41MIL', 'M184MV', 'T215L']",0
591948,"M41L, D67N, K70KR, T215F, K219E",2.7,"['M41L', 'D67N', 'K70KR', 'T215F', 'K219E']",1
591622,"M41L, M184V, T215Y",1.5,"['M41L', 'M184V', 'T215Y']",0
592260,"D67N, K70R, M184V, K219Q",0.7,"['D67N', 'K70R', 'M184V', 'K219Q']",0
591996,,0.7,[],0
591762,,0.8,[],1
592334,"M41ML, D67DN, L74LV, M184MV, L210LW, K219KN",1.2,"['M41ML', 'D67DN', 'L74LV', 'M184MV', 'L210LW', 'K219KN']",0
592012,"M41L, D67G, S68G, M184V, T215Y, K219E",1.2,"['M41L', 'D67G', 'S68G', 'M184V', 'T215Y', 'K219E']",1
591720,,0.8,[],1
591390,"M41L, A62V, D67N, T69D, K70R, V75I, L210W, T215F, K219Q",2.8,"['M41L', 'A62V', 'D67N', 'T69D', 'K70R', 'V75I', 'L210W', 'T215F', 'K219Q']",0
591842,,0.7,[],0
591914,"M41L, L74I, M184V, L210W, T215Y",1.6,"['M41L', 'L74I', 'M184V', 'L210W', 'T215Y']",1
592300,"M41L, E44D, D67N, T69D, V75M, M184V, L210W, T215Y",1.7,"['M41L', 'E44D', 'D67N', 'T69D', 'V75M', 'M184V', 'L210W', 'T215Y']",0
591534,"D67DN, M184V, T215TI",0.8,"['D67DN', 'M184V', 'T215TI']",0
592052,"M41L, S68G, L74I, M184V, L210W, T215Y",0.4,"['M41L', 'S68G', 'L74I', 'M184V', 'L210W', 'T215Y']",0
591956,"A62AV, K65R, M184V, L210W",1.4,"['A62AV', 'K65R', 'M184V', 'L210W']",0
591776,,0.8,[],0
592326,"D67DN, K70R, K219EQ",1.9,"['D67DN', 'K70R', 'K219EQ']",0
591848,,0.7,[],1
592238,"D67N, K70R, V75I, K219E",1.9,"['D67N', 'K70R', 'V75I', 'K219E']",0
592036,"M41L, S68G, L74V, M184V, L210W, T215Y",0.8,"['M41L', 'S68G', 'L74V', 'M184V', 'L210W', 'T215Y']",1
591646,"M41L, E44D, D67H, S68N, T69DN, K70KR, M184V, T215F, K219Q",0.9,"['M41L', 'E44D', 'D67H', 'S68N', 'T69DN', 'K70KR', 'M184V', 'T215F', 'K219Q']",1
591546,"M41L, D67G, T69DE, K70T, L74V, M184V, L210W, T215Y",1.1,"['M41L', 'D67G', 'T69DE', 'K70T', 'L74V', 'M184V', 'L210W', 'T215Y']",0
592128,"M41L, D67N, T69D, K70R, L74I, V75M, M184V, T215F, K219Q",2.0,"['M41L', 'D67N', 'T69D', 'K70R', 'L74I', 'V75M', 'M184V', 'T215F', 'K219Q']",0
591916,"M41L, V75I, L210W, T215Y",1.0,"['M41L', 'V75I', 'L210W', 'T215Y']",1
592198,"M41L, E44D, D67N, K70KR, L74IV, M184V, T215Y, K219Q",1.1,"['M41L', 'E44D', 'D67N', 'K70KR', 'L74IV', 'M184V', 'T215Y', 'K219Q']",1
591478,"M41L, E44A, D67N, V75M, L210W, T215FY, K219N",2.1,"['M41L', 'E44A', 'D67N', 'V75M', 'L210W', 'T215FY', 'K219N']",0
592292,,0.8,[],1
591802,"D67N, K70KR, M184MV, K219Q",1.9,"['D67N', 'K70KR', 'M184MV', 'K219Q']",1
591470,"S68G, L74V, V75S, K219KN",0.4,"['S68G', 'L74V', 'V75S', 'K219KN']",0
592234,"M41L, S68G, K70KN, L74I, V75T, M184V, L210W, T215Y",0.8,"['M41L', 'S68G', 'K70KN', 'L74I', 'V75T', 'M184V', 'L210W', 'T215Y']",1
591406,"M41L, L74LV, M184V, T215Y",1.1,"['M41L', 'L74LV', 'M184V', 'T215Y']",1
591716,"L74V, Y115F, M184V",0.5,"['L74V', 'Y115F', 'M184V']",1
592324,"K70R, K219KQ",1.2,"['K70R', 'K219KQ']",0
591616,"M41L, D67N, L74LI, L210W, T215Y, K219R",3.6,"['M41L', 'D67N', 'L74LI', 'L210W', 'T215Y', 'K219R']",0
591364,"L210W, T215Y",1.2,"['L210W', 'T215Y']",1
591778,,0.9,[],1
591424,K219KR,1.0,['K219KR'],0
592134,M184V,0.5,['M184V'],0
591498,"M41L, D67N, V75I, L210W, T215Y, K219KR",2.7,"['M41L', 'D67N', 'V75I', 'L210W', 'T215Y', 'K219KR']",1
592106,"M41ML, D67N, K70R, M184V, K219Q",1.0,"['M41ML', 'D67N', 'K70R', 'M184V', 'K219Q']",1
592108,"M41L, E44D, D67N, L74V, M184V, L210W, T215Y",1.1,"['M41L', 'E44D', 'D67N', 'L74V', 'M184V', 'L210W', 'T215Y']",0
591454,,0.9,[],0
591398,S68G,1.2,['S68G'],0
591936,"M41L, E44A, D67N, K70R, V75M, M184V, T215Y, K219E",3.0,"['M41L', 'E44A', 'D67N', 'K70R', 'V75M', 'M184V', 'T215Y', 'K219E']",1
591820,,0.9,[],1
591530,"D67N, K70R, M184MV, K219E",0.8,"['D67N', 'K70R', 'M184MV', 'K219E']",0
592150,"M41L, K70R, L74I, Y115F, M184V, T215F, K219Q",1.2,"['M41L', 'K70R', 'L74I', 'Y115F', 'M184V', 'T215F', 'K219Q']",1
592264,"M41L, E44D, D67N, M184V, L210L*W, T215Y",1.4,"['M41L', 'E44D', 'D67N', 'M184V', 'L210L*W', 'T215Y']",1
592436,"M41L, D67N, T69D, L74V, M184V, T215F, K219Q",0.8,"['M41L', 'D67N', 'T69D', 'L74V', 'M184V', 'T215F', 'K219Q']",1
591926,D67DN,1.0,['D67DN'],1
592240,"M41L, T215Y",7.8,"['M41L', 'T215Y']",1
591656,"D67G, S68G, K70R, T215I, K219E",2.5,"['D67G', 'S68G', 'K70R', 'T215I', 'K219E']",1
591872,"D67N, K70R, K219Q",2.3,"['D67N', 'K70R', 'K219Q']",0
591832,M184V,0.4,['M184V'],0
591952,M184MIV,0.8,['M184MIV'],1
592408,,0.9,[],0
591388,"M41L, D67N, K70R, V75T, L210W, T215Y, K219E",1.6,"['M41L', 'D67N', 'K70R', 'V75T', 'L210W', 'T215Y', 'K219E']",1
592068,,0.9,[],0
591806,"M41L, E44A, A62V, T215FY",6.2,"['M41L', 'E44A', 'A62V', 'T215FY']",0
592208,"M41L, E44D, D67N, T69D, M184V, L210W, T215Y",1.2,"['M41L', 'E44D', 'D67N', 'T69D', 'M184V', 'L210W', 'T215Y']",1
592254,"E44D, D67N, T69D, M184V, L210W, T215Y",1.2,"['E44D', 'D67N', 'T69D', 'M184V', 'L210W', 'T215Y']",1
592330,A62V,0.8,['A62V'],1
592078,"M41L, L74V, M184V, L210W, T215Y",0.7,"['M41L', 'L74V', 'M184V', 'L210W', 'T215Y']",1
592072,,0.8,[],1
591542,"M41L, E44D, D67N, L74V, M184V, L210W, T215Y, K219R",1.1,"['M41L', 'E44D', 'D67N', 'L74V', 'M184V', 'L210W', 'T215Y', 'K219R']",1
591552,S68G,0.9,['S68G'],1
592122,"M41L, D67N, L74V, M184V, T215F, K219Q",0.4,"['M41L', 'D67N', 'L74V', 'M184V', 'T215F', 'K219Q']",1
591796,,1.1,[],0
591506,,0.8,[],0
591560,"A62V, L74I",1.0,"['A62V', 'L74I']",1
592420,"M41L, E44D, D67N, T69D, M184V, L210W, T215Y",1.6,"['M41L', 'E44D', 'D67N', 'T69D', 'M184V', 'L210W', 'T215Y']",0
591812,"M41L, E44A, D67N, V75M, F77L, M184V, L210W, T215Y, K219N",2.1,"['M41L', 'E44A', 'D67N', 'V75M', 'F77L', 'M184V', 'L210W', 'T215Y', 'K219N']",1
592410,,0.8,[],1
591686,T215TS,0.7,['T215TS'],0
592242,"M41L, S68G, L74LV, M184V, L210W, T215F",0.7,"['M41L', 'S68G', 'L74LV', 'M184V', 'L210W', 'T215F']",0
592416,,1.3,[],1
591600,"D67N, K70R, L74I, M184V, T215F, K219Q",1.6,"['D67N', 'K70R', 'L74I', 'M184V', 'T215F', 'K219Q']",1
592182,"D67N, T69D, K70R, L74I, M184V, K219Q",0.6,"['D67N', 'T69D', 'K70R', 'L74I', 'M184V', 'K219Q']",1
592274,"M41L, E44D, S68G, K70S, L74LI, M184V, L210W, T215Y",1.4,"['M41L', 'E44D', 'S68G', 'K70S', 'L74LI', 'M184V', 'L210W', 'T215Y']",1
591852,,0.7,[],1
592304,"M41L, L74IV, M184MV, T215Y",1.1,"['M41L', 'L74IV', 'M184MV', 'T215Y']",0
592296,"M41L, E44D, D67N, T69D, V75M, M184V, L210W, T215Y",1.1,"['M41L', 'E44D', 'D67N', 'T69D', 'V75M', 'M184V', 'L210W', 'T215Y']",1
591460,"K65R, S68G, V75I, F77L, F116Y, Q151M",7.7,"['K65R', 'S68G', 'V75I', 'F77L', 'F116Y', 'Q151M']",1
592426,"M41L, E44A, D67N, M184V, L210W, T215Y, K219DN",0.9,"['M41L', 'E44A', 'D67N', 'M184V', 'L210W', 'T215Y', 'K219DN']",1
591508,"M41L, D67N, T69D, K70R, V75M, M184V, L210W, T215F, K219Q",2.8,"['M41L', 'D67N', 'T69D', 'K70R', 'V75M', 'M184V', 'L210W', 'T215F', 'K219Q']",0
591484,"M41L, D67E, S68G, V75M, M184V, L210W, T215C",8.3,"['M41L', 'D67E', 'S68G', 'V75M', 'M184V', 'L210W', 'T215C']",0
592102,,1.3,[],0
591698,,1.0,[],1
591694,"M41L, D67DG, M184MIV, T215Y",1.5,"['M41L', 'D67DG', 'M184MIV', 'T215Y']",0
591738,"S68G, T69D",0.8,"['S68G', 'T69D']",0
591442,"M41L, E44D, M184V, L210W, T215Y",1.8,"['M41L', 'E44D', 'M184V', 'L210W', 'T215Y']",1
591764,,0.5,[],0
592022,"K65R, S68G",3.4,"['K65R', 'S68G']",0
592212,,1.0,[],1
591418,"M41ML, S68G, M184MV, L210W, T215Y",2.1,"['M41ML', 'S68G', 'M184MV', 'L210W', 'T215Y']",1
592386,"M41L, E44D, S68G, M184V, L210W, T215Y",1.5,"['M41L', 'E44D', 'S68G', 'M184V', 'L210W', 'T215Y']",1
592028,"M41L, A62V, V75I",1.6,"['M41L', 'A62V', 'V75I']",1
592320,M184V,0.6,['M184V'],0
592358,"M41L, D67N, T69D, V75M, T215S, K219Q",0.9,"['M41L', 'D67N', 'T69D', 'V75M', 'T215S', 'K219Q']",1
591358,T215TS,1.2,['T215TS'],0
592270,"M41L, K70R, L74I, M184V, T215F, K219Q",0.8,"['M41L', 'K70R', 'L74I', 'M184V', 'T215F', 'K219Q']",0
592282,"D67N, K70R, M184V, L210LW, K219Q",1.0,"['D67N', 'K70R', 'M184V', 'L210LW', 'K219Q']",0
592162,M184V,0.8,['M184V'],0
592302,"M41L, L74I, M184V, T215Y",1.1,"['M41L', 'L74I', 'M184V', 'T215Y']",0
591888,"L74I, M184V",0.5,"['L74I', 'M184V']",1
591592,"L74V, Y115F, M184V",0.3,"['L74V', 'Y115F', 'M184V']",0
591728,"D67N, K70R, M184V, T215Y, K219E",1.0,"['D67N', 'K70R', 'M184V', 'T215Y', 'K219E']",1
591458,"M41L, E44EAD, D67N, T69D, V75M, F77L, M184V, L210W, T215Y",1.2,"['M41L', 'E44EAD', 'D67N', 'T69D', 'V75M', 'F77L', 'M184V', 'L210W', 'T215Y']",0
592032,,1.1,[],0
591792,"S68G, V75I, F77L, F116Y, Q151M",2.0,"['S68G', 'V75I', 'F77L', 'F116Y', 'Q151M']",1
592172,"M41L, K65KR, S68G, K70RS, V75I, F116Y, Q151M, T215C",2.0,"['M41L', 'K65KR', 'S68G', 'K70RS', 'V75I', 'F116Y', 'Q151M', 'T215C']",0
592424,"A62AV, D67G, K70R, M184V, K219Q",1.9,"['A62AV', 'D67G', 'K70R', 'M184V', 'K219Q']",1
591448,,0.7,[],1
592220,"S68SN, M184MV",0.6,"['S68SN', 'M184MV']",1
592088,"M41L, M184V, L210W, T215Y",1.0,"['M41L', 'M184V', 'L210W', 'T215Y']",0
592244,"M41L, S68G, L210W, T215S",1.0,"['M41L', 'S68G', 'L210W', 'T215S']",0
591754,"M41L, T69G, K70R, M184V, T215Y, K219E",4.2,"['M41L', 'T69G', 'K70R', 'M184V', 'T215Y', 'K219E']",1
591636,,1.1,[],0
591572,,0.6,[],1
591496,"M41L, D67DN, M184V, L210W, T215Y",1.6,"['M41L', 'D67DN', 'M184V', 'L210W', 'T215Y']",0
591810,"M41L, E44A, D67N, T69D, L74V, M184V, L210W, T215Y",0.7,"['M41L', 'E44A', 'D67N', 'T69D', 'L74V', 'M184V', 'L210W', 'T215Y']",0
591564,,0.8,[],0
591864,"D67N, K70E, M184V",0.8,"['D67N', 'K70E', 'M184V']",0
591626,,1.3,[],0
591494,"M41L, D67N, K70R, M184V, T215Y, K219E",1.2,"['M41L', 'D67N', 'K70R', 'M184V', 'T215Y', 'K219E']",0
591932,"M184MIV, T215FS",1.0,"['M184MIV', 'T215FS']",0
591924,K65R,3.0,['K65R'],0
591826,"D67N, T69D, K219N",0.7,"['D67N', 'T69D', 'K219N']",0
592158,"M41L, E44D, D67N, V75I, L210W, T215Y, K219R",3.4,"['M41L', 'E44D', 'D67N', 'V75I', 'L210W', 'T215Y', 'K219R']",0
591502,"L210LW, T215AD",0.7,"['L210LW', 'T215AD']",1
592196,"M41L, T69DN, K70R, V75M, M184V, L210W, T215C",1.1,"['M41L', 'T69DN', 'K70R', 'V75M', 'M184V', 'L210W', 'T215C']",1
592352,,1.2,[],0
591910,"D67HN, K70R, L74LI, M184V, T215Y, K219E",0.7,"['D67HN', 'K70R', 'L74LI', 'M184V', 'T215Y', 'K219E']",0
591732,"M41L, D67DN, L210W, T215D",1.8,"['M41L', 'D67DN', 'L210W', 'T215D']",0
591800,M41MIL,0.8,['M41MIL'],0
591606,"A62AV, K65R, S68G, M184V",1.4,"['A62AV', 'K65R', 'S68G', 'M184V']",0
592378,"M41L, L210W, T215C",1.1,"['M41L', 'L210W', 'T215C']",0
592104,"M41L, D67NT, L210W, T215F, K219KR",5.3,"['M41L', 'D67NT', 'L210W', 'T215F', 'K219KR']",0
592432,,0.9,[],1
592268,"D67DN, K219KR",1.4,"['D67DN', 'K219KR']",0
591746,,0.9,[],0
591376,"M41L, D67N, K70R, T215F, K219Q",3.9,"['M41L', 'D67N', 'K70R', 'T215F', 'K219Q']",0
592126,"M41ML, S68SG, K70KR, M184V",0.7,"['M41ML', 'S68SG', 'K70KR', 'M184V']",0
591556,"D67N, K70G, M184V, T215F, K219Q",0.8,"['D67N', 'K70G', 'M184V', 'T215F', 'K219Q']",1
591434,"D67G, S68G, K70R, V75I, F116Y, Q151M, M184V, T215V, K219E",0.8,"['D67G', 'S68G', 'K70R', 'V75I', 'F116Y', 'Q151M', 'M184V', 'T215V', 'K219E']",0
591962,,0.7,[],1
591682,"M41ML, L74LI, M184MIV, L210LW",0.9,"['M41ML', 'L74LI', 'M184MIV', 'L210LW']",0
592346,"M41L, D67N, K70R, T215F, K219Q",4.0,"['M41L', 'D67N', 'K70R', 'T215F', 'K219Q']",0
591840,,0.8,[],0
592174,,0.8,[],0
591700,"D67N, K70R, T215F, K219Q",3.0,"['D67N', 'K70R', 'T215F', 'K219Q']",0
592400,,0.9,[],0
591870,,0.8,[],0
592130,"M41L, D67N, T69D, K70R, L74I, V75M, M184V, T215F, K219Q",2.3,"['M41L', 'D67N', 'T69D', 'K70R', 'L74I', 'V75M', 'M184V', 'T215F', 'K219Q']",0
592216,,1.0,[],0
592310,"M41L, D67G, S68G, K70R, M184V, T215F, K219E",3.0,"['M41L', 'D67G', 'S68G', 'K70R', 'M184V', 'T215F', 'K219E']",0
592166,"M41L, D67N, T69D, M184V, L210W, T215Y",1.5,"['M41L', 'D67N', 'T69D', 'M184V', 'L210W', 'T215Y']",0
591588,"D67N, K70R, M184V, T215I, K219E",1.0,"['D67N', 'K70R', 'M184V', 'T215I', 'K219E']",0
591896,"M41L, D67N, M184V, T215Y",1.1,"['M41L', 'D67N', 'M184V', 'T215Y']",0
592434,,0.9,[],0
592004,"M41L, E44A, D67N, V75M, F77L, M184V, L210W, T215Y, K219KR",3.0,"['M41L', 'E44A', 'D67N', 'V75M', 'F77L', 'M184V', 'L210W', 'T215Y', 'K219KR']",0
591968,"D67N, M184V",0.4,"['D67N', 'M184V']",0
591710,"D67N, K70R, K219Q",3.6,"['D67N', 'K70R', 'K219Q']",0
592248,M41ML,1.2,['M41ML'],0
592372,"M41L, M184V, L210W, T215Y",1.5,"['M41L', 'M184V', 'L210W', 'T215Y']",0
591930,"M41L, T215Y",2.0,"['M41L', 'T215Y']",0
591548,"M41L, D67N, T215Y, K219KR",5.7,"['M41L', 'D67N', 'T215Y', 'K219KR']",0
592294,,0.9,[],0
592418,,1.4,[],0
591990,"D67N, K70KR, L74V, M184V, K219E",0.4,"['D67N', 'K70KR', 'L74V', 'M184V', 'K219E']",0
592394,,0.6,[],0
591692,,0.8,[],0
591652,"M41L, M184V, T215C",0.5,"['M41L', 'M184V', 'T215C']",0
591654,"M41L, M184MV, T215C",0.4,"['M41L', 'M184MV', 'T215C']",0
591414,,1.0,[],0
591942,"M41L, E44D, D67N, T69D, L210W",0.7,"['M41L', 'E44D', 'D67N', 'T69D', 'L210W']",0
592222,,0.7,[],0
591976,"M41L, E44EA, T69G, K70R, L74I, V75A, M184V, T215F, K219E",3.4,"['M41L', 'E44EA', 'T69G', 'K70R', 'L74I', 'V75A', 'M184V', 'T215F', 'K219E']",0
591404,"M41L, E44D, D67N, M184V, L210W, T215Y, K219N",1.5,"['M41L', 'E44D', 'D67N', 'M184V', 'L210W', 'T215Y', 'K219N']",0
591988,"K65R, M184MV",1.7,"['K65R', 'M184MV']",0
591860,"M41ML, L74LV",1.4,"['M41ML', 'L74LV']",0
592236,"D67N, K70R, V75IT, M184V, K219E",1.0,"['D67N', 'K70R', 'V75IT', 'M184V', 'K219E']",0
592090,"K65R, S68G, M184V",1.6,"['K65R', 'S68G', 'M184V']",0
592020,"A62AV, K65KR, S68G",2.1,"['A62AV', 'K65KR', 'S68G']",0
591472,"M41L, E44D, D67N, L210W, T215Y, K219N",5.5,"['M41L', 'E44D', 'D67N', 'L210W', 'T215Y', 'K219N']",0
591858,"M41L, L210W, T215Y",18.0,"['M41L', 'L210W', 'T215Y']",0
591836,,0.8,[],1
591890,,0.7,[],1
591882,"M41L, D67N, K70R, Q151M, T215V, K219E",1.3,"['M41L', 'D67N', 'K70R', 'Q151M', 'T215V', 'K219E']",1
592082,"M41L, E44DG, A62V, D67N, T69D, V75I, L210W, T215F, K219QR",1.9,"['M41L', 'E44DG', 'A62V', 'D67N', 'T69D', 'V75I', 'L210W', 'T215F', 'K219QR']",1
592298,"M41L, E44D, D67N, T69D, V75M, M184V, L210W, T215Y",2.0,"['M41L', 'E44D', 'D67N', 'T69D', 'V75M', 'M184V', 'L210W', 'T215Y']",1
592200,"M41L, D67DN, L74I, M184V, L210W, T215Y",1.4,"['M41L', 'D67DN', 'L74I', 'M184V', 'L210W', 'T215Y']",0
591520,"M41L, S68SG, L74V, M184V, L210W, T215Y",1.0,"['M41L', 'S68SG', 'L74V', 'M184V', 'L210W', 'T215Y']",0
591584,M184MV,0.6,['M184MV'],0
592016,,0.7,[],1
591740,"D67N, K70R, M184V, T215Y, K219E",1.2,"['D67N', 'K70R', 'M184V', 'T215Y', 'K219E']",1
591384,"M41L, M184V, L210W, T215Y, K219R",1.3,"['M41L', 'M184V', 'L210W', 'T215Y', 'K219R']",0
591486,"D67N, K70R, L74I, M184V, T215F, K219Q",1.1,"['D67N', 'K70R', 'L74I', 'M184V', 'T215F', 'K219Q']",1
592178,"M41L, E44A, D67N, L74V, M184V, L210W, T215Y",1.0,"['M41L', 'E44A', 'D67N', 'L74V', 'M184V', 'L210W', 'T215Y']",0
592276,,0.9,[],1
591468,S68SG,0.9,['S68SG'],0
591736,"S68G, T69D",0.7,"['S68G', 'T69D']",1
592342,,0.6,[],1
591392,"M41L, A62V, D67N, T69D, K70R, V75I, L210W, T215F, K219Q",2.6,"['M41L', 'A62V', 'D67N', 'T69D', 'K70R', 'V75I', 'L210W', 'T215F', 'K219Q']",1
591362,"M41L, E44ED, M184V, L210W, T215Y",2.0,"['M41L', 'E44ED', 'M184V', 'L210W', 'T215Y']",0
592362,"D67N, T69D, K70R, M184V, K219Q",0.6,"['D67N', 'T69D', 'K70R', 'M184V', 'K219Q']",1
592286,"M184MV, L210LW, T215Y",1.0,"['M184MV', 'L210LW', 'T215Y']",0
591830,"M41L, D67N, K70R, M184V, L210W, T215Y, K219E",2.0,"['M41L', 'D67N', 'K70R', 'M184V', 'L210W', 'T215Y', 'K219E']",0
591596,D67DN,1.5,['D67DN'],0
592338,"M41L, D67N, M184V, T215Y",1.1,"['M41L', 'D67N', 'M184V', 'T215Y']",0
592114,K219N,0.7,['K219N'],0
591784,D67DN,0.9,['D67DN'],1
591912,"M41L, E44D, D67N, M184V, L210W, T215Y",1.7,"['M41L', 'E44D', 'D67N', 'M184V', 'L210W', 'T215Y']",1
592008,,0.9,[],1
592314,M184V,0.6,['M184V'],1
591782,"M41L, D67N, T69D, L74I, M184V, L210W, T215Y, K219R",2.5,"['M41L', 'D67N', 'T69D', 'L74I', 'M184V', 'L210W', 'T215Y', 'K219R']",0
591900,"M41ML, T69G, K70R, M184V, T215F, K219EQ",6.2,"['M41ML', 'T69G', 'K70R', 'M184V', 'T215F', 'K219EQ']",0
592142,"M41L, E44D, L74V, M184MV, L210L*W",0.9,"['M41L', 'E44D', 'L74V', 'M184MV', 'L210L*W']",1
591576,"M41L, M184MV, T215Y",1.1,"['M41L', 'M184MV', 'T215Y']",1
592440,"K65R, S68G, M184V",1.2,"['K65R', 'S68G', 'M184V']",1
591512,"M41L, D67N, M184V, T215Y",1.4,"['M41L', 'D67N', 'M184V', 'T215Y']",1
591704,"D67N, K70E, M184V, T215F, K219Q",1.0,"['D67N', 'K70E', 'M184V', 'T215F', 'K219Q']",0
591724,M184MV,0.5,['M184MV'],1
592306,M184V,0.4,['M184V'],0
592350,"M41L, E44D, D67N, T69D, M184V, L210W, T215Y",0.8,"['M41L', 'E44D', 'D67N', 'T69D', 'M184V', 'L210W', 'T215Y']",1
591430,"M41L, M184V, L210W, T215Y",2.3,"['M41L', 'M184V', 'L210W', 'T215Y']",1
592184,"M41L, T69G, K70R, M184V, T215F, K219E",3.4,"['M41L', 'T69G', 'K70R', 'M184V', 'T215F', 'K219E']",1
591372,T215D,0.5,['T215D'],0
591770,"M41L, S68G, M184V, L210W, T215Y",1.6,"['M41L', 'S68G', 'M184V', 'L210W', 'T215Y']",1
591620,T215Y,1.2,['T215Y'],1
592014,S68G,0.8,['S68G'],1
592226,"D67N, K70R, L74LI, M184V, T215I, K219Q",1.9,"['D67N', 'K70R', 'L74LI', 'M184V', 'T215I', 'K219Q']",0
591602,"D67N, K70KR, M184V, T215Y, K219E",0.8,"['D67N', 'K70KR', 'M184V', 'T215Y', 'K219E']",0
591994,,0.7,[],1
591946,"M41ML, D67N, V75VIM, M184V, T215Y",1.6,"['M41ML', 'D67N', 'V75VIM', 'M184V', 'T215Y']",1
592332,"M41L, D67N, L74V, M184V, L210W, T215Y, K219DN",0.8,"['M41L', 'D67N', 'L74V', 'M184V', 'L210W', 'T215Y', 'K219DN']",1
591850,,0.7,[],0
591570,"D67N, K70R, L74I, M184V, T215F, K219E",2.0,"['D67N', 'K70R', 'L74I', 'M184V', 'T215F', 'K219E']",0
591580,"K70Q, M184V",0.6,"['K70Q', 'M184V']",0
591558,"A62V, L74I",1.0,"['A62V', 'L74I']",0
592288,"M41ML, T215Y",1.6,"['M41ML', 'T215Y']",1
591958,"M41L, D67N, T69D, K70R, L74I, V75T, M184V, T215F, K219Q",1.3,"['M41L', 'D67N', 'T69D', 'K70R', 'L74I', 'V75T', 'M184V', 'T215F', 'K219Q']",1
592262,"M184MV, K219KQ",0.6,"['M184MV', 'K219KQ']",1
591426,M184MV,0.7,['M184MV'],0
591760,,0.7,[],0
592086,"M41L, M184V, L210W, T215Y",1.1,"['M41L', 'M184V', 'L210W', 'T215Y']",0
592070,"M41L, D67N, T69D, M184V, L210W, T215Y, K219R",2.4,"['M41L', 'D67N', 'T69D', 'M184V', 'L210W', 'T215Y', 'K219R']",0
591410,,0.9,[],0
592272,"M41L, D67E, T69G, T215Y",20.0,"['M41L', 'D67E', 'T69G', 'T215Y']",1
591918,"M41L, V75I, L210W, T215Y",0.9,"['M41L', 'V75I', 'L210W', 'T215Y']",0
592202,"M41L, E44ED, D67G, S68G, K70KT, L74LV, M184V, L210W, T215Y, K219KN",3.0,"['M41L', 'E44ED', 'D67G', 'S68G', 'K70KT', 'L74LV', 'M184V', 'L210W', 'T215Y', 'K219KN']",0
592414,"D67N, K70R, T215F, K219Q",2.2,"['D67N', 'K70R', 'T215F', 'K219Q']",1
592024,S68G,0.8,['S68G'],0
592100,,1.0,[],1
592116,"M184V, T215F",0.7,"['M184V', 'T215F']",1
592038,"M41L, E44ED, D67N, L74LI, M184V, L210W, T215Y",1.6,"['M41L', 'E44ED', 'D67N', 'L74LI', 'M184V', 'L210W', 'T215Y']",0
591696,"M41L, E44A, D67N, T69D, M184V, L210W, T215Y",3.8,"['M41L', 'E44A', 'D67N', 'T69D', 'M184V', 'L210W', 'T215Y']",0
591722,"M41L, M184V, L210W, T215Y, K219E",0.7,"['M41L', 'M184V', 'L210W', 'T215Y', 'K219E']",1
591476,"M41L, D67N, M184V, L210LW, T215Y",1.0,"['M41L', 'D67N', 'M184V', 'L210LW', 'T215Y']",1
591644,"M41L, S68G, L74V, M184V, T215Y",0.6,"['M41L', 'S68G', 'L74V', 'M184V', 'T215Y']",1
591690,"M41L, S68SG, M184V, L210W, T215Y",0.6,"['M41L', 'S68SG', 'M184V', 'L210W', 'T215Y']",0
592328,"M41L, M184V, L210W, T215Y",1.0,"['M41L', 'M184V', 'L210W', 'T215Y']",1
591568,"D67NT, T69DN, K70R, M184V, T215F, K219E",1.6,"['D67NT', 'T69DN', 'K70R', 'M184V', 'T215F', 'K219E']",1
591544,"M41L, E44D, D67N, L210W, K219E",1.1,"['M41L', 'E44D', 'D67N', 'L210W', 'K219E']",1
591844,"M41L, L74LI, M184V, T215Y",0.7,"['M41L', 'L74LI', 'M184V', 'T215Y']",0
591774,,0.7,[],0
591386,"M41L, D67N, K70KR, V75T, L210W, T215Y, K219E",1.2,"['M41L', 'D67N', 'K70KR', 'V75T', 'L210W', 'T215Y', 'K219E']",0
592232,S68SG,1.0,['S68SG'],0
591366,"M41L, L210W, T215S",0.7,"['M41L', 'L210W', 'T215S']",0
592030,,1.7,[],0
591516,M184MV,0.9,['M184MV'],0
592144,"M41L, E44D, L74V, L210LW",1.0,"['M41L', 'E44D', 'L74V', 'L210LW']",0
592318,M184V,0.6,['M184V'],0
591526,,1.0,[],1
591618,"M41L, T69D, M184V, L210W, T215Y, K219KR",2.2,"['M41L', 'T69D', 'M184V', 'L210W', 'T215Y', 'K219KR']",1
591920,,0.9,[],1
591894,"M41L, D67N, L74V, V75T, Y115F, M184V, K219KQ",0.7,"['M41L', 'D67N', 'L74V', 'V75T', 'Y115F', 'M184V', 'K219KQ']",1
591518,,0.9,[],0
591396,S68G,0.9,['S68G'],0
591834,,0.7,[],1
591664,M41ML,1.2,['M41ML'],1
591630,"M41L, D67DN, V75VA, M184V, L210W, T215Y",1.4,"['M41L', 'D67DN', 'V75VA', 'M184V', 'L210W', 'T215Y']",1
591794,"M41L, E44A, V75M, M184V, L210W, T215Y, K219N",1.7,"['M41L', 'E44A', 'V75M', 'M184V', 'L210W', 'T215Y', 'K219N']",0
591766,"D67DN, M184V, T215L, K219Q",0.4,"['D67DN', 'M184V', 'T215L', 'K219Q']",0
591902,"M41L, T215Y",1.6,"['M41L', 'T215Y']",0
591680,"M41L, L74LI, M184V, L210LW, T215Y",1.0,"['M41L', 'L74LI', 'M184V', 'L210LW', 'T215Y']",0
591408,K70KR,1.1,['K70KR'],0
591482,"M41L, D67E, S68G, V75M, M184V, L210W, T215C",5.0,"['M41L', 'D67E', 'S68G', 'V75M', 'M184V', 'L210W', 'T215C']",0
592000,"M41L, D67N, K70KR, T215F, K219Q",2.1,"['M41L', 'D67N', 'K70KR', 'T215F', 'K219Q']",0
591676,,0.8,[],1
592368,"K70E, M184V",0.7,"['K70E', 'M184V']",0
591816,,0.9,[],1
591906,"M41L, M184V, T215Y",0.7,"['M41L', 'M184V', 'T215Y']",0
591814,,0.8,[],1
592098,"D67N, K70R, L74LI, Y115YF, M184MV, K219HQ",1.2,"['D67N', 'K70R', 'L74LI', 'Y115YF', 'M184MV', 'K219HQ']",1
591984,,1.0,[],0
591750,M184V,0.6,['M184V'],0
592406,"M41L, M184V, L210W, T215Y, K219KN",1.1,"['M41L', 'M184V', 'L210W', 'T215Y', 'K219KN']",0
592152,,0.8,[],1
591788,"M41L, E44D, A62AV, D67N, K70R, V75I, M184V, L210W, T215F, K219EQ",1.7,"['M41L', 'E44D', 'A62AV', 'D67N', 'K70R', 'V75I', 'M184V', 'L210W', 'T215F', 'K219EQ']",1
591998,"M41L, E44D, D67N, T69D, L210W, T215CSY, K219KR",2.0,"['M41L', 'E44D', 'D67N', 'T69D', 'L210W', 'T215CSY', 'K219KR']",0
592180,"K70R, M184V, T215F, K219E",1.4,"['K70R', 'M184V', 'T215F', 'K219E']",1
592214,,1.0,[],0
592206,"M41MIL, T215L",0.8,"['M41MIL', 'T215L']",1
592112,K219N,0.6,['K219N'],1
591862,"M41L, L74LV",1.2,"['M41L', 'L74LV']",1
591876,K219KQ,0.8,['K219KQ'],0
591540,"M41L, E44D, D67GS, T69DE, L210W, T215Y, K219R",7.7,"['M41L', 'E44D', 'D67GS', 'T69DE', 'L210W', 'T215Y', 'K219R']",0
591708,"D67N, K70R, T215F, K219Q",3.1,"['D67N', 'K70R', 'T215F', 'K219Q']",1
591940,"M41L, E44ED, T69D, V75M, M184V, L210W, T215Y, K219R",1.1,"['M41L', 'E44ED', 'T69D', 'V75M', 'M184V', 'L210W', 'T215Y', 'K219R']",0
592076,"M41L, S68G, M184V, T215Y",1.1,"['M41L', 'S68G', 'M184V', 'T215Y']",0
591562,"M41L, D67N, M184V, L210W, T215Y, K219KN",2.1,"['M41L', 'D67N', 'M184V', 'L210W', 'T215Y', 'K219KN']",0
591954,"D67G, K70R, L74V, Y115F, M184V, K219Q",0.7,"['D67G', 'K70R', 'L74V', 'Y115F', 'M184V', 'K219Q']",1
592384,"D67H, K70R, L74I, M184V, T215I, K219E",1.1,"['D67H', 'K70R', 'L74I', 'M184V', 'T215I', 'K219E']",1
591444,"M41L, D67N, T215Y",4.7,"['M41L', 'D67N', 'T215Y']",1
592428,,0.7,[],1
592192,"D67G, S68G, K70R, V75M, M184V, K219Q",2.5,"['D67G', 'S68G', 'K70R', 'V75M', 'M184V', 'K219Q']",0
591854,,0.7,[],0
592054,"M41L, E44ED, D67N, T69D, K70R, M184V, T215FY, K219Q",0.9,"['M41L', 'E44ED', 'D67N', 'T69D', 'K70R', 'M184V', 'T215FY', 'K219Q']",1
591960,"M41L, D67N, S68G, L74V, M184V, L210W, T215Y, K219N",0.6,"['M41L', 'D67N', 'S68G', 'L74V', 'M184V', 'L210W', 'T215Y', 'K219N']",1
591648,"M41ML, M184V, T215Y",0.5,"['M41ML', 'M184V', 'T215Y']",1
592210,"L74V, Y115F, M184V, T215Y",0.4,"['L74V', 'Y115F', 'M184V', 'T215Y']",0
591528,,0.8,[],0
592046,"M41L, L74V, L210W, T215Y",1.2,"['M41L', 'L74V', 'L210W', 'T215Y']",1
592266,"D67N, K70KN, T215Y, K219KR",1.7,"['D67N', 'K70KN', 'T215Y', 'K219KR']",0
591550,"K70KR, M184V",0.8,"['K70KR', 'M184V']",1
592026,"M41L, D67N, M184V, L210W, T215Y",1.1,"['M41L', 'D67N', 'M184V', 'L210W', 'T215Y']",1
592230,"M184V, K219E",0.5,"['M184V', 'K219E']",1
591898,"M184V, T215E",0.3,"['M184V', 'T215E']",0
591798,"M41L, L74I, L210W, T215Y",2.3,"['M41L', 'L74I', 'L210W', 'T215Y']",0
592322,"M41L, S68G, L74I, M184V, L210W, T215Y, K219N",0.6,"['M41L', 'S68G', 'L74I', 'M184V', 'L210W', 'T215Y', 'K219N']",0
592136,"M41L, E44EA, D67G, S68G, L74LI, M184V, L210W, T215Y",2.8,"['M41L', 'E44EA', 'D67G', 'S68G', 'L74LI', 'M184V', 'L210W', 'T215Y']",0
591804,"M41L, L74I, M184V, T215Y",0.7,"['M41L', 'L74I', 'M184V', 'T215Y']",1
592438,"M41L, D67N, T69D, L74V, M184V, T215F, K219Q",0.7,"['M41L', 'D67N', 'T69D', 'L74V', 'M184V', 'T215F', 'K219Q']",1
591590,,0.7,[],1
592370,"M41L, M184V, L210W, T215Y",1.3,"['M41L', 'M184V', 'L210W', 'T215Y']",1
592042,"M41L, E44D, D67N, K70R, M184V, L210W, T215Y, K219E",2.6,"['M41L', 'E44D', 'D67N', 'K70R', 'M184V', 'L210W', 'T215Y', 'K219E']",1
592356,"M41L, D67N, T69D, V75M, T215S, K219Q",0.8,"['M41L', 'D67N', 'T69D', 'V75M', 'T215S', 'K219Q']",1
591668,"D67N, K70R, M184V, L210W, T215E, K219Q",2.0,"['D67N', 'K70R', 'M184V', 'L210W', 'T215E', 'K219Q']",1
592066,,0.6,[],0
592094,"M41L, M184V, T215Y",0.7,"['M41L', 'M184V', 'T215Y']",0
591938,"M41L, L74V, M184V, L210W, T215Y",1.5,"['M41L', 'L74V', 'M184V', 'L210W', 'T215Y']",0
591452,"M41L, D67N, K70KR, L74LV, M184V, T215F, K219Q",0.8,"['M41L', 'D67N', 'K70KR', 'L74LV', 'M184V', 'T215F', 'K219Q']",1
592120,"D67N, T69D, T215C, K219Q",0.8,"['D67N', 'T69D', 'T215C', 'K219Q']",0
592058,"V75M, F77L, M184V, T215Y",1.0,"['V75M', 'F77L', 'M184V', 'T215Y']",1
591790,"S68G, V75I, F77L, F116Y, Q151M",1.6,"['S68G', 'V75I', 'F77L', 'F116Y', 'Q151M']",0
592148,T215F,0.8,['T215F'],0
592168,"A62V, D67N, K70R, V75I, F77L, Y115F, F116Y, Q151M, M184V, T215I, K219E",1.8,"['A62V', 'D67N', 'K70R', 'V75I', 'F77L', 'Y115F', 'F116Y', 'Q151M', 'M184V', 'T215I', 'K219E']",1
591718,"L74LV, Y115YF, M184MV",0.6,"['L74LV', 'Y115YF', 'M184MV']",1
591950,"M41L, E44D, A62V, L74LV, M184V, L210W, T215Y",1.6,"['M41L', 'E44D', 'A62V', 'L74LV', 'M184V', 'L210W', 'T215Y']",1
591422,,0.8,[],1
591980,,0.8,[],1
591944,"M41L, E44D, D67N, T69D, L210W, T215D",0.7,"['M41L', 'E44D', 'D67N', 'T69D', 'L210W', 'T215D']",0
591438,,0.9,[],1
592188,"A62V, S68G, K70T, V75I, F116Y, Q151M, M184V",1.0,"['A62V', 'S68G', 'K70T', 'V75I', 'F116Y', 'Q151M', 'M184V']",1
592340,,1.0,[],1
591714,,0.7,[],0
591928,"M41L, E44D, T69D, M184V, L210W, T215Y, K219R",1.2,"['M41L', 'E44D', 'T69D', 'M184V', 'L210W', 'T215Y', 'K219R']",0
591874,"M41L, E44D, D67N, M184V, L210W, T215Y, K219N",2.3,"['M41L', 'E44D', 'D67N', 'M184V', 'L210W', 'T215Y', 'K219N']",1
592422,"M41L, D67N, F77L, M184V, L210W, T215Y, K219N",1.0,"['M41L', 'D67N', 'F77L', 'M184V', 'L210W', 'T215Y', 'K219N']",0
591972,M184V,0.4,['M184V'],0
591382,"M41L, D67N, T69D, K70R, M184V, T215F, K219Q",1.8,"['M41L', 'D67N', 'T69D', 'K70R', 'M184V', 'T215F', 'K219Q']",0
591670,,1.2,[],0
591808,"M41L, D67N, S68SG, K70KR, M184V, L210W, T215Y, K219E",1.8,"['M41L', 'D67N', 'S68SG', 'K70KR', 'M184V', 'L210W', 'T215Y', 'K219E']",1
591658,"D67G, S68G, K70R, T215I, K219E",2.6,"['D67G', 'S68G', 'K70R', 'T215I', 'K219E']",0
591532,"M41L, D67N, T69D, V75I, M184V, L210W, T215Y",1.4,"['M41L', 'D67N', 'T69D', 'V75I', 'M184V', 'L210W', 'T215Y']",1
592256,"T69D, K70R",1.2,"['T69D', 'K70R']",0
743974,M184V,0.8,['M184V'],0
692618,,1.2,[],0
692622,,1.8,[],0
692619,,0.3,[],0
743968,M184V,0.5,['M184V'],0
743969,M184V,0.6,['M184V'],1
692621,,0.8,[],1
743971,,0.3,[],0
692616,,1.5,[],1
743973,"K65R, M184V",0.4,"['K65R', 'M184V']",1
743972,M184V,0.4,['M184V'],0
743970,K65R,1.6,['K65R'],0
692620,,0.9,[],0
692617,,0.7,[],0
63812,"M41L, E44D, D67N, T69D, L74V, M184V, L210W, T215Y, K219KN",0.8,"['M41L', 'E44D', 'D67N', 'T69D', 'L74V', 'M184V', 'L210W', 'T215Y', 'K219KN']",1
48168,,0.8,[],0
38097,"M41L, L74V, L210W, T215Y",1.0,"['M41L', 'L74V', 'L210W', 'T215Y']",1
41335,"M41ML, D67N, K70R, M184V, L210LW, T215F, K219EG",1.5,"['M41ML', 'D67N', 'K70R', 'M184V', 'L210LW', 'T215F', 'K219EG']",1
37679,"D67N, M184V, T215C, K219E",0.4,"['D67N', 'M184V', 'T215C', 'K219E']",1
35054,"K70R, T215TA",2.6,"['K70R', 'T215TA']",1
41303,"M41L, D67N, K70R, V75VIM, L210W, T215Y, K219E",4.0,"['M41L', 'D67N', 'K70R', 'V75VIM', 'L210W', 'T215Y', 'K219E']",1
42612,"M41L, E44D, D67N, K70R, L74V, L210W, T215Y, K219Q",4.9,"['M41L', 'E44D', 'D67N', 'K70R', 'L74V', 'L210W', 'T215Y', 'K219Q']",1
42626,"M41L, V75M, F77L, M184V, T215FY",0.8,"['M41L', 'V75M', 'F77L', 'M184V', 'T215FY']",1
37865,"M41L, E44A, T69D, L74V, M184V, L210W, T215Y, K219R",2.0,"['M41L', 'E44A', 'T69D', 'L74V', 'M184V', 'L210W', 'T215Y', 'K219R']",1
42734,"M41L, E44A, T69D, M184MV, L210W, T215Y, K219R",6.3,"['M41L', 'E44A', 'T69D', 'M184MV', 'L210W', 'T215Y', 'K219R']",0
63964,"M41L, E44A, D67N, T69D, V75M, M184V, L210W, T215F",3.5,"['M41L', 'E44A', 'D67N', 'T69D', 'V75M', 'M184V', 'L210W', 'T215F']",1
48124,"M41L, E44D, D67N, T69AD, M184MV, L210W, T215Y, K219KR",5.8,"['M41L', 'E44D', 'D67N', 'T69AD', 'M184MV', 'L210W', 'T215Y', 'K219KR']",0
