IsolateID	IsolateName	NRTIDRMs	drugs	foldchange
9918	CA9918	M184V	X3TC	200
9918	CA9918	M184V	ABC	4.6
9918	CA9918	M184V	AZT	0.6
9918	CA9918	M184V	D4T	1
9918	CA9918	M184V	DDI	1.6
9918	CA9918	M184V	TDF	NA
3832	CA3832	M41L, L74LV, M184V, L210W, T215Y	X3TC	200
3832	CA3832	M41L, L74LV, M184V, L210W, T215Y	ABC	8.8
3832	CA3832	M41L, L74LV, M184V, L210W, T215Y	AZT	3.2
3832	CA3832	M41L, L74LV, M184V, L210W, T215Y	D4T	1.9
3832	CA3832	M41L, L74LV, M184V, L210W, T215Y	DDI	2.1
3832	CA3832	M41L, L74LV, M184V, L210W, T215Y	TDF	NA
10464	CA10464	M41L, E44A, D67N, T69D, M184V, L210W, T215Y	X3TC	200
10464	CA10464	M41L, E44A, D67N, T69D, M184V, L210W, T215Y	ABC	14
10464	CA10464	M41L, E44A, D67N, T69D, M184V, L210W, T215Y	AZT	307
10464	CA10464	M41L, E44A, D67N, T69D, M184V, L210W, T215Y	D4T	6.4
10464	CA10464	M41L, E44A, D67N, T69D, M184V, L210W, T215Y	DDI	2.7
10464	CA10464	M41L, E44A, D67N, T69D, M184V, L210W, T215Y	TDF	NA
9928	CA9928	M41L, M184V, T215Y	X3TC	200
9928	CA9928	M41L, M184V, T215Y	ABC	6.7
9928	CA9928	M41L, M184V, T215Y	AZT	6.5
9928	CA9928	M41L, M184V, T215Y	D4T	1.6
9928	CA9928	M41L, M184V, T215Y	DDI	1.4
9928	CA9928	M41L, M184V, T215Y	TDF	NA
4372	CA4372	D67N, K70G, M184V, T215F, K219Q	X3TC	200
4372	CA4372	D67N, K70G, M184V, T215F, K219Q	ABC	7.1
4372	CA4372	D67N, K70G, M184V, T215F, K219Q	AZT	0.8
4372	CA4372	D67N, K70G, M184V, T215F, K219Q	D4T	1.3
4372	CA4372	D67N, K70G, M184V, T215F, K219Q	DDI	1.9
4372	CA4372	D67N, K70G, M184V, T215F, K219Q	TDF	NA
4391	CA4391	D67N, K70R, M184V, K219Q	X3TC	200
4391	CA4391	D67N, K70R, M184V, K219Q	ABC	5.9
4391	CA4391	D67N, K70R, M184V, K219Q	AZT	1.9
4391	CA4391	D67N, K70R, M184V, K219Q	D4T	1.3
4391	CA4391	D67N, K70R, M184V, K219Q	DDI	1.7
4391	CA4391	D67N, K70R, M184V, K219Q	TDF	NA
9912	CA9912	E40F, M41L, D67N, V75M, M184V, L210W, T215Y, K219Q	X3TC	200
9912	CA9912	E40F, M41L, D67N, V75M, M184V, L210W, T215Y, K219Q	ABC	18
9912	CA9912	E40F, M41L, D67N, V75M, M184V, L210W, T215Y, K219Q	AZT	100
9912	CA9912	E40F, M41L, D67N, V75M, M184V, L210W, T215Y, K219Q	D4T	11
9912	CA9912	E40F, M41L, D67N, V75M, M184V, L210W, T215Y, K219Q	DDI	3.5
9912	CA9912	E40F, M41L, D67N, V75M, M184V, L210W, T215Y, K219Q	TDF	NA
9945	CA9945	M41L, D67N, T69D, K70R, V75M, M184V, T215F, K219W	X3TC	200
9945	CA9945	M41L, D67N, T69D, K70R, V75M, M184V, T215F, K219W	ABC	29
9945	CA9945	M41L, D67N, T69D, K70R, V75M, M184V, T215F, K219W	AZT	726
9945	CA9945	M41L, D67N, T69D, K70R, V75M, M184V, T215F, K219W	D4T	10
9945	CA9945	M41L, D67N, T69D, K70R, V75M, M184V, T215F, K219W	DDI	4.1
9945	CA9945	M41L, D67N, T69D, K70R, V75M, M184V, T215F, K219W	TDF	NA
9916	CA9916	D67N, K70R, M184V, K219Q	X3TC	200
9916	CA9916	D67N, K70R, M184V, K219Q	ABC	7.7
9916	CA9916	D67N, K70R, M184V, K219Q	AZT	7.9
9916	CA9916	D67N, K70R, M184V, K219Q	D4T	2.3
9916	CA9916	D67N, K70R, M184V, K219Q	DDI	1.8
9916	CA9916	D67N, K70R, M184V, K219Q	TDF	NA
9944	CA9944	M41L, M184V, L210W, T215Y	X3TC	200
9944	CA9944	M41L, M184V, L210W, T215Y	ABC	8.5
9944	CA9944	M41L, M184V, L210W, T215Y	AZT	14
9944	CA9944	M41L, M184V, L210W, T215Y	D4T	1.7
9944	CA9944	M41L, M184V, L210W, T215Y	DDI	1.7
9944	CA9944	M41L, M184V, L210W, T215Y	TDF	NA
3871	CA3871	M41L, L74V, M184V, L210W, T215Y	X3TC	200
3871	CA3871	M41L, L74V, M184V, L210W, T215Y	ABC	8.1
3871	CA3871	M41L, L74V, M184V, L210W, T215Y	AZT	4.7
3871	CA3871	M41L, L74V, M184V, L210W, T215Y	D4T	1.8
3871	CA3871	M41L, L74V, M184V, L210W, T215Y	DDI	1.7
3871	CA3871	M41L, L74V, M184V, L210W, T215Y	TDF	NA
10474	CA10474	M41L, M184V, T215Y	X3TC	200
10474	CA10474	M41L, M184V, T215Y	ABC	8.6
10474	CA10474	M41L, M184V, T215Y	AZT	10
10474	CA10474	M41L, M184V, T215Y	D4T	1.7
10474	CA10474	M41L, M184V, T215Y	DDI	1.9
10474	CA10474	M41L, M184V, T215Y	TDF	NA
9919	CA9919	A62V, S68G, K70G, V75I, F77L, Y115F, F116Y, Q151M, M184V	X3TC	200
9919	CA9919	A62V, S68G, K70G, V75I, F77L, Y115F, F116Y, Q151M, M184V	ABC	20
9919	CA9919	A62V, S68G, K70G, V75I, F77L, Y115F, F116Y, Q151M, M184V	AZT	228
9919	CA9919	A62V, S68G, K70G, V75I, F77L, Y115F, F116Y, Q151M, M184V	D4T	11
9919	CA9919	A62V, S68G, K70G, V75I, F77L, Y115F, F116Y, Q151M, M184V	DDI	20
9919	CA9919	A62V, S68G, K70G, V75I, F77L, Y115F, F116Y, Q151M, M184V	TDF	NA
2633	CA2633	M41L, M184V, L210W, T215Y	X3TC	200
2633	CA2633	M41L, M184V, L210W, T215Y	ABC	4.3
2633	CA2633	M41L, M184V, L210W, T215Y	AZT	3.9
2633	CA2633	M41L, M184V, L210W, T215Y	D4T	1.4
2633	CA2633	M41L, M184V, L210W, T215Y	DDI	1.2
2633	CA2633	M41L, M184V, L210W, T215Y	TDF	NA
9435	CA9435	M41L, E44D, D67N, T69D, M184V, L210W, T215Y	X3TC	200
9435	CA9435	M41L, E44D, D67N, T69D, M184V, L210W, T215Y	ABC	9.6
9435	CA9435	M41L, E44D, D67N, T69D, M184V, L210W, T215Y	AZT	35
9435	CA9435	M41L, E44D, D67N, T69D, M184V, L210W, T215Y	D4T	3.3
9435	CA9435	M41L, E44D, D67N, T69D, M184V, L210W, T215Y	DDI	2.1
9435	CA9435	M41L, E44D, D67N, T69D, M184V, L210W, T215Y	TDF	NA
10470	CA10470	M41L, E44D, D67N, K70R, L74I, L210W, K219E	X3TC	4.1
10470	CA10470	M41L, E44D, D67N, K70R, L74I, L210W, K219E	ABC	3.5
10470	CA10470	M41L, E44D, D67N, K70R, L74I, L210W, K219E	AZT	22
10470	CA10470	M41L, E44D, D67N, K70R, L74I, L210W, K219E	D4T	3.2
10470	CA10470	M41L, E44D, D67N, K70R, L74I, L210W, K219E	DDI	1.4
10470	CA10470	M41L, E44D, D67N, K70R, L74I, L210W, K219E	TDF	NA
10499	CA10499	M41L, D67N, K70R, T215Y, K219Q	X3TC	4.6
10499	CA10499	M41L, D67N, K70R, T215Y, K219Q	ABC	6.7
10499	CA10499	M41L, D67N, K70R, T215Y, K219Q	AZT	340
10499	CA10499	M41L, D67N, K70R, T215Y, K219Q	D4T	3
10499	CA10499	M41L, D67N, K70R, T215Y, K219Q	DDI	1.8
10499	CA10499	M41L, D67N, K70R, T215Y, K219Q	TDF	NA
9949	41731906	M184V	X3TC	200
9949	41731906	M184V	ABC	4.8
9949	41731906	M184V	AZT	0.5
9949	41731906	M184V	D4T	0.8
9949	41731906	M184V	DDI	1.5
9949	41731906	M184V	TDF	NA
10465	CA10465	M41L, E44D, M184V, L210W, T215Y	X3TC	200
10465	CA10465	M41L, E44D, M184V, L210W, T215Y	ABC	7.7
10465	CA10465	M41L, E44D, M184V, L210W, T215Y	AZT	4.4
10465	CA10465	M41L, E44D, M184V, L210W, T215Y	D4T	1.7
10465	CA10465	M41L, E44D, M184V, L210W, T215Y	DDI	1.5
10465	CA10465	M41L, E44D, M184V, L210W, T215Y	TDF	NA
9915	CA9915	M41L, E44D, D67N, M184V, L210W, T215Y, K219N	X3TC	200
9915	CA9915	M41L, E44D, D67N, M184V, L210W, T215Y, K219N	ABC	9.9
9915	CA9915	M41L, E44D, D67N, M184V, L210W, T215Y, K219N	AZT	100
9915	CA9915	M41L, E44D, D67N, M184V, L210W, T215Y, K219N	D4T	3.9
9915	CA9915	M41L, E44D, D67N, M184V, L210W, T215Y, K219N	DDI	2.1
9915	CA9915	M41L, E44D, D67N, M184V, L210W, T215Y, K219N	TDF	NA
11265	SD-5	M184V	X3TC	NA
11265	SD-5	M184V	ABC	4
11265	SD-5	M184V	AZT	NA
11265	SD-5	M184V	D4T	1
11265	SD-5	M184V	DDI	NA
11265	SD-5	M184V	TDF	NA
11251	SD-16	K70R	X3TC	NA
11251	SD-16	K70R	ABC	1
11251	SD-16	K70R	AZT	NA
11251	SD-16	K70R	D4T	NA
11251	SD-16	K70R	DDI	NA
11251	SD-16	K70R	TDF	NA
11255	SD-13	M41L, S68SG, M184V, L210W, T215Y	X3TC	NA
11255	SD-13	M41L, S68SG, M184V, L210W, T215Y	ABC	5
11255	SD-13	M41L, S68SG, M184V, L210W, T215Y	AZT	NA
11255	SD-13	M41L, S68SG, M184V, L210W, T215Y	D4T	NA
11255	SD-13	M41L, S68SG, M184V, L210W, T215Y	DDI	NA
11255	SD-13	M41L, S68SG, M184V, L210W, T215Y	TDF	NA
11247	SD-18	D67N, K70R, M184V, K219Q	X3TC	NA
11247	SD-18	D67N, K70R, M184V, K219Q	ABC	2
11247	SD-18	D67N, K70R, M184V, K219Q	AZT	NA
11247	SD-18	D67N, K70R, M184V, K219Q	D4T	NA
11247	SD-18	D67N, K70R, M184V, K219Q	DDI	NA
11247	SD-18	D67N, K70R, M184V, K219Q	TDF	NA
11261	SD-7	L74V, M184V	X3TC	NA
11261	SD-7	L74V, M184V	ABC	5
11261	SD-7	L74V, M184V	AZT	NA
11261	SD-7	L74V, M184V	D4T	NA
11261	SD-7	L74V, M184V	DDI	NA
11261	SD-7	L74V, M184V	TDF	NA
11259	SD-10	M184V	X3TC	NA
11259	SD-10	M184V	ABC	3
11259	SD-10	M184V	AZT	NA
11259	SD-10	M184V	D4T	1
11259	SD-10	M184V	DDI	NA
11259	SD-10	M184V	TDF	NA
11243	SD-20	M41L, M184V, T215Y	X3TC	NA
11243	SD-20	M41L, M184V, T215Y	ABC	4
11243	SD-20	M41L, M184V, T215Y	AZT	NA
11243	SD-20	M41L, M184V, T215Y	D4T	NA
11243	SD-20	M41L, M184V, T215Y	DDI	NA
11243	SD-20	M41L, M184V, T215Y	TDF	NA
11263	SD-6	D67G, S68G, K70R, M184V, K219Q	X3TC	NA
11263	SD-6	D67G, S68G, K70R, M184V, K219Q	ABC	4
11263	SD-6	D67G, S68G, K70R, M184V, K219Q	AZT	NA
11263	SD-6	D67G, S68G, K70R, M184V, K219Q	D4T	NA
11263	SD-6	D67G, S68G, K70R, M184V, K219Q	DDI	NA
11263	SD-6	D67G, S68G, K70R, M184V, K219Q	TDF	NA
11267	SD-2	M41L, M184V, L210W, T215Y	X3TC	NA
11267	SD-2	M41L, M184V, L210W, T215Y	ABC	7
11267	SD-2	M41L, M184V, L210W, T215Y	AZT	NA
11267	SD-2	M41L, M184V, L210W, T215Y	D4T	2.7
11267	SD-2	M41L, M184V, L210W, T215Y	DDI	NA
11267	SD-2	M41L, M184V, L210W, T215Y	TDF	NA
11253	SD-14	M41L, L74I, M184V, L210W, T215Y	X3TC	NA
11253	SD-14	M41L, L74I, M184V, L210W, T215Y	ABC	5
11253	SD-14	M41L, L74I, M184V, L210W, T215Y	AZT	NA
11253	SD-14	M41L, L74I, M184V, L210W, T215Y	D4T	NA
11253	SD-14	M41L, L74I, M184V, L210W, T215Y	DDI	NA
11253	SD-14	M41L, L74I, M184V, L210W, T215Y	TDF	NA
11241	SD-21		X3TC	1
11241	SD-21		ABC	1
11241	SD-21		AZT	NA
11241	SD-21		D4T	NA
11241	SD-21		DDI	NA
11241	SD-21		TDF	NA
11245	SD-19	M41L, M184V, T215Y	X3TC	NA
11245	SD-19	M41L, M184V, T215Y	ABC	4
11245	SD-19	M41L, M184V, T215Y	AZT	NA
11245	SD-19	M41L, M184V, T215Y	D4T	NA
11245	SD-19	M41L, M184V, T215Y	DDI	NA
11245	SD-19	M41L, M184V, T215Y	TDF	NA
15465	P268	M41L, D67N, M184V, L210W, T215Y, K219Q	X3TC	200
15465	P268	M41L, D67N, M184V, L210W, T215Y, K219Q	ABC	NA
15465	P268	M41L, D67N, M184V, L210W, T215Y, K219Q	AZT	37
15465	P268	M41L, D67N, M184V, L210W, T215Y, K219Q	D4T	2.1
15465	P268	M41L, D67N, M184V, L210W, T215Y, K219Q	DDI	2.5
15465	P268	M41L, D67N, M184V, L210W, T215Y, K219Q	TDF	NA
15058	nrti-10	M41L, A62V, T69S_SA, L210W, T215Y	X3TC	22
15058	nrti-10	M41L, A62V, T69S_SA, L210W, T215Y	ABC	16
15058	nrti-10	M41L, A62V, T69S_SA, L210W, T215Y	AZT	NA
15058	nrti-10	M41L, A62V, T69S_SA, L210W, T215Y	D4T	13
15058	nrti-10	M41L, A62V, T69S_SA, L210W, T215Y	DDI	3
15058	nrti-10	M41L, A62V, T69S_SA, L210W, T215Y	TDF	NA
15052	nrti-4	M184I	X3TC	200
15052	nrti-4	M184I	ABC	3.1
15052	nrti-4	M184I	AZT	0.3
15052	nrti-4	M184I	D4T	0.8
15052	nrti-4	M184I	DDI	1.2
15052	nrti-4	M184I	TDF	NA
15479	P686	M41L, L210W, T215F	X3TC	3.5
15479	P686	M41L, L210W, T215F	ABC	NA
15479	P686	M41L, L210W, T215F	AZT	22
15479	P686	M41L, L210W, T215F	D4T	2
15479	P686	M41L, L210W, T215F	DDI	0.9
15479	P686	M41L, L210W, T215F	TDF	NA
15049	nrti-1	M41L, T215Y	X3TC	2
15049	nrti-1	M41L, T215Y	ABC	2.6
15049	nrti-1	M41L, T215Y	AZT	11
15049	nrti-1	M41L, T215Y	D4T	1.5
15049	nrti-1	M41L, T215Y	DDI	0.9
15049	nrti-1	M41L, T215Y	TDF	NA
15059	nrti-11	Q151M	X3TC	1.4
15059	nrti-11	Q151M	ABC	5.7
15059	nrti-11	Q151M	AZT	7.4
15059	nrti-11	Q151M	D4T	2.9
15059	nrti-11	Q151M	DDI	6.8
15059	nrti-11	Q151M	TDF	NA
15060	nrti-12	A62V, V75I, F77L, F116Y, Q151M, M184V	X3TC	200
15060	nrti-12	A62V, V75I, F77L, F116Y, Q151M, M184V	ABC	29
15060	nrti-12	A62V, V75I, F77L, F116Y, Q151M, M184V	AZT	307
15060	nrti-12	A62V, V75I, F77L, F116Y, Q151M, M184V	D4T	12
15060	nrti-12	A62V, V75I, F77L, F116Y, Q151M, M184V	DDI	18
15060	nrti-12	A62V, V75I, F77L, F116Y, Q151M, M184V	TDF	NA
15467	P372	D67N, T69D, K70R, M184V, K219Q	X3TC	200
15467	P372	D67N, T69D, K70R, M184V, K219Q	ABC	NA
15467	P372	D67N, T69D, K70R, M184V, K219Q	AZT	2.8
15467	P372	D67N, T69D, K70R, M184V, K219Q	D4T	1.5
15467	P372	D67N, T69D, K70R, M184V, K219Q	DDI	1.2
15467	P372	D67N, T69D, K70R, M184V, K219Q	TDF	NA
15053	nrti-5	M41L, D67N, K70R, M184V, T215Y, K219Q	X3TC	200
15053	nrti-5	M41L, D67N, K70R, M184V, T215Y, K219Q	ABC	3.4
15053	nrti-5	M41L, D67N, K70R, M184V, T215Y, K219Q	AZT	4.8
15053	nrti-5	M41L, D67N, K70R, M184V, T215Y, K219Q	D4T	1.4
15053	nrti-5	M41L, D67N, K70R, M184V, T215Y, K219Q	DDI	1.4
15053	nrti-5	M41L, D67N, K70R, M184V, T215Y, K219Q	TDF	NA
15050	nrti-2	M41L, D67N, K70R, T215Y, K219Q	X3TC	3
15050	nrti-2	M41L, D67N, K70R, T215Y, K219Q	ABC	2.8
15050	nrti-2	M41L, D67N, K70R, T215Y, K219Q	AZT	55
15050	nrti-2	M41L, D67N, K70R, T215Y, K219Q	D4T	1.9
15050	nrti-2	M41L, D67N, K70R, T215Y, K219Q	DDI	0.9
15050	nrti-2	M41L, D67N, K70R, T215Y, K219Q	TDF	NA
15051	nrti-3	M184V	X3TC	200
15051	nrti-3	M184V	ABC	3.8
15051	nrti-3	M184V	AZT	0.4
15051	nrti-3	M184V	D4T	0.8
15051	nrti-3	M184V	DDI	0.9
15051	nrti-3	M184V	TDF	NA
15463	P178	M41L, D67N, K70R, M184V, L210W, T215Y	X3TC	200
15463	P178	M41L, D67N, K70R, M184V, L210W, T215Y	ABC	NA
15463	P178	M41L, D67N, K70R, M184V, L210W, T215Y	AZT	40
15463	P178	M41L, D67N, K70R, M184V, L210W, T215Y	D4T	1.6
15463	P178	M41L, D67N, K70R, M184V, L210W, T215Y	DDI	1.4
15463	P178	M41L, D67N, K70R, M184V, L210W, T215Y	TDF	NA
15475	P675	M41L, L74V, M184V, T215Y	X3TC	200
15475	P675	M41L, L74V, M184V, T215Y	ABC	NA
15475	P675	M41L, L74V, M184V, T215Y	AZT	NA
15475	P675	M41L, L74V, M184V, T215Y	D4T	1.1
15475	P675	M41L, L74V, M184V, T215Y	DDI	1.8
15475	P675	M41L, L74V, M184V, T215Y	TDF	NA
15056	nrti-8	L74V	X3TC	2.6
15056	nrti-8	L74V	ABC	NA
15056	nrti-8	L74V	AZT	1.1
15056	nrti-8	L74V	D4T	0.9
15056	nrti-8	L74V	DDI	1.8
15056	nrti-8	L74V	TDF	NA
15054	nrti-6	M41L, D67N, K70R, T215Y, K219Q	X3TC	1.1
15054	nrti-6	M41L, D67N, K70R, T215Y, K219Q	ABC	1
15054	nrti-6	M41L, D67N, K70R, T215Y, K219Q	AZT	7.3
15054	nrti-6	M41L, D67N, K70R, T215Y, K219Q	D4T	1.4
15054	nrti-6	M41L, D67N, K70R, T215Y, K219Q	DDI	0.5
15054	nrti-6	M41L, D67N, K70R, T215Y, K219Q	TDF	NA
15473	P649	D67N, K219Q	X3TC	0.9
15473	P649	D67N, K219Q	ABC	NA
15473	P649	D67N, K219Q	AZT	3.3
15473	P649	D67N, K219Q	D4T	0.7
15473	P649	D67N, K219Q	DDI	1
15473	P649	D67N, K219Q	TDF	NA
15469	P644		X3TC	1.6
15469	P644		ABC	NA
15469	P644		AZT	1
15469	P644		D4T	0.8
15469	P644		DDI	1.2
15469	P644		TDF	NA
15057	nrti-9	V75T	X3TC	3.5
15057	nrti-9	V75T	ABC	NA
15057	nrti-9	V75T	AZT	0.6
15057	nrti-9	V75T	D4T	1.9
15057	nrti-9	V75T	DDI	1.2
15057	nrti-9	V75T	TDF	NA
15055	nrti-7	K65R	X3TC	12
15055	nrti-7	K65R	ABC	2.6
15055	nrti-7	K65R	AZT	0.4
15055	nrti-7	K65R	D4T	1.7
15055	nrti-7	K65R	DDI	1.8
15055	nrti-7	K65R	TDF	NA
15477	P682	M41L, D67N, M184V, L210W, T215Y	X3TC	200
15477	P682	M41L, D67N, M184V, L210W, T215Y	ABC	NA
15477	P682	M41L, D67N, M184V, L210W, T215Y	AZT	21
15477	P682	M41L, D67N, M184V, L210W, T215Y	D4T	2.8
15477	P682	M41L, D67N, M184V, L210W, T215Y	DDI	1.5
15477	P682	M41L, D67N, M184V, L210W, T215Y	TDF	NA
82898	62-69-215	M41L, A62V, T69S_SA, T215Y	X3TC	8.1
82898	62-69-215	M41L, A62V, T69S_SA, T215Y	ABC	9.7
82898	62-69-215	M41L, A62V, T69S_SA, T215Y	AZT	999
82898	62-69-215	M41L, A62V, T69S_SA, T215Y	D4T	8
82898	62-69-215	M41L, A62V, T69S_SA, T215Y	DDI	2.6
82898	62-69-215	M41L, A62V, T69S_SA, T215Y	TDF	NA
19034	41-184-215	M41L, M184V, T215Y	X3TC	200
19034	41-184-215	M41L, M184V, T215Y	ABC	6.9
19034	41-184-215	M41L, M184V, T215Y	AZT	1.7
19034	41-184-215	M41L, M184V, T215Y	D4T	1.3
19034	41-184-215	M41L, M184V, T215Y	DDI	1.3
19034	41-184-215	M41L, M184V, T215Y	TDF	NA
19035	151-184	Q151M, M184V	X3TC	200
19035	151-184	Q151M, M184V	ABC	21
19035	151-184	Q151M, M184V	AZT	2.1
19035	151-184	Q151M, M184V	D4T	2.4
19035	151-184	Q151M, M184V	DDI	6.8
19035	151-184	Q151M, M184V	TDF	NA
19772	SD-19_4	M41L, L74V, M184V, T215Y	X3TC	200
19772	SD-19_4	M41L, L74V, M184V, T215Y	ABC	6.3
19772	SD-19_4	M41L, L74V, M184V, T215Y	AZT	0.7
19772	SD-19_4	M41L, L74V, M184V, T215Y	D4T	1.3
19772	SD-19_4	M41L, L74V, M184V, T215Y	DDI	1.7
19772	SD-19_4	M41L, L74V, M184V, T215Y	TDF	NA
19750	SD-15_1	M41L, S68G, M184V, L210W, T215Y	X3TC	200
19750	SD-15_1	M41L, S68G, M184V, L210W, T215Y	ABC	5.5
19750	SD-15_1	M41L, S68G, M184V, L210W, T215Y	AZT	5.5
19750	SD-15_1	M41L, S68G, M184V, L210W, T215Y	D4T	1.7
19750	SD-15_1	M41L, S68G, M184V, L210W, T215Y	DDI	1.7
19750	SD-15_1	M41L, S68G, M184V, L210W, T215Y	TDF	NA
19760	SD-17_2	M184V	X3TC	200
19760	SD-17_2	M184V	ABC	2.3
19760	SD-17_2	M184V	AZT	0.3
19760	SD-17_2	M184V	D4T	0.7
19760	SD-17_2	M184V	DDI	1
19760	SD-17_2	M184V	TDF	NA
19784	SD-1_11	D67N, T69D, K70R, T215F, K219Q	X3TC	8.3
19784	SD-1_11	D67N, T69D, K70R, T215F, K219Q	ABC	4.2
19784	SD-1_11	D67N, T69D, K70R, T215F, K219Q	AZT	NA
19784	SD-1_11	D67N, T69D, K70R, T215F, K219Q	D4T	4.3
19784	SD-1_11	D67N, T69D, K70R, T215F, K219Q	DDI	2
19784	SD-1_11	D67N, T69D, K70R, T215F, K219Q	TDF	NA
19806	SD-2_18	M41L, S68G, M184V, L210W, T215Y	X3TC	21
19806	SD-2_18	M41L, S68G, M184V, L210W, T215Y	ABC	7.8
19806	SD-2_18	M41L, S68G, M184V, L210W, T215Y	AZT	74
19806	SD-2_18	M41L, S68G, M184V, L210W, T215Y	D4T	2.4
19806	SD-2_18	M41L, S68G, M184V, L210W, T215Y	DDI	1.9
19806	SD-2_18	M41L, S68G, M184V, L210W, T215Y	TDF	NA
19744	SD-14_4	M41L, A62AV, L74I, M184V, L210W, T215Y	X3TC	200
19744	SD-14_4	M41L, A62AV, L74I, M184V, L210W, T215Y	ABC	5
19744	SD-14_4	M41L, A62AV, L74I, M184V, L210W, T215Y	AZT	4
19744	SD-14_4	M41L, A62AV, L74I, M184V, L210W, T215Y	D4T	1.9
19744	SD-14_4	M41L, A62AV, L74I, M184V, L210W, T215Y	DDI	1.3
19744	SD-14_4	M41L, A62AV, L74I, M184V, L210W, T215Y	TDF	NA
19810	SD-5_16	M184V	X3TC	200
19810	SD-5_16	M184V	ABC	3.5
19810	SD-5_16	M184V	AZT	0.9
19810	SD-5_16	M184V	D4T	0.6
19810	SD-5_16	M184V	DDI	1.6
19810	SD-5_16	M184V	TDF	NA
19726	SD-10_13	M184V	X3TC	200
19726	SD-10_13	M184V	ABC	5.1
19726	SD-10_13	M184V	AZT	0.6
19726	SD-10_13	M184V	D4T	0.8
19726	SD-10_13	M184V	DDI	1.5
19726	SD-10_13	M184V	TDF	NA
19770	SD-19_2	M41L, M184V, T215Y	X3TC	200
19770	SD-19_2	M41L, M184V, T215Y	ABC	4.6
19770	SD-19_2	M41L, M184V, T215Y	AZT	2.3
19770	SD-19_2	M41L, M184V, T215Y	D4T	1.6
19770	SD-19_2	M41L, M184V, T215Y	DDI	1.5
19770	SD-19_2	M41L, M184V, T215Y	TDF	NA
19764	SD-18_8	D67N, K70R, M184V, K219Q	X3TC	200
19764	SD-18_8	D67N, K70R, M184V, K219Q	ABC	3.5
19764	SD-18_8	D67N, K70R, M184V, K219Q	AZT	1.9
19764	SD-18_8	D67N, K70R, M184V, K219Q	D4T	1.2
19764	SD-18_8	D67N, K70R, M184V, K219Q	DDI	1.4
19764	SD-18_8	D67N, K70R, M184V, K219Q	TDF	NA
19820	SD-7_8	L74V, M184V	X3TC	200
19820	SD-7_8	L74V, M184V	ABC	5.7
19820	SD-7_8	L74V, M184V	AZT	0.3
19820	SD-7_8	L74V, M184V	D4T	1
19820	SD-7_8	L74V, M184V	DDI	2.6
19820	SD-7_8	L74V, M184V	TDF	NA
19780	SD-1_4	D67N, T69D, K70R, M184V, T215F, K219Q	X3TC	200
19780	SD-1_4	D67N, T69D, K70R, M184V, T215F, K219Q	ABC	8.5
19780	SD-1_4	D67N, T69D, K70R, M184V, T215F, K219Q	AZT	42
19780	SD-1_4	D67N, T69D, K70R, M184V, T215F, K219Q	D4T	3.4
19780	SD-1_4	D67N, T69D, K70R, M184V, T215F, K219Q	DDI	2.5
19780	SD-1_4	D67N, T69D, K70R, M184V, T215F, K219Q	TDF	NA
19804	SD-2_10	M41L, S68G, M184V, L210W, T215Y	X3TC	200
19804	SD-2_10	M41L, S68G, M184V, L210W, T215Y	ABC	7.5
19804	SD-2_10	M41L, S68G, M184V, L210W, T215Y	AZT	16
19804	SD-2_10	M41L, S68G, M184V, L210W, T215Y	D4T	2.1
19804	SD-2_10	M41L, S68G, M184V, L210W, T215Y	DDI	2.1
19804	SD-2_10	M41L, S68G, M184V, L210W, T215Y	TDF	NA
19730	SD-10_26	M184V, T215Y	X3TC	200
19730	SD-10_26	M184V, T215Y	ABC	6.8
19730	SD-10_26	M184V, T215Y	AZT	1
19730	SD-10_26	M184V, T215Y	D4T	1.1
19730	SD-10_26	M184V, T215Y	DDI	2.1
19730	SD-10_26	M184V, T215Y	TDF	NA
19812	SD-5_44	M184V	X3TC	200
19812	SD-5_44	M184V	ABC	3.1
19812	SD-5_44	M184V	AZT	0.9
19812	SD-5_44	M184V	D4T	0.9
19812	SD-5_44	M184V	DDI	1.6
19812	SD-5_44	M184V	TDF	NA
19758	SD-16_4	K70R	X3TC	1.1
19758	SD-16_4	K70R	ABC	1.1
19758	SD-16_4	K70R	AZT	5.3
19758	SD-16_4	K70R	D4T	1.3
19758	SD-16_4	K70R	DDI	1.2
19758	SD-16_4	K70R	TDF	NA
19786	SD-20_12	M41L, M184V, T215Y	X3TC	200
19786	SD-20_12	M41L, M184V, T215Y	ABC	7.7
19786	SD-20_12	M41L, M184V, T215Y	AZT	5.1
19786	SD-20_12	M41L, M184V, T215Y	D4T	1.3
19786	SD-20_12	M41L, M184V, T215Y	DDI	1.7
19786	SD-20_12	M41L, M184V, T215Y	TDF	NA
10626	CA10626	D67N, T69D, K70R, T215F, K219Q	X3TC	4.3
10626	CA10626	D67N, T69D, K70R, T215F, K219Q	ABC	1.3
10626	CA10626	D67N, T69D, K70R, T215F, K219Q	AZT	9.1
10626	CA10626	D67N, T69D, K70R, T215F, K219Q	D4T	1.6
10626	CA10626	D67N, T69D, K70R, T215F, K219Q	DDI	0.9
10626	CA10626	D67N, T69D, K70R, T215F, K219Q	TDF	0.9
15983	CA15983	M41L, D67N, M184V, L210W, T215Y	X3TC	200
15983	CA15983	M41L, D67N, M184V, L210W, T215Y	ABC	5.2
15983	CA15983	M41L, D67N, M184V, L210W, T215Y	AZT	12
15983	CA15983	M41L, D67N, M184V, L210W, T215Y	D4T	2.2
15983	CA15983	M41L, D67N, M184V, L210W, T215Y	DDI	1.7
15983	CA15983	M41L, D67N, M184V, L210W, T215Y	TDF	0.9
11732	CA11732	M41L, L74V, L210W, T215Y	X3TC	3.4
11732	CA11732	M41L, L74V, L210W, T215Y	ABC	4.2
11732	CA11732	M41L, L74V, L210W, T215Y	AZT	19
11732	CA11732	M41L, L74V, L210W, T215Y	D4T	2.6
11732	CA11732	M41L, L74V, L210W, T215Y	DDI	1.9
11732	CA11732	M41L, L74V, L210W, T215Y	TDF	1.4
35533	CA35533	K70R	X3TC	200
35533	CA35533	K70R	ABC	3.5
35533	CA35533	K70R	AZT	2.5
35533	CA35533	K70R	D4T	1.1
35533	CA35533	K70R	DDI	1.6
35533	CA35533	K70R	TDF	NA
11961	CA11961	D67N, K70R, M184V, T215V, K219Q	X3TC	200
11961	CA11961	D67N, K70R, M184V, T215V, K219Q	ABC	3.4
11961	CA11961	D67N, K70R, M184V, T215V, K219Q	AZT	4.6
11961	CA11961	D67N, K70R, M184V, T215V, K219Q	D4T	1.5
11961	CA11961	D67N, K70R, M184V, T215V, K219Q	DDI	1.4
11961	CA11961	D67N, K70R, M184V, T215V, K219Q	TDF	0.9
11193	CA11193	E40F, M41L, D67N, L210W, T215Y, K219N	X3TC	7.6
11193	CA11193	E40F, M41L, D67N, L210W, T215Y, K219N	ABC	6.8
11193	CA11193	E40F, M41L, D67N, L210W, T215Y, K219N	AZT	NA
11193	CA11193	E40F, M41L, D67N, L210W, T215Y, K219N	D4T	6.4
11193	CA11193	E40F, M41L, D67N, L210W, T215Y, K219N	DDI	2.5
11193	CA11193	E40F, M41L, D67N, L210W, T215Y, K219N	TDF	4.6
35545	CA35545	M41L, M184V, L210W, T215Y	X3TC	200
35545	CA35545	M41L, M184V, L210W, T215Y	ABC	6.6
35545	CA35545	M41L, M184V, L210W, T215Y	AZT	7.5
35545	CA35545	M41L, M184V, L210W, T215Y	D4T	1.3
35545	CA35545	M41L, M184V, L210W, T215Y	DDI	1.6
35545	CA35545	M41L, M184V, L210W, T215Y	TDF	NA
24202	CA24202	M41L, T69S_SS, L210W, T215Y	X3TC	50
24202	CA24202	M41L, T69S_SS, L210W, T215Y	ABC	31
24202	CA24202	M41L, T69S_SS, L210W, T215Y	AZT	NA
24202	CA24202	M41L, T69S_SS, L210W, T215Y	D4T	11
24202	CA24202	M41L, T69S_SS, L210W, T215Y	DDI	4.1
24202	CA24202	M41L, T69S_SS, L210W, T215Y	TDF	28
13897	CA13897	M41L, A62V, V75T, M184V, T215Y	X3TC	200
13897	CA13897	M41L, A62V, V75T, M184V, T215Y	ABC	6
13897	CA13897	M41L, A62V, V75T, M184V, T215Y	AZT	4.6
13897	CA13897	M41L, A62V, V75T, M184V, T215Y	D4T	1.6
13897	CA13897	M41L, A62V, V75T, M184V, T215Y	DDI	2.2
13897	CA13897	M41L, A62V, V75T, M184V, T215Y	TDF	1.1
4364	CA4364	S68G, F116Y, Q151M	X3TC	2.9
4364	CA4364	S68G, F116Y, Q151M	ABC	5.2
4364	CA4364	S68G, F116Y, Q151M	AZT	6.7
4364	CA4364	S68G, F116Y, Q151M	D4T	5.4
4364	CA4364	S68G, F116Y, Q151M	DDI	5.3
4364	CA4364	S68G, F116Y, Q151M	TDF	0.9
10967	CA10967	A62V, L74V, V75T	X3TC	14
10967	CA10967	A62V, L74V, V75T	ABC	3.7
10967	CA10967	A62V, L74V, V75T	AZT	0.2
10967	CA10967	A62V, L74V, V75T	D4T	1
10967	CA10967	A62V, L74V, V75T	DDI	2.4
10967	CA10967	A62V, L74V, V75T	TDF	0.4
16903	CA16903	M41L, D67N, T215Y	X3TC	5.3
16903	CA16903	M41L, D67N, T215Y	ABC	2.9
16903	CA16903	M41L, D67N, T215Y	AZT	137
16903	CA16903	M41L, D67N, T215Y	D4T	2.4
16903	CA16903	M41L, D67N, T215Y	DDI	1.7
16903	CA16903	M41L, D67N, T215Y	TDF	2.7
35535	CA35535	S68G, V75I, F77L, Y115F, F116Y, Q151M, M184V	X3TC	200
35535	CA35535	S68G, V75I, F77L, Y115F, F116Y, Q151M, M184V	ABC	20
35535	CA35535	S68G, V75I, F77L, Y115F, F116Y, Q151M, M184V	AZT	NA
35535	CA35535	S68G, V75I, F77L, Y115F, F116Y, Q151M, M184V	D4T	11
35535	CA35535	S68G, V75I, F77L, Y115F, F116Y, Q151M, M184V	DDI	15
35535	CA35535	S68G, V75I, F77L, Y115F, F116Y, Q151M, M184V	TDF	NA
35549	CA35549	M41L, E44D, D67N, V75M, M184V, L210W, T215Y, K219N	X3TC	200
35549	CA35549	M41L, E44D, D67N, V75M, M184V, L210W, T215Y, K219N	ABC	7.2
35549	CA35549	M41L, E44D, D67N, V75M, M184V, L210W, T215Y, K219N	AZT	84
35549	CA35549	M41L, E44D, D67N, V75M, M184V, L210W, T215Y, K219N	D4T	5.3
35549	CA35549	M41L, E44D, D67N, V75M, M184V, L210W, T215Y, K219N	DDI	2.7
35549	CA35549	M41L, E44D, D67N, V75M, M184V, L210W, T215Y, K219N	TDF	NA
22661	DK-125	E40F, M41L, D67N, T69D, M184V, L210W, T215Y	X3TC	200
22661	DK-125	E40F, M41L, D67N, T69D, M184V, L210W, T215Y	ABC	6.6
22661	DK-125	E40F, M41L, D67N, T69D, M184V, L210W, T215Y	AZT	972
22661	DK-125	E40F, M41L, D67N, T69D, M184V, L210W, T215Y	D4T	8.8
22661	DK-125	E40F, M41L, D67N, T69D, M184V, L210W, T215Y	DDI	3.7
22661	DK-125	E40F, M41L, D67N, T69D, M184V, L210W, T215Y	TDF	NA
22813	DK-6905	M41L, D67N, K70R, M184V, T215F, K219E	X3TC	200
22813	DK-6905	M41L, D67N, K70R, M184V, T215F, K219E	ABC	5.9
22813	DK-6905	M41L, D67N, K70R, M184V, T215F, K219E	AZT	83
22813	DK-6905	M41L, D67N, K70R, M184V, T215F, K219E	D4T	2.7
22813	DK-6905	M41L, D67N, K70R, M184V, T215F, K219E	DDI	2.3
22813	DK-6905	M41L, D67N, K70R, M184V, T215F, K219E	TDF	NA
22841	DK-8284	D67N, K70R, K219Q	X3TC	1.3
22841	DK-8284	D67N, K70R, K219Q	ABC	1.2
22841	DK-8284	D67N, K70R, K219Q	AZT	10
22841	DK-8284	D67N, K70R, K219Q	D4T	1.6
22841	DK-8284	D67N, K70R, K219Q	DDI	0.9
22841	DK-8284	D67N, K70R, K219Q	TDF	NA
22701	DK-1584	K65R, S68G	X3TC	8.8
22701	DK-1584	K65R, S68G	ABC	3.2
22701	DK-1584	K65R, S68G	AZT	0.6
22701	DK-1584	K65R, S68G	D4T	1.6
22701	DK-1584	K65R, S68G	DDI	2.3
22701	DK-1584	K65R, S68G	TDF	NA
22711	DK-2194		X3TC	1
22711	DK-2194		ABC	0.9
22711	DK-2194		AZT	1.2
22711	DK-2194		D4T	1.1
22711	DK-2194		DDI	1.1
22711	DK-2194		TDF	NA
22817	DK-7205	M41L, E44D, D67N, V75VA, M184V, L210W, T215Y	X3TC	200
22817	DK-7205	M41L, E44D, D67N, V75VA, M184V, L210W, T215Y	ABC	6
22817	DK-7205	M41L, E44D, D67N, V75VA, M184V, L210W, T215Y	AZT	4.5
22817	DK-7205	M41L, E44D, D67N, V75VA, M184V, L210W, T215Y	D4T	3
22817	DK-7205	M41L, E44D, D67N, V75VA, M184V, L210W, T215Y	DDI	2.2
22817	DK-7205	M41L, E44D, D67N, V75VA, M184V, L210W, T215Y	TDF	NA
22739	DK-3484	K70KR, M184V	X3TC	200
22739	DK-3484	K70KR, M184V	ABC	2.1
22739	DK-3484	K70KR, M184V	AZT	0.9
22739	DK-3484	K70KR, M184V	D4T	0.8
22739	DK-3484	K70KR, M184V	DDI	1.2
22739	DK-3484	K70KR, M184V	TDF	NA
22707	DK-1894	D67N, T69ND, K70R, M184V, T215F, K219Q	X3TC	200
22707	DK-1894	D67N, T69ND, K70R, M184V, T215F, K219Q	ABC	4.2
22707	DK-1894	D67N, T69ND, K70R, M184V, T215F, K219Q	AZT	2
22707	DK-1894	D67N, T69ND, K70R, M184V, T215F, K219Q	D4T	1.7
22707	DK-1894	D67N, T69ND, K70R, M184V, T215F, K219Q	DDI	1.8
22707	DK-1894	D67N, T69ND, K70R, M184V, T215F, K219Q	TDF	NA
22837	DK-7984	M41L, L210W, T215Y	X3TC	3
22837	DK-7984	M41L, L210W, T215Y	ABC	3.1
22837	DK-7984	M41L, L210W, T215Y	AZT	199
22837	DK-7984	M41L, L210W, T215Y	D4T	2.6
22837	DK-7984	M41L, L210W, T215Y	DDI	1.7
22837	DK-7984	M41L, L210W, T215Y	TDF	NA
22759	DK-4305	M41L, D67N, T69D, M184V, T215Y	X3TC	200
22759	DK-4305	M41L, D67N, T69D, M184V, T215Y	ABC	6.7
22759	DK-4305	M41L, D67N, T69D, M184V, T215Y	AZT	6.3
22759	DK-4305	M41L, D67N, T69D, M184V, T215Y	D4T	2.1
22759	DK-4305	M41L, D67N, T69D, M184V, T215Y	DDI	2.5
22759	DK-4305	M41L, D67N, T69D, M184V, T215Y	TDF	NA
22881	DK-9884	M41L, D67N, L74I, M184V, L210W, T215Y, K219Q	X3TC	200
22881	DK-9884	M41L, D67N, L74I, M184V, L210W, T215Y, K219Q	ABC	6.6
22881	DK-9884	M41L, D67N, L74I, M184V, L210W, T215Y, K219Q	AZT	15
22881	DK-9884	M41L, D67N, L74I, M184V, L210W, T215Y, K219Q	D4T	3.2
22881	DK-9884	M41L, D67N, L74I, M184V, L210W, T215Y, K219Q	DDI	2.5
22881	DK-9884	M41L, D67N, L74I, M184V, L210W, T215Y, K219Q	TDF	NA
22827	DK-7515		X3TC	0.9
22827	DK-7515		ABC	0.7
22827	DK-7515		AZT	0.9
22827	DK-7515		D4T	0.8
22827	DK-7515		DDI	1.1
22827	DK-7515		TDF	NA
22879	DK-9584	M41L, M184V, T215F	X3TC	200
22879	DK-9584	M41L, M184V, T215F	ABC	6.7
22879	DK-9584	M41L, M184V, T215F	AZT	2.3
22879	DK-9584	M41L, M184V, T215F	D4T	1.6
22879	DK-9584	M41L, M184V, T215F	DDI	2.3
22879	DK-9584	M41L, M184V, T215F	TDF	NA
22695	DK-1115	M41L, E44D, D67N, T69D, M184V, L210W, T215Y	X3TC	200
22695	DK-1115	M41L, E44D, D67N, T69D, M184V, L210W, T215Y	ABC	6.7
22695	DK-1115	M41L, E44D, D67N, T69D, M184V, L210W, T215Y	AZT	26
22695	DK-1115	M41L, E44D, D67N, T69D, M184V, L210W, T215Y	D4T	3.3
22695	DK-1115	M41L, E44D, D67N, T69D, M184V, L210W, T215Y	DDI	2.3
22695	DK-1115	M41L, E44D, D67N, T69D, M184V, L210W, T215Y	TDF	NA
22741	DK-3494	M184V, T215Y	X3TC	200
22741	DK-3494	M184V, T215Y	ABC	6.3
22741	DK-3494	M184V, T215Y	AZT	13
22741	DK-3494	M184V, T215Y	D4T	1.7
22741	DK-3494	M184V, T215Y	DDI	1.5
22741	DK-3494	M184V, T215Y	TDF	NA
22761	DK-4315	M41L, E44ED, S68G, M184V, L210W, T215Y	X3TC	200
22761	DK-4315	M41L, E44ED, S68G, M184V, L210W, T215Y	ABC	7
22761	DK-4315	M41L, E44ED, S68G, M184V, L210W, T215Y	AZT	33
22761	DK-4315	M41L, E44ED, S68G, M184V, L210W, T215Y	D4T	1.9
22761	DK-4315	M41L, E44ED, S68G, M184V, L210W, T215Y	DDI	1.9
22761	DK-4315	M41L, E44ED, S68G, M184V, L210W, T215Y	TDF	NA
22673	DK-505	M41L, E44D, T69D, M184V, L210W, T215Y, K219R	X3TC	200
22673	DK-505	M41L, E44D, T69D, M184V, L210W, T215Y, K219R	ABC	11
22673	DK-505	M41L, E44D, T69D, M184V, L210W, T215Y, K219R	AZT	27
22673	DK-505	M41L, E44D, T69D, M184V, L210W, T215Y, K219R	D4T	4.9
22673	DK-505	M41L, E44D, T69D, M184V, L210W, T215Y, K219R	DDI	2
22673	DK-505	M41L, E44D, T69D, M184V, L210W, T215Y, K219R	TDF	NA
22683	DK-815	M41L, E44D, D67N, V75M, L210W, T215Y	X3TC	7.1
22683	DK-815	M41L, E44D, D67N, V75M, L210W, T215Y	ABC	6.6
22683	DK-815	M41L, E44D, D67N, V75M, L210W, T215Y	AZT	575
22683	DK-815	M41L, E44D, D67N, V75M, L210W, T215Y	D4T	4.3
22683	DK-815	M41L, E44D, D67N, V75M, L210W, T215Y	DDI	1.9
22683	DK-815	M41L, E44D, D67N, V75M, L210W, T215Y	TDF	NA
22727	DK-3025	M41L, A62AV, M184V, T215Y	X3TC	200
22727	DK-3025	M41L, A62AV, M184V, T215Y	ABC	3.8
22727	DK-3025	M41L, A62AV, M184V, T215Y	AZT	2
22727	DK-3025	M41L, A62AV, M184V, T215Y	D4T	1.4
22727	DK-3025	M41L, A62AV, M184V, T215Y	DDI	1.6
22727	DK-3025	M41L, A62AV, M184V, T215Y	TDF	NA
22745	DK-3705	M41L, D67N, T215Y	X3TC	3.5
22745	DK-3705	M41L, D67N, T215Y	ABC	3
22745	DK-3705	M41L, D67N, T215Y	AZT	64
22745	DK-3705	M41L, D67N, T215Y	D4T	2.2
22745	DK-3705	M41L, D67N, T215Y	DDI	1.5
22745	DK-3705	M41L, D67N, T215Y	TDF	NA
22753	DK-4094	M41L, D67N, K70R, T215F, K219E	X3TC	3.3
22753	DK-4094	M41L, D67N, K70R, T215F, K219E	ABC	3.5
22753	DK-4094	M41L, D67N, K70R, T215F, K219E	AZT	121
22753	DK-4094	M41L, D67N, K70R, T215F, K219E	D4T	2.3
22753	DK-4094	M41L, D67N, K70R, T215F, K219E	DDI	1.3
22753	DK-4094	M41L, D67N, K70R, T215F, K219E	TDF	NA
22853	DK-8805	M41L, E44D, D67N, T69D, M184V, L210W, T215Y	X3TC	200
22853	DK-8805	M41L, E44D, D67N, T69D, M184V, L210W, T215Y	ABC	9.2
22853	DK-8805	M41L, E44D, D67N, T69D, M184V, L210W, T215Y	AZT	43
22853	DK-8805	M41L, E44D, D67N, T69D, M184V, L210W, T215Y	D4T	3.9
22853	DK-8805	M41L, E44D, D67N, T69D, M184V, L210W, T215Y	DDI	2.3
22853	DK-8805	M41L, E44D, D67N, T69D, M184V, L210W, T215Y	TDF	NA
22807	DK-6684	M41L, E44ED, D67N, K70R, M184V, L210W, T215Y, K219E	X3TC	200
22807	DK-6684	M41L, E44ED, D67N, K70R, M184V, L210W, T215Y, K219E	ABC	5
22807	DK-6684	M41L, E44ED, D67N, K70R, M184V, L210W, T215Y, K219E	AZT	11
22807	DK-6684	M41L, E44ED, D67N, K70R, M184V, L210W, T215Y, K219E	D4T	2.4
22807	DK-6684	M41L, E44ED, D67N, K70R, M184V, L210W, T215Y, K219E	DDI	2.6
22807	DK-6684	M41L, E44ED, D67N, K70R, M184V, L210W, T215Y, K219E	TDF	NA
22797	DK-6215	M41ML, D67N, K70R, T215Y	X3TC	5.4
22797	DK-6215	M41ML, D67N, K70R, T215Y	ABC	3.7
22797	DK-6215	M41ML, D67N, K70R, T215Y	AZT	76
22797	DK-6215	M41ML, D67N, K70R, T215Y	D4T	1.9
22797	DK-6215	M41ML, D67N, K70R, T215Y	DDI	2
22797	DK-6215	M41ML, D67N, K70R, T215Y	TDF	NA
22719	DK-2415	M41L, D67N, M184V, L210W, T215Y, K219KE	X3TC	200
22719	DK-2415	M41L, D67N, M184V, L210W, T215Y, K219KE	ABC	5.1
22719	DK-2415	M41L, D67N, M184V, L210W, T215Y, K219KE	AZT	20
22719	DK-2415	M41L, D67N, M184V, L210W, T215Y, K219KE	D4T	3.1
22719	DK-2415	M41L, D67N, M184V, L210W, T215Y, K219KE	DDI	2.1
22719	DK-2415	M41L, D67N, M184V, L210W, T215Y, K219KE	TDF	NA
22799	DK-6225	M41L, D67N, K70R, M184V, T215F, K219Q	X3TC	200
22799	DK-6225	M41L, D67N, K70R, M184V, T215F, K219Q	ABC	4.6
22799	DK-6225	M41L, D67N, K70R, M184V, T215F, K219Q	AZT	23
22799	DK-6225	M41L, D67N, K70R, M184V, T215F, K219Q	D4T	1.8
22799	DK-6225	M41L, D67N, K70R, M184V, T215F, K219Q	DDI	1.5
22799	DK-6225	M41L, D67N, K70R, M184V, T215F, K219Q	TDF	NA
22721	DK-2715	M41L, E44D, D67N, V75M, L210W, T215Y	X3TC	4.8
22721	DK-2715	M41L, E44D, D67N, V75M, L210W, T215Y	ABC	3.6
22721	DK-2715	M41L, E44D, D67N, V75M, L210W, T215Y	AZT	175
22721	DK-2715	M41L, E44D, D67N, V75M, L210W, T215Y	D4T	5.1
22721	DK-2715	M41L, E44D, D67N, V75M, L210W, T215Y	DDI	1.6
22721	DK-2715	M41L, E44D, D67N, V75M, L210W, T215Y	TDF	NA
22863	DK-9115	D67N, K70G, M184V, T215F, K219Q	X3TC	200
22863	DK-9115	D67N, K70G, M184V, T215F, K219Q	ABC	7.7
22863	DK-9115	D67N, K70G, M184V, T215F, K219Q	AZT	0.8
22863	DK-9115	D67N, K70G, M184V, T215F, K219Q	D4T	1.4
22863	DK-9115	D67N, K70G, M184V, T215F, K219Q	DDI	2.1
22863	DK-9115	D67N, K70G, M184V, T215F, K219Q	TDF	NA
22709	DK-2105		X3TC	1
22709	DK-2105		ABC	0.8
22709	DK-2105		AZT	1.2
22709	DK-2105		D4T	1
22709	DK-2105		DDI	1.1
22709	DK-2105		TDF	NA
22839	DK-8125	M41L, E44EA, M184V, L210W, T215Y	X3TC	200
22839	DK-8125	M41L, E44EA, M184V, L210W, T215Y	ABC	7.9
22839	DK-8125	M41L, E44EA, M184V, L210W, T215Y	AZT	6.4
22839	DK-8125	M41L, E44EA, M184V, L210W, T215Y	D4T	2.2
22839	DK-8125	M41L, E44EA, M184V, L210W, T215Y	DDI	1.8
22839	DK-8125	M41L, E44EA, M184V, L210W, T215Y	TDF	NA
22667	DK-294	M41L, A62AV, K70KT, V75I, M184V	X3TC	200
22667	DK-294	M41L, A62AV, K70KT, V75I, M184V	ABC	3.3
22667	DK-294	M41L, A62AV, K70KT, V75I, M184V	AZT	0.3
22667	DK-294	M41L, A62AV, K70KT, V75I, M184V	D4T	0.9
22667	DK-294	M41L, A62AV, K70KT, V75I, M184V	DDI	1.6
22667	DK-294	M41L, A62AV, K70KT, V75I, M184V	TDF	NA
22819	DK-7294	M184V	X3TC	200
22819	DK-7294	M184V	ABC	4.4
22819	DK-7294	M184V	AZT	0.7
22819	DK-7294	M184V	D4T	0.9
22819	DK-7294	M184V	DDI	1.7
22819	DK-7294	M184V	TDF	NA
22861	DK-9105	M184V	X3TC	200
22861	DK-9105	M184V	ABC	4.6
22861	DK-9105	M184V	AZT	0.5
22861	DK-9105	M184V	D4T	0.9
22861	DK-9105	M184V	DDI	1.6
22861	DK-9105	M184V	TDF	NA
22675	DK-594	D67N, K70R, T215I, K219Q	X3TC	2.2
22675	DK-594	D67N, K70R, T215I, K219Q	ABC	1.6
22675	DK-594	D67N, K70R, T215I, K219Q	AZT	7.9
22675	DK-594	D67N, K70R, T215I, K219Q	D4T	1.7
22675	DK-594	D67N, K70R, T215I, K219Q	DDI	1.2
22675	DK-594	D67N, K70R, T215I, K219Q	TDF	NA
22835	DK-7974	M41L, E44D, D67N, L210W, T215Y	X3TC	4.4
22835	DK-7974	M41L, E44D, D67N, L210W, T215Y	ABC	2.3
22835	DK-7974	M41L, E44D, D67N, L210W, T215Y	AZT	119
22835	DK-7974	M41L, E44D, D67N, L210W, T215Y	D4T	3.6
22835	DK-7974	M41L, E44D, D67N, L210W, T215Y	DDI	1.6
22835	DK-7974	M41L, E44D, D67N, L210W, T215Y	TDF	NA
22717	DK-2405	M184V	X3TC	200
22717	DK-2405	M184V	ABC	3.3
22717	DK-2405	M184V	AZT	0.6
22717	DK-2405	M184V	D4T	0.8
22717	DK-2405	M184V	DDI	1.7
22717	DK-2405	M184V	TDF	NA
22735	DK-3184	M41L, E44D, S68SG, L210W, T215Y	X3TC	3.2
22735	DK-3184	M41L, E44D, S68SG, L210W, T215Y	ABC	2.5
22735	DK-3184	M41L, E44D, S68SG, L210W, T215Y	AZT	108
22735	DK-3184	M41L, E44D, S68SG, L210W, T215Y	D4T	3
22735	DK-3184	M41L, E44D, S68SG, L210W, T215Y	DDI	1.9
22735	DK-3184	M41L, E44D, S68SG, L210W, T215Y	TDF	NA
22805	DK-6384	M41L, T215Y, K219KQ	X3TC	1.9
22805	DK-6384	M41L, T215Y, K219KQ	ABC	2
22805	DK-6384	M41L, T215Y, K219KQ	AZT	29
22805	DK-6384	M41L, T215Y, K219KQ	D4T	2
22805	DK-6384	M41L, T215Y, K219KQ	DDI	1.5
22805	DK-6384	M41L, T215Y, K219KQ	TDF	NA
22725	DK-3015	D67N, K70R, M184V	X3TC	200
22725	DK-3015	D67N, K70R, M184V	ABC	4
22725	DK-3015	D67N, K70R, M184V	AZT	1.2
22725	DK-3015	D67N, K70R, M184V	D4T	1.1
22725	DK-3015	D67N, K70R, M184V	DDI	1.4
22725	DK-3015	D67N, K70R, M184V	TDF	NA
22825	DK-7505	M41L, D67N, M184V, T215Y	X3TC	200
22825	DK-7505	M41L, D67N, M184V, T215Y	ABC	5.1
22825	DK-7505	M41L, D67N, M184V, T215Y	AZT	17
22825	DK-7505	M41L, D67N, M184V, T215Y	D4T	1.8
22825	DK-7505	M41L, D67N, M184V, T215Y	DDI	1.8
22825	DK-7505	M41L, D67N, M184V, T215Y	TDF	NA
22779	DK-5605	M41L, D67DN, K70R, M184V, T215Y	X3TC	200
22779	DK-5605	M41L, D67DN, K70R, M184V, T215Y	ABC	4.9
22779	DK-5605	M41L, D67DN, K70R, M184V, T215Y	AZT	13
22779	DK-5605	M41L, D67DN, K70R, M184V, T215Y	D4T	1.7
22779	DK-5605	M41L, D67DN, K70R, M184V, T215Y	DDI	2.2
22779	DK-5605	M41L, D67DN, K70R, M184V, T215Y	TDF	NA
22775	DK-5394	M41L, M184V, T215Y	X3TC	200
22775	DK-5394	M41L, M184V, T215Y	ABC	9
22775	DK-5394	M41L, M184V, T215Y	AZT	12
22775	DK-5394	M41L, M184V, T215Y	D4T	1.9
22775	DK-5394	M41L, M184V, T215Y	DDI	1.7
22775	DK-5394	M41L, M184V, T215Y	TDF	NA
22831	DK-7815	D67N, K70G, F116Y, Q151M, L210LW, T215Y	X3TC	9
22831	DK-7815	D67N, K70G, F116Y, Q151M, L210LW, T215Y	ABC	6.6
22831	DK-7815	D67N, K70G, F116Y, Q151M, L210LW, T215Y	AZT	6.6
22831	DK-7815	D67N, K70G, F116Y, Q151M, L210LW, T215Y	D4T	8.8
22831	DK-7815	D67N, K70G, F116Y, Q151M, L210LW, T215Y	DDI	5.4
22831	DK-7815	D67N, K70G, F116Y, Q151M, L210LW, T215Y	TDF	NA
23199	KZ-CID2	D67N, K70R, T215Y, K219Q	X3TC	3.9
23199	KZ-CID2	D67N, K70R, T215Y, K219Q	ABC	2.1
23199	KZ-CID2	D67N, K70R, T215Y, K219Q	AZT	36
23199	KZ-CID2	D67N, K70R, T215Y, K219Q	D4T	1.7
23199	KZ-CID2	D67N, K70R, T215Y, K219Q	DDI	0.7
23199	KZ-CID2	D67N, K70R, T215Y, K219Q	TDF	NA
26679	157948		X3TC	1.1
26679	157948		ABC	0.9
26679	157948		AZT	0.6
26679	157948		D4T	0.8
26679	157948		DDI	0.9
26679	157948		TDF	NA
26707	207317		X3TC	1.2
26707	207317		ABC	0.8
26707	207317		AZT	1.7
26707	207317		D4T	1.2
26707	207317		DDI	1.1
26707	207317		TDF	NA
26699	218297		X3TC	1.1
26699	218297		ABC	1.1
26699	218297		AZT	0.6
26699	218297		D4T	0.9
26699	218297		DDI	1
26699	218297		TDF	NA
26697	218296		X3TC	1.3
26697	218296		ABC	1.1
26697	218296		AZT	1
26697	218296		D4T	1
26697	218296		DDI	1.1
26697	218296		TDF	NA
26703	184442		X3TC	1.2
26703	184442		ABC	0.8
26703	184442		AZT	0.5
26703	184442		D4T	0.7
26703	184442		DDI	0.7
26703	184442		TDF	NA
26711	194429	A62V, L210W, T215D	X3TC	2.1
26711	194429	A62V, L210W, T215D	ABC	0.6
26711	194429	A62V, L210W, T215D	AZT	0.6
26711	194429	A62V, L210W, T215D	D4T	1.3
26711	194429	A62V, L210W, T215D	DDI	1.2
26711	194429	A62V, L210W, T215D	TDF	NA
26639	194933	L210W	X3TC	1.4
26639	194933	L210W	ABC	0.8
26639	194933	L210W	AZT	1.1
26639	194933	L210W	D4T	1.2
26639	194933	L210W	DDI	1.2
26639	194933	L210W	TDF	NA
26659	211746		X3TC	1
26659	211746		ABC	0.8
26659	211746		AZT	1
26659	211746		D4T	1.2
26659	211746		DDI	1.2
26659	211746		TDF	NA
26645	214124		X3TC	1.2
26645	214124		ABC	1.1
26645	214124		AZT	0.6
26645	214124		D4T	1
26645	214124		DDI	0.9
26645	214124		TDF	NA
26675	202511	K70R	X3TC	1.3
26675	202511	K70R	ABC	0.7
26675	202511	K70R	AZT	1.4
26675	202511	K70R	D4T	1
26675	202511	K70R	DDI	0.9
26675	202511	K70R	TDF	NA
26689	212172		X3TC	1.7
26689	212172		ABC	0.9
26689	212172		AZT	2.8
26689	212172		D4T	1.4
26689	212172		DDI	1.2
26689	212172		TDF	NA
26691	217476	M184V	X3TC	200
26691	217476	M184V	ABC	2.9
26691	217476	M184V	AZT	0.4
26691	217476	M184V	D4T	0.7
26691	217476	M184V	DDI	1.5
26691	217476	M184V	TDF	NA
26665	160624		X3TC	0.9
26665	160624		ABC	0.8
26665	160624		AZT	0.8
26665	160624		D4T	0.7
26665	160624		DDI	1
26665	160624		TDF	NA
26655	212366	D67N, L210W, T215Y	X3TC	4.7
26655	212366	D67N, L210W, T215Y	ABC	5.1
26655	212366	D67N, L210W, T215Y	AZT	100
26655	212366	D67N, L210W, T215Y	D4T	2.6
26655	212366	D67N, L210W, T215Y	DDI	1.3
26655	212366	D67N, L210W, T215Y	TDF	NA
26649	218805		X3TC	1.1
26649	218805		ABC	1
26649	218805		AZT	0.9
26649	218805		D4T	1.1
26649	218805		DDI	1
26649	218805		TDF	NA
26701	216113		X3TC	0.9
26701	216113		ABC	0.8
26701	216113		AZT	0.4
26701	216113		D4T	0.7
26701	216113		DDI	0.8
26701	216113		TDF	NA
26695	212280		X3TC	1.2
26695	212280		ABC	0.9
26695	212280		AZT	0.9
26695	212280		D4T	0.9
26695	212280		DDI	0.9
26695	212280		TDF	NA
26705	210844		X3TC	1
26705	210844		ABC	0.7
26705	210844		AZT	0.7
26705	210844		D4T	1
26705	210844		DDI	1.1
26705	210844		TDF	NA
26661	206078	D67N, T215L, K219Q	X3TC	2
26661	206078	D67N, T215L, K219Q	ABC	0.7
26661	206078	D67N, T215L, K219Q	AZT	1.2
26661	206078	D67N, T215L, K219Q	D4T	1.2
26661	206078	D67N, T215L, K219Q	DDI	1.1
26661	206078	D67N, T215L, K219Q	TDF	NA
26709	163230		X3TC	0.9
26709	163230		ABC	0.7
26709	163230		AZT	0.6
26709	163230		D4T	0.8
26709	163230		DDI	0.7
26709	163230		TDF	NA
26641	184052		X3TC	1.1
26641	184052		ABC	1
26641	184052		AZT	1.1
26641	184052		D4T	1
26641	184052		DDI	1
26641	184052		TDF	NA
26713	214467		X3TC	1.3
26713	214467		ABC	1.4
26713	214467		AZT	1
26713	214467		D4T	1.1
26713	214467		DDI	1.3
26713	214467		TDF	NA
26671	150755		X3TC	1.2
26671	150755		ABC	1.6
26671	150755		AZT	0.9
26671	150755		D4T	1.1
26671	150755		DDI	0.9
26671	150755		TDF	NA
26647	157091		X3TC	1.1
26647	157091		ABC	0.8
26647	157091		AZT	0.8
26647	157091		D4T	0.8
26647	157091		DDI	1
26647	157091		TDF	NA
26673	196705		X3TC	1.3
26673	196705		ABC	1
26673	196705		AZT	0.8
26673	196705		D4T	1.1
26673	196705		DDI	1.1
26673	196705		TDF	NA
26667	160480	M41L, T215Y	X3TC	2
26667	160480	M41L, T215Y	ABC	1.7
26667	160480	M41L, T215Y	AZT	12
26667	160480	M41L, T215Y	D4T	2.1
26667	160480	M41L, T215Y	DDI	1.2
26667	160480	M41L, T215Y	TDF	NA
26687	217474	M184V	X3TC	200
26687	217474	M184V	ABC	2.5
26687	217474	M184V	AZT	0.2
26687	217474	M184V	D4T	0.8
26687	217474	M184V	DDI	1.3
26687	217474	M184V	TDF	NA
26643	211183		X3TC	0.8
26643	211183		ABC	0.9
26643	211183		AZT	0.7
26643	211183		D4T	0.8
26643	211183		DDI	0.8
26643	211183		TDF	NA
26657	150281		X3TC	1.1
26657	150281		ABC	1.4
26657	150281		AZT	0.7
26657	150281		D4T	1.1
26657	150281		DDI	0.9
26657	150281		TDF	NA
26683	208547	M184V	X3TC	200
26683	208547	M184V	ABC	1.9
26683	208547	M184V	AZT	0.7
26683	208547	M184V	D4T	1
26683	208547	M184V	DDI	1.7
26683	208547	M184V	TDF	NA
26681	222221		X3TC	1.1
26681	222221		ABC	0.7
26681	222221		AZT	0.8
26681	222221		D4T	1.2
26681	222221		DDI	1.3
26681	222221		TDF	NA
26677	215566	D67N, T69D, T215Y, K219N	X3TC	4.7
26677	215566	D67N, T69D, T215Y, K219N	ABC	1.9
26677	215566	D67N, T69D, T215Y, K219N	AZT	7.3
26677	215566	D67N, T69D, T215Y, K219N	D4T	1.7
26677	215566	D67N, T69D, T215Y, K219N	DDI	1.8
26677	215566	D67N, T69D, T215Y, K219N	TDF	NA
26693	207692		X3TC	1
26693	207692		ABC	0.8
26693	207692		AZT	1.1
26693	207692		D4T	0.9
26693	207692		DDI	1
26693	207692		TDF	NA
35531	CA35531	M41L, L74V, T215Y	X3TC	1
35531	CA35531	M41L, L74V, T215Y	ABC	1.5
35531	CA35531	M41L, L74V, T215Y	AZT	1.5
35531	CA35531	M41L, L74V, T215Y	D4T	1.3
35531	CA35531	M41L, L74V, T215Y	DDI	1.2
35531	CA35531	M41L, L74V, T215Y	TDF	NA
34671	CA34671	K219N	X3TC	1.5
34671	CA34671	K219N	ABC	1
34671	CA34671	K219N	AZT	0.4
34671	CA34671	K219N	D4T	0.8
34671	CA34671	K219N	DDI	1
34671	CA34671	K219N	TDF	0.6
13105	CA13105	S68G, L74V, M184V, K219E	X3TC	200
13105	CA13105	S68G, L74V, M184V, K219E	ABC	4.9
13105	CA13105	S68G, L74V, M184V, K219E	AZT	0.2
13105	CA13105	S68G, L74V, M184V, K219E	D4T	0.7
13105	CA13105	S68G, L74V, M184V, K219E	DDI	2
13105	CA13105	S68G, L74V, M184V, K219E	TDF	0.3
35553	CA35553	M41L, M184V, T215F	X3TC	200
35553	CA35553	M41L, M184V, T215F	ABC	5.8
35553	CA35553	M41L, M184V, T215F	AZT	8.1
35553	CA35553	M41L, M184V, T215F	D4T	2
35553	CA35553	M41L, M184V, T215F	DDI	2
35553	CA35553	M41L, M184V, T215F	TDF	NA
7970	CA7970	A62V, T69S_SS, K70R, M184V	X3TC	200
7970	CA7970	A62V, T69S_SS, K70R, M184V	ABC	4.2
7970	CA7970	A62V, T69S_SS, K70R, M184V	AZT	1.5
7970	CA7970	A62V, T69S_SS, K70R, M184V	D4T	1.2
7970	CA7970	A62V, T69S_SS, K70R, M184V	DDI	1.3
7970	CA7970	A62V, T69S_SS, K70R, M184V	TDF	0.9
12495	CA12495	M41L, E44D, D67N, L210W, T215Y, K219KR	X3TC	25
12495	CA12495	M41L, E44D, D67N, L210W, T215Y, K219KR	ABC	9.6
12495	CA12495	M41L, E44D, D67N, L210W, T215Y, K219KR	AZT	NA
12495	CA12495	M41L, E44D, D67N, L210W, T215Y, K219KR	D4T	6.7
12495	CA12495	M41L, E44D, D67N, L210W, T215Y, K219KR	DDI	2.3
12495	CA12495	M41L, E44D, D67N, L210W, T215Y, K219KR	TDF	8.9
9129	CA9129	D67N, K70R, M184V, T215F, K219Q	X3TC	200
9129	CA9129	D67N, K70R, M184V, T215F, K219Q	ABC	5.5
9129	CA9129	D67N, K70R, M184V, T215F, K219Q	AZT	29
9129	CA9129	D67N, K70R, M184V, T215F, K219Q	D4T	2
9129	CA9129	D67N, K70R, M184V, T215F, K219Q	DDI	1.5
9129	CA9129	D67N, K70R, M184V, T215F, K219Q	TDF	NA
29298	ALD-pt13	L210W, T215Y	X3TC	2.4
29298	ALD-pt13	L210W, T215Y	ABC	2.3
29298	ALD-pt13	L210W, T215Y	AZT	40
29298	ALD-pt13	L210W, T215Y	D4T	1.7
29298	ALD-pt13	L210W, T215Y	DDI	0.8
29298	ALD-pt13	L210W, T215Y	TDF	NA
29310	ALD-pt16	M41L, D67N, M184V, L210W, T215Y	X3TC	200
29310	ALD-pt16	M41L, D67N, M184V, L210W, T215Y	ABC	8.4
29310	ALD-pt16	M41L, D67N, M184V, L210W, T215Y	AZT	29
29310	ALD-pt16	M41L, D67N, M184V, L210W, T215Y	D4T	2.5
29310	ALD-pt16	M41L, D67N, M184V, L210W, T215Y	DDI	1.6
29310	ALD-pt16	M41L, D67N, M184V, L210W, T215Y	TDF	NA
29288	ALD-pt5		X3TC	0.7
29288	ALD-pt5		ABC	0.7
29288	ALD-pt5		AZT	1.4
29288	ALD-pt5		D4T	1
29288	ALD-pt5		DDI	0.8
29288	ALD-pt5		TDF	NA
29292	ALD-pt6	M41L, M184V, L210W, T215Y	X3TC	200
29292	ALD-pt6	M41L, M184V, L210W, T215Y	ABC	4
29292	ALD-pt6	M41L, M184V, L210W, T215Y	AZT	5.7
29292	ALD-pt6	M41L, M184V, L210W, T215Y	D4T	1.4
29292	ALD-pt6	M41L, M184V, L210W, T215Y	DDI	1.2
29292	ALD-pt6	M41L, M184V, L210W, T215Y	TDF	NA
29282	ALD-pt1	M41L, D67E, T69S_SG, K70R, V75M, T215Y	X3TC	17
29282	ALD-pt1	M41L, D67E, T69S_SG, K70R, V75M, T215Y	ABC	31
29282	ALD-pt1	M41L, D67E, T69S_SG, K70R, V75M, T215Y	AZT	224
29282	ALD-pt1	M41L, D67E, T69S_SG, K70R, V75M, T215Y	D4T	15
29282	ALD-pt1	M41L, D67E, T69S_SG, K70R, V75M, T215Y	DDI	4
29282	ALD-pt1	M41L, D67E, T69S_SG, K70R, V75M, T215Y	TDF	NA
29306	ALD-pt15	M41L, S68G, M184V, T215Y	X3TC	200
29306	ALD-pt15	M41L, S68G, M184V, T215Y	ABC	5.1
29306	ALD-pt15	M41L, S68G, M184V, T215Y	AZT	7.6
29306	ALD-pt15	M41L, S68G, M184V, T215Y	D4T	1.4
29306	ALD-pt15	M41L, S68G, M184V, T215Y	DDI	1.5
29306	ALD-pt15	M41L, S68G, M184V, T215Y	TDF	NA
29302	ALD-pt14	M41L, E44D, A62AV, M184V, T215Y	X3TC	200
29302	ALD-pt14	M41L, E44D, A62AV, M184V, T215Y	ABC	7.7
29302	ALD-pt14	M41L, E44D, A62AV, M184V, T215Y	AZT	3.9
29302	ALD-pt14	M41L, E44D, A62AV, M184V, T215Y	D4T	1.1
29302	ALD-pt14	M41L, E44D, A62AV, M184V, T215Y	DDI	1.3
29302	ALD-pt14	M41L, E44D, A62AV, M184V, T215Y	TDF	NA
29290	ALD-pt11	M41L, M184V, L210LW, T215Y	X3TC	200
29290	ALD-pt11	M41L, M184V, L210LW, T215Y	ABC	4.9
29290	ALD-pt11	M41L, M184V, L210LW, T215Y	AZT	5.1
29290	ALD-pt11	M41L, M184V, L210LW, T215Y	D4T	1.8
29290	ALD-pt11	M41L, M184V, L210LW, T215Y	DDI	1.6
29290	ALD-pt11	M41L, M184V, L210LW, T215Y	TDF	NA
29286	ALD-pt3	T215Y	X3TC	2.3
29286	ALD-pt3	T215Y	ABC	1.3
29286	ALD-pt3	T215Y	AZT	11
29286	ALD-pt3	T215Y	D4T	1.7
29286	ALD-pt3	T215Y	DDI	1.3
29286	ALD-pt3	T215Y	TDF	NA
29304	ALD-pt9	M41L, D67N, K70R, L74I, V75S, M184V, T215F, K219Q	X3TC	200
29304	ALD-pt9	M41L, D67N, K70R, L74I, V75S, M184V, T215F, K219Q	ABC	14
29304	ALD-pt9	M41L, D67N, K70R, L74I, V75S, M184V, T215F, K219Q	AZT	8
29304	ALD-pt9	M41L, D67N, K70R, L74I, V75S, M184V, T215F, K219Q	D4T	3.8
29304	ALD-pt9	M41L, D67N, K70R, L74I, V75S, M184V, T215F, K219Q	DDI	2.9
29304	ALD-pt9	M41L, D67N, K70R, L74I, V75S, M184V, T215F, K219Q	TDF	NA
29284	ALD-pt2		X3TC	1
29284	ALD-pt2		ABC	0.7
29284	ALD-pt2		AZT	1.3
29284	ALD-pt2		D4T	1.1
29284	ALD-pt2		DDI	1.1
29284	ALD-pt2		TDF	NA
29312	ALD-pt17	M41L, E44D, D67N, V75M, L210W, T215Y	X3TC	11
29312	ALD-pt17	M41L, E44D, D67N, V75M, L210W, T215Y	ABC	5.8
29312	ALD-pt17	M41L, E44D, D67N, V75M, L210W, T215Y	AZT	262
29312	ALD-pt17	M41L, E44D, D67N, V75M, L210W, T215Y	D4T	6.1
29312	ALD-pt17	M41L, E44D, D67N, V75M, L210W, T215Y	DDI	2.4
29312	ALD-pt17	M41L, E44D, D67N, V75M, L210W, T215Y	TDF	NA
29300	ALD-pt8	M41L, E44A, D67N, K70R, V75M, M184V, T215Y	X3TC	15
29300	ALD-pt8	M41L, E44A, D67N, K70R, V75M, M184V, T215Y	ABC	4
29300	ALD-pt8	M41L, E44A, D67N, K70R, V75M, M184V, T215Y	AZT	8
29300	ALD-pt8	M41L, E44A, D67N, K70R, V75M, M184V, T215Y	D4T	2
29300	ALD-pt8	M41L, E44A, D67N, K70R, V75M, M184V, T215Y	DDI	1.3
29300	ALD-pt8	M41L, E44A, D67N, K70R, V75M, M184V, T215Y	TDF	NA
29294	ALD-pt12		X3TC	0.9
29294	ALD-pt12		ABC	0.7
29294	ALD-pt12		AZT	0.8
29294	ALD-pt12		D4T	0.8
29294	ALD-pt12		DDI	0.6
29294	ALD-pt12		TDF	NA
35460	WAC-1	M41L, A62V, T69S_SA, L74V, M184V, L210W, T215Y	X3TC	200
35460	WAC-1	M41L, A62V, T69S_SA, L74V, M184V, L210W, T215Y	ABC	24
35460	WAC-1	M41L, A62V, T69S_SA, L74V, M184V, L210W, T215Y	AZT	NA
35460	WAC-1	M41L, A62V, T69S_SA, L74V, M184V, L210W, T215Y	D4T	9
35460	WAC-1	M41L, A62V, T69S_SA, L74V, M184V, L210W, T215Y	DDI	4.4
35460	WAC-1	M41L, A62V, T69S_SA, L74V, M184V, L210W, T215Y	TDF	3.8
35470	WAC-8	D67N, T69D, K70R, T215F, K219Q	X3TC	2.8
35470	WAC-8	D67N, T69D, K70R, T215F, K219Q	ABC	1.6
35470	WAC-8	D67N, T69D, K70R, T215F, K219Q	AZT	83
35470	WAC-8	D67N, T69D, K70R, T215F, K219Q	D4T	3.2
35470	WAC-8	D67N, T69D, K70R, T215F, K219Q	DDI	0.8
35470	WAC-8	D67N, T69D, K70R, T215F, K219Q	TDF	2.1
35478	WAC-15	M41L, E44D, D67N, M184V, L210W, T215Y, K219E	X3TC	200
35478	WAC-15	M41L, E44D, D67N, M184V, L210W, T215Y, K219E	ABC	2.5
35478	WAC-15	M41L, E44D, D67N, M184V, L210W, T215Y, K219E	AZT	1.7
35478	WAC-15	M41L, E44D, D67N, M184V, L210W, T215Y, K219E	D4T	1.3
35478	WAC-15	M41L, E44D, D67N, M184V, L210W, T215Y, K219E	DDI	1.2
35478	WAC-15	M41L, E44D, D67N, M184V, L210W, T215Y, K219E	TDF	0.6
35464	WAC-5	M41L, M184V, T215Y	X3TC	200
35464	WAC-5	M41L, M184V, T215Y	ABC	3.2
35464	WAC-5	M41L, M184V, T215Y	AZT	5.5
35464	WAC-5	M41L, M184V, T215Y	D4T	1
35464	WAC-5	M41L, M184V, T215Y	DDI	1.2
35464	WAC-5	M41L, M184V, T215Y	TDF	1
35472	WAC-10	M41L, D67N, K70R, M184V, T215Y, K219E	X3TC	200
35472	WAC-10	M41L, D67N, K70R, M184V, T215Y, K219E	ABC	6.1
35472	WAC-10	M41L, D67N, K70R, M184V, T215Y, K219E	AZT	34
35472	WAC-10	M41L, D67N, K70R, M184V, T215Y, K219E	D4T	1.7
35472	WAC-10	M41L, D67N, K70R, M184V, T215Y, K219E	DDI	1.6
35472	WAC-10	M41L, D67N, K70R, M184V, T215Y, K219E	TDF	1.8
35468	WAC-7	M41L, D67N, L210W, T215Y	X3TC	7.8
35468	WAC-7	M41L, D67N, L210W, T215Y	ABC	6.6
35468	WAC-7	M41L, D67N, L210W, T215Y	AZT	NA
35468	WAC-7	M41L, D67N, L210W, T215Y	D4T	6.9
35468	WAC-7	M41L, D67N, L210W, T215Y	DDI	2.3
35468	WAC-7	M41L, D67N, L210W, T215Y	TDF	5.6
35476	WAC-13	M41L, D67N, V75M, L210W, T215Y	X3TC	4.2
35476	WAC-13	M41L, D67N, V75M, L210W, T215Y	ABC	2.3
35476	WAC-13	M41L, D67N, V75M, L210W, T215Y	AZT	241
35476	WAC-13	M41L, D67N, V75M, L210W, T215Y	D4T	2.3
35476	WAC-13	M41L, D67N, V75M, L210W, T215Y	DDI	1.1
35476	WAC-13	M41L, D67N, V75M, L210W, T215Y	TDF	2.5
35462	WAC-3	A62V, V75I, F77L, F116Y, Q151M, M184V	X3TC	200
35462	WAC-3	A62V, V75I, F77L, F116Y, Q151M, M184V	ABC	15
35462	WAC-3	A62V, V75I, F77L, F116Y, Q151M, M184V	AZT	244
35462	WAC-3	A62V, V75I, F77L, F116Y, Q151M, M184V	D4T	11
35462	WAC-3	A62V, V75I, F77L, F116Y, Q151M, M184V	DDI	20
35462	WAC-3	A62V, V75I, F77L, F116Y, Q151M, M184V	TDF	0.9
35474	WAC-11	M184V	X3TC	200
35474	WAC-11	M184V	ABC	2.7
35474	WAC-11	M184V	AZT	0.5
35474	WAC-11	M184V	D4T	0.7
35474	WAC-11	M184V	DDI	1.3
35474	WAC-11	M184V	TDF	0.5
35466	WAC-6	D67N, T69D, K70R, T215F, K219Q	X3TC	7
35466	WAC-6	D67N, T69D, K70R, T215F, K219Q	ABC	4.1
35466	WAC-6	D67N, T69D, K70R, T215F, K219Q	AZT	NA
35466	WAC-6	D67N, T69D, K70R, T215F, K219Q	D4T	3.3
35466	WAC-6	D67N, T69D, K70R, T215F, K219Q	DDI	1.7
35466	WAC-6	D67N, T69D, K70R, T215F, K219Q	TDF	4.7
17367	CA17367	M41ML, T69S_SG, V75M, L210W, T215Y	X3TC	12
17367	CA17367	M41ML, T69S_SG, V75M, L210W, T215Y	ABC	14
17367	CA17367	M41ML, T69S_SG, V75M, L210W, T215Y	AZT	380
17367	CA17367	M41ML, T69S_SG, V75M, L210W, T215Y	D4T	6.2
17367	CA17367	M41ML, T69S_SG, V75M, L210W, T215Y	DDI	2.9
17367	CA17367	M41ML, T69S_SG, V75M, L210W, T215Y	TDF	6.6
24573	CA24573	M41L, D67N, V75M, M184V, L210W, T215Y	X3TC	200
24573	CA24573	M41L, D67N, V75M, M184V, L210W, T215Y	ABC	5.1
24573	CA24573	M41L, D67N, V75M, M184V, L210W, T215Y	AZT	12
24573	CA24573	M41L, D67N, V75M, M184V, L210W, T215Y	D4T	1.7
24573	CA24573	M41L, D67N, V75M, M184V, L210W, T215Y	DDI	1.4
24573	CA24573	M41L, D67N, V75M, M184V, L210W, T215Y	TDF	1.5
24633	CA24633	M41L, L74V, M184V, L210W, T215F	X3TC	200
24633	CA24633	M41L, L74V, M184V, L210W, T215F	ABC	9.7
24633	CA24633	M41L, L74V, M184V, L210W, T215F	AZT	8
24633	CA24633	M41L, L74V, M184V, L210W, T215F	D4T	2.6
24633	CA24633	M41L, L74V, M184V, L210W, T215F	DDI	2.1
24633	CA24633	M41L, L74V, M184V, L210W, T215F	TDF	0.8
16447	CA16447	Q151M	X3TC	1.3
16447	CA16447	Q151M	ABC	2.3
16447	CA16447	Q151M	AZT	1.9
16447	CA16447	Q151M	D4T	2.4
16447	CA16447	Q151M	DDI	3
16447	CA16447	Q151M	TDF	0.7
36826	MM-01A	K65R	X3TC	9.7
36826	MM-01A	K65R	ABC	2.3
36826	MM-01A	K65R	AZT	0.4
36826	MM-01A	K65R	D4T	1.6
36826	MM-01A	K65R	DDI	1.6
36826	MM-01A	K65R	TDF	1.7
36827	MM-01B	K65R, S68G	X3TC	9
36827	MM-01B	K65R, S68G	ABC	2.4
36827	MM-01B	K65R, S68G	AZT	0.6
36827	MM-01B	K65R, S68G	D4T	1.8
36827	MM-01B	K65R, S68G	DDI	1.6
36827	MM-01B	K65R, S68G	TDF	1.9
36828	MM-01C	A62V, K65R	X3TC	6.3
36828	MM-01C	A62V, K65R	ABC	1.6
36828	MM-01C	A62V, K65R	AZT	0.5
36828	MM-01C	A62V, K65R	D4T	1.4
36828	MM-01C	A62V, K65R	DDI	1.3
36828	MM-01C	A62V, K65R	TDF	1.8
37039	NTP-01	M41L, D67N, T69D, L74V, M184V, T215Y	X3TC	200
37039	NTP-01	M41L, D67N, T69D, L74V, M184V, T215Y	ABC	5.5
37039	NTP-01	M41L, D67N, T69D, L74V, M184V, T215Y	AZT	1.3
37039	NTP-01	M41L, D67N, T69D, L74V, M184V, T215Y	D4T	1.3
37039	NTP-01	M41L, D67N, T69D, L74V, M184V, T215Y	DDI	2.5
37039	NTP-01	M41L, D67N, T69D, L74V, M184V, T215Y	TDF	0.6
37041	NTP-03	K65R, T69D, K70R	X3TC	8.2
37041	NTP-03	K65R, T69D, K70R	ABC	3.6
37041	NTP-03	K65R, T69D, K70R	AZT	0.2
37041	NTP-03	K65R, T69D, K70R	D4T	1.6
37041	NTP-03	K65R, T69D, K70R	DDI	1.5
37041	NTP-03	K65R, T69D, K70R	TDF	1.2
37040	NTP-02	M184V, L210W, T215Y, K219N	X3TC	200
37040	NTP-02	M184V, L210W, T215Y, K219N	ABC	4.5
37040	NTP-02	M184V, L210W, T215Y, K219N	AZT	3.1
37040	NTP-02	M184V, L210W, T215Y, K219N	D4T	1.5
37040	NTP-02	M184V, L210W, T215Y, K219N	DDI	1.5
37040	NTP-02	M184V, L210W, T215Y, K219N	TDF	0.8
42566	65.74.184	K65R, L74V, M184V	X3TC	200
42566	65.74.184	K65R, L74V, M184V	ABC	12
42566	65.74.184	K65R, L74V, M184V	AZT	0.3
42566	65.74.184	K65R, L74V, M184V	D4T	1.2
42566	65.74.184	K65R, L74V, M184V	DDI	6.7
42566	65.74.184	K65R, L74V, M184V	TDF	0.9
42563	HX-65.184	K65R, M184V	X3TC	200
42563	HX-65.184	K65R, M184V	ABC	10
42563	HX-65.184	K65R, M184V	AZT	0.3
42563	HX-65.184	K65R, M184V	D4T	1
42563	HX-65.184	K65R, M184V	DDI	3.6
42563	HX-65.184	K65R, M184V	TDF	1.2
42561	HX-115	Y115F	X3TC	1.6
42561	HX-115	Y115F	ABC	2.8
42561	HX-115	Y115F	AZT	0.9
42561	HX-115	Y115F	D4T	0.8
42561	HX-115	Y115F	DDI	0.8
42561	HX-115	Y115F	TDF	1.3
42565	HX-115.184	Y115F, M184V	X3TC	200
42565	HX-115.184	Y115F, M184V	ABC	9.8
42565	HX-115.184	Y115F, M184V	AZT	0.7
42565	HX-115.184	Y115F, M184V	D4T	0.9
42565	HX-115.184	Y115F, M184V	DDI	2
42565	HX-115.184	Y115F, M184V	TDF	0.9
42558	HX		X3TC	1
42558	HX		ABC	0.9
42558	HX		AZT	0.8
42558	HX		D4T	0.8
42558	HX		DDI	0.8
42558	HX		TDF	0.9
42562	HX-184	M184V	X3TC	200
42562	HX-184	M184V	ABC	3.9
42562	HX-184	M184V	AZT	0.3
42562	HX-184	M184V	D4T	0.9
42562	HX-184	M184V	DDI	1.4
42562	HX-184	M184V	TDF	0.5
42560	HX-74	L74V	X3TC	1.6
42560	HX-74	L74V	ABC	2.1
42560	HX-74	L74V	AZT	0.4
42560	HX-74	L74V	D4T	1.1
42560	HX-74	L74V	DDI	1.5
42560	HX-74	L74V	TDF	0.6
42564	HX-74.184	L74V, M184V	X3TC	200
42564	HX-74.184	L74V, M184V	ABC	8.5
42564	HX-74.184	L74V, M184V	AZT	0.3
42564	HX-74.184	L74V, M184V	D4T	0.9
42564	HX-74.184	L74V, M184V	DDI	2.4
42564	HX-74.184	L74V, M184V	TDF	0.4
42559	HX-65	K65R	X3TC	9.7
42559	HX-65	K65R	ABC	3
42559	HX-65	K65R	AZT	0.5
42559	HX-65	K65R	D4T	1.8
42559	HX-65	K65R	DDI	2.1
42559	HX-65	K65R	TDF	2.1
46877	A0247	M41L, M184V, T215F	X3TC	200
46877	A0247	M41L, M184V, T215F	ABC	6.1
46877	A0247	M41L, M184V, T215F	AZT	3.9
46877	A0247	M41L, M184V, T215F	D4T	1.4
46877	A0247	M41L, M184V, T215F	DDI	1.3
46877	A0247	M41L, M184V, T215F	TDF	NA
46647	A0131	M41L, S68G, M184V, T215Y	X3TC	200
46647	A0131	M41L, S68G, M184V, T215Y	ABC	4.7
46647	A0131	M41L, S68G, M184V, T215Y	AZT	2.4
46647	A0131	M41L, S68G, M184V, T215Y	D4T	1.3
46647	A0131	M41L, S68G, M184V, T215Y	DDI	1.4
46647	A0131	M41L, S68G, M184V, T215Y	TDF	NA
46417	A0016	M184V	X3TC	200
46417	A0016	M184V	ABC	2.1
46417	A0016	M184V	AZT	0.4
46417	A0016	M184V	D4T	0.7
46417	A0016	M184V	DDI	1.2
46417	A0016	M184V	TDF	NA
46559	A0087	M184V	X3TC	200
46559	A0087	M184V	ABC	3.8
46559	A0087	M184V	AZT	0.9
46559	A0087	M184V	D4T	0.7
46559	A0087	M184V	DDI	1.6
46559	A0087	M184V	TDF	NA
46449	A0032	K70R, M184V	X3TC	200
46449	A0032	K70R, M184V	ABC	3.1
46449	A0032	K70R, M184V	AZT	0.8
46449	A0032	K70R, M184V	D4T	0.9
46449	A0032	K70R, M184V	DDI	1.2
46449	A0032	K70R, M184V	TDF	NA
46565	A0090	K70R, M184V	X3TC	200
46565	A0090	K70R, M184V	ABC	3.6
46565	A0090	K70R, M184V	AZT	0.6
46565	A0090	K70R, M184V	D4T	0.8
46565	A0090	K70R, M184V	DDI	1.4
46565	A0090	K70R, M184V	TDF	NA
47003	A0311	M184V	X3TC	200
47003	A0311	M184V	ABC	3.4
47003	A0311	M184V	AZT	0.6
47003	A0311	M184V	D4T	0.7
47003	A0311	M184V	DDI	1.4
47003	A0311	M184V	TDF	NA
47145	A0384	M184V, T215Y	X3TC	200
47145	A0384	M184V, T215Y	ABC	5.7
47145	A0384	M184V, T215Y	AZT	2.7
47145	A0384	M184V, T215Y	D4T	1.4
47145	A0384	M184V, T215Y	DDI	1.5
47145	A0384	M184V, T215Y	TDF	NA
47107	A0364	M184V	X3TC	200
47107	A0364	M184V	ABC	2.8
47107	A0364	M184V	AZT	0.5
47107	A0364	M184V	D4T	0.8
47107	A0364	M184V	DDI	1.3
47107	A0364	M184V	TDF	NA
47131	A0377	M184V	X3TC	200
47131	A0377	M184V	ABC	4.1
47131	A0377	M184V	AZT	0.7
47131	A0377	M184V	D4T	0.9
47131	A0377	M184V	DDI	1.5
47131	A0377	M184V	TDF	NA
46663	A0139	M184V	X3TC	200
46663	A0139	M184V	ABC	4
46663	A0139	M184V	AZT	1
46663	A0139	M184V	D4T	0.9
46663	A0139	M184V	DDI	1.3
46663	A0139	M184V	TDF	NA
46843	A0230	S68G	X3TC	1.1
46843	A0230	S68G	ABC	1.1
46843	A0230	S68G	AZT	1.2
46843	A0230	S68G	D4T	1
46843	A0230	S68G	DDI	0.9
46843	A0230	S68G	TDF	NA
46965	A0291	M184V	X3TC	200
46965	A0291	M184V	ABC	3.7
46965	A0291	M184V	AZT	0.7
46965	A0291	M184V	D4T	1
46965	A0291	M184V	DDI	1.8
46965	A0291	M184V	TDF	NA
46699	A0158	S68N, M184V, T215D	X3TC	200
46699	A0158	S68N, M184V, T215D	ABC	2.7
46699	A0158	S68N, M184V, T215D	AZT	0.7
46699	A0158	S68N, M184V, T215D	D4T	0.7
46699	A0158	S68N, M184V, T215D	DDI	1.3
46699	A0158	S68N, M184V, T215D	TDF	NA
46729	A0173	M184V	X3TC	200
46729	A0173	M184V	ABC	3.7
46729	A0173	M184V	AZT	0.5
46729	A0173	M184V	D4T	0.7
46729	A0173	M184V	DDI	1.1
46729	A0173	M184V	TDF	NA
46469	A0042	M41L, M184V, T215Y	X3TC	200
46469	A0042	M41L, M184V, T215Y	ABC	6.8
46469	A0042	M41L, M184V, T215Y	AZT	6.2
46469	A0042	M41L, M184V, T215Y	D4T	1.5
46469	A0042	M41L, M184V, T215Y	DDI	1.6
46469	A0042	M41L, M184V, T215Y	TDF	NA
47123	A0373	M41L, S68G, M184V, L210LW, T215Y	X3TC	200
47123	A0373	M41L, S68G, M184V, L210LW, T215Y	ABC	5.2
47123	A0373	M41L, S68G, M184V, L210LW, T215Y	AZT	4.6
47123	A0373	M41L, S68G, M184V, L210LW, T215Y	D4T	1.7
47123	A0373	M41L, S68G, M184V, L210LW, T215Y	DDI	1.3
47123	A0373	M41L, S68G, M184V, L210LW, T215Y	TDF	NA
46715	A0166	M184V	X3TC	200
46715	A0166	M184V	ABC	3.2
46715	A0166	M184V	AZT	0.5
46715	A0166	M184V	D4T	0.7
46715	A0166	M184V	DDI	1.2
46715	A0166	M184V	TDF	NA
46853	A0235	M184V	X3TC	200
46853	A0235	M184V	ABC	3.1
46853	A0235	M184V	AZT	0.7
46853	A0235	M184V	D4T	0.7
46853	A0235	M184V	DDI	1
46853	A0235	M184V	TDF	NA
46709	A0163	M184V	X3TC	200
46709	A0163	M184V	ABC	3.7
46709	A0163	M184V	AZT	0.9
46709	A0163	M184V	D4T	0.8
46709	A0163	M184V	DDI	1.3
46709	A0163	M184V	TDF	NA
47045	A0332	M184V, T215Y	X3TC	200
47045	A0332	M184V, T215Y	ABC	4.3
47045	A0332	M184V, T215Y	AZT	1.3
47045	A0332	M184V, T215Y	D4T	1.1
47045	A0332	M184V, T215Y	DDI	1.6
47045	A0332	M184V, T215Y	TDF	NA
46783	A0200	M184V	X3TC	200
46783	A0200	M184V	ABC	3
46783	A0200	M184V	AZT	0.4
46783	A0200	M184V	D4T	0.7
46783	A0200	M184V	DDI	1.2
46783	A0200	M184V	TDF	NA
46817	A0217	M184V	X3TC	200
46817	A0217	M184V	ABC	3.6
46817	A0217	M184V	AZT	0.4
46817	A0217	M184V	D4T	0.7
46817	A0217	M184V	DDI	1.4
46817	A0217	M184V	TDF	NA
46515	A0065	M41L, M184V, L210W, T215Y	X3TC	200
46515	A0065	M41L, M184V, L210W, T215Y	ABC	7.1
46515	A0065	M41L, M184V, L210W, T215Y	AZT	21
46515	A0065	M41L, M184V, L210W, T215Y	D4T	2
46515	A0065	M41L, M184V, L210W, T215Y	DDI	1.5
46515	A0065	M41L, M184V, L210W, T215Y	TDF	NA
46925	A0271		X3TC	1.1
46925	A0271		ABC	1
46925	A0271		AZT	0.8
46925	A0271		D4T	1.1
46925	A0271		DDI	0.9
46925	A0271		TDF	NA
46427	A0021	K70R, M184V	X3TC	200
46427	A0021	K70R, M184V	ABC	3.3
46427	A0021	K70R, M184V	AZT	0.8
46427	A0021	K70R, M184V	D4T	0.7
46427	A0021	K70R, M184V	DDI	1.2
46427	A0021	K70R, M184V	TDF	NA
46397	A0006	M184V	X3TC	200
46397	A0006	M184V	ABC	1.7
46397	A0006	M184V	AZT	0.3
46397	A0006	M184V	D4T	0.6
46397	A0006	M184V	DDI	1.1
46397	A0006	M184V	TDF	NA
46951	A0284	K70R, M184V	X3TC	200
46951	A0284	K70R, M184V	ABC	2.2
46951	A0284	K70R, M184V	AZT	0.9
46951	A0284	K70R, M184V	D4T	0.6
46951	A0284	K70R, M184V	DDI	0.8
46951	A0284	K70R, M184V	TDF	NA
46535	A0075	M184V	X3TC	200
46535	A0075	M184V	ABC	4
46535	A0075	M184V	AZT	0.9
46535	A0075	M184V	D4T	0.7
46535	A0075	M184V	DDI	1.3
46535	A0075	M184V	TDF	NA
46763	A0190	K70R, M184V	X3TC	200
46763	A0190	K70R, M184V	ABC	4.3
46763	A0190	K70R, M184V	AZT	0.5
46763	A0190	K70R, M184V	D4T	0.7
46763	A0190	K70R, M184V	DDI	1.4
46763	A0190	K70R, M184V	TDF	NA
46937	A0277	M184V	X3TC	200
46937	A0277	M184V	ABC	3.3
46937	A0277	M184V	AZT	0.4
46937	A0277	M184V	D4T	0.7
46937	A0277	M184V	DDI	1.4
46937	A0277	M184V	TDF	NA
46621	A0118	M184V	X3TC	200
46621	A0118	M184V	ABC	4.2
46621	A0118	M184V	AZT	1
46621	A0118	M184V	D4T	1
46621	A0118	M184V	DDI	1.6
46621	A0118	M184V	TDF	NA
46605	A0110	M41L, M184V	X3TC	200
46605	A0110	M41L, M184V	ABC	4.3
46605	A0110	M41L, M184V	AZT	0.8
46605	A0110	M41L, M184V	D4T	0.9
46605	A0110	M41L, M184V	DDI	1.4
46605	A0110	M41L, M184V	TDF	NA
46615	A0115	D67N, F77L, F116FY, Q151M, M184V	X3TC	200
46615	A0115	D67N, F77L, F116FY, Q151M, M184V	ABC	11
46615	A0115	D67N, F77L, F116FY, Q151M, M184V	AZT	8
46615	A0115	D67N, F77L, F116FY, Q151M, M184V	D4T	4.3
46615	A0115	D67N, F77L, F116FY, Q151M, M184V	DDI	7.1
46615	A0115	D67N, F77L, F116FY, Q151M, M184V	TDF	NA
46543	A0079	M184V	X3TC	200
46543	A0079	M184V	ABC	2.9
46543	A0079	M184V	AZT	0.3
46543	A0079	M184V	D4T	0.7
46543	A0079	M184V	DDI	1.3
46543	A0079	M184V	TDF	NA
46887	A0252		X3TC	0.9
46887	A0252		ABC	0.9
46887	A0252		AZT	1.3
46887	A0252		D4T	1
46887	A0252		DDI	0.9
46887	A0252		TDF	NA
46859	A0238	M184V	X3TC	200
46859	A0238	M184V	ABC	3.1
46859	A0238	M184V	AZT	0.6
46859	A0238	M184V	D4T	0.8
46859	A0238	M184V	DDI	1.2
46859	A0238	M184V	TDF	NA
46637	A0126	M184V	X3TC	200
46637	A0126	M184V	ABC	2.7
46637	A0126	M184V	AZT	0.6
46637	A0126	M184V	D4T	0.7
46637	A0126	M184V	DDI	1.2
46637	A0126	M184V	TDF	NA
46771	A0194	M184V	X3TC	200
46771	A0194	M184V	ABC	4
46771	A0194	M184V	AZT	0.6
46771	A0194	M184V	D4T	0.9
46771	A0194	M184V	DDI	1.4
46771	A0194	M184V	TDF	NA
47179	A0401	M184V	X3TC	200
47179	A0401	M184V	ABC	3.5
47179	A0401	M184V	AZT	0.4
47179	A0401	M184V	D4T	0.6
47179	A0401	M184V	DDI	1.3
47179	A0401	M184V	TDF	NA
47021	A0320	M184V	X3TC	200
47021	A0320	M184V	ABC	2.2
47021	A0320	M184V	AZT	0.3
47021	A0320	M184V	D4T	0.6
47021	A0320	M184V	DDI	1.1
47021	A0320	M184V	TDF	NA
46679	A0147	K70R, M184V	X3TC	200
46679	A0147	K70R, M184V	ABC	2.5
46679	A0147	K70R, M184V	AZT	0.7
46679	A0147	K70R, M184V	D4T	0.4
46679	A0147	K70R, M184V	DDI	1.3
46679	A0147	K70R, M184V	TDF	NA
47067	A0343	M184V	X3TC	200
47067	A0343	M184V	ABC	3.6
47067	A0343	M184V	AZT	0.8
47067	A0343	M184V	D4T	0.9
47067	A0343	M184V	DDI	1.5
47067	A0343	M184V	TDF	NA
46675	A0145	S68G, M184V	X3TC	200
46675	A0145	S68G, M184V	ABC	4.4
46675	A0145	S68G, M184V	AZT	0.6
46675	A0145	S68G, M184V	D4T	0.8
46675	A0145	S68G, M184V	DDI	1.9
46675	A0145	S68G, M184V	TDF	NA
26633	4676-2	M41L, M184V, L210W, T215Y	X3TC	200
26633	4676-2	M41L, M184V, L210W, T215Y	ABC	5
26633	4676-2	M41L, M184V, L210W, T215Y	AZT	3.6
26633	4676-2	M41L, M184V, L210W, T215Y	D4T	1.6
26633	4676-2	M41L, M184V, L210W, T215Y	DDI	1.6
26633	4676-2	M41L, M184V, L210W, T215Y	TDF	1.2
26636	7295-2	D67N, K70R, M184V, T215F, K219Q	X3TC	200
26636	7295-2	D67N, K70R, M184V, T215F, K219Q	ABC	5.5
26636	7295-2	D67N, K70R, M184V, T215F, K219Q	AZT	3.1
26636	7295-2	D67N, K70R, M184V, T215F, K219Q	D4T	1.8
26636	7295-2	D67N, K70R, M184V, T215F, K219Q	DDI	1.8
26636	7295-2	D67N, K70R, M184V, T215F, K219Q	TDF	0.8
37237	1666-4		X3TC	0.8
37237	1666-4		ABC	0.6
37237	1666-4		AZT	0.7
37237	1666-4		D4T	0.8
37237	1666-4		DDI	0.9
37237	1666-4		TDF	0.6
26625	883-3	E40F, M41L, D67N, M184V, L210W, T215Y	X3TC	200
26625	883-3	E40F, M41L, D67N, M184V, L210W, T215Y	ABC	8.4
26625	883-3	E40F, M41L, D67N, M184V, L210W, T215Y	AZT	59
26625	883-3	E40F, M41L, D67N, M184V, L210W, T215Y	D4T	5.4
26625	883-3	E40F, M41L, D67N, M184V, L210W, T215Y	DDI	3.3
26625	883-3	E40F, M41L, D67N, M184V, L210W, T215Y	TDF	1.7
26608	29129-2	M41L, D67N, M184V, L210W, T215Y	X3TC	200
26608	29129-2	M41L, D67N, M184V, L210W, T215Y	ABC	6
26608	29129-2	M41L, D67N, M184V, L210W, T215Y	AZT	30
26608	29129-2	M41L, D67N, M184V, L210W, T215Y	D4T	2.2
26608	29129-2	M41L, D67N, M184V, L210W, T215Y	DDI	1.7
26608	29129-2	M41L, D67N, M184V, L210W, T215Y	TDF	1.6
26629	50680-2	D67N, K70R, T215F, K219Q	X3TC	0.8
26629	50680-2	D67N, K70R, T215F, K219Q	ABC	0.8
26629	50680-2	D67N, K70R, T215F, K219Q	AZT	30
26629	50680-2	D67N, K70R, T215F, K219Q	D4T	1.4
26629	50680-2	D67N, K70R, T215F, K219Q	DDI	0.8
26629	50680-2	D67N, K70R, T215F, K219Q	TDF	1.4
26619	53147-24	K65R, Y115F	X3TC	22
26619	53147-24	K65R, Y115F	ABC	6
26619	53147-24	K65R, Y115F	AZT	0.4
26619	53147-24	K65R, Y115F	D4T	0.9
26619	53147-24	K65R, Y115F	DDI	1.8
26619	53147-24	K65R, Y115F	TDF	1.5
37240	48511-11	A62V, K65R, S68G, V75I, F77L, Q151M	X3TC	64
37240	48511-11	A62V, K65R, S68G, V75I, F77L, Q151M	ABC	11
37240	48511-11	A62V, K65R, S68G, V75I, F77L, Q151M	AZT	101
37240	48511-11	A62V, K65R, S68G, V75I, F77L, Q151M	D4T	20
37240	48511-11	A62V, K65R, S68G, V75I, F77L, Q151M	DDI	22
37240	48511-11	A62V, K65R, S68G, V75I, F77L, Q151M	TDF	4.9
26602	7542-1	M41L, M184V, L210W, T215Y	X3TC	200
26602	7542-1	M41L, M184V, L210W, T215Y	ABC	4.6
26602	7542-1	M41L, M184V, L210W, T215Y	AZT	5.2
26602	7542-1	M41L, M184V, L210W, T215Y	D4T	2.3
26602	7542-1	M41L, M184V, L210W, T215Y	DDI	1.4
26602	7542-1	M41L, M184V, L210W, T215Y	TDF	1.2
26609	4675-1	D67N, M184V, L210W, T215Y, K219R	X3TC	200
26609	4675-1	D67N, M184V, L210W, T215Y, K219R	ABC	6.4
26609	4675-1	D67N, M184V, L210W, T215Y, K219R	AZT	4.9
26609	4675-1	D67N, M184V, L210W, T215Y, K219R	D4T	2.2
26609	4675-1	D67N, M184V, L210W, T215Y, K219R	DDI	1.6
26609	4675-1	D67N, M184V, L210W, T215Y, K219R	TDF	1
26622	49110-3	D67N, K70R, T215F, K219Q	X3TC	5.9
26622	49110-3	D67N, K70R, T215F, K219Q	ABC	3.4
26622	49110-3	D67N, K70R, T215F, K219Q	AZT	154
26622	49110-3	D67N, K70R, T215F, K219Q	D4T	2.4
26622	49110-3	D67N, K70R, T215F, K219Q	DDI	1.4
26622	49110-3	D67N, K70R, T215F, K219Q	TDF	3
26613	5531-2	M41L, E44D, D67N, K70R, M184V, L210W, T215Y, K219Q	X3TC	200
26613	5531-2	M41L, E44D, D67N, K70R, M184V, L210W, T215Y, K219Q	ABC	7.7
26613	5531-2	M41L, E44D, D67N, K70R, M184V, L210W, T215Y, K219Q	AZT	113
26613	5531-2	M41L, E44D, D67N, K70R, M184V, L210W, T215Y, K219Q	D4T	3
26613	5531-2	M41L, E44D, D67N, K70R, M184V, L210W, T215Y, K219Q	DDI	1.9
26613	5531-2	M41L, E44D, D67N, K70R, M184V, L210W, T215Y, K219Q	TDF	2.4
26612	5531-1	M41L, E44D, D67N, K70R, M184V, L210W, T215Y, K219Q	X3TC	200
26612	5531-1	M41L, E44D, D67N, K70R, M184V, L210W, T215Y, K219Q	ABC	7.7
26612	5531-1	M41L, E44D, D67N, K70R, M184V, L210W, T215Y, K219Q	AZT	139
26612	5531-1	M41L, E44D, D67N, K70R, M184V, L210W, T215Y, K219Q	D4T	2.9
26612	5531-1	M41L, E44D, D67N, K70R, M184V, L210W, T215Y, K219Q	DDI	1.8
26612	5531-1	M41L, E44D, D67N, K70R, M184V, L210W, T215Y, K219Q	TDF	2.5
26624	41779-2	F116Y, Q151M	X3TC	3
26624	41779-2	F116Y, Q151M	ABC	5
26624	41779-2	F116Y, Q151M	AZT	9.5
26624	41779-2	F116Y, Q151M	D4T	7.1
26624	41779-2	F116Y, Q151M	DDI	8.1
26624	41779-2	F116Y, Q151M	TDF	1.4
26595	4463-1		X3TC	1.1
26595	4463-1		ABC	1.1
26595	4463-1		AZT	1.1
26595	4463-1		D4T	1
26595	4463-1		DDI	1
26595	4463-1		TDF	1.2
26638	10076-4	M41L, M184V, T215Y	X3TC	200
26638	10076-4	M41L, M184V, T215Y	ABC	3.8
26638	10076-4	M41L, M184V, T215Y	AZT	6.3
26638	10076-4	M41L, M184V, T215Y	D4T	1.6
26638	10076-4	M41L, M184V, T215Y	DDI	1.6
26638	10076-4	M41L, M184V, T215Y	TDF	1.3
26628	50680-1	D67N, K70R, T215F, K219Q	X3TC	0.9
26628	50680-1	D67N, K70R, T215F, K219Q	ABC	0.9
26628	50680-1	D67N, K70R, T215F, K219Q	AZT	35
26628	50680-1	D67N, K70R, T215F, K219Q	D4T	1.1
26628	50680-1	D67N, K70R, T215F, K219Q	DDI	0.7
26628	50680-1	D67N, K70R, T215F, K219Q	TDF	1.2
26604	7542-7	M41L, D67G, M184V, L210W, T215Y	X3TC	200
26604	7542-7	M41L, D67G, M184V, L210W, T215Y	ABC	4.8
26604	7542-7	M41L, D67G, M184V, L210W, T215Y	AZT	1.9
26604	7542-7	M41L, D67G, M184V, L210W, T215Y	D4T	2
26604	7542-7	M41L, D67G, M184V, L210W, T215Y	DDI	1.7
26604	7542-7	M41L, D67G, M184V, L210W, T215Y	TDF	0.8
37238	3496-3	M184V, T215Y	X3TC	200
37238	3496-3	M184V, T215Y	ABC	4.6
37238	3496-3	M184V, T215Y	AZT	0.7
37238	3496-3	M184V, T215Y	D4T	1
37238	3496-3	M184V, T215Y	DDI	1.9
37238	3496-3	M184V, T215Y	TDF	0.4
26597	7324-2	D67N, S68G, K70R, T215F, K219E	X3TC	2
26597	7324-2	D67N, S68G, K70R, T215F, K219E	ABC	2.3
26597	7324-2	D67N, S68G, K70R, T215F, K219E	AZT	102
26597	7324-2	D67N, S68G, K70R, T215F, K219E	D4T	2.2
26597	7324-2	D67N, S68G, K70R, T215F, K219E	DDI	1.2
26597	7324-2	D67N, S68G, K70R, T215F, K219E	TDF	2.8
37241	7303-4	M41L, E44D, D67N, T69D, L210W, T215Y	X3TC	10
37241	7303-4	M41L, E44D, D67N, T69D, L210W, T215Y	ABC	7.3
37241	7303-4	M41L, E44D, D67N, T69D, L210W, T215Y	AZT	NA
37241	7303-4	M41L, E44D, D67N, T69D, L210W, T215Y	D4T	7.1
37241	7303-4	M41L, E44D, D67N, T69D, L210W, T215Y	DDI	2.4
37241	7303-4	M41L, E44D, D67N, T69D, L210W, T215Y	TDF	6.1
26621	49110-1	D67N, K70R, T215I, K219Q	X3TC	4.3
26621	49110-1	D67N, K70R, T215I, K219Q	ABC	2.8
26621	49110-1	D67N, K70R, T215I, K219Q	AZT	177
26621	49110-1	D67N, K70R, T215I, K219Q	D4T	2
26621	49110-1	D67N, K70R, T215I, K219Q	DDI	1.2
26621	49110-1	D67N, K70R, T215I, K219Q	TDF	3.5
37239	4463-4	M184V, T215Y	X3TC	200
37239	4463-4	M184V, T215Y	ABC	3.7
37239	4463-4	M184V, T215Y	AZT	1.1
37239	4463-4	M184V, T215Y	D4T	1.3
37239	4463-4	M184V, T215Y	DDI	1.4
37239	4463-4	M184V, T215Y	TDF	0.6
26603	7542-3	M41L, V75A, M184V, L210W, T215Y	X3TC	200
26603	7542-3	M41L, V75A, M184V, L210W, T215Y	ABC	3.4
26603	7542-3	M41L, V75A, M184V, L210W, T215Y	AZT	11
26603	7542-3	M41L, V75A, M184V, L210W, T215Y	D4T	2.5
26603	7542-3	M41L, V75A, M184V, L210W, T215Y	DDI	1.8
26603	7542-3	M41L, V75A, M184V, L210W, T215Y	TDF	1.3
26630	6560-3	D67N, K70R, M184V, T215F, K219Q	X3TC	200
26630	6560-3	D67N, K70R, M184V, T215F, K219Q	ABC	6.5
26630	6560-3	D67N, K70R, M184V, T215F, K219Q	AZT	7.7
26630	6560-3	D67N, K70R, M184V, T215F, K219Q	D4T	1.5
26630	6560-3	D67N, K70R, M184V, T215F, K219Q	DDI	1.7
26630	6560-3	D67N, K70R, M184V, T215F, K219Q	TDF	1.1
37236	819-10	M41L, D67N, T69G, M184V, L210W, T215Y	X3TC	200
37236	819-10	M41L, D67N, T69G, M184V, L210W, T215Y	ABC	6.9
37236	819-10	M41L, D67N, T69G, M184V, L210W, T215Y	AZT	9.9
37236	819-10	M41L, D67N, T69G, M184V, L210W, T215Y	D4T	2
37236	819-10	M41L, D67N, T69G, M184V, L210W, T215Y	DDI	1.8
37236	819-10	M41L, D67N, T69G, M184V, L210W, T215Y	TDF	1.2
26637	7295-3	M41L, D67N, K70R, M184V, T215F, K219Q	X3TC	200
26637	7295-3	M41L, D67N, K70R, M184V, T215F, K219Q	ABC	6.8
26637	7295-3	M41L, D67N, K70R, M184V, T215F, K219Q	AZT	33
26637	7295-3	M41L, D67N, K70R, M184V, T215F, K219Q	D4T	2.3
26637	7295-3	M41L, D67N, K70R, M184V, T215F, K219Q	DDI	1.9
26637	7295-3	M41L, D67N, K70R, M184V, T215F, K219Q	TDF	1.4
48754	110728	K70KR	X3TC	0.6
48754	110728	K70KR	ABC	0.6
48754	110728	K70KR	AZT	0.6
48754	110728	K70KR	D4T	1
48754	110728	K70KR	DDI	0.9
48754	110728	K70KR	TDF	0.8
48764	320392		X3TC	0.8
48764	320392		ABC	0.7
48764	320392		AZT	1
48764	320392		D4T	0.9
48764	320392		DDI	0.9
48764	320392		TDF	1
48761	120904	T215Y	X3TC	1.6
48761	120904	T215Y	ABC	1.5
48761	120904	T215Y	AZT	15
48761	120904	T215Y	D4T	1.4
48761	120904	T215Y	DDI	0.9
48761	120904	T215Y	TDF	1.4
48747	070261	L210W, T215Y	X3TC	1.2
48747	070261	L210W, T215Y	ABC	1.3
48747	070261	L210W, T215Y	AZT	22
48747	070261	L210W, T215Y	D4T	1.3
48747	070261	L210W, T215Y	DDI	0.8
48747	070261	L210W, T215Y	TDF	1.3
48757	110742		X3TC	1
48757	110742		ABC	0.9
48757	110742		AZT	1.1
48757	110742		D4T	1.1
48757	110742		DDI	0.9
48757	110742		TDF	1
48746	050657		X3TC	1
48746	050657		ABC	1.2
48746	050657		AZT	0.9
48746	050657		D4T	1.2
48746	050657		DDI	1
48746	050657		TDF	1.2
48753	110397	K70R	X3TC	1.2
48753	110397	K70R	ABC	1
48753	110397	K70R	AZT	6.7
48753	110397	K70R	D4T	1.6
48753	110397	K70R	DDI	0.9
48753	110397	K70R	TDF	1.3
48765	320445		X3TC	0.8
48765	320445		ABC	0.8
48765	320445		AZT	1
48765	320445		D4T	1
48765	320445		DDI	0.8
48765	320445		TDF	0.8
48756	110731		X3TC	0.9
48756	110731		ABC	0.8
48756	110731		AZT	0.6
48756	110731		D4T	0.8
48756	110731		DDI	0.9
48756	110731		TDF	0.7
48749	080550	D67N, K70R, K219Q	X3TC	1.6
48749	080550	D67N, K70R, K219Q	ABC	1.4
48749	080550	D67N, K70R, K219Q	AZT	8
48749	080550	D67N, K70R, K219Q	D4T	2
48749	080550	D67N, K70R, K219Q	DDI	1
48749	080550	D67N, K70R, K219Q	TDF	2.1
48752	110366	D67N, K70R, T215F, K219Q	X3TC	2.9
48752	110366	D67N, K70R, T215F, K219Q	ABC	2.2
48752	110366	D67N, K70R, T215F, K219Q	AZT	223
48752	110366	D67N, K70R, T215F, K219Q	D4T	1.9
48752	110366	D67N, K70R, T215F, K219Q	DDI	1.2
48752	110366	D67N, K70R, T215F, K219Q	TDF	2.4
48744	050588		X3TC	0.8
48744	050588		ABC	0.7
48744	050588		AZT	0.7
48744	050588		D4T	0.9
48744	050588		DDI	0.8
48744	050588		TDF	0.7
48759	120338	M41L, L210W, T215Y	X3TC	1.9
48759	120338	M41L, L210W, T215Y	ABC	2
48759	120338	M41L, L210W, T215Y	AZT	23
48759	120338	M41L, L210W, T215Y	D4T	2
48759	120338	M41L, L210W, T215Y	DDI	1.1
48759	120338	M41L, L210W, T215Y	TDF	1.6
48755	110730	M41L, S68G, T215SY	X3TC	1.4
48755	110730	M41L, S68G, T215SY	ABC	1.4
48755	110730	M41L, S68G, T215SY	AZT	72
48755	110730	M41L, S68G, T215SY	D4T	1.2
48755	110730	M41L, S68G, T215SY	DDI	0.8
48755	110730	M41L, S68G, T215SY	TDF	2.2
48748	71324	M41L, T215Y	X3TC	1.3
48748	71324	M41L, T215Y	ABC	1.7
48748	71324	M41L, T215Y	AZT	102
48748	71324	M41L, T215Y	D4T	1.4
48748	71324	M41L, T215Y	DDI	1
48748	71324	M41L, T215Y	TDF	2.3
48758	120244		X3TC	0.9
48758	120244		ABC	0.7
48758	120244		AZT	0.4
48758	120244		D4T	0.6
48758	120244		DDI	0.5
48758	120244		TDF	0.7
48743	050582		X3TC	0.6
48743	050582		ABC	0.7
48743	050582		AZT	0.5
48743	050582		D4T	1
48743	050582		DDI	0.9
48743	050582		TDF	1
48751	090273	K70R	X3TC	0.8
48751	090273	K70R	ABC	0.6
48751	090273	K70R	AZT	1.7
48751	090273	K70R	D4T	0.8
48751	090273	K70R	DDI	0.5
48751	090273	K70R	TDF	0.8
48763	320383	M41L, D67DN, L210W, T215Y	X3TC	3.4
48763	320383	M41L, D67DN, L210W, T215Y	ABC	3.4
48763	320383	M41L, D67DN, L210W, T215Y	AZT	149
48763	320383	M41L, D67DN, L210W, T215Y	D4T	2.6
48763	320383	M41L, D67DN, L210W, T215Y	DDI	1.1
48763	320383	M41L, D67DN, L210W, T215Y	TDF	2.6
42013	s4199rt		X3TC	1
42013	s4199rt		ABC	0.8
42013	s4199rt		AZT	0.7
42013	s4199rt		D4T	0.9
42013	s4199rt		DDI	0.9
42013	s4199rt		TDF	0.9
42011	s2301rt		X3TC	1
42011	s2301rt		ABC	0.7
42011	s2301rt		AZT	0.7
42011	s2301rt		D4T	0.9
42011	s2301rt		DDI	0.9
42011	s2301rt		TDF	0.9
16894	CA16894	M41L, D67N, L210W, T215Y, K219N	X3TC	3.2
16894	CA16894	M41L, D67N, L210W, T215Y, K219N	ABC	2.6
16894	CA16894	M41L, D67N, L210W, T215Y, K219N	AZT	222
16894	CA16894	M41L, D67N, L210W, T215Y, K219N	D4T	2.6
16894	CA16894	M41L, D67N, L210W, T215Y, K219N	DDI	0.9
16894	CA16894	M41L, D67N, L210W, T215Y, K219N	TDF	1.8
38131	CA38131	M184V	X3TC	200
38131	CA38131	M184V	ABC	3.7
38131	CA38131	M184V	AZT	0.3
38131	CA38131	M184V	D4T	0.7
38131	CA38131	M184V	DDI	1.3
38131	CA38131	M184V	TDF	0.4
38023	CA38023	M41L, E44A, D67N, T69D, V75M, M184V, L210W, T215F	X3TC	200
38023	CA38023	M41L, E44A, D67N, T69D, V75M, M184V, L210W, T215F	ABC	9.5
38023	CA38023	M41L, E44A, D67N, T69D, V75M, M184V, L210W, T215F	AZT	292
38023	CA38023	M41L, E44A, D67N, T69D, V75M, M184V, L210W, T215F	D4T	4.7
38023	CA38023	M41L, E44A, D67N, T69D, V75M, M184V, L210W, T215F	DDI	2.4
38023	CA38023	M41L, E44A, D67N, T69D, V75M, M184V, L210W, T215F	TDF	2.7
21200	CA21200	D67N, K70R, K219Q	X3TC	3.3
21200	CA21200	D67N, K70R, K219Q	ABC	2.1
21200	CA21200	D67N, K70R, K219Q	AZT	47
21200	CA21200	D67N, K70R, K219Q	D4T	2.3
21200	CA21200	D67N, K70R, K219Q	DDI	1.1
21200	CA21200	D67N, K70R, K219Q	TDF	2.3
24044	CA24044		X3TC	0.7
24044	CA24044		ABC	0.5
24044	CA24044		AZT	1
24044	CA24044		D4T	0.7
24044	CA24044		DDI	0.7
24044	CA24044		TDF	0.7
7736	CA7736	M41L, D67G, S68G, K70R, L74V, T215Y, K219E	X3TC	4.2
7736	CA7736	M41L, D67G, S68G, K70R, L74V, T215Y, K219E	ABC	4.9
7736	CA7736	M41L, D67G, S68G, K70R, L74V, T215Y, K219E	AZT	177
7736	CA7736	M41L, D67G, S68G, K70R, L74V, T215Y, K219E	D4T	2.9
7736	CA7736	M41L, D67G, S68G, K70R, L74V, T215Y, K219E	DDI	1.6
7736	CA7736	M41L, D67G, S68G, K70R, L74V, T215Y, K219E	TDF	2.2
34294	CA34294	D67N, T69D, M184V, T215F, K219Q	X3TC	200
34294	CA34294	D67N, T69D, M184V, T215F, K219Q	ABC	3
34294	CA34294	D67N, T69D, M184V, T215F, K219Q	AZT	0.9
34294	CA34294	D67N, T69D, M184V, T215F, K219Q	D4T	0.9
34294	CA34294	D67N, T69D, M184V, T215F, K219Q	DDI	1
34294	CA34294	D67N, T69D, M184V, T215F, K219Q	TDF	0.5
37774	CA37774	M41L, D67N, T69D, M184V, T215V, K219Q	X3TC	200
37774	CA37774	M41L, D67N, T69D, M184V, T215V, K219Q	ABC	3
37774	CA37774	M41L, D67N, T69D, M184V, T215V, K219Q	AZT	0.6
37774	CA37774	M41L, D67N, T69D, M184V, T215V, K219Q	D4T	1.2
37774	CA37774	M41L, D67N, T69D, M184V, T215V, K219Q	DDI	1.4
37774	CA37774	M41L, D67N, T69D, M184V, T215V, K219Q	TDF	0.4
41273	CA41273	M41L, D67N, K70R, M184V, T215F, K219Q	X3TC	200
41273	CA41273	M41L, D67N, K70R, M184V, T215F, K219Q	ABC	6.1
41273	CA41273	M41L, D67N, K70R, M184V, T215F, K219Q	AZT	16
41273	CA41273	M41L, D67N, K70R, M184V, T215F, K219Q	D4T	2.1
41273	CA41273	M41L, D67N, K70R, M184V, T215F, K219Q	DDI	1.9
41273	CA41273	M41L, D67N, K70R, M184V, T215F, K219Q	TDF	1.3
15890	CA15890	S68G, M184V	X3TC	200
15890	CA15890	S68G, M184V	ABC	2.7
15890	CA15890	S68G, M184V	AZT	0.4
15890	CA15890	S68G, M184V	D4T	0.6
15890	CA15890	S68G, M184V	DDI	1.3
15890	CA15890	S68G, M184V	TDF	0.5
48172	CA48172	D67N, T69D, K70R, M184V, T215F, K219Q	X3TC	200
48172	CA48172	D67N, T69D, K70R, M184V, T215F, K219Q	ABC	4.9
48172	CA48172	D67N, T69D, K70R, M184V, T215F, K219Q	AZT	3.5
48172	CA48172	D67N, T69D, K70R, M184V, T215F, K219Q	D4T	1.4
48172	CA48172	D67N, T69D, K70R, M184V, T215F, K219Q	DDI	1.7
48172	CA48172	D67N, T69D, K70R, M184V, T215F, K219Q	TDF	1
12433	CA12433	M41L, M184V, L210W, T215Y	X3TC	200
12433	CA12433	M41L, M184V, L210W, T215Y	ABC	5.7
12433	CA12433	M41L, M184V, L210W, T215Y	AZT	6.9
12433	CA12433	M41L, M184V, L210W, T215Y	D4T	2
12433	CA12433	M41L, M184V, L210W, T215Y	DDI	1.5
12433	CA12433	M41L, M184V, L210W, T215Y	TDF	1.1
71565	CA71565	M41L, A62V, T69G, L74V, M184V, L210W, T215Y	X3TC	200
71565	CA71565	M41L, A62V, T69G, L74V, M184V, L210W, T215Y	ABC	29
71565	CA71565	M41L, A62V, T69G, L74V, M184V, L210W, T215Y	AZT	NA
71565	CA71565	M41L, A62V, T69G, L74V, M184V, L210W, T215Y	D4T	23
71565	CA71565	M41L, A62V, T69G, L74V, M184V, L210W, T215Y	DDI	5.8
71565	CA71565	M41L, A62V, T69G, L74V, M184V, L210W, T215Y	TDF	7.5
21069	CA21069	F116Y, Q151M	X3TC	6.9
21069	CA21069	F116Y, Q151M	ABC	7.6
21069	CA21069	F116Y, Q151M	AZT	7.6
21069	CA21069	F116Y, Q151M	D4T	7.1
21069	CA21069	F116Y, Q151M	DDI	6.4
21069	CA21069	F116Y, Q151M	TDF	1.4
17429	CA17429	M41L, S68G, L74V, M184V, T215Y	X3TC	200
17429	CA17429	M41L, S68G, L74V, M184V, T215Y	ABC	5.3
17429	CA17429	M41L, S68G, L74V, M184V, T215Y	AZT	2.7
17429	CA17429	M41L, S68G, L74V, M184V, T215Y	D4T	1.2
17429	CA17429	M41L, S68G, L74V, M184V, T215Y	DDI	2.3
17429	CA17429	M41L, S68G, L74V, M184V, T215Y	TDF	0.8
48196	CA48196	D67N, K70G, M184V, K219Q	X3TC	200
48196	CA48196	D67N, K70G, M184V, K219Q	ABC	3.8
48196	CA48196	D67N, K70G, M184V, K219Q	AZT	0.3
48196	CA48196	D67N, K70G, M184V, K219Q	D4T	0.7
48196	CA48196	D67N, K70G, M184V, K219Q	DDI	1.6
48196	CA48196	D67N, K70G, M184V, K219Q	TDF	0.6
20184	CA20184	M41L, A62V, V75T, M184V, L210W, T215Y	X3TC	200
20184	CA20184	M41L, A62V, V75T, M184V, L210W, T215Y	ABC	6
20184	CA20184	M41L, A62V, V75T, M184V, L210W, T215Y	AZT	1.6
20184	CA20184	M41L, A62V, V75T, M184V, L210W, T215Y	D4T	1.4
20184	CA20184	M41L, A62V, V75T, M184V, L210W, T215Y	DDI	1.8
20184	CA20184	M41L, A62V, V75T, M184V, L210W, T215Y	TDF	0.8
42786	CA42786	K65KR, S68SG, L74LV	X3TC	2.1
42786	CA42786	K65KR, S68SG, L74LV	ABC	1.7
42786	CA42786	K65KR, S68SG, L74LV	AZT	0.6
42786	CA42786	K65KR, S68SG, L74LV	D4T	1.1
42786	CA42786	K65KR, S68SG, L74LV	DDI	1.3
42786	CA42786	K65KR, S68SG, L74LV	TDF	0.8
42684	CA42684	M41L, E44A, D67N, T69D, V75M, M184V, L210W, T215F	X3TC	200
42684	CA42684	M41L, E44A, D67N, T69D, V75M, M184V, L210W, T215F	ABC	8.9
42684	CA42684	M41L, E44A, D67N, T69D, V75M, M184V, L210W, T215F	AZT	280
42684	CA42684	M41L, E44A, D67N, T69D, V75M, M184V, L210W, T215F	D4T	4.1
42684	CA42684	M41L, E44A, D67N, T69D, V75M, M184V, L210W, T215F	DDI	2.6
42684	CA42684	M41L, E44A, D67N, T69D, V75M, M184V, L210W, T215F	TDF	2.7
20180	CA20180	D67G, S68G, K70R, M184V, T215F, K219Q	X3TC	200
20180	CA20180	D67G, S68G, K70R, M184V, T215F, K219Q	ABC	5.2
20180	CA20180	D67G, S68G, K70R, M184V, T215F, K219Q	AZT	10
20180	CA20180	D67G, S68G, K70R, M184V, T215F, K219Q	D4T	1.4
20180	CA20180	D67G, S68G, K70R, M184V, T215F, K219Q	DDI	1.5
20180	CA20180	D67G, S68G, K70R, M184V, T215F, K219Q	TDF	1.2
48080	CA48080	M41L, E44EA, D67N, K70R, L74LI, M184V, L210W, T215Y, K219Q	X3TC	200
48080	CA48080	M41L, E44EA, D67N, K70R, L74LI, M184V, L210W, T215Y, K219Q	ABC	13
48080	CA48080	M41L, E44EA, D67N, K70R, L74LI, M184V, L210W, T215Y, K219Q	AZT	396
48080	CA48080	M41L, E44EA, D67N, K70R, L74LI, M184V, L210W, T215Y, K219Q	D4T	4.2
48080	CA48080	M41L, E44EA, D67N, K70R, L74LI, M184V, L210W, T215Y, K219Q	DDI	2.3
48080	CA48080	M41L, E44EA, D67N, K70R, L74LI, M184V, L210W, T215Y, K219Q	TDF	2.2
34731	CA34731	S68SG, M184V, T215F	X3TC	200
34731	CA34731	S68SG, M184V, T215F	ABC	4
34731	CA34731	S68SG, M184V, T215F	AZT	5.6
34731	CA34731	S68SG, M184V, T215F	D4T	1
34731	CA34731	S68SG, M184V, T215F	DDI	1.8
34731	CA34731	S68SG, M184V, T215F	TDF	0.9
38927	CA38927	S68SG, M184V, T215Y	X3TC	200
38927	CA38927	S68SG, M184V, T215Y	ABC	2.5
38927	CA38927	S68SG, M184V, T215Y	AZT	1.2
38927	CA38927	S68SG, M184V, T215Y	D4T	1
38927	CA38927	S68SG, M184V, T215Y	DDI	1.2
38927	CA38927	S68SG, M184V, T215Y	TDF	0.4
26618	17468-4	T215Y	X3TC	1
26618	17468-4	T215Y	ABC	1.2
26618	17468-4	T215Y	AZT	15
26618	17468-4	T215Y	D4T	1.2
26618	17468-4	T215Y	DDI	0.9
26618	17468-4	T215Y	TDF	1.6
26606	3496-4	M41L, M184V, T215Y	X3TC	200
26606	3496-4	M41L, M184V, T215Y	ABC	1.5
26606	3496-4	M41L, M184V, T215Y	AZT	1.8
26606	3496-4	M41L, M184V, T215Y	D4T	0.9
26606	3496-4	M41L, M184V, T215Y	DDI	0.7
26606	3496-4	M41L, M184V, T215Y	TDF	0.8
26632	6463-13	M41L, D67N, M184V, L210W, T215Y	X3TC	200
26632	6463-13	M41L, D67N, M184V, L210W, T215Y	ABC	7.4
26632	6463-13	M41L, D67N, M184V, L210W, T215Y	AZT	24
26632	6463-13	M41L, D67N, M184V, L210W, T215Y	D4T	4.1
26632	6463-13	M41L, D67N, M184V, L210W, T215Y	DDI	2.1
26632	6463-13	M41L, D67N, M184V, L210W, T215Y	TDF	1.5
26610	4755-5	M41L, E44D, D67N, T69D, M184V, L210W, T215Y	X3TC	200
26610	4755-5	M41L, E44D, D67N, T69D, M184V, L210W, T215Y	ABC	7.7
26610	4755-5	M41L, E44D, D67N, T69D, M184V, L210W, T215Y	AZT	61
26610	4755-5	M41L, E44D, D67N, T69D, M184V, L210W, T215Y	D4T	3.9
26610	4755-5	M41L, E44D, D67N, T69D, M184V, L210W, T215Y	DDI	2.4
26610	4755-5	M41L, E44D, D67N, T69D, M184V, L210W, T215Y	TDF	2.3
51392	8415-2	K65R, M184V	X3TC	200
51392	8415-2	K65R, M184V	ABC	9.1
51392	8415-2	K65R, M184V	AZT	0.3
51392	8415-2	K65R, M184V	D4T	1.2
51392	8415-2	K65R, M184V	DDI	3
51392	8415-2	K65R, M184V	TDF	1.1
26626	883-4	M41L, D67N, M184V, L210W, T215Y	X3TC	200
26626	883-4	M41L, D67N, M184V, L210W, T215Y	ABC	7.3
26626	883-4	M41L, D67N, M184V, L210W, T215Y	AZT	64
26626	883-4	M41L, D67N, M184V, L210W, T215Y	D4T	2.3
26626	883-4	M41L, D67N, M184V, L210W, T215Y	DDI	2.3
26626	883-4	M41L, D67N, M184V, L210W, T215Y	TDF	2.6
26614	4084-4	M41L, E44D, D67N, L210W, T215Y, K219N	X3TC	7.2
26614	4084-4	M41L, E44D, D67N, L210W, T215Y, K219N	ABC	6.6
26614	4084-4	M41L, E44D, D67N, L210W, T215Y, K219N	AZT	NA
26614	4084-4	M41L, E44D, D67N, L210W, T215Y, K219N	D4T	4.2
26614	4084-4	M41L, E44D, D67N, L210W, T215Y, K219N	DDI	1.6
26614	4084-4	M41L, E44D, D67N, L210W, T215Y, K219N	TDF	5.9
26635	7295-1	D67N, K70R, M184V, T215F, K219Q	X3TC	200
26635	7295-1	D67N, K70R, M184V, T215F, K219Q	ABC	6.1
26635	7295-1	D67N, K70R, M184V, T215F, K219Q	AZT	9.9
26635	7295-1	D67N, K70R, M184V, T215F, K219Q	D4T	1.9
26635	7295-1	D67N, K70R, M184V, T215F, K219Q	DDI	1.9
26635	7295-1	D67N, K70R, M184V, T215F, K219Q	TDF	1.1
26596	7324-1	M41L, D67N, K70R, T215F, K219E	X3TC	4.1
26596	7324-1	M41L, D67N, K70R, T215F, K219E	ABC	4.2
26596	7324-1	M41L, D67N, K70R, T215F, K219E	AZT	923
26596	7324-1	M41L, D67N, K70R, T215F, K219E	D4T	2.6
26596	7324-1	M41L, D67N, K70R, T215F, K219E	DDI	1.7
26596	7324-1	M41L, D67N, K70R, T215F, K219E	TDF	8.1
26617	17468-3	T215Y	X3TC	2.4
26617	17468-3	T215Y	ABC	2.9
26617	17468-3	T215Y	AZT	38
26617	17468-3	T215Y	D4T	1.8
26617	17468-3	T215Y	DDI	1.5
26617	17468-3	T215Y	TDF	2
26605	3496-1	M41L, M184V	X3TC	200
26605	3496-1	M41L, M184V	ABC	1.6
26605	3496-1	M41L, M184V	AZT	0.5
26605	3496-1	M41L, M184V	D4T	0.6
26605	3496-1	M41L, M184V	DDI	1.4
26605	3496-1	M41L, M184V	TDF	0.4
26616	17468-2	T215Y	X3TC	1.4
26616	17468-2	T215Y	ABC	1.2
26616	17468-2	T215Y	AZT	3
26616	17468-2	T215Y	D4T	1.5
26616	17468-2	T215Y	DDI	0.9
26616	17468-2	T215Y	TDF	0.9
26598	7324-4	D67N, S68G, K70R, T215F, K219E	X3TC	3.6
26598	7324-4	D67N, S68G, K70R, T215F, K219E	ABC	3.8
26598	7324-4	D67N, S68G, K70R, T215F, K219E	AZT	464
26598	7324-4	D67N, S68G, K70R, T215F, K219E	D4T	2.3
26598	7324-4	D67N, S68G, K70R, T215F, K219E	DDI	1.5
26598	7324-4	D67N, S68G, K70R, T215F, K219E	TDF	5.2
26607	1617-1	A62V, S68G, K70G, V75I, F77L, Y115F, F116Y, Q151M, M184V	X3TC	200
26607	1617-1	A62V, S68G, K70G, V75I, F77L, Y115F, F116Y, Q151M, M184V	ABC	20
26607	1617-1	A62V, S68G, K70G, V75I, F77L, Y115F, F116Y, Q151M, M184V	AZT	261
26607	1617-1	A62V, S68G, K70G, V75I, F77L, Y115F, F116Y, Q151M, M184V	D4T	11
26607	1617-1	A62V, S68G, K70G, V75I, F77L, Y115F, F116Y, Q151M, M184V	DDI	23
26607	1617-1	A62V, S68G, K70G, V75I, F77L, Y115F, F116Y, Q151M, M184V	TDF	2.4
51390	71361-1	K65R	X3TC	10
51390	71361-1	K65R	ABC	3.6
51390	71361-1	K65R	AZT	0.7
51390	71361-1	K65R	D4T	1.9
51390	71361-1	K65R	DDI	3
51390	71361-1	K65R	TDF	3.8
26600	1666-3	M41L, L74V, T215Y	X3TC	2.5
26600	1666-3	M41L, L74V, T215Y	ABC	2.5
26600	1666-3	M41L, L74V, T215Y	AZT	1.6
26600	1666-3	M41L, L74V, T215Y	D4T	1.5
26600	1666-3	M41L, L74V, T215Y	DDI	1.6
26600	1666-3	M41L, L74V, T215Y	TDF	0.7
26623	35764-2	A62V, V75I, F77L, F116Y, Q151M	X3TC	5.4
26623	35764-2	A62V, V75I, F77L, F116Y, Q151M	ABC	7.1
26623	35764-2	A62V, V75I, F77L, F116Y, Q151M	AZT	55
26623	35764-2	A62V, V75I, F77L, F116Y, Q151M	D4T	11
26623	35764-2	A62V, V75I, F77L, F116Y, Q151M	DDI	11
26623	35764-2	A62V, V75I, F77L, F116Y, Q151M	TDF	1.9
26620	6360-1	M41L, A62V, D67N, V75I, M184V, L210W, T215Y	X3TC	200
26620	6360-1	M41L, A62V, D67N, V75I, M184V, L210W, T215Y	ABC	4.9
26620	6360-1	M41L, A62V, D67N, V75I, M184V, L210W, T215Y	AZT	7.1
26620	6360-1	M41L, A62V, D67N, V75I, M184V, L210W, T215Y	D4T	2.5
26620	6360-1	M41L, A62V, D67N, V75I, M184V, L210W, T215Y	DDI	1.7
26620	6360-1	M41L, A62V, D67N, V75I, M184V, L210W, T215Y	TDF	0.9
26615	17468-1	T215Y	X3TC	1.7
26615	17468-1	T215Y	ABC	2.4
26615	17468-1	T215Y	AZT	28
26615	17468-1	T215Y	D4T	1.7
26615	17468-1	T215Y	DDI	1.4
26615	17468-1	T215Y	TDF	1.7
26631	56252-1	K65R, S68G, K70R, V75I, F77L, Y115F, F116Y, Q151M	X3TC	89
26631	56252-1	K65R, S68G, K70R, V75I, F77L, Y115F, F116Y, Q151M	ABC	20
26631	56252-1	K65R, S68G, K70R, V75I, F77L, Y115F, F116Y, Q151M	AZT	NA
26631	56252-1	K65R, S68G, K70R, V75I, F77L, Y115F, F116Y, Q151M	D4T	20
26631	56252-1	K65R, S68G, K70R, V75I, F77L, Y115F, F116Y, Q151M	DDI	28
26631	56252-1	K65R, S68G, K70R, V75I, F77L, Y115F, F116Y, Q151M	TDF	11
26599	1666-1	T215Y	X3TC	1.7
26599	1666-1	T215Y	ABC	1.3
26599	1666-1	T215Y	AZT	1.4
26599	1666-1	T215Y	D4T	1.3
26599	1666-1	T215Y	DDI	1.1
26599	1666-1	T215Y	TDF	0.6
26611	7303-3	M41L, E44D, D67N, T69D, L210W, T215Y	X3TC	7.5
26611	7303-3	M41L, E44D, D67N, T69D, L210W, T215Y	ABC	8.4
26611	7303-3	M41L, E44D, D67N, T69D, L210W, T215Y	AZT	NA
26611	7303-3	M41L, E44D, D67N, T69D, L210W, T215Y	D4T	6.7
26611	7303-3	M41L, E44D, D67N, T69D, L210W, T215Y	DDI	2.3
26611	7303-3	M41L, E44D, D67N, T69D, L210W, T215Y	TDF	5.9
26627	52534-2	M41L, T69S_SS, L74V, M184V, L210W, T215Y	X3TC	200
26627	52534-2	M41L, T69S_SS, L74V, M184V, L210W, T215Y	ABC	22
26627	52534-2	M41L, T69S_SS, L74V, M184V, L210W, T215Y	AZT	719
26627	52534-2	M41L, T69S_SS, L74V, M184V, L210W, T215Y	D4T	9
26627	52534-2	M41L, T69S_SS, L74V, M184V, L210W, T215Y	DDI	3.3
26627	52534-2	M41L, T69S_SS, L74V, M184V, L210W, T215Y	TDF	4.2
56243	9019_d349	M184MV	X3TC	4
56243	9019_d349	M184MV	ABC	1.9
56243	9019_d349	M184MV	AZT	0.6
56243	9019_d349	M184MV	D4T	0.8
56243	9019_d349	M184MV	DDI	1.3
56243	9019_d349	M184MV	TDF	NA
56263	8256_d1097		X3TC	0.8
56263	8256_d1097		ABC	0.9
56263	8256_d1097		AZT	0.9
56263	8256_d1097		D4T	0.8
56263	8256_d1097		DDI	0.9
56263	8256_d1097		TDF	NA
56195	9154_d168	D67DN, M184V	X3TC	101
56195	9154_d168	D67DN, M184V	ABC	2.3
56195	9154_d168	D67DN, M184V	AZT	0.4
56195	9154_d168	D67DN, M184V	D4T	0.7
56195	9154_d168	D67DN, M184V	DDI	1.3
56195	9154_d168	D67DN, M184V	TDF	NA
56233	9124_d1	M41L, D67N, T69ND, K70KR, V75I, F77L, F116Y, Q151M, M184V, T215FV, K219Q	X3TC	176
56233	9124_d1	M41L, D67N, T69ND, K70KR, V75I, F77L, F116Y, Q151M, M184V, T215FV, K219Q	ABC	11
56233	9124_d1	M41L, D67N, T69ND, K70KR, V75I, F77L, F116Y, Q151M, M184V, T215FV, K219Q	AZT	146
56233	9124_d1	M41L, D67N, T69ND, K70KR, V75I, F77L, F116Y, Q151M, M184V, T215FV, K219Q	D4T	11
56233	9124_d1	M41L, D67N, T69ND, K70KR, V75I, F77L, F116Y, Q151M, M184V, T215FV, K219Q	DDI	15
56233	9124_d1	M41L, D67N, T69ND, K70KR, V75I, F77L, F116Y, Q151M, M184V, T215FV, K219Q	TDF	NA
56273	9255_d1	M41ML, D67DN, M184MV, K219KE	X3TC	164
56273	9255_d1	M41ML, D67DN, M184MV, K219KE	ABC	4
56273	9255_d1	M41ML, D67DN, M184MV, K219KE	AZT	7.8
56273	9255_d1	M41ML, D67DN, M184MV, K219KE	D4T	1.3
56273	9255_d1	M41ML, D67DN, M184MV, K219KE	DDI	1.5
56273	9255_d1	M41ML, D67DN, M184MV, K219KE	TDF	NA
56399	6367_d140	D67N, T69D, K70R, T215F, K219Q	X3TC	1.8
56399	6367_d140	D67N, T69D, K70R, T215F, K219Q	ABC	1.7
56399	6367_d140	D67N, T69D, K70R, T215F, K219Q	AZT	82
56399	6367_d140	D67N, T69D, K70R, T215F, K219Q	D4T	2.4
56399	6367_d140	D67N, T69D, K70R, T215F, K219Q	DDI	1.2
56399	6367_d140	D67N, T69D, K70R, T215F, K219Q	TDF	NA
56291	6372_d83	M41L, E44D, D67N, V75M, L210W, T215Y	X3TC	3.1
56291	6372_d83	M41L, E44D, D67N, V75M, L210W, T215Y	ABC	3.8
56291	6372_d83	M41L, E44D, D67N, V75M, L210W, T215Y	AZT	178
56291	6372_d83	M41L, E44D, D67N, V75M, L210W, T215Y	D4T	4
56291	6372_d83	M41L, E44D, D67N, V75M, L210W, T215Y	DDI	1.5
56291	6372_d83	M41L, E44D, D67N, V75M, L210W, T215Y	TDF	NA
56255	9053_d233	D67N, K70R, M184V, T215F, K219E	X3TC	101
56255	9053_d233	D67N, K70R, M184V, T215F, K219E	ABC	3.2
56255	9053_d233	D67N, K70R, M184V, T215F, K219E	AZT	3.2
56255	9053_d233	D67N, K70R, M184V, T215F, K219E	D4T	1.4
56255	9053_d233	D67N, K70R, M184V, T215F, K219E	DDI	1.4
56255	9053_d233	D67N, K70R, M184V, T215F, K219E	TDF	NA
56321	6357_d422	M41L, D67N, T215Y	X3TC	2.5
56321	6357_d422	M41L, D67N, T215Y	ABC	1.9
56321	6357_d422	M41L, D67N, T215Y	AZT	18
56321	6357_d422	M41L, D67N, T215Y	D4T	1.4
56321	6357_d422	M41L, D67N, T215Y	DDI	1.1
56321	6357_d422	M41L, D67N, T215Y	TDF	NA
56269	8256_d841		X3TC	0.6
56269	8256_d841		ABC	0.8
56269	8256_d841		AZT	1.4
56269	8256_d841		D4T	1
56269	8256_d841		DDI	1
56269	8256_d841		TDF	NA
56187	9208_d362	M184MV	X3TC	4
56187	9208_d362	M184MV	ABC	1.4
56187	9208_d362	M184MV	AZT	0.4
56187	9208_d362	M184MV	D4T	0.7
56187	9208_d362	M184MV	DDI	1.1
56187	9208_d362	M184MV	TDF	NA
56383	6373_d223	A62V, D67N, S68N, K70G, F116Y, Q151M, M184I, L210LW, T215Y	X3TC	197
56383	6373_d223	A62V, D67N, S68N, K70G, F116Y, Q151M, M184I, L210LW, T215Y	ABC	9.7
56383	6373_d223	A62V, D67N, S68N, K70G, F116Y, Q151M, M184I, L210LW, T215Y	AZT	4.5
56383	6373_d223	A62V, D67N, S68N, K70G, F116Y, Q151M, M184I, L210LW, T215Y	D4T	5.5
56383	6373_d223	A62V, D67N, S68N, K70G, F116Y, Q151M, M184I, L210LW, T215Y	DDI	8.4
56383	6373_d223	A62V, D67N, S68N, K70G, F116Y, Q151M, M184I, L210LW, T215Y	TDF	NA
56199	9172_d1	M41L, M184V, L210LW, T215Y	X3TC	130
56199	9172_d1	M41L, M184V, L210LW, T215Y	ABC	7.1
56199	9172_d1	M41L, M184V, L210LW, T215Y	AZT	20
56199	9172_d1	M41L, M184V, L210LW, T215Y	D4T	2.3
56199	9172_d1	M41L, M184V, L210LW, T215Y	DDI	2.1
56199	9172_d1	M41L, M184V, L210LW, T215Y	TDF	NA
56347	6329_d153	M41L, S68N, L74V, M184V, L210W, T215Y	X3TC	158
56347	6329_d153	M41L, S68N, L74V, M184V, L210W, T215Y	ABC	8.5
56347	6329_d153	M41L, S68N, L74V, M184V, L210W, T215Y	AZT	6.3
56347	6329_d153	M41L, S68N, L74V, M184V, L210W, T215Y	D4T	1.4
56347	6329_d153	M41L, S68N, L74V, M184V, L210W, T215Y	DDI	2.2
56347	6329_d153	M41L, S68N, L74V, M184V, L210W, T215Y	TDF	NA
56403	6367_d224	D67N, T69D, K70R, T215F, K219Q	X3TC	2.4
56403	6367_d224	D67N, T69D, K70R, T215F, K219Q	ABC	2.3
56403	6367_d224	D67N, T69D, K70R, T215F, K219Q	AZT	102
56403	6367_d224	D67N, T69D, K70R, T215F, K219Q	D4T	2.2
56403	6367_d224	D67N, T69D, K70R, T215F, K219Q	DDI	1.1
56403	6367_d224	D67N, T69D, K70R, T215F, K219Q	TDF	NA
56363	8315_d985	M184V	X3TC	114
56363	8315_d985	M184V	ABC	2.9
56363	8315_d985	M184V	AZT	1.2
56363	8315_d985	M184V	D4T	0.9
56363	8315_d985	M184V	DDI	1.6
56363	8315_d985	M184V	TDF	NA
56283	6376_d508	M41L, D67N, T69D, M184V, L210W, T215Y	X3TC	124
56283	6376_d508	M41L, D67N, T69D, M184V, L210W, T215Y	ABC	5.6
56283	6376_d508	M41L, D67N, T69D, M184V, L210W, T215Y	AZT	49
56283	6376_d508	M41L, D67N, T69D, M184V, L210W, T215Y	D4T	2.9
56283	6376_d508	M41L, D67N, T69D, M184V, L210W, T215Y	DDI	1.9
56283	6376_d508	M41L, D67N, T69D, M184V, L210W, T215Y	TDF	NA
56277	9182_d1	M41L, E44D, T69D, M184V, L210W, T215Y, K219R	X3TC	162
56277	9182_d1	M41L, E44D, T69D, M184V, L210W, T215Y, K219R	ABC	6.3
56277	9182_d1	M41L, E44D, T69D, M184V, L210W, T215Y, K219R	AZT	11
56277	9182_d1	M41L, E44D, T69D, M184V, L210W, T215Y, K219R	D4T	3.3
56277	9182_d1	M41L, E44D, T69D, M184V, L210W, T215Y, K219R	DDI	2.4
56277	9182_d1	M41L, E44D, T69D, M184V, L210W, T215Y, K219R	TDF	NA
56323	6357_d506	M41L, D67N, L74LV, T215Y	X3TC	3.3
56323	6357_d506	M41L, D67N, L74LV, T215Y	ABC	1.9
56323	6357_d506	M41L, D67N, L74LV, T215Y	AZT	4
56323	6357_d506	M41L, D67N, L74LV, T215Y	D4T	1.7
56323	6357_d506	M41L, D67N, L74LV, T215Y	DDI	1.2
56323	6357_d506	M41L, D67N, L74LV, T215Y	TDF	NA
56373	8356_d925	D67G, S68G, K70R, T215F, K219Q	X3TC	3.4
56373	8356_d925	D67G, S68G, K70R, T215F, K219Q	ABC	1.8
56373	8356_d925	D67G, S68G, K70R, T215F, K219Q	AZT	31
56373	8356_d925	D67G, S68G, K70R, T215F, K219Q	D4T	1.3
56373	8356_d925	D67G, S68G, K70R, T215F, K219Q	DDI	1.1
56373	8356_d925	D67G, S68G, K70R, T215F, K219Q	TDF	NA
56299	6325_d430	S68G	X3TC	0.9
56299	6325_d430	S68G	ABC	0.6
56299	6325_d430	S68G	AZT	0.4
56299	6325_d430	S68G	D4T	0.7
56299	6325_d430	S68G	DDI	1
56299	6325_d430	S68G	TDF	NA
56221	9287_d337	M41L, E44D, D67N, L210W, T215Y, K219R	X3TC	4.9
56221	9287_d337	M41L, E44D, D67N, L210W, T215Y, K219R	ABC	6.5
56221	9287_d337	M41L, E44D, D67N, L210W, T215Y, K219R	AZT	909
56221	9287_d337	M41L, E44D, D67N, L210W, T215Y, K219R	D4T	6.5
56221	9287_d337	M41L, E44D, D67N, L210W, T215Y, K219R	DDI	2.2
56221	9287_d337	M41L, E44D, D67N, L210W, T215Y, K219R	TDF	NA
56215	9085_d316	M41L, A62AV, T215Y	X3TC	1.3
56215	9085_d316	M41L, A62AV, T215Y	ABC	1.4
56215	9085_d316	M41L, A62AV, T215Y	AZT	46
56215	9085_d316	M41L, A62AV, T215Y	D4T	1.5
56215	9085_d316	M41L, A62AV, T215Y	DDI	1.1
56215	9085_d316	M41L, A62AV, T215Y	TDF	NA
56349	8347_d1170	M41L, L210W, T215Y	X3TC	6.8
56349	8347_d1170	M41L, L210W, T215Y	ABC	8.6
56349	8347_d1170	M41L, L210W, T215Y	AZT	90
56349	8347_d1170	M41L, L210W, T215Y	D4T	3.9
56349	8347_d1170	M41L, L210W, T215Y	DDI	1.9
56349	8347_d1170	M41L, L210W, T215Y	TDF	NA
56177	9200_d340	M184MV	X3TC	94
56177	9200_d340	M184MV	ABC	3.1
56177	9200_d340	M184MV	AZT	1
56177	9200_d340	M184MV	D4T	0.9
56177	9200_d340	M184MV	DDI	1.5
56177	9200_d340	M184MV	TDF	NA
56315	6338_d336	M41ML, M184V, T215Y	X3TC	143
56315	6338_d336	M41ML, M184V, T215Y	ABC	7.2
56315	6338_d336	M41ML, M184V, T215Y	AZT	38
56315	6338_d336	M41ML, M184V, T215Y	D4T	1.7
56315	6338_d336	M41ML, M184V, T215Y	DDI	1.8
56315	6338_d336	M41ML, M184V, T215Y	TDF	NA
56279	9182_d359	M41L, E44D, T69D, L74V, L210W, T215Y, K219R	X3TC	5.9
56279	9182_d359	M41L, E44D, T69D, L74V, L210W, T215Y, K219R	ABC	3.6
56279	9182_d359	M41L, E44D, T69D, L74V, L210W, T215Y, K219R	AZT	16
56279	9182_d359	M41L, E44D, T69D, L74V, L210W, T215Y, K219R	D4T	5.1
56279	9182_d359	M41L, E44D, T69D, L74V, L210W, T215Y, K219R	DDI	2.1
56279	9182_d359	M41L, E44D, T69D, L74V, L210W, T215Y, K219R	TDF	NA
56345	6351_d679	M41L, D67N, T69D, M184V, T215Y	X3TC	83
56345	6351_d679	M41L, D67N, T69D, M184V, T215Y	ABC	4.8
56345	6351_d679	M41L, D67N, T69D, M184V, T215Y	AZT	7.4
56345	6351_d679	M41L, D67N, T69D, M184V, T215Y	D4T	1.8
56345	6351_d679	M41L, D67N, T69D, M184V, T215Y	DDI	1.7
56345	6351_d679	M41L, D67N, T69D, M184V, T215Y	TDF	NA
56329	6333_d114	M41L, D67N, K70R, V75VIM, T215F, K219E	X3TC	4.3
56329	6333_d114	M41L, D67N, K70R, V75VIM, T215F, K219E	ABC	3.8
56329	6333_d114	M41L, D67N, K70R, V75VIM, T215F, K219E	AZT	449
56329	6333_d114	M41L, D67N, K70R, V75VIM, T215F, K219E	D4T	3.2
56329	6333_d114	M41L, D67N, K70R, V75VIM, T215F, K219E	DDI	1.8
56329	6333_d114	M41L, D67N, K70R, V75VIM, T215F, K219E	TDF	NA
56219	9287_d1	M41L, E44D, D67N, M184V, L210W, T215Y, K219KR	X3TC	176
56219	9287_d1	M41L, E44D, D67N, M184V, L210W, T215Y, K219KR	ABC	9.1
56219	9287_d1	M41L, E44D, D67N, M184V, L210W, T215Y, K219KR	AZT	174
56219	9287_d1	M41L, E44D, D67N, M184V, L210W, T215Y, K219KR	D4T	3.2
56219	9287_d1	M41L, E44D, D67N, M184V, L210W, T215Y, K219KR	DDI	2.7
56219	9287_d1	M41L, E44D, D67N, M184V, L210W, T215Y, K219KR	TDF	NA
56311	6338_d113	M184V, T215Y	X3TC	200
56311	6338_d113	M184V, T215Y	ABC	6.6
56311	6338_d113	M184V, T215Y	AZT	24
56311	6338_d113	M184V, T215Y	D4T	1.9
56311	6338_d113	M184V, T215Y	DDI	1.8
56311	6338_d113	M184V, T215Y	TDF	NA
56201	9172_d330	M41L, M184MV, L210LW, T215SY	X3TC	101
56201	9172_d330	M41L, M184MV, L210LW, T215SY	ABC	6.2
56201	9172_d330	M41L, M184MV, L210LW, T215SY	AZT	41
56201	9172_d330	M41L, M184MV, L210LW, T215SY	D4T	1.9
56201	9172_d330	M41L, M184MV, L210LW, T215SY	DDI	1.4
56201	9172_d330	M41L, M184MV, L210LW, T215SY	TDF	NA
56389	6359_d93	M41L, E44D, D67N, T69D, M184V, L210W, T215Y	X3TC	200
56389	6359_d93	M41L, E44D, D67N, T69D, M184V, L210W, T215Y	ABC	9.5
56389	6359_d93	M41L, E44D, D67N, T69D, M184V, L210W, T215Y	AZT	181
56389	6359_d93	M41L, E44D, D67N, T69D, M184V, L210W, T215Y	D4T	4.6
56389	6359_d93	M41L, E44D, D67N, T69D, M184V, L210W, T215Y	DDI	2.1
56389	6359_d93	M41L, E44D, D67N, T69D, M184V, L210W, T215Y	TDF	NA
56257	9163_d1	M41L, M184V, T215Y	X3TC	144
56257	9163_d1	M41L, M184V, T215Y	ABC	2.5
56257	9163_d1	M41L, M184V, T215Y	AZT	2.2
56257	9163_d1	M41L, M184V, T215Y	D4T	1.2
56257	9163_d1	M41L, M184V, T215Y	DDI	1.4
56257	9163_d1	M41L, M184V, T215Y	TDF	NA
56169	9189_d1	D67N, K70R, M184V, T215F, K219Q	X3TC	146
56169	9189_d1	D67N, K70R, M184V, T215F, K219Q	ABC	9.6
56169	9189_d1	D67N, K70R, M184V, T215F, K219Q	AZT	41
56169	9189_d1	D67N, K70R, M184V, T215F, K219Q	D4T	2.5
56169	9189_d1	D67N, K70R, M184V, T215F, K219Q	DDI	2
56169	9189_d1	D67N, K70R, M184V, T215F, K219Q	TDF	NA
56247	9231_d1	M184V	X3TC	130
56247	9231_d1	M184V	ABC	3.3
56247	9231_d1	M184V	AZT	0.5
56247	9231_d1	M184V	D4T	0.9
56247	9231_d1	M184V	DDI	1.5
56247	9231_d1	M184V	TDF	NA
56249	9231_d268	L74V, M184V	X3TC	105
56249	9231_d268	L74V, M184V	ABC	4.1
56249	9231_d268	L74V, M184V	AZT	0.2
56249	9231_d268	L74V, M184V	D4T	0.6
56249	9231_d268	L74V, M184V	DDI	1.6
56249	9231_d268	L74V, M184V	TDF	NA
56377	6360_d248	M41L, D67N, K70R, M184V, T215F, K219E	X3TC	146
56377	6360_d248	M41L, D67N, K70R, M184V, T215F, K219E	ABC	5.7
56377	6360_d248	M41L, D67N, K70R, M184V, T215F, K219E	AZT	46
56377	6360_d248	M41L, D67N, K70R, M184V, T215F, K219E	D4T	2.4
56377	6360_d248	M41L, D67N, K70R, M184V, T215F, K219E	DDI	1.9
56377	6360_d248	M41L, D67N, K70R, M184V, T215F, K219E	TDF	NA
56355	8347_d763	D67DN, T215Y	X3TC	2.3
56355	8347_d763	D67DN, T215Y	ABC	1.8
56355	8347_d763	D67DN, T215Y	AZT	6.9
56355	8347_d763	D67DN, T215Y	D4T	1.9
56355	8347_d763	D67DN, T215Y	DDI	0.9
56355	8347_d763	D67DN, T215Y	TDF	NA
56163	9095_d337	L74LV, M184V	X3TC	94
56163	9095_d337	L74LV, M184V	ABC	3.2
56163	9095_d337	L74LV, M184V	AZT	0.4
56163	9095_d337	L74LV, M184V	D4T	0.8
56163	9095_d337	L74LV, M184V	DDI	1.6
56163	9095_d337	L74LV, M184V	TDF	NA
56341	6351_d287	M41L, D67N, T69D, M184V, T215Y	X3TC	144
56341	6351_d287	M41L, D67N, T69D, M184V, T215Y	ABC	8.1
56341	6351_d287	M41L, D67N, T69D, M184V, T215Y	AZT	66
56341	6351_d287	M41L, D67N, T69D, M184V, T215Y	D4T	4
56341	6351_d287	M41L, D67N, T69D, M184V, T215Y	DDI	2.1
56341	6351_d287	M41L, D67N, T69D, M184V, T215Y	TDF	NA
56371	8356_d846	D67DEG, S68SG, K70R, T215IF, K219Q	X3TC	1.5
56371	8356_d846	D67DEG, S68SG, K70R, T215IF, K219Q	ABC	1.6
56371	8356_d846	D67DEG, S68SG, K70R, T215IF, K219Q	AZT	25
56371	8356_d846	D67DEG, S68SG, K70R, T215IF, K219Q	D4T	1.6
56371	8356_d846	D67DEG, S68SG, K70R, T215IF, K219Q	DDI	1
56371	8356_d846	D67DEG, S68SG, K70R, T215IF, K219Q	TDF	NA
56175	9004_d337		X3TC	0.6
56175	9004_d337		ABC	0.6
56175	9004_d337		AZT	0.4
56175	9004_d337		D4T	0.7
56175	9004_d337		DDI	0.7
56175	9004_d337		TDF	NA
56405	6367_d280	D67NT, T69D, K70R, T215F, K219Q	X3TC	2.3
56405	6367_d280	D67NT, T69D, K70R, T215F, K219Q	ABC	1.9
56405	6367_d280	D67NT, T69D, K70R, T215F, K219Q	AZT	57
56405	6367_d280	D67NT, T69D, K70R, T215F, K219Q	D4T	2.5
56405	6367_d280	D67NT, T69D, K70R, T215F, K219Q	DDI	1.1
56405	6367_d280	D67NT, T69D, K70R, T215F, K219Q	TDF	NA
56295	8313_d848	D67N, K70R, T215F, K219E	X3TC	3.4
56295	8313_d848	D67N, K70R, T215F, K219E	ABC	2.2
56295	8313_d848	D67N, K70R, T215F, K219E	AZT	78
56295	8313_d848	D67N, K70R, T215F, K219E	D4T	1.6
56295	8313_d848	D67N, K70R, T215F, K219E	DDI	1.6
56295	8313_d848	D67N, K70R, T215F, K219E	TDF	NA
56385	6373_d421	A62V, D67N, S68N, K70G, V75I, F77L, Y115F, F116Y, Q151M, M184I, T215Y	X3TC	143
56385	6373_d421	A62V, D67N, S68N, K70G, V75I, F77L, Y115F, F116Y, Q151M, M184I, T215Y	ABC	26
56385	6373_d421	A62V, D67N, S68N, K70G, V75I, F77L, Y115F, F116Y, Q151M, M184I, T215Y	AZT	473
56385	6373_d421	A62V, D67N, S68N, K70G, V75I, F77L, Y115F, F116Y, Q151M, M184I, T215Y	D4T	11
56385	6373_d421	A62V, D67N, S68N, K70G, V75I, F77L, Y115F, F116Y, Q151M, M184I, T215Y	DDI	16
56385	6373_d421	A62V, D67N, S68N, K70G, V75I, F77L, Y115F, F116Y, Q151M, M184I, T215Y	TDF	NA
56185	8985_d330	M41L, E44A, D67N, K70R, V75M, L210W, T215Y, K219HQ	X3TC	5.2
56185	8985_d330	M41L, E44A, D67N, K70R, V75M, L210W, T215Y, K219HQ	ABC	6.7
56185	8985_d330	M41L, E44A, D67N, K70R, V75M, L210W, T215Y, K219HQ	AZT	909
56185	8985_d330	M41L, E44A, D67N, K70R, V75M, L210W, T215Y, K219HQ	D4T	6
56185	8985_d330	M41L, E44A, D67N, K70R, V75M, L210W, T215Y, K219HQ	DDI	2
56185	8985_d330	M41L, E44A, D67N, K70R, V75M, L210W, T215Y, K219HQ	TDF	NA
56205	8265_d1104		X3TC	0.8
56205	8265_d1104		ABC	0.8
56205	8265_d1104		AZT	0.9
56205	8265_d1104		D4T	0.8
56205	8265_d1104		DDI	0.9
56205	8265_d1104		TDF	NA
56253	9053_d1	D67NH, K70KR, M184V, T215FV, K219E	X3TC	150
56253	9053_d1	D67NH, K70KR, M184V, T215FV, K219E	ABC	4.7
56253	9053_d1	D67NH, K70KR, M184V, T215FV, K219E	AZT	4.3
56253	9053_d1	D67NH, K70KR, M184V, T215FV, K219E	D4T	1.5
56253	9053_d1	D67NH, K70KR, M184V, T215FV, K219E	DDI	1.6
56253	9053_d1	D67NH, K70KR, M184V, T215FV, K219E	TDF	NA
56397	6367_d112	D67N, T69D, K70R, T215F, K219Q	X3TC	3.5
56397	6367_d112	D67N, T69D, K70R, T215F, K219Q	ABC	2
56397	6367_d112	D67N, T69D, K70R, T215F, K219Q	AZT	143
56397	6367_d112	D67N, T69D, K70R, T215F, K219Q	D4T	2.3
56397	6367_d112	D67N, T69D, K70R, T215F, K219Q	DDI	1.3
56397	6367_d112	D67N, T69D, K70R, T215F, K219Q	TDF	NA
56369	8356_d1017	D67DEG, S68G, K70R, T215F, K219Q	X3TC	1.9
56369	8356_d1017	D67DEG, S68G, K70R, T215F, K219Q	ABC	1.7
56369	8356_d1017	D67DEG, S68G, K70R, T215F, K219Q	AZT	20
56369	8356_d1017	D67DEG, S68G, K70R, T215F, K219Q	D4T	1.6
56369	8356_d1017	D67DEG, S68G, K70R, T215F, K219Q	DDI	1.2
56369	8356_d1017	D67DEG, S68G, K70R, T215F, K219Q	TDF	NA
56297	6325_d342	S68G	X3TC	0.7
56297	6325_d342	S68G	ABC	1
56297	6325_d342	S68G	AZT	1
56297	6325_d342	S68G	D4T	1.1
56297	6325_d342	S68G	DDI	0.8
56297	6325_d342	S68G	TDF	NA
56167	9079_d344		X3TC	0.8
56167	9079_d344		ABC	0.6
56167	9079_d344		AZT	0.4
56167	9079_d344		D4T	0.7
56167	9079_d344		DDI	0.8
56167	9079_d344		TDF	NA
56229	9014_d1	M41L, M184V, T215F	X3TC	119
56229	9014_d1	M41L, M184V, T215F	ABC	4.3
56229	9014_d1	M41L, M184V, T215F	AZT	3.5
56229	9014_d1	M41L, M184V, T215F	D4T	1.6
56229	9014_d1	M41L, M184V, T215F	DDI	1.8
56229	9014_d1	M41L, M184V, T215F	TDF	NA
56181	9113_d339	D67N, K70KR, M184MV	X3TC	3.2
56181	9113_d339	D67N, K70KR, M184MV	ABC	1.2
56181	9113_d339	D67N, K70KR, M184MV	AZT	3.3
56181	9113_d339	D67N, K70KR, M184MV	D4T	1
56181	9113_d339	D67N, K70KR, M184MV	DDI	1.1
56181	9113_d339	D67N, K70KR, M184MV	TDF	NA
56211	9246_d344	M184MV	X3TC	35
56211	9246_d344	M184MV	ABC	2.3
56211	9246_d344	M184MV	AZT	0.7
56211	9246_d344	M184MV	D4T	0.7
56211	9246_d344	M184MV	DDI	1.3
56211	9246_d344	M184MV	TDF	NA
56381	6373_d111	D67N, S68N, K70G, F116Y, Q151M, T215Y	X3TC	10
56381	6373_d111	D67N, S68N, K70G, F116Y, Q151M, T215Y	ABC	7.9
56381	6373_d111	D67N, S68N, K70G, F116Y, Q151M, T215Y	AZT	13
56381	6373_d111	D67N, S68N, K70G, F116Y, Q151M, T215Y	D4T	11
56381	6373_d111	D67N, S68N, K70G, F116Y, Q151M, T215Y	DDI	5.3
56381	6373_d111	D67N, S68N, K70G, F116Y, Q151M, T215Y	TDF	NA
56171	9189_d175	D67N, K70R, L74V, M184V, T215F, K219Q	X3TC	94
56171	9189_d175	D67N, K70R, L74V, M184V, T215F, K219Q	ABC	6.3
56171	9189_d175	D67N, K70R, L74V, M184V, T215F, K219Q	AZT	3
56171	9189_d175	D67N, K70R, L74V, M184V, T215F, K219Q	D4T	2.1
56171	9189_d175	D67N, K70R, L74V, M184V, T215F, K219Q	DDI	2.1
56171	9189_d175	D67N, K70R, L74V, M184V, T215F, K219Q	TDF	NA
56331	6333_d283	M41L, D67N, K70R, V75M, M184V, T215F, K219E	X3TC	144
56331	6333_d283	M41L, D67N, K70R, V75M, M184V, T215F, K219E	ABC	6.1
56331	6333_d283	M41L, D67N, K70R, V75M, M184V, T215F, K219E	AZT	33
56331	6333_d283	M41L, D67N, K70R, V75M, M184V, T215F, K219E	D4T	2
56331	6333_d283	M41L, D67N, K70R, V75M, M184V, T215F, K219E	DDI	1.7
56331	6333_d283	M41L, D67N, K70R, V75M, M184V, T215F, K219E	TDF	NA
56237	9124_d339	M41ML, D67NS, K70R, V75I, F77L, F116Y, Q151M, M184V, T215V, K219Q	X3TC	94
56237	9124_d339	M41ML, D67NS, K70R, V75I, F77L, F116Y, Q151M, M184V, T215V, K219Q	ABC	9.5
56237	9124_d339	M41ML, D67NS, K70R, V75I, F77L, F116Y, Q151M, M184V, T215V, K219Q	AZT	198
56237	9124_d339	M41ML, D67NS, K70R, V75I, F77L, F116Y, Q151M, M184V, T215V, K219Q	D4T	10
56237	9124_d339	M41ML, D67NS, K70R, V75I, F77L, F116Y, Q151M, M184V, T215V, K219Q	DDI	13
56237	9124_d339	M41ML, D67NS, K70R, V75I, F77L, F116Y, Q151M, M184V, T215V, K219Q	TDF	NA
56197	9049_d221		X3TC	1.3
56197	9049_d221		ABC	1.1
56197	9049_d221		AZT	1.9
56197	9049_d221		D4T	1.1
56197	9049_d221		DDI	1.2
56197	9049_d221		TDF	NA
56191	9226_d167		X3TC	0.8
56191	9226_d167		ABC	0.8
56191	9226_d167		AZT	1.1
56191	9226_d167		D4T	0.8
56191	9226_d167		DDI	0.9
56191	9226_d167		TDF	NA
56319	6357_d276	M41L, D67N, T215Y	X3TC	3.3
56319	6357_d276	M41L, D67N, T215Y	ABC	2.2
56319	6357_d276	M41L, D67N, T215Y	AZT	17
56319	6357_d276	M41L, D67N, T215Y	D4T	2.1
56319	6357_d276	M41L, D67N, T215Y	DDI	1.1
56319	6357_d276	M41L, D67N, T215Y	TDF	NA
56361	8315_d867	M184V	X3TC	144
56361	8315_d867	M184V	ABC	3
56361	8315_d867	M184V	AZT	1.2
56361	8315_d867	M184V	D4T	1.1
56361	8315_d867	M184V	DDI	1.4
56361	8315_d867	M184V	TDF	NA
56401	6367_d168	D67N, T69D, K70R, T215F, K219Q	X3TC	2
56401	6367_d168	D67N, T69D, K70R, T215F, K219Q	ABC	2.2
56401	6367_d168	D67N, T69D, K70R, T215F, K219Q	AZT	105
56401	6367_d168	D67N, T69D, K70R, T215F, K219Q	D4T	2.5
56401	6367_d168	D67N, T69D, K70R, T215F, K219Q	DDI	1.1
56401	6367_d168	D67N, T69D, K70R, T215F, K219Q	TDF	NA
56343	6351_d434	M41L, D67N, T69D, M184V, T215Y	X3TC	143
56343	6351_d434	M41L, D67N, T69D, M184V, T215Y	ABC	6.3
56343	6351_d434	M41L, D67N, T69D, M184V, T215Y	AZT	30
56343	6351_d434	M41L, D67N, T69D, M184V, T215Y	D4T	2.2
56343	6351_d434	M41L, D67N, T69D, M184V, T215Y	DDI	2.4
56343	6351_d434	M41L, D67N, T69D, M184V, T215Y	TDF	NA
56275	9255_d279	M41ML, D67DN, M184MV	X3TC	0.8
56275	9255_d279	M41ML, D67DN, M184MV	ABC	0.9
56275	9255_d279	M41ML, D67DN, M184MV	AZT	2.2
56275	9255_d279	M41ML, D67DN, M184MV	D4T	1.1
56275	9255_d279	M41ML, D67DN, M184MV	DDI	1.1
56275	9255_d279	M41ML, D67DN, M184MV	TDF	NA
56281	6376_d427	M41L, D67N, T69D, M184V, L210W, T215Y	X3TC	143
56281	6376_d427	M41L, D67N, T69D, M184V, L210W, T215Y	ABC	6.6
56281	6376_d427	M41L, D67N, T69D, M184V, L210W, T215Y	AZT	43
56281	6376_d427	M41L, D67N, T69D, M184V, L210W, T215Y	D4T	2.8
56281	6376_d427	M41L, D67N, T69D, M184V, L210W, T215Y	DDI	2.1
56281	6376_d427	M41L, D67N, T69D, M184V, L210W, T215Y	TDF	NA
56375	6360_d142	M41L, D67N, K70R, M184V, T215F, K219E	X3TC	200
56375	6360_d142	M41L, D67N, K70R, M184V, T215F, K219E	ABC	6.1
56375	6360_d142	M41L, D67N, K70R, M184V, T215F, K219E	AZT	130
56375	6360_d142	M41L, D67N, K70R, M184V, T215F, K219E	D4T	2.7
56375	6360_d142	M41L, D67N, K70R, M184V, T215F, K219E	DDI	2.2
56375	6360_d142	M41L, D67N, K70R, M184V, T215F, K219E	TDF	NA
56203	8265_d1	M184V	X3TC	144
56203	8265_d1	M184V	ABC	2.7
56203	8265_d1	M184V	AZT	0.4
56203	8265_d1	M184V	D4T	0.9
56203	8265_d1	M184V	DDI	1.4
56203	8265_d1	M184V	TDF	NA
56213	9085_d1	M41L, M184V, T215Y	X3TC	176
56213	9085_d1	M41L, M184V, T215Y	ABC	5.4
56213	9085_d1	M41L, M184V, T215Y	AZT	11
56213	9085_d1	M41L, M184V, T215Y	D4T	1.6
56213	9085_d1	M41L, M184V, T215Y	DDI	1.9
56213	9085_d1	M41L, M184V, T215Y	TDF	NA
56251	9126_d299	A62AV, M184V	X3TC	94
56251	9126_d299	A62AV, M184V	ABC	2
56251	9126_d299	A62AV, M184V	AZT	0.7
56251	9126_d299	A62AV, M184V	D4T	0.7
56251	9126_d299	A62AV, M184V	DDI	1.1
56251	9126_d299	A62AV, M184V	TDF	NA
56179	9113_d1	D67DN, M184V	X3TC	130
56179	9113_d1	D67DN, M184V	ABC	3.3
56179	9113_d1	D67DN, M184V	AZT	1.1
56179	9113_d1	D67DN, M184V	D4T	1.2
56179	9113_d1	D67DN, M184V	DDI	3
56179	9113_d1	D67DN, M184V	TDF	NA
56183	8985_d1	M41L, E44A, D67N, K70R, V75M, L210W, T215FY, K219HQ	X3TC	6.5
56183	8985_d1	M41L, E44A, D67N, K70R, V75M, L210W, T215FY, K219HQ	ABC	8.4
56183	8985_d1	M41L, E44A, D67N, K70R, V75M, L210W, T215FY, K219HQ	AZT	NA
56183	8985_d1	M41L, E44A, D67N, K70R, V75M, L210W, T215FY, K219HQ	D4T	6.7
56183	8985_d1	M41L, E44A, D67N, K70R, V75M, L210W, T215FY, K219HQ	DDI	2.9
56183	8985_d1	M41L, E44A, D67N, K70R, V75M, L210W, T215FY, K219HQ	TDF	NA
56313	6338_d225	M184V, T215Y	X3TC	154
56313	6338_d225	M184V, T215Y	ABC	5.2
56313	6338_d225	M184V, T215Y	AZT	28
56313	6338_d225	M184V, T215Y	D4T	2
56313	6338_d225	M184V, T215Y	DDI	1.7
56313	6338_d225	M184V, T215Y	TDF	NA
56393	8359_d1091	M184V	X3TC	128
56393	8359_d1091	M184V	ABC	1.7
56393	8359_d1091	M184V	AZT	0.5
56393	8359_d1091	M184V	D4T	0.6
56393	8359_d1091	M184V	DDI	1.5
56393	8359_d1091	M184V	TDF	NA
56339	6351_d140	M41L, D67N, T69D, M184V, T215Y	X3TC	152
56339	6351_d140	M41L, D67N, T69D, M184V, T215Y	ABC	5.7
56339	6351_d140	M41L, D67N, T69D, M184V, T215Y	AZT	13
56339	6351_d140	M41L, D67N, T69D, M184V, T215Y	D4T	2
56339	6351_d140	M41L, D67N, T69D, M184V, T215Y	DDI	1.6
56339	6351_d140	M41L, D67N, T69D, M184V, T215Y	TDF	NA
56317	6357_d140	M41L, D67N, T215Y	X3TC	3.6
56317	6357_d140	M41L, D67N, T215Y	ABC	1.8
56317	6357_d140	M41L, D67N, T215Y	AZT	18
56317	6357_d140	M41L, D67N, T215Y	D4T	1.8
56317	6357_d140	M41L, D67N, T215Y	DDI	1.3
56317	6357_d140	M41L, D67N, T215Y	TDF	NA
56193	9154_d1	D67DN, M184V	X3TC	176
56193	9154_d1	D67DN, M184V	ABC	3.1
56193	9154_d1	D67DN, M184V	AZT	0.6
56193	9154_d1	D67DN, M184V	D4T	0.8
56193	9154_d1	D67DN, M184V	DDI	1.8
56193	9154_d1	D67DN, M184V	TDF	NA
56285	6335_d629	M41L, K70T, V75I, M184V	X3TC	132
56285	6335_d629	M41L, K70T, V75I, M184V	ABC	2.4
56285	6335_d629	M41L, K70T, V75I, M184V	AZT	0.2
56285	6335_d629	M41L, K70T, V75I, M184V	D4T	0.8
56285	6335_d629	M41L, K70T, V75I, M184V	DDI	1.5
56285	6335_d629	M41L, K70T, V75I, M184V	TDF	NA
56407	6367_d427	D67N, T69D, K70R, T215F, K219Q	X3TC	2.9
56407	6367_d427	D67N, T69D, K70R, T215F, K219Q	ABC	2.8
56407	6367_d427	D67N, T69D, K70R, T215F, K219Q	AZT	90
56407	6367_d427	D67N, T69D, K70R, T215F, K219Q	D4T	2.5
56407	6367_d427	D67N, T69D, K70R, T215F, K219Q	DDI	1.2
56407	6367_d427	D67N, T69D, K70R, T215F, K219Q	TDF	NA
56387	6373_d493	A62V, D67N, S68N, K70G, V75I, F77L, Y115F, F116Y, Q151M, M184I, T215Y	X3TC	124
56387	6373_d493	A62V, D67N, S68N, K70G, V75I, F77L, Y115F, F116Y, Q151M, M184I, T215Y	ABC	23
56387	6373_d493	A62V, D67N, S68N, K70G, V75I, F77L, Y115F, F116Y, Q151M, M184I, T215Y	AZT	271
56387	6373_d493	A62V, D67N, S68N, K70G, V75I, F77L, Y115F, F116Y, Q151M, M184I, T215Y	D4T	13
56387	6373_d493	A62V, D67N, S68N, K70G, V75I, F77L, Y115F, F116Y, Q151M, M184I, T215Y	DDI	16
56387	6373_d493	A62V, D67N, S68N, K70G, V75I, F77L, Y115F, F116Y, Q151M, M184I, T215Y	TDF	NA
56335	8361_d259	K70KE, L210W, T215Y	X3TC	2
56335	8361_d259	K70KE, L210W, T215Y	ABC	2.2
56335	8361_d259	K70KE, L210W, T215Y	AZT	26
56335	8361_d259	K70KE, L210W, T215Y	D4T	1.8
56335	8361_d259	K70KE, L210W, T215Y	DDI	1.2
56335	8361_d259	K70KE, L210W, T215Y	TDF	NA
56217	9086_d356		X3TC	0.7
56217	9086_d356		ABC	0.7
56217	9086_d356		AZT	0.8
56217	9086_d356		D4T	0.8
56217	9086_d356		DDI	0.9
56217	9086_d356		TDF	NA
56261	8256_d1	M41ML, A62AV, F116FY, Q151M, M184V	X3TC	112
56261	8256_d1	M41ML, A62AV, F116FY, Q151M, M184V	ABC	7.9
56261	8256_d1	M41ML, A62AV, F116FY, Q151M, M184V	AZT	2.5
56261	8256_d1	M41ML, A62AV, F116FY, Q151M, M184V	D4T	3
56261	8256_d1	M41ML, A62AV, F116FY, Q151M, M184V	DDI	5.5
56261	8256_d1	M41ML, A62AV, F116FY, Q151M, M184V	TDF	NA
56207	8265_d776		X3TC	0.8
56207	8265_d776		ABC	0.8
56207	8265_d776		AZT	1
56207	8265_d776		D4T	0.9
56207	8265_d776		DDI	0.9
56207	8265_d776		TDF	NA
56231	9014_d315	M41L, M184V, T215F	X3TC	110
56231	9014_d315	M41L, M184V, T215F	ABC	3.9
56231	9014_d315	M41L, M184V, T215F	AZT	2.8
56231	9014_d315	M41L, M184V, T215F	D4T	1.2
56231	9014_d315	M41L, M184V, T215F	DDI	1.5
56231	9014_d315	M41L, M184V, T215F	TDF	NA
56357	8347_d922	M41ML, L210LW, T215Y	X3TC	2.4
56357	8347_d922	M41ML, L210LW, T215Y	ABC	2.5
56357	8347_d922	M41ML, L210LW, T215Y	AZT	88
56357	8347_d922	M41ML, L210LW, T215Y	D4T	2.4
56357	8347_d922	M41ML, L210LW, T215Y	DDI	1.3
56357	8347_d922	M41ML, L210LW, T215Y	TDF	NA
56245	9035_d334	K65R, S68G, V75A	X3TC	15
56245	9035_d334	K65R, S68G, V75A	ABC	5.5
56245	9035_d334	K65R, S68G, V75A	AZT	0.8
56245	9035_d334	K65R, S68G, V75A	D4T	3.3
56245	9035_d334	K65R, S68G, V75A	DDI	3.7
56245	9035_d334	K65R, S68G, V75A	TDF	NA
56259	9163_d358	M41L, L74V, M184V, T215Y	X3TC	111
56259	9163_d358	M41L, L74V, M184V, T215Y	ABC	4.8
56259	9163_d358	M41L, L74V, M184V, T215Y	AZT	0.5
56259	9163_d358	M41L, L74V, M184V, T215Y	D4T	1.2
56259	9163_d358	M41L, L74V, M184V, T215Y	DDI	2.2
56259	9163_d358	M41L, L74V, M184V, T215Y	TDF	NA
56161	9095_d1	M184V	X3TC	176
56161	9095_d1	M184V	ABC	2.9
56161	9095_d1	M184V	AZT	0.5
56161	9095_d1	M184V	D4T	0.7
56161	9095_d1	M184V	DDI	1.5
56161	9095_d1	M184V	TDF	NA
56379	8242_d660	D67N, K70R, K219KN	X3TC	2.1
56379	8242_d660	D67N, K70R, K219KN	ABC	1.8
56379	8242_d660	D67N, K70R, K219KN	AZT	30
56379	8242_d660	D67N, K70R, K219KN	D4T	1.9
56379	8242_d660	D67N, K70R, K219KN	DDI	1.1
56379	8242_d660	D67N, K70R, K219KN	TDF	NA
62907	01-100085		X3TC	0.8
62907	01-100085		ABC	0.9
62907	01-100085		AZT	1
62907	01-100085		D4T	0.9
62907	01-100085		DDI	1
62907	01-100085		TDF	NA
62915	01-100089		X3TC	0.7
62915	01-100089		ABC	0.7
62915	01-100089		AZT	0.5
62915	01-100089		D4T	0.8
62915	01-100089		DDI	0.9
62915	01-100089		TDF	NA
62925	3-022877		X3TC	0.7
62925	3-022877		ABC	0.7
62925	3-022877		AZT	0.6
62925	3-022877		D4T	0.8
62925	3-022877		DDI	0.8
62925	3-022877		TDF	NA
62911	01-100087		X3TC	0.9
62911	01-100087		ABC	0.7
62911	01-100087		AZT	0.4
62911	01-100087		D4T	0.9
62911	01-100087		DDI	1.1
62911	01-100087		TDF	NA
62921	3-018899		X3TC	1
62921	3-018899		ABC	0.8
62921	3-018899		AZT	0.7
62921	3-018899		D4T	0.7
62921	3-018899		DDI	1.1
62921	3-018899		TDF	NA
62931	3-022880		X3TC	0.9
62931	3-022880		ABC	1.1
62931	3-022880		AZT	0.8
62931	3-022880		D4T	1
62931	3-022880		DDI	0.9
62931	3-022880		TDF	NA
62917	01-100090		X3TC	1.1
62917	01-100090		ABC	1.1
62917	01-100090		AZT	0.7
62917	01-100090		D4T	0.9
62917	01-100090		DDI	1.3
62917	01-100090		TDF	NA
62905	01-100084		X3TC	0.8
62905	01-100084		ABC	0.6
62905	01-100084		AZT	0.3
62905	01-100084		D4T	0.8
62905	01-100084		DDI	1
62905	01-100084		TDF	NA
62935	3-022882		X3TC	1
62935	3-022882		ABC	1.2
62935	3-022882		AZT	1
62935	3-022882		D4T	1
62935	3-022882		DDI	1
62935	3-022882		TDF	NA
62927	3-022878		X3TC	0.7
62927	3-022878		ABC	0.6
62927	3-022878		AZT	0.4
62927	3-022878		D4T	0.6
62927	3-022878		DDI	0.6
62927	3-022878		TDF	NA
62909	01-100086		X3TC	1.1
62909	01-100086		ABC	0.9
62909	01-100086		AZT	1.1
62909	01-100086		D4T	1
62909	01-100086		DDI	1.2
62909	01-100086		TDF	NA
62923	3-018910		X3TC	0.7
62923	3-018910		ABC	0.6
62923	3-018910		AZT	1.1
62923	3-018910		D4T	1
62923	3-018910		DDI	0.9
62923	3-018910		TDF	NA
62903	01-100083		X3TC	1
62903	01-100083		ABC	0.9
62903	01-100083		AZT	0.6
62903	01-100083		D4T	0.9
62903	01-100083		DDI	1.1
62903	01-100083		TDF	NA
62933	3-022881		X3TC	1.1
62933	3-022881		ABC	0.8
62933	3-022881		AZT	0.6
62933	3-022881		D4T	1
62933	3-022881		DDI	1
62933	3-022881		TDF	NA
62929	3-022879		X3TC	0.9
62929	3-022879		ABC	0.6
62929	3-022879		AZT	0.8
62929	3-022879		D4T	0.8
62929	3-022879		DDI	0.8
62929	3-022879		TDF	NA
62937	3-022883	S68G	X3TC	1
62937	3-022883	S68G	ABC	0.7
62937	3-022883	S68G	AZT	0.7
62937	3-022883	S68G	D4T	0.8
62937	3-022883	S68G	DDI	0.9
62937	3-022883	S68G	TDF	NA
62919	01-100091		X3TC	0.9
62919	01-100091		ABC	0.9
62919	01-100091		AZT	0.6
62919	01-100091		D4T	1
62919	01-100091		DDI	1.2
62919	01-100091		TDF	NA
62913	01-100088		X3TC	0.9
62913	01-100088		ABC	0.8
62913	01-100088		AZT	0.5
62913	01-100088		D4T	0.7
62913	01-100088		DDI	0.8
62913	01-100088		TDF	NA
63698	LLR_01_w30	K65N, Y115F	X3TC	23
63698	LLR_01_w30	K65N, Y115F	ABC	7.4
63698	LLR_01_w30	K65N, Y115F	AZT	NA
63698	LLR_01_w30	K65N, Y115F	D4T	NA
63698	LLR_01_w30	K65N, Y115F	DDI	1.5
63698	LLR_01_w30	K65N, Y115F	TDF	2.6
63696	LLR_01_w12	K65N	X3TC	7.3
63696	LLR_01_w12	K65N	ABC	2.1
63696	LLR_01_w12	K65N	AZT	NA
63696	LLR_01_w12	K65N	D4T	NA
63696	LLR_01_w12	K65N	DDI	1.4
63696	LLR_01_w12	K65N	TDF	1.7
63860	CA63860	M41L, D67N, L74V, M184V, L210W, T215Y	X3TC	200
63860	CA63860	M41L, D67N, L74V, M184V, L210W, T215Y	ABC	12
63860	CA63860	M41L, D67N, L74V, M184V, L210W, T215Y	AZT	58
63860	CA63860	M41L, D67N, L74V, M184V, L210W, T215Y	D4T	3.2
63860	CA63860	M41L, D67N, L74V, M184V, L210W, T215Y	DDI	2.4
63860	CA63860	M41L, D67N, L74V, M184V, L210W, T215Y	TDF	1.6
41183	WAEN_A	M41L, E44D, D67N, S68SG, K70KR, M184V, L210W, T215Y, K219E	X3TC	200
41183	WAEN_A	M41L, E44D, D67N, S68SG, K70KR, M184V, L210W, T215Y, K219E	ABC	4.6
41183	WAEN_A	M41L, E44D, D67N, S68SG, K70KR, M184V, L210W, T215Y, K219E	AZT	3.6
41183	WAEN_A	M41L, E44D, D67N, S68SG, K70KR, M184V, L210W, T215Y, K219E	D4T	1.7
41183	WAEN_A	M41L, E44D, D67N, S68SG, K70KR, M184V, L210W, T215Y, K219E	DDI	1.7
41183	WAEN_A	M41L, E44D, D67N, S68SG, K70KR, M184V, L210W, T215Y, K219E	TDF	1
63842	CA63842		X3TC	1.4
63842	CA63842		ABC	0.8
63842	CA63842		AZT	1.3
63842	CA63842		D4T	0.8
63842	CA63842		DDI	0.9
63842	CA63842		TDF	1
50044	WCS_pat97	M184V	X3TC	200
50044	WCS_pat97	M184V	ABC	2
50044	WCS_pat97	M184V	AZT	0.4
50044	WCS_pat97	M184V	D4T	0.7
50044	WCS_pat97	M184V	DDI	1.3
50044	WCS_pat97	M184V	TDF	0.5
55465	VS_7a	D67G, S68G, L74V, Y115F, M184V, T215F, K219E	X3TC	200
55465	VS_7a	D67G, S68G, L74V, Y115F, M184V, T215F, K219E	ABC	21
55465	VS_7a	D67G, S68G, L74V, Y115F, M184V, T215F, K219E	AZT	2.4
55465	VS_7a	D67G, S68G, L74V, Y115F, M184V, T215F, K219E	D4T	0.8
55465	VS_7a	D67G, S68G, L74V, Y115F, M184V, T215F, K219E	DDI	1.9
55465	VS_7a	D67G, S68G, L74V, Y115F, M184V, T215F, K219E	TDF	0.6
20217	CA20217	M41L, T215E	X3TC	1.5
20217	CA20217	M41L, T215E	ABC	0.7
20217	CA20217	M41L, T215E	AZT	0.8
20217	CA20217	M41L, T215E	D4T	0.8
20217	CA20217	M41L, T215E	DDI	0.8
20217	CA20217	M41L, T215E	TDF	NA
63788	NY058		X3TC	0.9
63788	NY058		ABC	0.8
63788	NY058		AZT	0.7
63788	NY058		D4T	0.8
63788	NY058		DDI	1
63788	NY058		TDF	0.7
21689	RDL-12	M41L, T215F	X3TC	2.6
21689	RDL-12	M41L, T215F	ABC	3.2
21689	RDL-12	M41L, T215F	AZT	50
21689	RDL-12	M41L, T215F	D4T	1.8
21689	RDL-12	M41L, T215F	DDI	1.1
21689	RDL-12	M41L, T215F	TDF	NA
55479	VS_13	M41L, E44D, D67N, M184V, L210W, T215Y	X3TC	13
55479	VS_13	M41L, E44D, D67N, M184V, L210W, T215Y	ABC	5.9
55479	VS_13	M41L, E44D, D67N, M184V, L210W, T215Y	AZT	NA
55479	VS_13	M41L, E44D, D67N, M184V, L210W, T215Y	D4T	3.2
55479	VS_13	M41L, E44D, D67N, M184V, L210W, T215Y	DDI	1.8
55479	VS_13	M41L, E44D, D67N, M184V, L210W, T215Y	TDF	4.3
50052	WCS_pat728	M184V	X3TC	200
50052	WCS_pat728	M184V	ABC	3.9
50052	WCS_pat728	M184V	AZT	0.4
50052	WCS_pat728	M184V	D4T	0.7
50052	WCS_pat728	M184V	DDI	1.7
50052	WCS_pat728	M184V	TDF	0.7
43048	SR148161	M41L	X3TC	0.8
43048	SR148161	M41L	ABC	0.8
43048	SR148161	M41L	AZT	1.2
43048	SR148161	M41L	D4T	0.9
43048	SR148161	M41L	DDI	0.8
43048	SR148161	M41L	TDF	1
42015	KSC-1	D67N, K70R, M184V, K219Q	X3TC	200
42015	KSC-1	D67N, K70R, M184V, K219Q	ABC	4.5
42015	KSC-1	D67N, K70R, M184V, K219Q	AZT	13
42015	KSC-1	D67N, K70R, M184V, K219Q	D4T	1.6
42015	KSC-1	D67N, K70R, M184V, K219Q	DDI	1.5
42015	KSC-1	D67N, K70R, M184V, K219Q	TDF	1.6
43034	SR219005	T215C	X3TC	1.5
43034	SR219005	T215C	ABC	1.2
43034	SR219005	T215C	AZT	1.2
43034	SR219005	T215C	D4T	1.1
43034	SR219005	T215C	DDI	1.1
43034	SR219005	T215C	TDF	1
58144	CA58144		X3TC	0.9
58144	CA58144		ABC	0.9
58144	CA58144		AZT	0.8
58144	CA58144		D4T	0.9
58144	CA58144		DDI	0.9
58144	CA58144		TDF	0.8
37764	CA37764	D67N, K70R, T215F, K219Q	X3TC	8.4
37764	CA37764	D67N, K70R, T215F, K219Q	ABC	3.8
37764	CA37764	D67N, K70R, T215F, K219Q	AZT	549
37764	CA37764	D67N, K70R, T215F, K219Q	D4T	2.3
37764	CA37764	D67N, K70R, T215F, K219Q	DDI	1.6
37764	CA37764	D67N, K70R, T215F, K219Q	TDF	3.5
27647	SRW6-27647	M184V, T215Y	X3TC	200
27647	SRW6-27647	M184V, T215Y	ABC	5.7
27647	SRW6-27647	M184V, T215Y	AZT	2.7
27647	SRW6-27647	M184V, T215Y	D4T	1.5
27647	SRW6-27647	M184V, T215Y	DDI	1.8
27647	SRW6-27647	M184V, T215Y	TDF	NA
20189	CA20189	D67G, S68G, K70R, M184V, T215F, K219Q	X3TC	200
20189	CA20189	D67G, S68G, K70R, M184V, T215F, K219Q	ABC	6.5
20189	CA20189	D67G, S68G, K70R, M184V, T215F, K219Q	AZT	65
20189	CA20189	D67G, S68G, K70R, M184V, T215F, K219Q	D4T	1.7
20189	CA20189	D67G, S68G, K70R, M184V, T215F, K219Q	DDI	2
20189	CA20189	D67G, S68G, K70R, M184V, T215F, K219Q	TDF	1.7
63746	NY0511	K70R, M184V	X3TC	200
63746	NY0511	K70R, M184V	ABC	2.8
63746	NY0511	K70R, M184V	AZT	0.5
63746	NY0511	K70R, M184V	D4T	0.7
63746	NY0511	K70R, M184V	DDI	1.1
63746	NY0511	K70R, M184V	TDF	0.5
63734	CA060008	M41L, E44D, D67N, T69D, M184V, L210W, T215Y	X3TC	200
63734	CA060008	M41L, E44D, D67N, T69D, M184V, L210W, T215Y	ABC	8.1
63734	CA060008	M41L, E44D, D67N, T69D, M184V, L210W, T215Y	AZT	124
63734	CA060008	M41L, E44D, D67N, T69D, M184V, L210W, T215Y	D4T	2.5
63734	CA060008	M41L, E44D, D67N, T69D, M184V, L210W, T215Y	DDI	2.2
63734	CA060008	M41L, E44D, D67N, T69D, M184V, L210W, T215Y	TDF	2.1
33147	SHNY-1-RT		X3TC	1
33147	SHNY-1-RT		ABC	1
33147	SHNY-1-RT		AZT	1
33147	SHNY-1-RT		D4T	0.9
33147	SHNY-1-RT		DDI	1.1
33147	SHNY-1-RT		TDF	NA
59237	CA59237	M41L, E44D, D67N, M184V, L210W, T215Y, K219DN	X3TC	200
59237	CA59237	M41L, E44D, D67N, M184V, L210W, T215Y, K219DN	ABC	8
59237	CA59237	M41L, E44D, D67N, M184V, L210W, T215Y, K219DN	AZT	17
59237	CA59237	M41L, E44D, D67N, M184V, L210W, T215Y, K219DN	D4T	2.2
59237	CA59237	M41L, E44D, D67N, M184V, L210W, T215Y, K219DN	DDI	2
59237	CA59237	M41L, E44D, D67N, M184V, L210W, T215Y, K219DN	TDF	1.6
57652	CA57652	M41L, E44D, D67G, T69D, V75M, F77L, M184V, L210W	X3TC	200
57652	CA57652	M41L, E44D, D67G, T69D, V75M, F77L, M184V, L210W	ABC	2.8
57652	CA57652	M41L, E44D, D67G, T69D, V75M, F77L, M184V, L210W	AZT	0.5
57652	CA57652	M41L, E44D, D67G, T69D, V75M, F77L, M184V, L210W	D4T	1
57652	CA57652	M41L, E44D, D67G, T69D, V75M, F77L, M184V, L210W	DDI	1.5
57652	CA57652	M41L, E44D, D67G, T69D, V75M, F77L, M184V, L210W	TDF	0.6
63724	CA060003	M41L, E44D, D67N, M184V, L210W, T215Y	X3TC	200
63724	CA060003	M41L, E44D, D67N, M184V, L210W, T215Y	ABC	6.1
63724	CA060003	M41L, E44D, D67N, M184V, L210W, T215Y	AZT	35
63724	CA060003	M41L, E44D, D67N, M184V, L210W, T215Y	D4T	2.4
63724	CA060003	M41L, E44D, D67N, M184V, L210W, T215Y	DDI	1.6
63724	CA060003	M41L, E44D, D67N, M184V, L210W, T215Y	TDF	1.3
43020	SR175406		X3TC	0.8
43020	SR175406		ABC	0.7
43020	SR175406		AZT	0.8
43020	SR175406		D4T	0.7
43020	SR175406		DDI	0.9
43020	SR175406		TDF	0.7
63768	NY0523	D67N, K70R, M184V, K219Q	X3TC	200
63768	NY0523	D67N, K70R, M184V, K219Q	ABC	2.6
63768	NY0523	D67N, K70R, M184V, K219Q	AZT	1.1
63768	NY0523	D67N, K70R, M184V, K219Q	D4T	0.9
63768	NY0523	D67N, K70R, M184V, K219Q	DDI	1.1
63768	NY0523	D67N, K70R, M184V, K219Q	TDF	0.8
55388	CA55388	T215CS	X3TC	0.9
55388	CA55388	T215CS	ABC	1.1
55388	CA55388	T215CS	AZT	0.9
55388	CA55388	T215CS	D4T	1.3
55388	CA55388	T215CS	DDI	0.9
55388	CA55388	T215CS	TDF	0.7
43086	SR140797		X3TC	1.1
43086	SR140797		ABC	1.2
43086	SR140797		AZT	0.7
43086	SR140797		D4T	1
43086	SR140797		DDI	0.9
43086	SR140797		TDF	0.8
43080	SR193588		X3TC	0.9
43080	SR193588		ABC	0.7
43080	SR193588		AZT	0.9
43080	SR193588		D4T	0.8
43080	SR193588		DDI	1
43080	SR193588		TDF	0.8
57630	CA57630	M41L, D67N, K70R, T215F, K219Q	X3TC	4
57630	CA57630	M41L, D67N, K70R, T215F, K219Q	ABC	3.6
57630	CA57630	M41L, D67N, K70R, T215F, K219Q	AZT	490
57630	CA57630	M41L, D67N, K70R, T215F, K219Q	D4T	2.6
57630	CA57630	M41L, D67N, K70R, T215F, K219Q	DDI	2
57630	CA57630	M41L, D67N, K70R, T215F, K219Q	TDF	5.5
63792	CA63792		X3TC	1.3
63792	CA63792		ABC	1.2
63792	CA63792		AZT	1.3
63792	CA63792		D4T	1.3
63792	CA63792		DDI	1.2
63792	CA63792		TDF	0.9
61376	CA59609	M41L, E44D, D67N, L210W, T215Y, K219R	X3TC	7.5
61376	CA59609	M41L, E44D, D67N, L210W, T215Y, K219R	ABC	6.3
61376	CA59609	M41L, E44D, D67N, L210W, T215Y, K219R	AZT	500
61376	CA59609	M41L, E44D, D67N, L210W, T215Y, K219R	D4T	5.3
61376	CA59609	M41L, E44D, D67N, L210W, T215Y, K219R	DDI	2
61376	CA59609	M41L, E44D, D67N, L210W, T215Y, K219R	TDF	5.3
19917	CA19917	M41L, D67N, K70R, T215F, K219Q	X3TC	7.6
19917	CA19917	M41L, D67N, K70R, T215F, K219Q	ABC	3.2
19917	CA19917	M41L, D67N, K70R, T215F, K219Q	AZT	83
19917	CA19917	M41L, D67N, K70R, T215F, K219Q	D4T	2.6
19917	CA19917	M41L, D67N, K70R, T215F, K219Q	DDI	1.6
19917	CA19917	M41L, D67N, K70R, T215F, K219Q	TDF	2.8
43062	SR143535		X3TC	0.8
43062	SR143535		ABC	1.2
43062	SR143535		AZT	1.3
43062	SR143535		D4T	0.9
43062	SR143535		DDI	1
43062	SR143535		TDF	1.1
55469	VS_8	D67N, T69D, K70R, T215F, K219Q	X3TC	6
55469	VS_8	D67N, T69D, K70R, T215F, K219Q	ABC	3.4
55469	VS_8	D67N, T69D, K70R, T215F, K219Q	AZT	281
55469	VS_8	D67N, T69D, K70R, T215F, K219Q	D4T	1.8
55469	VS_8	D67N, T69D, K70R, T215F, K219Q	DDI	1.4
55469	VS_8	D67N, T69D, K70R, T215F, K219Q	TDF	3.2
37953	CA37953	M184I	X3TC	200
37953	CA37953	M184I	ABC	1.6
37953	CA37953	M184I	AZT	0.3
37953	CA37953	M184I	D4T	0.9
37953	CA37953	M184I	DDI	1
37953	CA37953	M184I	TDF	0.5
43078	SR197701	M184I	X3TC	200
43078	SR197701	M184I	ABC	1.1
43078	SR197701	M184I	AZT	0.1
43078	SR197701	M184I	D4T	0.6
43078	SR197701	M184I	DDI	1.1
43078	SR197701	M184I	TDF	0.4
42974	CA42974	M41L, D67N, M184V, L210W, T215Y	X3TC	200
42974	CA42974	M41L, D67N, M184V, L210W, T215Y	ABC	5.7
42974	CA42974	M41L, D67N, M184V, L210W, T215Y	AZT	47
42974	CA42974	M41L, D67N, M184V, L210W, T215Y	D4T	2.8
42974	CA42974	M41L, D67N, M184V, L210W, T215Y	DDI	1.9
42974	CA42974	M41L, D67N, M184V, L210W, T215Y	TDF	2.1
63850	CA63850	M41L, L74V, M184V, T215FY	X3TC	200
63850	CA63850	M41L, L74V, M184V, T215FY	ABC	5.3
63850	CA63850	M41L, L74V, M184V, T215FY	AZT	0.8
63850	CA63850	M41L, L74V, M184V, T215FY	D4T	1.1
63850	CA63850	M41L, L74V, M184V, T215FY	DDI	1.8
63850	CA63850	M41L, L74V, M184V, T215FY	TDF	0.5
63832	CA63832	M41L, D67N, T69D, V75M, M184V, L210W, T215F, K219W	X3TC	200
63832	CA63832	M41L, D67N, T69D, V75M, M184V, L210W, T215F, K219W	ABC	25
63832	CA63832	M41L, D67N, T69D, V75M, M184V, L210W, T215F, K219W	AZT	500
63832	CA63832	M41L, D67N, T69D, V75M, M184V, L210W, T215F, K219W	D4T	23
63832	CA63832	M41L, D67N, T69D, V75M, M184V, L210W, T215F, K219W	DDI	8.6
63832	CA63832	M41L, D67N, T69D, V75M, M184V, L210W, T215F, K219W	TDF	14
42572	GA-1	D67G, K70R, V75T, L210LW, K219Q	X3TC	9.6
42572	GA-1	D67G, K70R, V75T, L210LW, K219Q	ABC	5.6
42572	GA-1	D67G, K70R, V75T, L210LW, K219Q	AZT	24
42572	GA-1	D67G, K70R, V75T, L210LW, K219Q	D4T	6.7
42572	GA-1	D67G, K70R, V75T, L210LW, K219Q	DDI	2.8
42572	GA-1	D67G, K70R, V75T, L210LW, K219Q	TDF	2.5
63770	NY0524		X3TC	0.8
63770	NY0524		ABC	0.7
63770	NY0524		AZT	0.9
63770	NY0524		D4T	0.9
63770	NY0524		DDI	1.1
63770	NY0524		TDF	0.9
63796	CA63796	M41L, D67N, L74I, V75T, M184MV, L210W, T215Y	X3TC	200
63796	CA63796	M41L, D67N, L74I, V75T, M184MV, L210W, T215Y	ABC	11
63796	CA63796	M41L, D67N, L74I, V75T, M184MV, L210W, T215Y	AZT	9.9
63796	CA63796	M41L, D67N, L74I, V75T, M184MV, L210W, T215Y	D4T	3.5
63796	CA63796	M41L, D67N, L74I, V75T, M184MV, L210W, T215Y	DDI	4
63796	CA63796	M41L, D67N, L74I, V75T, M184MV, L210W, T215Y	TDF	1.4
55481	VS_14	M41L, E44D, D67N, M184V, L210W, T215Y	X3TC	200
55481	VS_14	M41L, E44D, D67N, M184V, L210W, T215Y	ABC	5.2
55481	VS_14	M41L, E44D, D67N, M184V, L210W, T215Y	AZT	9.6
55481	VS_14	M41L, E44D, D67N, M184V, L210W, T215Y	D4T	2.6
55481	VS_14	M41L, E44D, D67N, M184V, L210W, T215Y	DDI	2.1
55481	VS_14	M41L, E44D, D67N, M184V, L210W, T215Y	TDF	1.1
59333	CA59333		X3TC	0.8
59333	CA59333		ABC	0.8
59333	CA59333		AZT	2.2
59333	CA59333		D4T	0.6
59333	CA59333		DDI	0.9
59333	CA59333		TDF	0.9
63752	NY0514	L74V, Y115F, M184V	X3TC	200
63752	NY0514	L74V, Y115F, M184V	ABC	20
63752	NY0514	L74V, Y115F, M184V	AZT	0.6
63752	NY0514	L74V, Y115F, M184V	D4T	1.2
63752	NY0514	L74V, Y115F, M184V	DDI	2.9
63752	NY0514	L74V, Y115F, M184V	TDF	0.7
55475	VS_11	D67N, K70R, M184V, K219E	X3TC	200
55475	VS_11	D67N, K70R, M184V, K219E	ABC	6.7
55475	VS_11	D67N, K70R, M184V, K219E	AZT	9.7
55475	VS_11	D67N, K70R, M184V, K219E	D4T	1.9
55475	VS_11	D67N, K70R, M184V, K219E	DDI	1.7
55475	VS_11	D67N, K70R, M184V, K219E	TDF	1.4
42029	KSC-8	M41L, D67N, T69D, K70R, T215F, K219Q	X3TC	5.4
42029	KSC-8	M41L, D67N, T69D, K70R, T215F, K219Q	ABC	4.2
42029	KSC-8	M41L, D67N, T69D, K70R, T215F, K219Q	AZT	NA
42029	KSC-8	M41L, D67N, T69D, K70R, T215F, K219Q	D4T	3.1
42029	KSC-8	M41L, D67N, T69D, K70R, T215F, K219Q	DDI	1.6
42029	KSC-8	M41L, D67N, T69D, K70R, T215F, K219Q	TDF	5.4
41191	WAEN_E	D67N, K70R, L74V, M184V, K219Q	X3TC	200
41191	WAEN_E	D67N, K70R, L74V, M184V, K219Q	ABC	7
41191	WAEN_E	D67N, K70R, L74V, M184V, K219Q	AZT	1.2
41191	WAEN_E	D67N, K70R, L74V, M184V, K219Q	D4T	1.5
41191	WAEN_E	D67N, K70R, L74V, M184V, K219Q	DDI	2.1
41191	WAEN_E	D67N, K70R, L74V, M184V, K219Q	TDF	0.6
55463	VS_6b	M41L, M184V, L210W, T215Y	X3TC	200
55463	VS_6b	M41L, M184V, L210W, T215Y	ABC	4.5
55463	VS_6b	M41L, M184V, L210W, T215Y	AZT	11
55463	VS_6b	M41L, M184V, L210W, T215Y	D4T	1.7
55463	VS_6b	M41L, M184V, L210W, T215Y	DDI	1.6
55463	VS_6b	M41L, M184V, L210W, T215Y	TDF	0.9
63784	NY056		X3TC	0.7
63784	NY056		ABC	0.7
63784	NY056		AZT	0.9
63784	NY056		D4T	0.9
63784	NY056		DDI	0.7
63784	NY056		TDF	0.9
63846	CA63846	M41L, E44D, D67N, M184V, L210W, T215Y, K219N	X3TC	200
63846	CA63846	M41L, E44D, D67N, M184V, L210W, T215Y, K219N	ABC	11
63846	CA63846	M41L, E44D, D67N, M184V, L210W, T215Y, K219N	AZT	140
63846	CA63846	M41L, E44D, D67N, M184V, L210W, T215Y, K219N	D4T	4.2
63846	CA63846	M41L, E44D, D67N, M184V, L210W, T215Y, K219N	DDI	2.4
63846	CA63846	M41L, E44D, D67N, M184V, L210W, T215Y, K219N	TDF	2.2
63716	NY054		X3TC	0.9
63716	NY054		ABC	1.2
63716	NY054		AZT	1.3
63716	NY054		D4T	1
63716	NY054		DDI	1.2
63716	NY054		TDF	1
63720	CA060001	K70R, M184V, K219Q	X3TC	200
63720	CA060001	K70R, M184V, K219Q	ABC	2.9
63720	CA060001	K70R, M184V, K219Q	AZT	2.7
63720	CA060001	K70R, M184V, K219Q	D4T	1
63720	CA060001	K70R, M184V, K219Q	DDI	1.3
63720	CA060001	K70R, M184V, K219Q	TDF	0.7
21691	RDL-13	M184V	X3TC	200
21691	RDL-13	M184V	ABC	3.7
21691	RDL-13	M184V	AZT	0.5
21691	RDL-13	M184V	D4T	0.8
21691	RDL-13	M184V	DDI	1.7
21691	RDL-13	M184V	TDF	NA
63760	NY0519		X3TC	0.8
63760	NY0519		ABC	0.8
63760	NY0519		AZT	1.2
63760	NY0519		D4T	0.8
63760	NY0519		DDI	0.9
63760	NY0519		TDF	0.9
63774	NY0526		X3TC	0.6
63774	NY0526		ABC	0.8
63774	NY0526		AZT	0.3
63774	NY0526		D4T	1
63774	NY0526		DDI	1
63774	NY0526		TDF	0.7
42574	GA-2	D67NH, K70R, M184V, T215F, K219Q	X3TC	200
42574	GA-2	D67NH, K70R, M184V, T215F, K219Q	ABC	7.2
42574	GA-2	D67NH, K70R, M184V, T215F, K219Q	AZT	118
42574	GA-2	D67NH, K70R, M184V, T215F, K219Q	D4T	2.6
42574	GA-2	D67NH, K70R, M184V, T215F, K219Q	DDI	1.6
42574	GA-2	D67NH, K70R, M184V, T215F, K219Q	TDF	2.6
43088	SR140798	M184V	X3TC	200
43088	SR140798	M184V	ABC	3.4
43088	SR140798	M184V	AZT	0.5
43088	SR140798	M184V	D4T	0.8
43088	SR140798	M184V	DDI	1.3
43088	SR140798	M184V	TDF	0.6
42037	KSC-12	A62V, K65R, M184V	X3TC	1
42037	KSC-12	A62V, K65R, M184V	ABC	6.8
42037	KSC-12	A62V, K65R, M184V	AZT	1.2
42037	KSC-12	A62V, K65R, M184V	D4T	1.1
42037	KSC-12	A62V, K65R, M184V	DDI	2.5
42037	KSC-12	A62V, K65R, M184V	TDF	2.2
63828	CA63828	M41L, E44D, D67N, K70R, V75M, L210W, T215Y, K219Q	X3TC	7.8
63828	CA63828	M41L, E44D, D67N, K70R, V75M, L210W, T215Y, K219Q	ABC	5
63828	CA63828	M41L, E44D, D67N, K70R, V75M, L210W, T215Y, K219Q	AZT	NA
63828	CA63828	M41L, E44D, D67N, K70R, V75M, L210W, T215Y, K219Q	D4T	8.7
63828	CA63828	M41L, E44D, D67N, K70R, V75M, L210W, T215Y, K219Q	DDI	3.1
63828	CA63828	M41L, E44D, D67N, K70R, V75M, L210W, T215Y, K219Q	TDF	4.7
43070	SR191116		X3TC	0.9
43070	SR191116		ABC	0.9
43070	SR191116		AZT	0.8
43070	SR191116		D4T	0.7
43070	SR191116		DDI	0.9
43070	SR191116		TDF	0.9
43068	SR196077	M184V	X3TC	200
43068	SR196077	M184V	ABC	2.9
43068	SR196077	M184V	AZT	0.4
43068	SR196077	M184V	D4T	0.7
43068	SR196077	M184V	DDI	1.7
43068	SR196077	M184V	TDF	0.5
63800	CA63800	D67N, T69ND, K70RG, L74V, M184V, K219QE	X3TC	200
63800	CA63800	D67N, T69ND, K70RG, L74V, M184V, K219QE	ABC	3.9
63800	CA63800	D67N, T69ND, K70RG, L74V, M184V, K219QE	AZT	1
63800	CA63800	D67N, T69ND, K70RG, L74V, M184V, K219QE	D4T	1.3
63800	CA63800	D67N, T69ND, K70RG, L74V, M184V, K219QE	DDI	1.6
63800	CA63800	D67N, T69ND, K70RG, L74V, M184V, K219QE	TDF	0.2
63856	CA63856	M41L, E44D, D67N, L74V, M184MV, L210W, T215Y, K219R	X3TC	33
63856	CA63856	M41L, E44D, D67N, L74V, M184MV, L210W, T215Y, K219R	ABC	7.1
63856	CA63856	M41L, E44D, D67N, L74V, M184MV, L210W, T215Y, K219R	AZT	342
63856	CA63856	M41L, E44D, D67N, L74V, M184MV, L210W, T215Y, K219R	D4T	5.8
63856	CA63856	M41L, E44D, D67N, L74V, M184MV, L210W, T215Y, K219R	DDI	2
63856	CA63856	M41L, E44D, D67N, L74V, M184MV, L210W, T215Y, K219R	TDF	2.1
63840	CA63840		X3TC	0.9
63840	CA63840		ABC	0.8
63840	CA63840		AZT	0.9
63840	CA63840		D4T	1.1
63840	CA63840		DDI	1
63840	CA63840		TDF	0.8
34267	CA34267	K70R	X3TC	0.7
34267	CA34267	K70R	ABC	0.7
34267	CA34267	K70R	AZT	6.6
34267	CA34267	K70R	D4T	0.8
34267	CA34267	K70R	DDI	0.8
34267	CA34267	K70R	TDF	1.1
50907	CA50907	D67N, K70R, M184V, T215Y, K219E	X3TC	200
50907	CA50907	D67N, K70R, M184V, T215Y, K219E	ABC	6
50907	CA50907	D67N, K70R, M184V, T215Y, K219E	AZT	16
50907	CA50907	D67N, K70R, M184V, T215Y, K219E	D4T	1.4
50907	CA50907	D67N, K70R, M184V, T215Y, K219E	DDI	1.2
50907	CA50907	D67N, K70R, M184V, T215Y, K219E	TDF	1.2
42031	KSC-9	M41L, V75M, M184V, L210W, T215Y	X3TC	1
42031	KSC-9	M41L, V75M, M184V, L210W, T215Y	ABC	14
42031	KSC-9	M41L, V75M, M184V, L210W, T215Y	AZT	800
42031	KSC-9	M41L, V75M, M184V, L210W, T215Y	D4T	10
42031	KSC-9	M41L, V75M, M184V, L210W, T215Y	DDI	3.2
42031	KSC-9	M41L, V75M, M184V, L210W, T215Y	TDF	4.5
55473	VS_10	M41L, T215Y	X3TC	1.8
55473	VS_10	M41L, T215Y	ABC	1.4
55473	VS_10	M41L, T215Y	AZT	3
55473	VS_10	M41L, T215Y	D4T	1.4
55473	VS_10	M41L, T215Y	DDI	0.9
55473	VS_10	M41L, T215Y	TDF	0.8
21667	RDL-1	M41L, M184V, T215F	X3TC	200
21667	RDL-1	M41L, M184V, T215F	ABC	5.4
21667	RDL-1	M41L, M184V, T215F	AZT	4.6
21667	RDL-1	M41L, M184V, T215F	D4T	1.5
21667	RDL-1	M41L, M184V, T215F	DDI	1.5
21667	RDL-1	M41L, M184V, T215F	TDF	NA
63726	CA060004	D67G, K70E, M184V, K219R	X3TC	200
63726	CA060004	D67G, K70E, M184V, K219R	ABC	3
63726	CA060004	D67G, K70E, M184V, K219R	AZT	0.3
63726	CA060004	D67G, K70E, M184V, K219R	D4T	0.8
63726	CA060004	D67G, K70E, M184V, K219R	DDI	1.5
63726	CA060004	D67G, K70E, M184V, K219R	TDF	0.6
63730	CA060006	D67N, K70R, M184V, K219Q	X3TC	200
63730	CA060006	D67N, K70R, M184V, K219Q	ABC	3.7
63730	CA060006	D67N, K70R, M184V, K219Q	AZT	5.7
63730	CA060006	D67N, K70R, M184V, K219Q	D4T	1.6
63730	CA060006	D67N, K70R, M184V, K219Q	DDI	1.4
63730	CA060006	D67N, K70R, M184V, K219Q	TDF	1.2
55453	VS_4a	D67N, K70R, K219Q	X3TC	1.7
55453	VS_4a	D67N, K70R, K219Q	ABC	1
55453	VS_4a	D67N, K70R, K219Q	AZT	12
55453	VS_4a	D67N, K70R, K219Q	D4T	1.1
55453	VS_4a	D67N, K70R, K219Q	DDI	0.9
55453	VS_4a	D67N, K70R, K219Q	TDF	1.5
63780	NY0529	D67N, K70R, T215F, K219E	X3TC	3.7
63780	NY0529	D67N, K70R, T215F, K219E	ABC	2
63780	NY0529	D67N, K70R, T215F, K219E	AZT	14
63780	NY0529	D67N, K70R, T215F, K219E	D4T	2.1
63780	NY0529	D67N, K70R, T215F, K219E	DDI	1.6
63780	NY0529	D67N, K70R, T215F, K219E	TDF	1.5
63834	CA63834		X3TC	0.8
63834	CA63834		ABC	0.8
63834	CA63834		AZT	0.6
63834	CA63834		D4T	0.8
63834	CA63834		DDI	0.4
63834	CA63834		TDF	0.6
42045	KSC-16	M41L, S68G, L74V, M184V, L210W, T215Y	X3TC	1
42045	KSC-16	M41L, S68G, L74V, M184V, L210W, T215Y	ABC	10
42045	KSC-16	M41L, S68G, L74V, M184V, L210W, T215Y	AZT	7.1
42045	KSC-16	M41L, S68G, L74V, M184V, L210W, T215Y	D4T	2.4
42045	KSC-16	M41L, S68G, L74V, M184V, L210W, T215Y	DDI	2.5
42045	KSC-16	M41L, S68G, L74V, M184V, L210W, T215Y	TDF	0.9
24531	CA24531	A62V, V75T, M184V	X3TC	200
24531	CA24531	A62V, V75T, M184V	ABC	3.5
24531	CA24531	A62V, V75T, M184V	AZT	0.3
24531	CA24531	A62V, V75T, M184V	D4T	0.8
24531	CA24531	A62V, V75T, M184V	DDI	1.4
24531	CA24531	A62V, V75T, M184V	TDF	0.4
60774	CA60774	K65R	X3TC	8.6
60774	CA60774	K65R	ABC	3.1
60774	CA60774	K65R	AZT	0.7
60774	CA60774	K65R	D4T	1.3
60774	CA60774	K65R	DDI	2.1
60774	CA60774	K65R	TDF	2.5
63804	CA63804		X3TC	0.8
63804	CA63804		ABC	0.8
63804	CA63804		AZT	0.6
63804	CA63804		D4T	0.8
63804	CA63804		DDI	0.8
63804	CA63804		TDF	0.8
42017	KSC-2	D67N, T69ND, K70R, K219Q	X3TC	2.7
42017	KSC-2	D67N, T69ND, K70R, K219Q	ABC	1.5
42017	KSC-2	D67N, T69ND, K70R, K219Q	AZT	31
42017	KSC-2	D67N, T69ND, K70R, K219Q	D4T	1.3
42017	KSC-2	D67N, T69ND, K70R, K219Q	DDI	1.1
42017	KSC-2	D67N, T69ND, K70R, K219Q	TDF	2.1
63722	CA060002	M41L, E44D, D67N, L74V, M184V, L210W, T215Y, K219N	X3TC	200
63722	CA060002	M41L, E44D, D67N, L74V, M184V, L210W, T215Y, K219N	ABC	10
63722	CA060002	M41L, E44D, D67N, L74V, M184V, L210W, T215Y, K219N	AZT	37
63722	CA060002	M41L, E44D, D67N, L74V, M184V, L210W, T215Y, K219N	D4T	3.5
63722	CA060002	M41L, E44D, D67N, L74V, M184V, L210W, T215Y, K219N	DDI	2.3
63722	CA060002	M41L, E44D, D67N, L74V, M184V, L210W, T215Y, K219N	TDF	1.2
63864	CA63864	M41L, M184V, T215Y	X3TC	200
63864	CA63864	M41L, M184V, T215Y	ABC	5
63864	CA63864	M41L, M184V, T215Y	AZT	6
63864	CA63864	M41L, M184V, T215Y	D4T	0.9
63864	CA63864	M41L, M184V, T215Y	DDI	1.2
63864	CA63864	M41L, M184V, T215Y	TDF	1
43030	SR174394		X3TC	0.9
43030	SR174394		ABC	0.7
43030	SR174394		AZT	0.4
43030	SR174394		D4T	0.8
43030	SR174394		DDI	1
43030	SR174394		TDF	0.6
23545	CA23545	D67N, K70R, L74V, M184V, K219Q	X3TC	200
23545	CA23545	D67N, K70R, L74V, M184V, K219Q	ABC	7.4
23545	CA23545	D67N, K70R, L74V, M184V, K219Q	AZT	1.6
23545	CA23545	D67N, K70R, L74V, M184V, K219Q	D4T	1.3
23545	CA23545	D67N, K70R, L74V, M184V, K219Q	DDI	2.4
23545	CA23545	D67N, K70R, L74V, M184V, K219Q	TDF	NA
38421	CA38421		X3TC	0.7
38421	CA38421		ABC	0.9
38421	CA38421		AZT	0.6
38421	CA38421		D4T	0.8
38421	CA38421		DDI	0.8
38421	CA38421		TDF	0.7
63822	CA63822	M41L, D67N, K70G, L74LV, T215F, K219Q	X3TC	5.3
63822	CA63822	M41L, D67N, K70G, L74LV, T215F, K219Q	ABC	2.6
63822	CA63822	M41L, D67N, K70G, L74LV, T215F, K219Q	AZT	2.5
63822	CA63822	M41L, D67N, K70G, L74LV, T215F, K219Q	D4T	2.2
63822	CA63822	M41L, D67N, K70G, L74LV, T215F, K219Q	DDI	1.6
63822	CA63822	M41L, D67N, K70G, L74LV, T215F, K219Q	TDF	1.5
43040	SR200432	D67N, K70R, T215I, K219E	X3TC	15
43040	SR200432	D67N, K70R, T215I, K219E	ABC	0.5
43040	SR200432	D67N, K70R, T215I, K219E	AZT	5.2
43040	SR200432	D67N, K70R, T215I, K219E	D4T	1.6
43040	SR200432	D67N, K70R, T215I, K219E	DDI	2
43040	SR200432	D67N, K70R, T215I, K219E	TDF	1
43076	SR193585		X3TC	1
43076	SR193585		ABC	0.9
43076	SR193585		AZT	0.9
43076	SR193585		D4T	0.9
43076	SR193585		DDI	1
43076	SR193585		TDF	0.8
43052	SR196827		X3TC	1.2
43052	SR196827		ABC	1
43052	SR196827		AZT	0.7
43052	SR196827		D4T	1.1
43052	SR196827		DDI	0.9
43052	SR196827		TDF	0.8
42041	KSC-14	K65R, Y115YF	X3TC	17
42041	KSC-14	K65R, Y115YF	ABC	7.1
42041	KSC-14	K65R, Y115YF	AZT	0.8
42041	KSC-14	K65R, Y115YF	D4T	1.3
42041	KSC-14	K65R, Y115YF	DDI	2
42041	KSC-14	K65R, Y115YF	TDF	2.6
21673	RDL-4	M41L, D67N, M184V, L210W, T215Y	X3TC	200
21673	RDL-4	M41L, D67N, M184V, L210W, T215Y	ABC	5.9
21673	RDL-4	M41L, D67N, M184V, L210W, T215Y	AZT	41
21673	RDL-4	M41L, D67N, M184V, L210W, T215Y	D4T	2.9
21673	RDL-4	M41L, D67N, M184V, L210W, T215Y	DDI	2.1
21673	RDL-4	M41L, D67N, M184V, L210W, T215Y	TDF	NA
20798	SRW1-20798	E40F, M41L, D67N, L210W, T215Y, K219R	X3TC	30
20798	SRW1-20798	E40F, M41L, D67N, L210W, T215Y, K219R	ABC	20
20798	SRW1-20798	E40F, M41L, D67N, L210W, T215Y, K219R	AZT	555
20798	SRW1-20798	E40F, M41L, D67N, L210W, T215Y, K219R	D4T	20
20798	SRW1-20798	E40F, M41L, D67N, L210W, T215Y, K219R	DDI	4.4
20798	SRW1-20798	E40F, M41L, D67N, L210W, T215Y, K219R	TDF	NA
43064	SR191114	M41L, D67N, M184V, L210W, T215Y	X3TC	200
43064	SR191114	M41L, D67N, M184V, L210W, T215Y	ABC	6.5
43064	SR191114	M41L, D67N, M184V, L210W, T215Y	AZT	115
43064	SR191114	M41L, D67N, M184V, L210W, T215Y	D4T	3.3
43064	SR191114	M41L, D67N, M184V, L210W, T215Y	DDI	2.2
43064	SR191114	M41L, D67N, M184V, L210W, T215Y	TDF	2.7
21701	RDL-18	M184V	X3TC	200
21701	RDL-18	M184V	ABC	3.1
21701	RDL-18	M184V	AZT	0.5
21701	RDL-18	M184V	D4T	1
21701	RDL-18	M184V	DDI	1.3
21701	RDL-18	M184V	TDF	NA
35225	CA35225	M41L, T215D	X3TC	1.2
35225	CA35225	M41L, T215D	ABC	1
35225	CA35225	M41L, T215D	AZT	0.9
35225	CA35225	M41L, T215D	D4T	0.8
35225	CA35225	M41L, T215D	DDI	0.9
35225	CA35225	M41L, T215D	TDF	NA
63740	CA060011	M41L, E44A, A62V, D67N, K70R, L74I, V75T, M184V, L210W, T215Y, K219E	X3TC	200
63740	CA060011	M41L, E44A, A62V, D67N, K70R, L74I, V75T, M184V, L210W, T215Y, K219E	ABC	18
63740	CA060011	M41L, E44A, A62V, D67N, K70R, L74I, V75T, M184V, L210W, T215Y, K219E	AZT	400
63740	CA060011	M41L, E44A, A62V, D67N, K70R, L74I, V75T, M184V, L210W, T215Y, K219E	D4T	7.6
63740	CA060011	M41L, E44A, A62V, D67N, K70R, L74I, V75T, M184V, L210W, T215Y, K219E	DDI	6.8
63740	CA060011	M41L, E44A, A62V, D67N, K70R, L74I, V75T, M184V, L210W, T215Y, K219E	TDF	6.9
57632	CA57632		X3TC	1.1
57632	CA57632		ABC	1.1
57632	CA57632		AZT	2.3
57632	CA57632		D4T	1.3
57632	CA57632		DDI	1.2
57632	CA57632		TDF	1.4
51393	71361-2	K65R	X3TC	13
51393	71361-2	K65R	ABC	3.9
51393	71361-2	K65R	AZT	0.6
51393	71361-2	K65R	D4T	1.9
51393	71361-2	K65R	DDI	2.3
51393	71361-2	K65R	TDF	3
43054	SR218754		X3TC	1
43054	SR218754		ABC	1.1
43054	SR218754		AZT	1.1
43054	SR218754		D4T	0.9
43054	SR218754		DDI	1.1
43054	SR218754		TDF	0.9
63742	CA060012	M41L, D67N, L74V, M184V, T215Y, K219Q	X3TC	200
63742	CA060012	M41L, D67N, L74V, M184V, T215Y, K219Q	ABC	7.4
63742	CA060012	M41L, D67N, L74V, M184V, T215Y, K219Q	AZT	5.8
63742	CA060012	M41L, D67N, L74V, M184V, T215Y, K219Q	D4T	2
63742	CA060012	M41L, D67N, L74V, M184V, T215Y, K219Q	DDI	2.5
63742	CA060012	M41L, D67N, L74V, M184V, T215Y, K219Q	TDF	0.6
63808	CA63808		X3TC	1.1
63808	CA63808		ABC	0.9
63808	CA63808		AZT	1.2
63808	CA63808		D4T	0.9
63808	CA63808		DDI	0.9
63808	CA63808		TDF	0.9
21096	CA21096	D67G, T69D, K70R, M184V, K219Q	X3TC	200
21096	CA21096	D67G, T69D, K70R, M184V, K219Q	ABC	3.6
21096	CA21096	D67G, T69D, K70R, M184V, K219Q	AZT	2.4
21096	CA21096	D67G, T69D, K70R, M184V, K219Q	D4T	1.2
21096	CA21096	D67G, T69D, K70R, M184V, K219Q	DDI	1.3
21096	CA21096	D67G, T69D, K70R, M184V, K219Q	TDF	0.8
42568	SHNY-21		X3TC	0.7
42568	SHNY-21		ABC	0.7
42568	SHNY-21		AZT	1.3
42568	SHNY-21		D4T	0.6
42568	SHNY-21		DDI	0.8
42568	SHNY-21		TDF	0.8
21141	CA21141	K70R	X3TC	0.8
21141	CA21141	K70R	ABC	0.9
21141	CA21141	K70R	AZT	7.5
21141	CA21141	K70R	D4T	0.8
21141	CA21141	K70R	DDI	0.9
21141	CA21141	K70R	TDF	1.4
63766	NY0522	M41L, D67N, L74V, M184V, L210W, T215Y, K219N	X3TC	200
63766	NY0522	M41L, D67N, L74V, M184V, L210W, T215Y, K219N	ABC	5.4
63766	NY0522	M41L, D67N, L74V, M184V, L210W, T215Y, K219N	AZT	5.8
63766	NY0522	M41L, D67N, L74V, M184V, L210W, T215Y, K219N	D4T	1.7
63766	NY0522	M41L, D67N, L74V, M184V, L210W, T215Y, K219N	DDI	1.6
63766	NY0522	M41L, D67N, L74V, M184V, L210W, T215Y, K219N	TDF	0.6
43022	SR188922		X3TC	1
43022	SR188922		ABC	0.9
43022	SR188922		AZT	0.7
43022	SR188922		D4T	0.8
43022	SR188922		DDI	0.9
43022	SR188922		TDF	1
63814	CA63814	M41L, E44D, D67N, K70R, L210W, T215Y	X3TC	3.4
63814	CA63814	M41L, E44D, D67N, K70R, L210W, T215Y	ABC	6.1
63814	CA63814	M41L, E44D, D67N, K70R, L210W, T215Y	AZT	470
63814	CA63814	M41L, E44D, D67N, K70R, L210W, T215Y	D4T	2.6
63814	CA63814	M41L, E44D, D67N, K70R, L210W, T215Y	DDI	1.5
63814	CA63814	M41L, E44D, D67N, K70R, L210W, T215Y	TDF	3.6
21668	RDL-2	M41L, D67N, M184V, L210W, T215Y	X3TC	200
21668	RDL-2	M41L, D67N, M184V, L210W, T215Y	ABC	8.2
21668	RDL-2	M41L, D67N, M184V, L210W, T215Y	AZT	290
21668	RDL-2	M41L, D67N, M184V, L210W, T215Y	D4T	3
21668	RDL-2	M41L, D67N, M184V, L210W, T215Y	DDI	2.2
21668	RDL-2	M41L, D67N, M184V, L210W, T215Y	TDF	NA
63806	CA63806	M41L, E44D, D67N, L74I, M184V, L210W, T215Y	X3TC	200
63806	CA63806	M41L, E44D, D67N, L74I, M184V, L210W, T215Y	ABC	10
63806	CA63806	M41L, E44D, D67N, L74I, M184V, L210W, T215Y	AZT	340
63806	CA63806	M41L, E44D, D67N, L74I, M184V, L210W, T215Y	D4T	4.7
63806	CA63806	M41L, E44D, D67N, L74I, M184V, L210W, T215Y	DDI	2.9
63806	CA63806	M41L, E44D, D67N, L74I, M184V, L210W, T215Y	TDF	2.2
55447	VS_1		X3TC	0.8
55447	VS_1		ABC	0.9
55447	VS_1		AZT	0.9
55447	VS_1		D4T	0.9
55447	VS_1		DDI	0.9
55447	VS_1		TDF	0.9
63736	CA060009	D67G, S68G, K70R, M184V, T215F, K219E	X3TC	200
63736	CA060009	D67G, S68G, K70R, M184V, T215F, K219E	ABC	5
63736	CA060009	D67G, S68G, K70R, M184V, T215F, K219E	AZT	23
63736	CA060009	D67G, S68G, K70R, M184V, T215F, K219E	D4T	1.4
63736	CA060009	D67G, S68G, K70R, M184V, T215F, K219E	DDI	1.4
63736	CA060009	D67G, S68G, K70R, M184V, T215F, K219E	TDF	1.2
63744	NYC0510	K70R, K219Q	X3TC	0.8
63744	NYC0510	K70R, K219Q	ABC	1.4
63744	NYC0510	K70R, K219Q	AZT	11
63744	NYC0510	K70R, K219Q	D4T	1.1
63744	NYC0510	K70R, K219Q	DDI	0.9
63744	NYC0510	K70R, K219Q	TDF	1.8
35555	CA35555	D67N, K70R, M184V, T215I, K219E	X3TC	200
35555	CA35555	D67N, K70R, M184V, T215I, K219E	ABC	4.7
35555	CA35555	D67N, K70R, M184V, T215I, K219E	AZT	5.9
35555	CA35555	D67N, K70R, M184V, T215I, K219E	D4T	1.1
35555	CA35555	D67N, K70R, M184V, T215I, K219E	DDI	1.6
35555	CA35555	D67N, K70R, M184V, T215I, K219E	TDF	NA
8417	CA8417	T69E_KS, V75M, L210W, T215F	X3TC	7.3
8417	CA8417	T69E_KS, V75M, L210W, T215F	ABC	18
8417	CA8417	T69E_KS, V75M, L210W, T215F	AZT	NA
8417	CA8417	T69E_KS, V75M, L210W, T215F	D4T	16
8417	CA8417	T69E_KS, V75M, L210W, T215F	DDI	4.8
8417	CA8417	T69E_KS, V75M, L210W, T215F	TDF	NA
63824	CA63824		X3TC	0.7
63824	CA63824		ABC	0.9
63824	CA63824		AZT	0.6
63824	CA63824		D4T	1
63824	CA63824		DDI	0.9
63824	CA63824		TDF	0.8
63718	NY055	S68G, M184V, T215Y	X3TC	200
63718	NY055	S68G, M184V, T215Y	ABC	2.8
63718	NY055	S68G, M184V, T215Y	AZT	1.3
63718	NY055	S68G, M184V, T215Y	D4T	0.9
63718	NY055	S68G, M184V, T215Y	DDI	1.2
63718	NY055	S68G, M184V, T215Y	TDF	0.5
63844	CA63844	M41L, S68SG, T69T_SS, L74I, M184V, L210W	X3TC	200
63844	CA63844	M41L, S68SG, T69T_SS, L74I, M184V, L210W	ABC	4.4
63844	CA63844	M41L, S68SG, T69T_SS, L74I, M184V, L210W	AZT	0.4
63844	CA63844	M41L, S68SG, T69T_SS, L74I, M184V, L210W	D4T	0.8
63844	CA63844	M41L, S68SG, T69T_SS, L74I, M184V, L210W	DDI	0.9
63844	CA63844	M41L, S68SG, T69T_SS, L74I, M184V, L210W	TDF	0.4
63810	CA63810	M41L, D67G, K70R, L74V, T215F, K219Q	X3TC	2.8
63810	CA63810	M41L, D67G, K70R, L74V, T215F, K219Q	ABC	3.2
63810	CA63810	M41L, D67G, K70R, L74V, T215F, K219Q	AZT	11
63810	CA63810	M41L, D67G, K70R, L74V, T215F, K219Q	D4T	2
63810	CA63810	M41L, D67G, K70R, L74V, T215F, K219Q	DDI	1.5
63810	CA63810	M41L, D67G, K70R, L74V, T215F, K219Q	TDF	1.1
55467	VS_7b	D67G, S68G, L74V, Y115F, M184V, T215F, K219E	X3TC	200
55467	VS_7b	D67G, S68G, L74V, Y115F, M184V, T215F, K219E	ABC	16
55467	VS_7b	D67G, S68G, L74V, Y115F, M184V, T215F, K219E	AZT	2.2
55467	VS_7b	D67G, S68G, L74V, Y115F, M184V, T215F, K219E	D4T	1.3
55467	VS_7b	D67G, S68G, L74V, Y115F, M184V, T215F, K219E	DDI	1.9
55467	VS_7b	D67G, S68G, L74V, Y115F, M184V, T215F, K219E	TDF	0.7
43082	SR149695	M184V	X3TC	200
43082	SR149695	M184V	ABC	2.1
43082	SR149695	M184V	AZT	0.4
43082	SR149695	M184V	D4T	0.6
43082	SR149695	M184V	DDI	1.2
43082	SR149695	M184V	TDF	0.5
63714	NY053	E44D, D67~, S68G, T69G, K70R, T215I, K219Q	X3TC	2.3
63714	NY053	E44D, D67~, S68G, T69G, K70R, T215I, K219Q	ABC	3.4
63714	NY053	E44D, D67~, S68G, T69G, K70R, T215I, K219Q	AZT	550
63714	NY053	E44D, D67~, S68G, T69G, K70R, T215I, K219Q	D4T	2.5
63714	NY053	E44D, D67~, S68G, T69G, K70R, T215I, K219Q	DDI	1.4
63714	NY053	E44D, D67~, S68G, T69G, K70R, T215I, K219Q	TDF	6.6
39194	CA39194	D67N, K70R, M184V, K219E	X3TC	200
39194	CA39194	D67N, K70R, M184V, K219E	ABC	3.3
39194	CA39194	D67N, K70R, M184V, K219E	AZT	1.6
39194	CA39194	D67N, K70R, M184V, K219E	D4T	1
39194	CA39194	D67N, K70R, M184V, K219E	DDI	1.3
39194	CA39194	D67N, K70R, M184V, K219E	TDF	0.7
50054	WCS_pat8	M184V	X3TC	200
50054	WCS_pat8	M184V	ABC	2
50054	WCS_pat8	M184V	AZT	0.2
50054	WCS_pat8	M184V	D4T	0.6
50054	WCS_pat8	M184V	DDI	1
50054	WCS_pat8	M184V	TDF	0.4
63754	NY0515	M184V	X3TC	200
63754	NY0515	M184V	ABC	2.7
63754	NY0515	M184V	AZT	0.4
63754	NY0515	M184V	D4T	0.7
63754	NY0515	M184V	DDI	1.4
63754	NY0515	M184V	TDF	0.4
43058	SR191111	M41L, E44D, D67N, K70R, L74V, M184V, L210W, T215Y, K219E	X3TC	200
43058	SR191111	M41L, E44D, D67N, K70R, L74V, M184V, L210W, T215Y, K219E	ABC	14
43058	SR191111	M41L, E44D, D67N, K70R, L74V, M184V, L210W, T215Y, K219E	AZT	11
43058	SR191111	M41L, E44D, D67N, K70R, L74V, M184V, L210W, T215Y, K219E	D4T	4
43058	SR191111	M41L, E44D, D67N, K70R, L74V, M184V, L210W, T215Y, K219E	DDI	2.9
43058	SR191111	M41L, E44D, D67N, K70R, L74V, M184V, L210W, T215Y, K219E	TDF	1
42578	WCS_2	S68G	X3TC	0.7
42578	WCS_2	S68G	ABC	0.9
42578	WCS_2	S68G	AZT	1.5
42578	WCS_2	S68G	D4T	1
42578	WCS_2	S68G	DDI	1
42578	WCS_2	S68G	TDF	0.9
42019	KSC-3	M41L, D67N, T69D, L210W, T215Y	X3TC	6.5
42019	KSC-3	M41L, D67N, T69D, L210W, T215Y	ABC	6.7
42019	KSC-3	M41L, D67N, T69D, L210W, T215Y	AZT	900
42019	KSC-3	M41L, D67N, T69D, L210W, T215Y	D4T	4.3
42019	KSC-3	M41L, D67N, T69D, L210W, T215Y	DDI	1.9
42019	KSC-3	M41L, D67N, T69D, L210W, T215Y	TDF	4.6
63818	CA63818	M41L, D67N, L210W, T215Y	X3TC	5
63818	CA63818	M41L, D67N, L210W, T215Y	ABC	5.4
63818	CA63818	M41L, D67N, L210W, T215Y	AZT	270
63818	CA63818	M41L, D67N, L210W, T215Y	D4T	4.4
63818	CA63818	M41L, D67N, L210W, T215Y	DDI	1.8
63818	CA63818	M41L, D67N, L210W, T215Y	TDF	5.1
51394	72540-1	K65R	X3TC	5.7
51394	72540-1	K65R	ABC	1.9
51394	72540-1	K65R	AZT	0.3
51394	72540-1	K65R	D4T	1.1
51394	72540-1	K65R	DDI	1.5
51394	72540-1	K65R	TDF	1.5
55483	VS_15a	M41L, E44D, D67N, T69D, K70R, V75M, L210W, T215F, K219Q	X3TC	3.6
55483	VS_15a	M41L, E44D, D67N, T69D, K70R, V75M, L210W, T215F, K219Q	ABC	2.7
55483	VS_15a	M41L, E44D, D67N, T69D, K70R, V75M, L210W, T215F, K219Q	AZT	58
55483	VS_15a	M41L, E44D, D67N, T69D, K70R, V75M, L210W, T215F, K219Q	D4T	3.6
55483	VS_15a	M41L, E44D, D67N, T69D, K70R, V75M, L210W, T215F, K219Q	DDI	1.6
55483	VS_15a	M41L, E44D, D67N, T69D, K70R, V75M, L210W, T215F, K219Q	TDF	2
63772	NY0525		X3TC	1.3
63772	NY0525		ABC	1.1
63772	NY0525		AZT	1
63772	NY0525		D4T	1
63772	NY0525		DDI	1.1
63772	NY0525		TDF	1.1
35112	CA35112		X3TC	3.5
35112	CA35112		ABC	1.2
35112	CA35112		AZT	0.6
35112	CA35112		D4T	1
35112	CA35112		DDI	1.1
35112	CA35112		TDF	0.8
23888	CA23888	D67N, K70R, M184V, K219E	X3TC	200
23888	CA23888	D67N, K70R, M184V, K219E	ABC	6.5
23888	CA23888	D67N, K70R, M184V, K219E	AZT	3.5
23888	CA23888	D67N, K70R, M184V, K219E	D4T	1.9
23888	CA23888	D67N, K70R, M184V, K219E	DDI	2
23888	CA23888	D67N, K70R, M184V, K219E	TDF	0.9
43084	SR193589		X3TC	0.6
43084	SR193589		ABC	0.6
43084	SR193589		AZT	0.6
43084	SR193589		D4T	0.8
43084	SR193589		DDI	0.8
43084	SR193589		TDF	0.6
43036	SR204572	M41L, L74V, M184V, L210W, T215Y	X3TC	200
43036	SR204572	M41L, L74V, M184V, L210W, T215Y	ABC	7.9
43036	SR204572	M41L, L74V, M184V, L210W, T215Y	AZT	9.8
43036	SR204572	M41L, L74V, M184V, L210W, T215Y	D4T	2.7
43036	SR204572	M41L, L74V, M184V, L210W, T215Y	DDI	2
43036	SR204572	M41L, L74V, M184V, L210W, T215Y	TDF	1.1
63782	NY0530		X3TC	0.6
63782	NY0530		ABC	0.9
63782	NY0530		AZT	0.9
63782	NY0530		D4T	1
63782	NY0530		DDI	0.8
63782	NY0530		TDF	0.9
23718	CA23718	D67G, T69D, K70R, M184V, K219Q	X3TC	200
23718	CA23718	D67G, T69D, K70R, M184V, K219Q	ABC	4.3
23718	CA23718	D67G, T69D, K70R, M184V, K219Q	AZT	4.2
23718	CA23718	D67G, T69D, K70R, M184V, K219Q	D4T	1.4
23718	CA23718	D67G, T69D, K70R, M184V, K219Q	DDI	1.8
23718	CA23718	D67G, T69D, K70R, M184V, K219Q	TDF	1
50943	CA50943	M41L, D67N, K70R, M184V, T215F, K219Q	X3TC	200
50943	CA50943	M41L, D67N, K70R, M184V, T215F, K219Q	ABC	4.8
50943	CA50943	M41L, D67N, K70R, M184V, T215F, K219Q	AZT	6.3
50943	CA50943	M41L, D67N, K70R, M184V, T215F, K219Q	D4T	1.5
50943	CA50943	M41L, D67N, K70R, M184V, T215F, K219Q	DDI	1.4
50943	CA50943	M41L, D67N, K70R, M184V, T215F, K219Q	TDF	1.1
63820	CA63820	D67N, K70R, M184I, T215F, K219Q	X3TC	200
63820	CA63820	D67N, K70R, M184I, T215F, K219Q	ABC	2.3
63820	CA63820	D67N, K70R, M184I, T215F, K219Q	AZT	5.2
63820	CA63820	D67N, K70R, M184I, T215F, K219Q	D4T	1.3
63820	CA63820	D67N, K70R, M184I, T215F, K219Q	DDI	1.3
63820	CA63820	D67N, K70R, M184I, T215F, K219Q	TDF	0.9
63758	NY0518		X3TC	0.9
63758	NY0518		ABC	0.9
63758	NY0518		AZT	1.2
63758	NY0518		D4T	1.1
63758	NY0518		DDI	0.9
63758	NY0518		TDF	0.9
21687	RDL-11	D67N, K70R, M184V, K219E	X3TC	200
21687	RDL-11	D67N, K70R, M184V, K219E	ABC	4.4
21687	RDL-11	D67N, K70R, M184V, K219E	AZT	1.7
21687	RDL-11	D67N, K70R, M184V, K219E	D4T	0.9
21687	RDL-11	D67N, K70R, M184V, K219E	DDI	1.7
21687	RDL-11	D67N, K70R, M184V, K219E	TDF	NA
21707	RDL-21		X3TC	1.6
21707	RDL-21		ABC	1.1
21707	RDL-21		AZT	0.7
21707	RDL-21		D4T	1
21707	RDL-21		DDI	1
21707	RDL-21		TDF	NA
55461	VS_6a	M41L, A62V, M184V, L210W, T215Y	X3TC	200
55461	VS_6a	M41L, A62V, M184V, L210W, T215Y	ABC	4.9
55461	VS_6a	M41L, A62V, M184V, L210W, T215Y	AZT	27
55461	VS_6a	M41L, A62V, M184V, L210W, T215Y	D4T	1.1
55461	VS_6a	M41L, A62V, M184V, L210W, T215Y	DDI	1.1
55461	VS_6a	M41L, A62V, M184V, L210W, T215Y	TDF	1.3
34308	CA34308	D67N, K70KR, M184V, T215F, K219E	X3TC	200
34308	CA34308	D67N, K70KR, M184V, T215F, K219E	ABC	2.4
34308	CA34308	D67N, K70KR, M184V, T215F, K219E	AZT	0.9
34308	CA34308	D67N, K70KR, M184V, T215F, K219E	D4T	0.6
34308	CA34308	D67N, K70KR, M184V, T215F, K219E	DDI	1.3
34308	CA34308	D67N, K70KR, M184V, T215F, K219E	TDF	0.4
21697	RDL-16	M41L, M184V, T215Y	X3TC	200
21697	RDL-16	M41L, M184V, T215Y	ABC	8.2
21697	RDL-16	M41L, M184V, T215Y	AZT	7.5
21697	RDL-16	M41L, M184V, T215Y	D4T	1.7
21697	RDL-16	M41L, M184V, T215Y	DDI	1.9
21697	RDL-16	M41L, M184V, T215Y	TDF	NA
43024	SR218761	L74V, M184V	X3TC	200
43024	SR218761	L74V, M184V	ABC	8
43024	SR218761	L74V, M184V	AZT	0.4
43024	SR218761	L74V, M184V	D4T	0.9
43024	SR218761	L74V, M184V	DDI	3
43024	SR218761	L74V, M184V	TDF	0.4
55485	VS_15b	M41L, E44D, D67N, T69D, K70R, V75M, L210W, T215F, K219Q	X3TC	4.5
55485	VS_15b	M41L, E44D, D67N, T69D, K70R, V75M, L210W, T215F, K219Q	ABC	4
55485	VS_15b	M41L, E44D, D67N, T69D, K70R, V75M, L210W, T215F, K219Q	AZT	344
55485	VS_15b	M41L, E44D, D67N, T69D, K70R, V75M, L210W, T215F, K219Q	D4T	4.1
55485	VS_15b	M41L, E44D, D67N, T69D, K70R, V75M, L210W, T215F, K219Q	DDI	1.6
55485	VS_15b	M41L, E44D, D67N, T69D, K70R, V75M, L210W, T215F, K219Q	TDF	3
63710	NY051	D67N, K70R, M184V, K219Q	X3TC	200
63710	NY051	D67N, K70R, M184V, K219Q	ABC	3
63710	NY051	D67N, K70R, M184V, K219Q	AZT	0.8
63710	NY051	D67N, K70R, M184V, K219Q	D4T	0.9
63710	NY051	D67N, K70R, M184V, K219Q	DDI	1.3
63710	NY051	D67N, K70R, M184V, K219Q	TDF	0.5
43046	SR193596		X3TC	0.8
43046	SR193596		ABC	0.8
43046	SR193596		AZT	0.9
43046	SR193596		D4T	0.8
43046	SR193596		DDI	0.8
43046	SR193596		TDF	0.9
21113	CA21113	D67G, S68G, K70R, T215F, K219E	X3TC	3
21113	CA21113	D67G, S68G, K70R, T215F, K219E	ABC	2.5
21113	CA21113	D67G, S68G, K70R, T215F, K219E	AZT	97
21113	CA21113	D67G, S68G, K70R, T215F, K219E	D4T	1.7
21113	CA21113	D67G, S68G, K70R, T215F, K219E	DDI	1.1
21113	CA21113	D67G, S68G, K70R, T215F, K219E	TDF	2.3
55455	VS_4b	D67N, K70R, M184V, K219Q	X3TC	200
55455	VS_4b	D67N, K70R, M184V, K219Q	ABC	4.8
55455	VS_4b	D67N, K70R, M184V, K219Q	AZT	2.8
55455	VS_4b	D67N, K70R, M184V, K219Q	D4T	1.4
55455	VS_4b	D67N, K70R, M184V, K219Q	DDI	1.5
55455	VS_4b	D67N, K70R, M184V, K219Q	TDF	1
43060	SR219018	M41L, L210W, T215Y	X3TC	2.8
43060	SR219018	M41L, L210W, T215Y	ABC	3.9
43060	SR219018	M41L, L210W, T215Y	AZT	433
43060	SR219018	M41L, L210W, T215Y	D4T	2
43060	SR219018	M41L, L210W, T215Y	DDI	1.5
43060	SR219018	M41L, L210W, T215Y	TDF	4
20247	CA20247		X3TC	0.9
20247	CA20247		ABC	0.7
20247	CA20247		AZT	2.5
20247	CA20247		D4T	0.8
20247	CA20247		DDI	0.6
20247	CA20247		TDF	1.1
63794	CA63794	M41L, L74V, T215Y	X3TC	1.6
63794	CA63794	M41L, L74V, T215Y	ABC	2.5
63794	CA63794	M41L, L74V, T215Y	AZT	3.1
63794	CA63794	M41L, L74V, T215Y	D4T	1.4
63794	CA63794	M41L, L74V, T215Y	DDI	1.2
63794	CA63794	M41L, L74V, T215Y	TDF	0.8
40734	ENSW-1	D67N, K70R, L74V, M184V, K219Q	X3TC	200
40734	ENSW-1	D67N, K70R, L74V, M184V, K219Q	ABC	7
40734	ENSW-1	D67N, K70R, L74V, M184V, K219Q	AZT	1.2
40734	ENSW-1	D67N, K70R, L74V, M184V, K219Q	D4T	1.5
40734	ENSW-1	D67N, K70R, L74V, M184V, K219Q	DDI	2.1
40734	ENSW-1	D67N, K70R, L74V, M184V, K219Q	TDF	0.6
42886	CA42886	M41L, D67N, T69D, V75T, L210W, T215Y, K219N	X3TC	9.6
42886	CA42886	M41L, D67N, T69D, V75T, L210W, T215Y, K219N	ABC	6.1
42886	CA42886	M41L, D67N, T69D, V75T, L210W, T215Y, K219N	AZT	430
42886	CA42886	M41L, D67N, T69D, V75T, L210W, T215Y, K219N	D4T	5.2
42886	CA42886	M41L, D67N, T69D, V75T, L210W, T215Y, K219N	DDI	2.2
42886	CA42886	M41L, D67N, T69D, V75T, L210W, T215Y, K219N	TDF	2.6
63830	CA63830	M41L, M184V, L210W, T215Y	X3TC	200
63830	CA63830	M41L, M184V, L210W, T215Y	ABC	6.8
63830	CA63830	M41L, M184V, L210W, T215Y	AZT	32
63830	CA63830	M41L, M184V, L210W, T215Y	D4T	2.3
63830	CA63830	M41L, M184V, L210W, T215Y	DDI	1.8
63830	CA63830	M41L, M184V, L210W, T215Y	TDF	2
63866	WCS_patX	D67N, K70R, L74V, K219Q	X3TC	1.2
63866	WCS_patX	D67N, K70R, L74V, K219Q	ABC	3.5
63866	WCS_patX	D67N, K70R, L74V, K219Q	AZT	11
63866	WCS_patX	D67N, K70R, L74V, K219Q	D4T	2.7
63866	WCS_patX	D67N, K70R, L74V, K219Q	DDI	2.3
63866	WCS_patX	D67N, K70R, L74V, K219Q	TDF	1.5
63750	NY0513	M184V	X3TC	200
63750	NY0513	M184V	ABC	4.1
63750	NY0513	M184V	AZT	0.5
63750	NY0513	M184V	D4T	0.9
63750	NY0513	M184V	DDI	1.5
63750	NY0513	M184V	TDF	0.6
63778	NY0528	M41L, D67N, M184V, T215F	X3TC	200
63778	NY0528	M41L, D67N, M184V, T215F	ABC	5.5
63778	NY0528	M41L, D67N, M184V, T215F	AZT	40
63778	NY0528	M41L, D67N, M184V, T215F	D4T	1.9
63778	NY0528	M41L, D67N, M184V, T215F	DDI	1.4
63778	NY0528	M41L, D67N, M184V, T215F	TDF	1.6
42023	KSC-5	D67N, M184V, L210W, T215Y, K219N	X3TC	200
42023	KSC-5	D67N, M184V, L210W, T215Y, K219N	ABC	10
42023	KSC-5	D67N, M184V, L210W, T215Y, K219N	AZT	270
42023	KSC-5	D67N, M184V, L210W, T215Y, K219N	D4T	2.8
42023	KSC-5	D67N, M184V, L210W, T215Y, K219N	DDI	2.6
42023	KSC-5	D67N, M184V, L210W, T215Y, K219N	TDF	2.3
55471	VS_9	M184V, L210W, T215Y	X3TC	200
55471	VS_9	M184V, L210W, T215Y	ABC	3.9
55471	VS_9	M184V, L210W, T215Y	AZT	0.7
55471	VS_9	M184V, L210W, T215Y	D4T	0.9
55471	VS_9	M184V, L210W, T215Y	DDI	1.4
55471	VS_9	M184V, L210W, T215Y	TDF	0.4
43066	SR193581	M41L, E44D, D67N, L74V, M184V, L210W, T215Y, K219N	X3TC	200
43066	SR193581	M41L, E44D, D67N, L74V, M184V, L210W, T215Y, K219N	ABC	9
43066	SR193581	M41L, E44D, D67N, L74V, M184V, L210W, T215Y, K219N	AZT	4.4
43066	SR193581	M41L, E44D, D67N, L74V, M184V, L210W, T215Y, K219N	D4T	3.6
43066	SR193581	M41L, E44D, D67N, L74V, M184V, L210W, T215Y, K219N	DDI	1.9
43066	SR193581	M41L, E44D, D67N, L74V, M184V, L210W, T215Y, K219N	TDF	0.8
43074	SR205851	M41L, E44D, D67N, T69D, L210W, T215Y, K219KR	X3TC	10
43074	SR205851	M41L, E44D, D67N, T69D, L210W, T215Y, K219KR	ABC	6
43074	SR205851	M41L, E44D, D67N, T69D, L210W, T215Y, K219KR	AZT	NA
43074	SR205851	M41L, E44D, D67N, T69D, L210W, T215Y, K219KR	D4T	5.4
43074	SR205851	M41L, E44D, D67N, T69D, L210W, T215Y, K219KR	DDI	2
43074	SR205851	M41L, E44D, D67N, T69D, L210W, T215Y, K219KR	TDF	5.5
63836	CA63836	M41L, E44D, D67N, K70KR, L74LI, M184V, L210W, T215Y, K219Q	X3TC	200
63836	CA63836	M41L, E44D, D67N, K70KR, L74LI, M184V, L210W, T215Y, K219Q	ABC	6.9
63836	CA63836	M41L, E44D, D67N, K70KR, L74LI, M184V, L210W, T215Y, K219Q	AZT	19
63836	CA63836	M41L, E44D, D67N, K70KR, L74LI, M184V, L210W, T215Y, K219Q	D4T	2.7
63836	CA63836	M41L, E44D, D67N, K70KR, L74LI, M184V, L210W, T215Y, K219Q	DDI	1.9
63836	CA63836	M41L, E44D, D67N, K70KR, L74LI, M184V, L210W, T215Y, K219Q	TDF	1.4
55477	VS_12	M41L, E44D, D67N, M184V, L210W, T215Y	X3TC	200
55477	VS_12	M41L, E44D, D67N, M184V, L210W, T215Y	ABC	6.5
55477	VS_12	M41L, E44D, D67N, M184V, L210W, T215Y	AZT	221
55477	VS_12	M41L, E44D, D67N, M184V, L210W, T215Y	D4T	2.1
55477	VS_12	M41L, E44D, D67N, M184V, L210W, T215Y	DDI	2
55477	VS_12	M41L, E44D, D67N, M184V, L210W, T215Y	TDF	2.5
55457	VS_5a		X3TC	1
55457	VS_5a		ABC	1.1
55457	VS_5a		AZT	0.9
55457	VS_5a		D4T	1.2
55457	VS_5a		DDI	0.9
55457	VS_5a		TDF	0.8
42686	CA42686	K70N	X3TC	1.4
42686	CA42686	K70N	ABC	1.1
42686	CA42686	K70N	AZT	0.8
42686	CA42686	K70N	D4T	1.2
42686	CA42686	K70N	DDI	1.1
42686	CA42686	K70N	TDF	1.1
42043	KSC-15	M41L, D67N, L74V, M184V, L210W, T215Y	X3TC	1
42043	KSC-15	M41L, D67N, L74V, M184V, L210W, T215Y	ABC	9.6
42043	KSC-15	M41L, D67N, L74V, M184V, L210W, T215Y	AZT	33
42043	KSC-15	M41L, D67N, L74V, M184V, L210W, T215Y	D4T	3.2
42043	KSC-15	M41L, D67N, L74V, M184V, L210W, T215Y	DDI	3.1
42043	KSC-15	M41L, D67N, L74V, M184V, L210W, T215Y	TDF	1.1
43028	SR207311	K65R, M184V	X3TC	200
43028	SR207311	K65R, M184V	ABC	5.9
43028	SR207311	K65R, M184V	AZT	0.3
43028	SR207311	K65R, M184V	D4T	0.9
43028	SR207311	K65R, M184V	DDI	2.4
43028	SR207311	K65R, M184V	TDF	0.9
50893	CA50893	M41L, E44D, D67N, L74I, M184V, L210W, T215Y	X3TC	200
50893	CA50893	M41L, E44D, D67N, L74I, M184V, L210W, T215Y	ABC	10
50893	CA50893	M41L, E44D, D67N, L74I, M184V, L210W, T215Y	AZT	86
50893	CA50893	M41L, E44D, D67N, L74I, M184V, L210W, T215Y	D4T	3
50893	CA50893	M41L, E44D, D67N, L74I, M184V, L210W, T215Y	DDI	1.8
50893	CA50893	M41L, E44D, D67N, L74I, M184V, L210W, T215Y	TDF	1.6
43090	SR178744		X3TC	0.9
43090	SR178744		ABC	0.9
43090	SR178744		AZT	0.8
43090	SR178744		D4T	1
43090	SR178744		DDI	0.9
43090	SR178744		TDF	0.9
55451	VS_3		X3TC	0.8
55451	VS_3		ABC	1
55451	VS_3		AZT	1.1
55451	VS_3		D4T	1.1
55451	VS_3		DDI	0.9
55451	VS_3		TDF	1.1
63862	CA63862	T215Y	X3TC	2.7
63862	CA63862	T215Y	ABC	2.1
63862	CA63862	T215Y	AZT	5.7
63862	CA63862	T215Y	D4T	1.6
63862	CA63862	T215Y	DDI	1.2
63862	CA63862	T215Y	TDF	1.4
40739	SHNY-14	K70R, L74I, Y115F, M184V	X3TC	200
40739	SHNY-14	K70R, L74I, Y115F, M184V	ABC	10
40739	SHNY-14	K70R, L74I, Y115F, M184V	AZT	0.7
40739	SHNY-14	K70R, L74I, Y115F, M184V	D4T	0.8
40739	SHNY-14	K70R, L74I, Y115F, M184V	DDI	1.9
40739	SHNY-14	K70R, L74I, Y115F, M184V	TDF	0.6
63762	NY0520	M41L, M184V, T215Y	X3TC	200
63762	NY0520	M41L, M184V, T215Y	ABC	5.6
63762	NY0520	M41L, M184V, T215Y	AZT	4.9
63762	NY0520	M41L, M184V, T215Y	D4T	1.6
63762	NY0520	M41L, M184V, T215Y	DDI	1.7
63762	NY0520	M41L, M184V, T215Y	TDF	1.1
43044	SR201325	M41L, T69D, V75M, L210W, T215Y, K219R	X3TC	5.1
43044	SR201325	M41L, T69D, V75M, L210W, T215Y, K219R	ABC	4.1
43044	SR201325	M41L, T69D, V75M, L210W, T215Y, K219R	AZT	236
43044	SR201325	M41L, T69D, V75M, L210W, T215Y, K219R	D4T	4.1
43044	SR201325	M41L, T69D, V75M, L210W, T215Y, K219R	DDI	1.6
43044	SR201325	M41L, T69D, V75M, L210W, T215Y, K219R	TDF	3.1
43056	SR189596		X3TC	0.9
43056	SR189596		ABC	0.8
43056	SR189596		AZT	0.7
43056	SR189596		D4T	0.9
43056	SR189596		DDI	0.8
43056	SR189596		TDF	0.7
63776	NY0527	M41L, M184V	X3TC	200
63776	NY0527	M41L, M184V	ABC	2.4
63776	NY0527	M41L, M184V	AZT	0.5
63776	NY0527	M41L, M184V	D4T	0.8
63776	NY0527	M41L, M184V	DDI	1.7
63776	NY0527	M41L, M184V	TDF	0.6
42570	SHNY-22		X3TC	2.5
42570	SHNY-22		ABC	1.2
42570	SHNY-22		AZT	1.1
42570	SHNY-22		D4T	1
42570	SHNY-22		DDI	1.3
42570	SHNY-22		TDF	0.9
21174	CA21174	M41L, D67N, K70R, M184V, T215F, K219Q	X3TC	200
21174	CA21174	M41L, D67N, K70R, M184V, T215F, K219Q	ABC	5.9
21174	CA21174	M41L, D67N, K70R, M184V, T215F, K219Q	AZT	59
21174	CA21174	M41L, D67N, K70R, M184V, T215F, K219Q	D4T	2.1
21174	CA21174	M41L, D67N, K70R, M184V, T215F, K219Q	DDI	1.7
21174	CA21174	M41L, D67N, K70R, M184V, T215F, K219Q	TDF	NA
39023	CA39023	M41L, M184V, L210W, T215Y	X3TC	200
39023	CA39023	M41L, M184V, L210W, T215Y	ABC	7.2
39023	CA39023	M41L, M184V, L210W, T215Y	AZT	29
39023	CA39023	M41L, M184V, L210W, T215Y	D4T	2.6
39023	CA39023	M41L, M184V, L210W, T215Y	DDI	1.8
39023	CA39023	M41L, M184V, L210W, T215Y	TDF	2.3
63826	CA63826		X3TC	1.2
63826	CA63826		ABC	1
63826	CA63826		AZT	1
63826	CA63826		D4T	0.8
63826	CA63826		DDI	1.1
63826	CA63826		TDF	0.7
63852	CA63852	M41L, D67G, S68G, L74V, V75VA, M184V, L210W, T215Y, K219N	X3TC	200
63852	CA63852	M41L, D67G, S68G, L74V, V75VA, M184V, L210W, T215Y, K219N	ABC	11
63852	CA63852	M41L, D67G, S68G, L74V, V75VA, M184V, L210W, T215Y, K219N	AZT	16
63852	CA63852	M41L, D67G, S68G, L74V, V75VA, M184V, L210W, T215Y, K219N	D4T	5.8
63852	CA63852	M41L, D67G, S68G, L74V, V75VA, M184V, L210W, T215Y, K219N	DDI	4.3
63852	CA63852	M41L, D67G, S68G, L74V, V75VA, M184V, L210W, T215Y, K219N	TDF	1.4
63712	NY052		X3TC	1.1
63712	NY052		ABC	1
63712	NY052		AZT	0.9
63712	NY052		D4T	1.2
63712	NY052		DDI	1.1
63712	NY052		TDF	0.8
59287	CA59287	M41L, L74V, M184V, L210W, T215Y	X3TC	200
59287	CA59287	M41L, L74V, M184V, L210W, T215Y	ABC	6.8
59287	CA59287	M41L, L74V, M184V, L210W, T215Y	AZT	2.4
59287	CA59287	M41L, L74V, M184V, L210W, T215Y	D4T	1.8
59287	CA59287	M41L, L74V, M184V, L210W, T215Y	DDI	2.3
59287	CA59287	M41L, L74V, M184V, L210W, T215Y	TDF	0.6
43072	SR191117	M41L, L74I, M184V, L210W, T215Y	X3TC	200
43072	SR191117	M41L, L74I, M184V, L210W, T215Y	ABC	6.6
43072	SR191117	M41L, L74I, M184V, L210W, T215Y	AZT	8.6
43072	SR191117	M41L, L74I, M184V, L210W, T215Y	D4T	1.8
43072	SR191117	M41L, L74I, M184V, L210W, T215Y	DDI	1.6
43072	SR191117	M41L, L74I, M184V, L210W, T215Y	TDF	1
43050	SR208661	M41L, A62V, T69D, V75T, L210W, T215Y	X3TC	7.4
43050	SR208661	M41L, A62V, T69D, V75T, L210W, T215Y	ABC	4.2
43050	SR208661	M41L, A62V, T69D, V75T, L210W, T215Y	AZT	86
43050	SR208661	M41L, A62V, T69D, V75T, L210W, T215Y	D4T	3.3
43050	SR208661	M41L, A62V, T69D, V75T, L210W, T215Y	DDI	2.1
43050	SR208661	M41L, A62V, T69D, V75T, L210W, T215Y	TDF	2.6
43018	SR178746	L74V, Y115F, M184V, K219E	X3TC	200
43018	SR178746	L74V, Y115F, M184V, K219E	ABC	13
43018	SR178746	L74V, Y115F, M184V, K219E	AZT	0.2
43018	SR178746	L74V, Y115F, M184V, K219E	D4T	0.6
43018	SR178746	L74V, Y115F, M184V, K219E	DDI	1.9
43018	SR178746	L74V, Y115F, M184V, K219E	TDF	0.4
42027	KSC-7	S68N, K70T, L74V, V75T, Y115F, Q151M, M184V	X3TC	NA
42027	KSC-7	S68N, K70T, L74V, V75T, Y115F, Q151M, M184V	ABC	60
42027	KSC-7	S68N, K70T, L74V, V75T, Y115F, Q151M, M184V	AZT	8.5
42027	KSC-7	S68N, K70T, L74V, V75T, Y115F, Q151M, M184V	D4T	6.6
42027	KSC-7	S68N, K70T, L74V, V75T, Y115F, Q151M, M184V	DDI	13
42027	KSC-7	S68N, K70T, L74V, V75T, Y115F, Q151M, M184V	TDF	1
63858	CA63858	M41L, T215Y, K219R	X3TC	2.4
63858	CA63858	M41L, T215Y, K219R	ABC	2.1
63858	CA63858	M41L, T215Y, K219R	AZT	25
63858	CA63858	M41L, T215Y, K219R	D4T	2
63858	CA63858	M41L, T215Y, K219R	DDI	1.3
63858	CA63858	M41L, T215Y, K219R	TDF	2
21675	RDL-5	M41L, D67N, K70R, L74V, M184V, L210W, T215Y, K219E	X3TC	200
21675	RDL-5	M41L, D67N, K70R, L74V, M184V, L210W, T215Y, K219E	ABC	8.8
21675	RDL-5	M41L, D67N, K70R, L74V, M184V, L210W, T215Y, K219E	AZT	11
21675	RDL-5	M41L, D67N, K70R, L74V, M184V, L210W, T215Y, K219E	D4T	3.4
21675	RDL-5	M41L, D67N, K70R, L74V, M184V, L210W, T215Y, K219E	DDI	3.1
21675	RDL-5	M41L, D67N, K70R, L74V, M184V, L210W, T215Y, K219E	TDF	NA
41189	WAEN_D	M41L, M184V, T215Y	X3TC	200
41189	WAEN_D	M41L, M184V, T215Y	ABC	5.2
41189	WAEN_D	M41L, M184V, T215Y	AZT	5.3
41189	WAEN_D	M41L, M184V, T215Y	D4T	1.2
41189	WAEN_D	M41L, M184V, T215Y	DDI	1.6
41189	WAEN_D	M41L, M184V, T215Y	TDF	1.1
51395	9540-2	K65R, M184V	X3TC	200
51395	9540-2	K65R, M184V	ABC	7.9
51395	9540-2	K65R, M184V	AZT	0.2
51395	9540-2	K65R, M184V	D4T	1
51395	9540-2	K65R, M184V	DDI	3.1
51395	9540-2	K65R, M184V	TDF	0.9
60958	CA60958		X3TC	0.8
60958	CA60958		ABC	0.8
60958	CA60958		AZT	0.7
60958	CA60958		D4T	0.9
60958	CA60958		DDI	0.9
60958	CA60958		TDF	0.9
63732	CA060007	E44D, D67N, T69D, L210W, T215D	X3TC	3.1
63732	CA060007	E44D, D67N, T69D, L210W, T215D	ABC	0.9
63732	CA060007	E44D, D67N, T69D, L210W, T215D	AZT	0.4
63732	CA060007	E44D, D67N, T69D, L210W, T215D	D4T	0.9
63732	CA060007	E44D, D67N, T69D, L210W, T215D	DDI	0.7
63732	CA060007	E44D, D67N, T69D, L210W, T215D	TDF	0.5
48426	CA48426	D67DN, K70KR, M184MV	X3TC	200
48426	CA48426	D67DN, K70KR, M184MV	ABC	9.4
48426	CA48426	D67DN, K70KR, M184MV	AZT	14
48426	CA48426	D67DN, K70KR, M184MV	D4T	2.7
48426	CA48426	D67DN, K70KR, M184MV	DDI	2
48426	CA48426	D67DN, K70KR, M184MV	TDF	1.3
38305	CA38305		X3TC	0.8
38305	CA38305		ABC	0.7
38305	CA38305		AZT	0.9
38305	CA38305		D4T	0.8
38305	CA38305		DDI	1
38305	CA38305		TDF	0.7
55459	VS_5b		X3TC	0.8
55459	VS_5b		ABC	0.7
55459	VS_5b		AZT	0.5
55459	VS_5b		D4T	0.7
55459	VS_5b		DDI	0.7
55459	VS_5b		TDF	0.7
55449	VS_2	D67N, K70R, T215F, K219E	X3TC	3.2
55449	VS_2	D67N, K70R, T215F, K219E	ABC	3.1
55449	VS_2	D67N, K70R, T215F, K219E	AZT	677
55449	VS_2	D67N, K70R, T215F, K219E	D4T	2.1
55449	VS_2	D67N, K70R, T215F, K219E	DDI	1.3
55449	VS_2	D67N, K70R, T215F, K219E	TDF	4
43038	SR217136	M41L, D67DN, M184V, L210W, T215Y, K219KN	X3TC	200
43038	SR217136	M41L, D67DN, M184V, L210W, T215Y, K219KN	ABC	6.4
43038	SR217136	M41L, D67DN, M184V, L210W, T215Y, K219KN	AZT	23
43038	SR217136	M41L, D67DN, M184V, L210W, T215Y, K219KN	D4T	2.3
43038	SR217136	M41L, D67DN, M184V, L210W, T215Y, K219KN	DDI	1.6
43038	SR217136	M41L, D67DN, M184V, L210W, T215Y, K219KN	TDF	1.5
63786	NY057	M41L, D67N, T69D, M184V, L210W, T215Y	X3TC	200
63786	NY057	M41L, D67N, T69D, M184V, L210W, T215Y	ABC	6.2
63786	NY057	M41L, D67N, T69D, M184V, L210W, T215Y	AZT	2.7
63786	NY057	M41L, D67N, T69D, M184V, L210W, T215Y	D4T	2.7
63786	NY057	M41L, D67N, T69D, M184V, L210W, T215Y	DDI	1.9
63786	NY057	M41L, D67N, T69D, M184V, L210W, T215Y	TDF	0.9
43032	SR204571		X3TC	0.8
43032	SR204571		ABC	0.9
43032	SR204571		AZT	0.6
43032	SR204571		D4T	1
43032	SR204571		DDI	0.9
43032	SR204571		TDF	0.8
43042	SR167484	S68G	X3TC	0.8
43042	SR167484	S68G	ABC	0.7
43042	SR167484	S68G	AZT	0.5
43042	SR167484	S68G	D4T	0.9
43042	SR167484	S68G	DDI	0.9
43042	SR167484	S68G	TDF	0.8
63738	CA060010	M41L, E44D, D67N, L74V, M184V, L210W, T215Y	X3TC	200
63738	CA060010	M41L, E44D, D67N, L74V, M184V, L210W, T215Y	ABC	6.9
63738	CA060010	M41L, E44D, D67N, L74V, M184V, L210W, T215Y	AZT	3.4
63738	CA060010	M41L, E44D, D67N, L74V, M184V, L210W, T215Y	D4T	2.9
63738	CA060010	M41L, E44D, D67N, L74V, M184V, L210W, T215Y	DDI	2.5
63738	CA060010	M41L, E44D, D67N, L74V, M184V, L210W, T215Y	TDF	0.5
63728	CA060005	D67N, K70R, T215F, K219E	X3TC	2.9
63728	CA060005	D67N, K70R, T215F, K219E	ABC	1.7
63728	CA060005	D67N, K70R, T215F, K219E	AZT	51
63728	CA060005	D67N, K70R, T215F, K219E	D4T	1.8
63728	CA060005	D67N, K70R, T215F, K219E	DDI	1.2
63728	CA060005	D67N, K70R, T215F, K219E	TDF	1.5
34521	CA34521	D67G, S68G, K70R, M184V, T215V, K219E	X3TC	200
34521	CA34521	D67G, S68G, K70R, M184V, T215V, K219E	ABC	3.5
34521	CA34521	D67G, S68G, K70R, M184V, T215V, K219E	AZT	6.6
34521	CA34521	D67G, S68G, K70R, M184V, T215V, K219E	D4T	1.4
34521	CA34521	D67G, S68G, K70R, M184V, T215V, K219E	DDI	1.3
34521	CA34521	D67G, S68G, K70R, M184V, T215V, K219E	TDF	0.8
92196	52-7023a	M41L, L74V, M184V, L210W, T215Y	X3TC	103
92196	52-7023a	M41L, L74V, M184V, L210W, T215Y	ABC	NA
92196	52-7023a	M41L, L74V, M184V, L210W, T215Y	AZT	13
92196	52-7023a	M41L, L74V, M184V, L210W, T215Y	D4T	1.6
92196	52-7023a	M41L, L74V, M184V, L210W, T215Y	DDI	2.9
92196	52-7023a	M41L, L74V, M184V, L210W, T215Y	TDF	1.1
91781	52-1345	M41ML, A62AV, M184V, L210LW, T215Y	X3TC	100
91781	52-1345	M41ML, A62AV, M184V, L210LW, T215Y	ABC	NA
91781	52-1345	M41ML, A62AV, M184V, L210LW, T215Y	AZT	10
91781	52-1345	M41ML, A62AV, M184V, L210LW, T215Y	D4T	1.7
91781	52-1345	M41ML, A62AV, M184V, L210LW, T215Y	DDI	1.5
91781	52-1345	M41ML, A62AV, M184V, L210LW, T215Y	TDF	1.1
92269	52-6007	D67N, T69D, K70R, M184V, T215F, K219Q	X3TC	103
92269	52-6007	D67N, T69D, K70R, M184V, T215F, K219Q	ABC	NA
92269	52-6007	D67N, T69D, K70R, M184V, T215F, K219Q	AZT	1.5
92269	52-6007	D67N, T69D, K70R, M184V, T215F, K219Q	D4T	1
92269	52-6007	D67N, T69D, K70R, M184V, T215F, K219Q	DDI	1.3
92269	52-6007	D67N, T69D, K70R, M184V, T215F, K219Q	TDF	0.5
91795	52-1077	M41L, D67N, L74I, V75T, M184V, L210W, T215Y, K219Q	X3TC	148
91795	52-1077	M41L, D67N, L74I, V75T, M184V, L210W, T215Y, K219Q	ABC	NA
91795	52-1077	M41L, D67N, L74I, V75T, M184V, L210W, T215Y, K219Q	AZT	31
91795	52-1077	M41L, D67N, L74I, V75T, M184V, L210W, T215Y, K219Q	D4T	5.5
91795	52-1077	M41L, D67N, L74I, V75T, M184V, L210W, T215Y, K219Q	DDI	4.2
91795	52-1077	M41L, D67N, L74I, V75T, M184V, L210W, T215Y, K219Q	TDF	1.9
91811	52-1387	M41L, D67N, M184V, L210W, T215Y	X3TC	115
91811	52-1387	M41L, D67N, M184V, L210W, T215Y	ABC	NA
91811	52-1387	M41L, D67N, M184V, L210W, T215Y	AZT	23
91811	52-1387	M41L, D67N, M184V, L210W, T215Y	D4T	3.6
91811	52-1387	M41L, D67N, M184V, L210W, T215Y	DDI	2.2
91811	52-1387	M41L, D67N, M184V, L210W, T215Y	TDF	1.3
91867	52-1124	M41L, E44ED, M184V, L210W, T215F	X3TC	148
91867	52-1124	M41L, E44ED, M184V, L210W, T215F	ABC	NA
91867	52-1124	M41L, E44ED, M184V, L210W, T215F	AZT	69
91867	52-1124	M41L, E44ED, M184V, L210W, T215F	D4T	2.1
91867	52-1124	M41L, E44ED, M184V, L210W, T215F	DDI	1.4
91867	52-1124	M41L, E44ED, M184V, L210W, T215F	TDF	2.8
91879	52-1136	M41L, E44D, D67N, K70R, L74V, L210W, T215Y, K219E	X3TC	4.6
91879	52-1136	M41L, E44D, D67N, K70R, L74V, L210W, T215Y, K219E	ABC	NA
91879	52-1136	M41L, E44D, D67N, K70R, L74V, L210W, T215Y, K219E	AZT	12
91879	52-1136	M41L, E44D, D67N, K70R, L74V, L210W, T215Y, K219E	D4T	3.4
91879	52-1136	M41L, E44D, D67N, K70R, L74V, L210W, T215Y, K219E	DDI	1.8
91879	52-1136	M41L, E44D, D67N, K70R, L74V, L210W, T215Y, K219E	TDF	1.4
91807	52-1384	M41L, E44D, D67N, L210W, T215Y, K219N	X3TC	6.2
91807	52-1384	M41L, E44D, D67N, L210W, T215Y, K219N	ABC	NA
91807	52-1384	M41L, E44D, D67N, L210W, T215Y, K219N	AZT	NA
91807	52-1384	M41L, E44D, D67N, L210W, T215Y, K219N	D4T	3.8
91807	52-1384	M41L, E44D, D67N, L210W, T215Y, K219N	DDI	2.2
91807	52-1384	M41L, E44D, D67N, L210W, T215Y, K219N	TDF	5.7
92283	52-6019	M41L, D67N, K70R, L210W, T215Y, K219E	X3TC	4.1
92283	52-6019	M41L, D67N, K70R, L210W, T215Y, K219E	ABC	NA
92283	52-6019	M41L, D67N, K70R, L210W, T215Y, K219E	AZT	933
92283	52-6019	M41L, D67N, K70R, L210W, T215Y, K219E	D4T	2.9
92283	52-6019	M41L, D67N, K70R, L210W, T215Y, K219E	DDI	1.5
92283	52-6019	M41L, D67N, K70R, L210W, T215Y, K219E	TDF	5.9
92249	52-5010	M41L, D67N, L74V, M184V, L210W, T215Y	X3TC	103
92249	52-5010	M41L, D67N, L74V, M184V, L210W, T215Y	ABC	NA
92249	52-5010	M41L, D67N, L74V, M184V, L210W, T215Y	AZT	12
92249	52-5010	M41L, D67N, L74V, M184V, L210W, T215Y	D4T	3
92249	52-5010	M41L, D67N, L74V, M184V, L210W, T215Y	DDI	2.7
92249	52-5010	M41L, D67N, L74V, M184V, L210W, T215Y	TDF	1.2
91716	52-1056	M41L, D67N, T69D, L210W, T215Y	X3TC	5.3
91716	52-1056	M41L, D67N, T69D, L210W, T215Y	ABC	NA
91716	52-1056	M41L, D67N, T69D, L210W, T215Y	AZT	495
91716	52-1056	M41L, D67N, T69D, L210W, T215Y	D4T	3.4
91716	52-1056	M41L, D67N, T69D, L210W, T215Y	DDI	1.5
91716	52-1056	M41L, D67N, T69D, L210W, T215Y	TDF	3.6
91694	52-1008	M41L, D67N, K70G, L74I, V75T, T215F, K219Q	X3TC	13
91694	52-1008	M41L, D67N, K70G, L74I, V75T, T215F, K219Q	ABC	NA
91694	52-1008	M41L, D67N, K70G, L74I, V75T, T215F, K219Q	AZT	11
91694	52-1008	M41L, D67N, K70G, L74I, V75T, T215F, K219Q	D4T	2.6
91694	52-1008	M41L, D67N, K70G, L74I, V75T, T215F, K219Q	DDI	2
91694	52-1008	M41L, D67N, K70G, L74I, V75T, T215F, K219Q	TDF	2.2
91772	52-1338	M41L, D67GV, S68G, K70R, L74I, L210W, T215F, K219E	X3TC	5.9
91772	52-1338	M41L, D67GV, S68G, K70R, L74I, L210W, T215F, K219E	ABC	NA
91772	52-1338	M41L, D67GV, S68G, K70R, L74I, L210W, T215F, K219E	AZT	180
91772	52-1338	M41L, D67GV, S68G, K70R, L74I, L210W, T215F, K219E	D4T	4.4
91772	52-1338	M41L, D67GV, S68G, K70R, L74I, L210W, T215F, K219E	DDI	1.8
91772	52-1338	M41L, D67GV, S68G, K70R, L74I, L210W, T215F, K219E	TDF	2.9
92172	52-2002	E40F, M41L, D67N, L74V, L210W, T215Y, K219N	X3TC	11
92172	52-2002	E40F, M41L, D67N, L74V, L210W, T215Y, K219N	ABC	NA
92172	52-2002	E40F, M41L, D67N, L74V, L210W, T215Y, K219N	AZT	44
92172	52-2002	E40F, M41L, D67N, L74V, L210W, T215Y, K219N	D4T	5.9
92172	52-2002	E40F, M41L, D67N, L74V, L210W, T215Y, K219N	DDI	2.4
92172	52-2002	E40F, M41L, D67N, L74V, L210W, T215Y, K219N	TDF	1.7
92202	52-7037	M41L, A62V, V75I, T215Y	X3TC	2.9
92202	52-7037	M41L, A62V, V75I, T215Y	ABC	NA
92202	52-7037	M41L, A62V, V75I, T215Y	AZT	11
92202	52-7037	M41L, A62V, V75I, T215Y	D4T	1.9
92202	52-7037	M41L, A62V, V75I, T215Y	DDI	1.3
92202	52-7037	M41L, A62V, V75I, T215Y	TDF	1.7
91831	52-1428	M41L, E44D, D67N, T69D, V75M, L210W, T215Y	X3TC	5.4
91831	52-1428	M41L, E44D, D67N, T69D, V75M, L210W, T215Y	ABC	NA
91831	52-1428	M41L, E44D, D67N, T69D, V75M, L210W, T215Y	AZT	343
91831	52-1428	M41L, E44D, D67N, T69D, V75M, L210W, T215Y	D4T	3.4
91831	52-1428	M41L, E44D, D67N, T69D, V75M, L210W, T215Y	DDI	1.6
91831	52-1428	M41L, E44D, D67N, T69D, V75M, L210W, T215Y	TDF	3.8
91698	52-1028	D67N, T215F	X3TC	4.5
91698	52-1028	D67N, T215F	ABC	NA
91698	52-1028	D67N, T215F	AZT	93
91698	52-1028	D67N, T215F	D4T	1.7
91698	52-1028	D67N, T215F	DDI	1.8
91698	52-1028	D67N, T215F	TDF	2
91823	52-1398	M41L, L210W, T215Y	X3TC	3
91823	52-1398	M41L, L210W, T215Y	ABC	NA
91823	52-1398	M41L, L210W, T215Y	AZT	44
91823	52-1398	M41L, L210W, T215Y	D4T	2.1
91823	52-1398	M41L, L210W, T215Y	DDI	1.5
91823	52-1398	M41L, L210W, T215Y	TDF	2.1
91873	52-1131	M41L, M184MV, T215Y	X3TC	9.6
91873	52-1131	M41L, M184MV, T215Y	ABC	NA
91873	52-1131	M41L, M184MV, T215Y	AZT	4.2
91873	52-1131	M41L, M184MV, T215Y	D4T	1.6
91873	52-1131	M41L, M184MV, T215Y	DDI	1.5
91873	52-1131	M41L, M184MV, T215Y	TDF	1
92271	52-6009	M41L, E44D, D67N, T69D, L74V, L210W, T215Y	X3TC	7.9
92271	52-6009	M41L, E44D, D67N, T69D, L74V, L210W, T215Y	ABC	NA
92271	52-6009	M41L, E44D, D67N, T69D, L74V, L210W, T215Y	AZT	54
92271	52-6009	M41L, E44D, D67N, T69D, L74V, L210W, T215Y	D4T	4.1
92271	52-6009	M41L, E44D, D67N, T69D, L74V, L210W, T215Y	DDI	1.8
92271	52-6009	M41L, E44D, D67N, T69D, L74V, L210W, T215Y	TDF	1.5
91750	52-1286a	M41L, D67N, L210W, T215Y, K219R	X3TC	2.5
91750	52-1286a	M41L, D67N, L210W, T215Y, K219R	ABC	NA
91750	52-1286a	M41L, D67N, L210W, T215Y, K219R	AZT	401
91750	52-1286a	M41L, D67N, L210W, T215Y, K219R	D4T	2.6
91750	52-1286a	M41L, D67N, L210W, T215Y, K219R	DDI	1.1
91750	52-1286a	M41L, D67N, L210W, T215Y, K219R	TDF	3.7
91799	52-1372	M41L, E44D, D67N, L74V, L210W, T215Y, K219N	X3TC	7.9
91799	52-1372	M41L, E44D, D67N, L74V, L210W, T215Y, K219N	ABC	NA
91799	52-1372	M41L, E44D, D67N, L74V, L210W, T215Y, K219N	AZT	21
91799	52-1372	M41L, E44D, D67N, L74V, L210W, T215Y, K219N	D4T	3.8
91799	52-1372	M41L, E44D, D67N, L74V, L210W, T215Y, K219N	DDI	2.1
91799	52-1372	M41L, E44D, D67N, L74V, L210W, T215Y, K219N	TDF	1.3
91847	52-1099	M41ML, D67N, T69D, K219R	X3TC	2.2
91847	52-1099	M41ML, D67N, T69D, K219R	ABC	NA
91847	52-1099	M41ML, D67N, T69D, K219R	AZT	0.9
91847	52-1099	M41ML, D67N, T69D, K219R	D4T	1.3
91847	52-1099	M41ML, D67N, T69D, K219R	DDI	0.9
91847	52-1099	M41ML, D67N, T69D, K219R	TDF	1.1
91742	52-1267	M41L, D67N, T69D, K70R, V75MT, T215F, K219Q	X3TC	5.8
91742	52-1267	M41L, D67N, T69D, K70R, V75MT, T215F, K219Q	ABC	NA
91742	52-1267	M41L, D67N, T69D, K70R, V75MT, T215F, K219Q	AZT	984
91742	52-1267	M41L, D67N, T69D, K70R, V75MT, T215F, K219Q	D4T	2.9
91742	52-1267	M41L, D67N, T69D, K70R, V75MT, T215F, K219Q	DDI	1.5
91742	52-1267	M41L, D67N, T69D, K70R, V75MT, T215F, K219Q	TDF	5.9
91901	52-1206a	M41L, E44EAD, D67N, M184V, L210W, T215Y	X3TC	98
91901	52-1206a	M41L, E44EAD, D67N, M184V, L210W, T215Y	ABC	NA
91901	52-1206a	M41L, E44EAD, D67N, M184V, L210W, T215Y	AZT	30
91901	52-1206a	M41L, E44EAD, D67N, M184V, L210W, T215Y	D4T	2.7
91901	52-1206a	M41L, E44EAD, D67N, M184V, L210W, T215Y	DDI	1.9
91901	52-1206a	M41L, E44EAD, D67N, M184V, L210W, T215Y	TDF	1.8
92294	52-7013	M41L, E44D, D67E, S68G, L74I, V75M, M184V, L210W, T215Y	X3TC	96
92294	52-7013	M41L, E44D, D67E, S68G, L74I, V75M, M184V, L210W, T215Y	ABC	NA
92294	52-7013	M41L, E44D, D67E, S68G, L74I, V75M, M184V, L210W, T215Y	AZT	50
92294	52-7013	M41L, E44D, D67E, S68G, L74I, V75M, M184V, L210W, T215Y	D4T	3.1
92294	52-7013	M41L, E44D, D67E, S68G, L74I, V75M, M184V, L210W, T215Y	DDI	2.3
92294	52-7013	M41L, E44D, D67E, S68G, L74I, V75M, M184V, L210W, T215Y	TDF	1.5
91913	52-1232	M41L, T215Y	X3TC	1.2
91913	52-1232	M41L, T215Y	ABC	NA
91913	52-1232	M41L, T215Y	AZT	12
91913	52-1232	M41L, T215Y	D4T	1.3
91913	52-1232	M41L, T215Y	DDI	0.9
91913	52-1232	M41L, T215Y	TDF	1.3
91728	52-1259	A62V, K65R, K70T, V75I, F77L, Y115F, F116Y, Q151M, M184V	X3TC	100
91728	52-1259	A62V, K65R, K70T, V75I, F77L, Y115F, F116Y, Q151M, M184V	ABC	NA
91728	52-1259	A62V, K65R, K70T, V75I, F77L, Y115F, F116Y, Q151M, M184V	AZT	984
91728	52-1259	A62V, K65R, K70T, V75I, F77L, Y115F, F116Y, Q151M, M184V	D4T	25
91728	52-1259	A62V, K65R, K70T, V75I, F77L, Y115F, F116Y, Q151M, M184V	DDI	22
91728	52-1259	A62V, K65R, K70T, V75I, F77L, Y115F, F116Y, Q151M, M184V	TDF	7.5
91885	52-1143	M41L, D67N, L74I, M184V, T215Y	X3TC	96
91885	52-1143	M41L, D67N, L74I, M184V, T215Y	ABC	NA
91885	52-1143	M41L, D67N, L74I, M184V, T215Y	AZT	4.3
91885	52-1143	M41L, D67N, L74I, M184V, T215Y	D4T	1.8
91885	52-1143	M41L, D67N, L74I, M184V, T215Y	DDI	2.1
91885	52-1143	M41L, D67N, L74I, M184V, T215Y	TDF	0.9
91785	52-1350	M41L, D67N, K70R, L74V, L210W, T215F, K219W	X3TC	40
91785	52-1350	M41L, D67N, K70R, L74V, L210W, T215F, K219W	ABC	NA
91785	52-1350	M41L, D67N, K70R, L74V, L210W, T215F, K219W	AZT	NA
91785	52-1350	M41L, D67N, K70R, L74V, L210W, T215F, K219W	D4T	30
91785	52-1350	M41L, D67N, K70R, L74V, L210W, T215F, K219W	DDI	9.3
91785	52-1350	M41L, D67N, K70R, L74V, L210W, T215F, K219W	TDF	18
91917	52-1236		X3TC	0.9
91917	52-1236		ABC	NA
91917	52-1236		AZT	0.8
91917	52-1236		D4T	1
91917	52-1236		DDI	0.9
91917	52-1236		TDF	0.9
91726	52-1243	M41L, D67N, T69D, K70R, T215F, K219Q	X3TC	5.4
91726	52-1243	M41L, D67N, T69D, K70R, T215F, K219Q	ABC	NA
91726	52-1243	M41L, D67N, T69D, K70R, T215F, K219Q	AZT	NA
91726	52-1243	M41L, D67N, T69D, K70R, T215F, K219Q	D4T	3.7
91726	52-1243	M41L, D67N, T69D, K70R, T215F, K219Q	DDI	1.8
91726	52-1243	M41L, D67N, T69D, K70R, T215F, K219Q	TDF	6.6
91859	52-1112	M41L, E44D, D67N, V75A, M184V, L210W, T215Y	X3TC	120
91859	52-1112	M41L, E44D, D67N, V75A, M184V, L210W, T215Y	ABC	NA
91859	52-1112	M41L, E44D, D67N, V75A, M184V, L210W, T215Y	AZT	11
91859	52-1112	M41L, E44D, D67N, V75A, M184V, L210W, T215Y	D4T	2.9
91859	52-1112	M41L, E44D, D67N, V75A, M184V, L210W, T215Y	DDI	1.9
91859	52-1112	M41L, E44D, D67N, V75A, M184V, L210W, T215Y	TDF	0.9
91708	52-1051		X3TC	0.9
91708	52-1051		ABC	NA
91708	52-1051		AZT	1
91708	52-1051		D4T	0.9
91708	52-1051		DDI	1
91708	52-1051		TDF	0.9
91801	52-1375	M184V	X3TC	100
91801	52-1375	M184V	ABC	NA
91801	52-1375	M184V	AZT	0.2
91801	52-1375	M184V	D4T	0.7
91801	52-1375	M184V	DDI	1.2
91801	52-1375	M184V	TDF	0.4
91887	52-1144	D67H, K70R, M184V, T215F, K219*E	X3TC	120
91887	52-1144	D67H, K70R, M184V, T215F, K219*E	ABC	NA
91887	52-1144	D67H, K70R, M184V, T215F, K219*E	AZT	13
91887	52-1144	D67H, K70R, M184V, T215F, K219*E	D4T	1.4
91887	52-1144	D67H, K70R, M184V, T215F, K219*E	DDI	1.5
91887	52-1144	D67H, K70R, M184V, T215F, K219*E	TDF	1.2
91762	52-1324	M41L, D67N, V75M, L210W, T215Y	X3TC	7
91762	52-1324	M41L, D67N, V75M, L210W, T215Y	ABC	NA
91762	52-1324	M41L, D67N, V75M, L210W, T215Y	AZT	137
91762	52-1324	M41L, D67N, V75M, L210W, T215Y	D4T	3.7
91762	52-1324	M41L, D67N, V75M, L210W, T215Y	DDI	1.8
91762	52-1324	M41L, D67N, V75M, L210W, T215Y	TDF	2.6
92182	52-7018	M41L, E44ED, D67N, V75ILM, L210W, T215Y, K219R	X3TC	6
92182	52-7018	M41L, E44ED, D67N, V75ILM, L210W, T215Y, K219R	ABC	NA
92182	52-7018	M41L, E44ED, D67N, V75ILM, L210W, T215Y, K219R	AZT	174
92182	52-7018	M41L, E44ED, D67N, V75ILM, L210W, T215Y, K219R	D4T	4.5
92182	52-7018	M41L, E44ED, D67N, V75ILM, L210W, T215Y, K219R	DDI	1.6
92182	52-7018	M41L, E44ED, D67N, V75ILM, L210W, T215Y, K219R	TDF	5
91776	52-1340		X3TC	0.8
91776	52-1340		ABC	NA
91776	52-1340		AZT	0.8
91776	52-1340		D4T	0.9
91776	52-1340		DDI	0.8
91776	52-1340		TDF	0.8
91787	52-1351	M41L, A62V, V75I, T215Y	X3TC	3.2
91787	52-1351	M41L, A62V, V75I, T215Y	ABC	NA
91787	52-1351	M41L, A62V, V75I, T215Y	AZT	2.5
91787	52-1351	M41L, A62V, V75I, T215Y	D4T	1.6
91787	52-1351	M41L, A62V, V75I, T215Y	DDI	1
91787	52-1351	M41L, A62V, V75I, T215Y	TDF	0.8
92225	52-4003	M41L, S68G, M184V, T215Y	X3TC	98
92225	52-4003	M41L, S68G, M184V, T215Y	ABC	NA
92225	52-4003	M41L, S68G, M184V, T215Y	AZT	12
92225	52-4003	M41L, S68G, M184V, T215Y	D4T	1.2
92225	52-4003	M41L, S68G, M184V, T215Y	DDI	1.6
92225	52-4003	M41L, S68G, M184V, T215Y	TDF	1.5
92208	52-7044	D67N, S68N, L74V, T215Y, K219E	X3TC	1.8
92208	52-7044	D67N, S68N, L74V, T215Y, K219E	ABC	NA
92208	52-7044	D67N, S68N, L74V, T215Y, K219E	AZT	0.7
92208	52-7044	D67N, S68N, L74V, T215Y, K219E	D4T	1.2
92208	52-7044	D67N, S68N, L74V, T215Y, K219E	DDI	1.2
92208	52-7044	D67N, S68N, L74V, T215Y, K219E	TDF	0.6
91758	52-1316	D67DN, T215Y	X3TC	2.7
91758	52-1316	D67DN, T215Y	ABC	NA
91758	52-1316	D67DN, T215Y	AZT	7.2
91758	52-1316	D67DN, T215Y	D4T	1.5
91758	52-1316	D67DN, T215Y	DDI	0.9
91758	52-1316	D67DN, T215Y	TDF	1.1
92178	52-2018	L74V, Y115F, M184V	X3TC	148
92178	52-2018	L74V, Y115F, M184V	ABC	NA
92178	52-2018	L74V, Y115F, M184V	AZT	NA
92178	52-2018	L74V, Y115F, M184V	D4T	8.3
92178	52-2018	L74V, Y115F, M184V	DDI	2.6
92178	52-2018	L74V, Y115F, M184V	TDF	7.1
91861	52-1115	K70KN, L74V, Y115F, Q151M, M184V, K219Q	X3TC	115
91861	52-1115	K70KN, L74V, Y115F, Q151M, M184V, K219Q	ABC	NA
91861	52-1115	K70KN, L74V, Y115F, Q151M, M184V, K219Q	AZT	3.4
91861	52-1115	K70KN, L74V, Y115F, Q151M, M184V, K219Q	D4T	4.4
91861	52-1115	K70KN, L74V, Y115F, Q151M, M184V, K219Q	DDI	8.6
91861	52-1115	K70KN, L74V, Y115F, Q151M, M184V, K219Q	TDF	0.5
91837	52-1437	D67N, L74IV, M184V, T215I, K219E	X3TC	120
91837	52-1437	D67N, L74IV, M184V, T215I, K219E	ABC	NA
91837	52-1437	D67N, L74IV, M184V, T215I, K219E	AZT	0.3
91837	52-1437	D67N, L74IV, M184V, T215I, K219E	D4T	0.6
91837	52-1437	D67N, L74IV, M184V, T215I, K219E	DDI	1.4
91837	52-1437	D67N, L74IV, M184V, T215I, K219E	TDF	0.3
91738	52-1265	M41L, D67N, L210W, T215Y, K219N	X3TC	2.2
91738	52-1265	M41L, D67N, L210W, T215Y, K219N	ABC	NA
91738	52-1265	M41L, D67N, L210W, T215Y, K219N	AZT	34
91738	52-1265	M41L, D67N, L210W, T215Y, K219N	D4T	2.2
91738	52-1265	M41L, D67N, L210W, T215Y, K219N	DDI	0.9
91738	52-1265	M41L, D67N, L210W, T215Y, K219N	TDF	1.7
92233	52-4012	M41ML, E44ED, T69AD, L210LW, K219KR	X3TC	6
92233	52-4012	M41ML, E44ED, T69AD, L210LW, K219KR	ABC	NA
92233	52-4012	M41ML, E44ED, T69AD, L210LW, K219KR	AZT	214
92233	52-4012	M41ML, E44ED, T69AD, L210LW, K219KR	D4T	3.6
92233	52-4012	M41ML, E44ED, T69AD, L210LW, K219KR	DDI	2
92233	52-4012	M41ML, E44ED, T69AD, L210LW, K219KR	TDF	3.8
92273	52-6011	M41L, E44D, D67S, T69T_VT, L210W, T215Y	X3TC	47
92273	52-6011	M41L, E44D, D67S, T69T_VT, L210W, T215Y	ABC	NA
92273	52-6011	M41L, E44D, D67S, T69T_VT, L210W, T215Y	AZT	942
92273	52-6011	M41L, E44D, D67S, T69T_VT, L210W, T215Y	D4T	21
92273	52-6011	M41L, E44D, D67S, T69T_VT, L210W, T215Y	DDI	7.2
92273	52-6011	M41L, E44D, D67S, T69T_VT, L210W, T215Y	TDF	47
91827	52-1422	M41L, D67DN, M184V, T215Y	X3TC	115
91827	52-1422	M41L, D67DN, M184V, T215Y	ABC	NA
91827	52-1422	M41L, D67DN, M184V, T215Y	AZT	1.7
91827	52-1422	M41L, D67DN, M184V, T215Y	D4T	1.3
91827	52-1422	M41L, D67DN, M184V, T215Y	DDI	1.3
91827	52-1422	M41L, D67DN, M184V, T215Y	TDF	0.6
91905	52-1217	K65R, S68G, Q151M	X3TC	27
91905	52-1217	K65R, S68G, Q151M	ABC	NA
91905	52-1217	K65R, S68G, Q151M	AZT	2.9
91905	52-1217	K65R, S68G, Q151M	D4T	8
91905	52-1217	K65R, S68G, Q151M	DDI	8.9
91905	52-1217	K65R, S68G, Q151M	TDF	2.4
91911	52-1229	M41L, E44D, D67G, S68G, V75M, L210W, T215Y	X3TC	5.7
91911	52-1229	M41L, E44D, D67G, S68G, V75M, L210W, T215Y	ABC	NA
91911	52-1229	M41L, E44D, D67G, S68G, V75M, L210W, T215Y	AZT	164
91911	52-1229	M41L, E44D, D67G, S68G, V75M, L210W, T215Y	D4T	3.3
91911	52-1229	M41L, E44D, D67G, S68G, V75M, L210W, T215Y	DDI	1.2
91911	52-1229	M41L, E44D, D67G, S68G, V75M, L210W, T215Y	TDF	3.2
92287	52-7003a	M41L, S68G, M184V, L210W, T215Y	X3TC	98
92287	52-7003a	M41L, S68G, M184V, L210W, T215Y	ABC	NA
92287	52-7003a	M41L, S68G, M184V, L210W, T215Y	AZT	32
92287	52-7003a	M41L, S68G, M184V, L210W, T215Y	D4T	1.5
92287	52-7003a	M41L, S68G, M184V, L210W, T215Y	DDI	1.3
92287	52-7003a	M41L, S68G, M184V, L210W, T215Y	TDF	1.7
92265	52-6004	M41L, D67N, L210W, T215Y	X3TC	2.6
92265	52-6004	M41L, D67N, L210W, T215Y	ABC	NA
92265	52-6004	M41L, D67N, L210W, T215Y	AZT	100
92265	52-6004	M41L, D67N, L210W, T215Y	D4T	2.2
92265	52-6004	M41L, D67N, L210W, T215Y	DDI	1
92265	52-6004	M41L, D67N, L210W, T215Y	TDF	2.7
92192	52-3001	M41L, M184V, L210W, T215Y, K219E	X3TC	98
92192	52-3001	M41L, M184V, L210W, T215Y, K219E	ABC	NA
92192	52-3001	M41L, M184V, L210W, T215Y, K219E	AZT	1.2
92192	52-3001	M41L, M184V, L210W, T215Y, K219E	D4T	1.2
92192	52-3001	M41L, M184V, L210W, T215Y, K219E	DDI	1.4
92192	52-3001	M41L, M184V, L210W, T215Y, K219E	TDF	0.7
91791	52-1369	M41L, K65KE, L74V, M184V, T215Y	X3TC	115
91791	52-1369	M41L, K65KE, L74V, M184V, T215Y	ABC	NA
91791	52-1369	M41L, K65KE, L74V, M184V, T215Y	AZT	1.9
91791	52-1369	M41L, K65KE, L74V, M184V, T215Y	D4T	1.6
91791	52-1369	M41L, K65KE, L74V, M184V, T215Y	DDI	2.1
91791	52-1369	M41L, K65KE, L74V, M184V, T215Y	TDF	0.6
91754	52-1313	M41L, L74V, M184V, L210W, T215Y	X3TC	100
91754	52-1313	M41L, L74V, M184V, L210W, T215Y	ABC	NA
91754	52-1313	M41L, L74V, M184V, L210W, T215Y	AZT	1.1
91754	52-1313	M41L, L74V, M184V, L210W, T215Y	D4T	1.4
91754	52-1313	M41L, L74V, M184V, L210W, T215Y	DDI	1.9
91754	52-1313	M41L, L74V, M184V, L210W, T215Y	TDF	0.5
91897	52-1199	D67N, K70R, T215F, K219Q	X3TC	3.7
91897	52-1199	D67N, K70R, T215F, K219Q	ABC	NA
91897	52-1199	D67N, K70R, T215F, K219Q	AZT	360
91897	52-1199	D67N, K70R, T215F, K219Q	D4T	2.2
91897	52-1199	D67N, K70R, T215F, K219Q	DDI	1.6
91897	52-1199	D67N, K70R, T215F, K219Q	TDF	3.1
92200	52-7034	D67N, K70R, K219Q	X3TC	1.1
92200	52-7034	D67N, K70R, K219Q	ABC	NA
92200	52-7034	D67N, K70R, K219Q	AZT	14
92200	52-7034	D67N, K70R, K219Q	D4T	1.3
92200	52-7034	D67N, K70R, K219Q	DDI	0.9
92200	52-7034	D67N, K70R, K219Q	TDF	1.7
91734	52-1262	T215Y	X3TC	2.4
91734	52-1262	T215Y	ABC	NA
91734	52-1262	T215Y	AZT	2.5
91734	52-1262	T215Y	D4T	1.9
91734	52-1262	T215Y	DDI	1.1
91734	52-1262	T215Y	TDF	1.1
92174	52-2003	M41L, E44D, D67N, T69DN, K70R, L74I, L210W, T215F, K219Q	X3TC	4.4
92174	52-2003	M41L, E44D, D67N, T69DN, K70R, L74I, L210W, T215F, K219Q	ABC	NA
92174	52-2003	M41L, E44D, D67N, T69DN, K70R, L74I, L210W, T215F, K219Q	AZT	58
92174	52-2003	M41L, E44D, D67N, T69DN, K70R, L74I, L210W, T215F, K219Q	D4T	4.1
92174	52-2003	M41L, E44D, D67N, T69DN, K70R, L74I, L210W, T215F, K219Q	DDI	1.5
92174	52-2003	M41L, E44D, D67N, T69DN, K70R, L74I, L210W, T215F, K219Q	TDF	2.2
91748	52-1286	M41L, D67N, L210W, T215Y, K219R	X3TC	2.7
91748	52-1286	M41L, D67N, L210W, T215Y, K219R	ABC	NA
91748	52-1286	M41L, D67N, L210W, T215Y, K219R	AZT	414
91748	52-1286	M41L, D67N, L210W, T215Y, K219R	D4T	3.4
91748	52-1286	M41L, D67N, L210W, T215Y, K219R	DDI	1.6
91748	52-1286	M41L, D67N, L210W, T215Y, K219R	TDF	4.3
92277	52-6014	M41L, E44A, D67N, T69D, V75M, M184V, L210W, T215Y	X3TC	103
92277	52-6014	M41L, E44A, D67N, T69D, V75M, M184V, L210W, T215Y	ABC	NA
92277	52-6014	M41L, E44A, D67N, T69D, V75M, M184V, L210W, T215Y	AZT	40
92277	52-6014	M41L, E44A, D67N, T69D, V75M, M184V, L210W, T215Y	D4T	2.7
92277	52-6014	M41L, E44A, D67N, T69D, V75M, M184V, L210W, T215Y	DDI	2.5
92277	52-6014	M41L, E44A, D67N, T69D, V75M, M184V, L210W, T215Y	TDF	1.9
91817	52-1392a	M41ML, D67N, T69DY, K70R, M184V, T215F, K219Q	X3TC	98
91817	52-1392a	M41ML, D67N, T69DY, K70R, M184V, T215F, K219Q	ABC	NA
91817	52-1392a	M41ML, D67N, T69DY, K70R, M184V, T215F, K219Q	AZT	2.9
91817	52-1392a	M41ML, D67N, T69DY, K70R, M184V, T215F, K219Q	D4T	1.4
91817	52-1392a	M41ML, D67N, T69DY, K70R, M184V, T215F, K219Q	DDI	1.5
91817	52-1392a	M41ML, D67N, T69DY, K70R, M184V, T215F, K219Q	TDF	0.7
91863	52-1121	M184MV	X3TC	23
91863	52-1121	M184MV	ABC	NA
91863	52-1121	M184MV	AZT	0.4
91863	52-1121	M184MV	D4T	0.9
91863	52-1121	M184MV	DDI	1.8
91863	52-1121	M184MV	TDF	0.7
92241	52-5003	M41L, D67N, L74V, M184V, L210W, T215Y, K219N	X3TC	98
92241	52-5003	M41L, D67N, L74V, M184V, L210W, T215Y, K219N	ABC	NA
92241	52-5003	M41L, D67N, L74V, M184V, L210W, T215Y, K219N	AZT	15
92241	52-5003	M41L, D67N, L74V, M184V, L210W, T215Y, K219N	D4T	3.2
92241	52-5003	M41L, D67N, L74V, M184V, L210W, T215Y, K219N	DDI	2.7
92241	52-5003	M41L, D67N, L74V, M184V, L210W, T215Y, K219N	TDF	0.9
91712	52-1053a	M41L, M184V, L210W, T215Y	X3TC	148
91712	52-1053a	M41L, M184V, L210W, T215Y	ABC	NA
91712	52-1053a	M41L, M184V, L210W, T215Y	AZT	9.7
91712	52-1053a	M41L, M184V, L210W, T215Y	D4T	2.2
91712	52-1053a	M41L, M184V, L210W, T215Y	DDI	1.7
91712	52-1053a	M41L, M184V, L210W, T215Y	TDF	1.3
92229	52-4008	S68G, F116Y, Q151M, M184V	X3TC	96
92229	52-4008	S68G, F116Y, Q151M, M184V	ABC	NA
92229	52-4008	S68G, F116Y, Q151M, M184V	AZT	7.3
92229	52-4008	S68G, F116Y, Q151M, M184V	D4T	5.3
92229	52-4008	S68G, F116Y, Q151M, M184V	DDI	12
92229	52-4008	S68G, F116Y, Q151M, M184V	TDF	0.7
91704	52-1043	D67N, K70GR, L74LV, T215I, K219E	X3TC	2.6
91704	52-1043	D67N, K70GR, L74LV, T215I, K219E	ABC	NA
91704	52-1043	D67N, K70GR, L74LV, T215I, K219E	AZT	1
91704	52-1043	D67N, K70GR, L74LV, T215I, K219E	D4T	1.4
91704	52-1043	D67N, K70GR, L74LV, T215I, K219E	DDI	1.2
91704	52-1043	D67N, K70GR, L74LV, T215I, K219E	TDF	0.6
91821	52-1394	K65KR, S68G, K70R, V75I, F77L, Y115F, F116Y, Q151M, K219E	X3TC	33
91821	52-1394	K65KR, S68G, K70R, V75I, F77L, Y115F, F116Y, Q151M, K219E	ABC	NA
91821	52-1394	K65KR, S68G, K70R, V75I, F77L, Y115F, F116Y, Q151M, K219E	AZT	429
91821	52-1394	K65KR, S68G, K70R, V75I, F77L, Y115F, F116Y, Q151M, K219E	D4T	24
91821	52-1394	K65KR, S68G, K70R, V75I, F77L, Y115F, F116Y, Q151M, K219E	DDI	16
91821	52-1394	K65KR, S68G, K70R, V75I, F77L, Y115F, F116Y, Q151M, K219E	TDF	4.2
91702	52-1034		X3TC	1
91702	52-1034		ABC	NA
91702	52-1034		AZT	1
91702	52-1034		D4T	1.1
91702	52-1034		DDI	0.9
91702	52-1034		TDF	0.9
91853	52-1109	M41L, E44A, D67N, L74I, V75M, M184V, L210W, T215Y, K219KN	X3TC	120
91853	52-1109	M41L, E44A, D67N, L74I, V75M, M184V, L210W, T215Y, K219KN	ABC	NA
91853	52-1109	M41L, E44A, D67N, L74I, V75M, M184V, L210W, T215Y, K219KN	AZT	4
91853	52-1109	M41L, E44A, D67N, L74I, V75M, M184V, L210W, T215Y, K219KN	D4T	2.9
91853	52-1109	M41L, E44A, D67N, L74I, V75M, M184V, L210W, T215Y, K219KN	DDI	2.3
91853	52-1109	M41L, E44A, D67N, L74I, V75M, M184V, L210W, T215Y, K219KN	TDF	1
92216	52-3014	D67N, T69D, K70R, L74V, M184V, K219Q	X3TC	98
92216	52-3014	D67N, T69D, K70R, L74V, M184V, K219Q	ABC	NA
92216	52-3014	D67N, T69D, K70R, L74V, M184V, K219Q	AZT	0.5
92216	52-3014	D67N, T69D, K70R, L74V, M184V, K219Q	D4T	1.1
92216	52-3014	D67N, T69D, K70R, L74V, M184V, K219Q	DDI	2.4
92216	52-3014	D67N, T69D, K70R, L74V, M184V, K219Q	TDF	0.4
91919	52-1237	A62V, T69T_T, V75T	X3TC	10
91919	52-1237	A62V, T69T_T, V75T	ABC	NA
91919	52-1237	A62V, T69T_T, V75T	AZT	1
91919	52-1237	A62V, T69T_T, V75T	D4T	8
91919	52-1237	A62V, T69T_T, V75T	DDI	5.8
91919	52-1237	A62V, T69T_T, V75T	TDF	2.2
91779	52-1343	D67N, K70R, T215F, K219E	X3TC	3.4
91779	52-1343	D67N, K70R, T215F, K219E	ABC	NA
91779	52-1343	D67N, K70R, T215F, K219E	AZT	16
91779	52-1343	D67N, K70R, T215F, K219E	D4T	2
91779	52-1343	D67N, K70R, T215F, K219E	DDI	1.4
91779	52-1343	D67N, K70R, T215F, K219E	TDF	1.4
91825	52-1408	M41L, D67N, L210W, T215Y, K219KN	X3TC	4.1
91825	52-1408	M41L, D67N, L210W, T215Y, K219KN	ABC	NA
91825	52-1408	M41L, D67N, L210W, T215Y, K219KN	AZT	298
91825	52-1408	M41L, D67N, L210W, T215Y, K219KN	D4T	3.9
91825	52-1408	M41L, D67N, L210W, T215Y, K219KN	DDI	1.6
91825	52-1408	M41L, D67N, L210W, T215Y, K219KN	TDF	3.9
91903	52-1215	M41L, E44ED, L74V, M184V, L210LW, T215Y	X3TC	148
91903	52-1215	M41L, E44ED, L74V, M184V, L210LW, T215Y	ABC	NA
91903	52-1215	M41L, E44ED, L74V, M184V, L210LW, T215Y	AZT	1.6
91903	52-1215	M41L, E44ED, L74V, M184V, L210LW, T215Y	D4T	1.8
91903	52-1215	M41L, E44ED, L74V, M184V, L210LW, T215Y	DDI	2.1
91903	52-1215	M41L, E44ED, L74V, M184V, L210LW, T215Y	TDF	0.6
91696	52-1026	M41L, T69S_SS, L210W, T215Y	X3TC	9.9
91696	52-1026	M41L, T69S_SS, L210W, T215Y	ABC	NA
91696	52-1026	M41L, T69S_SS, L210W, T215Y	AZT	NA
91696	52-1026	M41L, T69S_SS, L210W, T215Y	D4T	9.2
91696	52-1026	M41L, T69S_SS, L210W, T215Y	DDI	3.5
91696	52-1026	M41L, T69S_SS, L210W, T215Y	TDF	12
91764	52-1324a	M41L, D67N, V75M, L210W, T215Y	X3TC	7.9
91764	52-1324a	M41L, D67N, V75M, L210W, T215Y	ABC	NA
91764	52-1324a	M41L, D67N, V75M, L210W, T215Y	AZT	270
91764	52-1324a	M41L, D67N, V75M, L210W, T215Y	D4T	3.6
91764	52-1324a	M41L, D67N, V75M, L210W, T215Y	DDI	2.1
91764	52-1324a	M41L, D67N, V75M, L210W, T215Y	TDF	3.5
92204	52-7038	M41L, D67N, L74V, L210W, T215Y, K219R	X3TC	8.5
92204	52-7038	M41L, D67N, L74V, L210W, T215Y, K219R	ABC	NA
92204	52-7038	M41L, D67N, L74V, L210W, T215Y, K219R	AZT	201
92204	52-7038	M41L, D67N, L74V, L210W, T215Y, K219R	D4T	5.9
92204	52-7038	M41L, D67N, L74V, L210W, T215Y, K219R	DDI	2.3
92204	52-7038	M41L, D67N, L74V, L210W, T215Y, K219R	TDF	2.9
91700	52-1031	D67N, K70R, K219Q	X3TC	1.5
91700	52-1031	D67N, K70R, K219Q	ABC	NA
91700	52-1031	D67N, K70R, K219Q	AZT	14
91700	52-1031	D67N, K70R, K219Q	D4T	1.3
91700	52-1031	D67N, K70R, K219Q	DDI	1
91700	52-1031	D67N, K70R, K219Q	TDF	1.7
91895	52-1189a	M41L, E44D, D67N, M184V, L210W, T215Y, K219N	X3TC	98
91895	52-1189a	M41L, E44D, D67N, M184V, L210W, T215Y, K219N	ABC	NA
91895	52-1189a	M41L, E44D, D67N, M184V, L210W, T215Y, K219N	AZT	55
91895	52-1189a	M41L, E44D, D67N, M184V, L210W, T215Y, K219N	D4T	3.7
91895	52-1189a	M41L, E44D, D67N, M184V, L210W, T215Y, K219N	DDI	2.1
91895	52-1189a	M41L, E44D, D67N, M184V, L210W, T215Y, K219N	TDF	1.4
92279	52-6017	M41L, D67N, L210LW, T215Y, K219R	X3TC	4.8
92279	52-6017	M41L, D67N, L210LW, T215Y, K219R	ABC	NA
92279	52-6017	M41L, D67N, L210LW, T215Y, K219R	AZT	542
92279	52-6017	M41L, D67N, L210LW, T215Y, K219R	D4T	3.1
92279	52-6017	M41L, D67N, L210LW, T215Y, K219R	DDI	1.2
92279	52-6017	M41L, D67N, L210LW, T215Y, K219R	TDF	3.9
91813	52-1389	M41L, D67N, T69D, K70R, V75M, T215Y, K219Q	X3TC	5.2
91813	52-1389	M41L, D67N, T69D, K70R, V75M, T215Y, K219Q	ABC	NA
91813	52-1389	M41L, D67N, T69D, K70R, V75M, T215Y, K219Q	AZT	48
91813	52-1389	M41L, D67N, T69D, K70R, V75M, T215Y, K219Q	D4T	3.2
91813	52-1389	M41L, D67N, T69D, K70R, V75M, T215Y, K219Q	DDI	1.6
91813	52-1389	M41L, D67N, T69D, K70R, V75M, T215Y, K219Q	TDF	2.3
91833	52-1428a	M41L, E44D, D67N, T69D, V75M, L210W, T215Y	X3TC	5.5
91833	52-1428a	M41L, E44D, D67N, T69D, V75M, L210W, T215Y	ABC	NA
91833	52-1428a	M41L, E44D, D67N, T69D, V75M, L210W, T215Y	AZT	106
91833	52-1428a	M41L, E44D, D67N, T69D, V75M, L210W, T215Y	D4T	3.2
91833	52-1428a	M41L, E44D, D67N, T69D, V75M, L210W, T215Y	DDI	1.4
91833	52-1428a	M41L, E44D, D67N, T69D, V75M, L210W, T215Y	TDF	3.4
92231	52-4009	E40F, M41L, T69D, V75M, L210W, T215Y	X3TC	15
92231	52-4009	E40F, M41L, T69D, V75M, L210W, T215Y	ABC	NA
92231	52-4009	E40F, M41L, T69D, V75M, L210W, T215Y	AZT	NA
92231	52-4009	E40F, M41L, T69D, V75M, L210W, T215Y	D4T	9.8
92231	52-4009	E40F, M41L, T69D, V75M, L210W, T215Y	DDI	3.5
92231	52-4009	E40F, M41L, T69D, V75M, L210W, T215Y	TDF	7.6
91740	52-1266		X3TC	0.7
91740	52-1266		ABC	NA
91740	52-1266		AZT	1.2
91740	52-1266		D4T	0.8
91740	52-1266		DDI	0.8
91740	52-1266		TDF	0.9
91877	52-1135	T215Y	X3TC	2.5
91877	52-1135	T215Y	ABC	NA
91877	52-1135	T215Y	AZT	10
91877	52-1135	T215Y	D4T	1.8
91877	52-1135	T215Y	DDI	1.2
91877	52-1135	T215Y	TDF	1.2
91746	52-1285	M41L, L74V, V75S, M184V, T215Y	X3TC	148
91746	52-1285	M41L, L74V, V75S, M184V, T215Y	ABC	NA
91746	52-1285	M41L, L74V, V75S, M184V, T215Y	AZT	80
91746	52-1285	M41L, L74V, V75S, M184V, T215Y	D4T	3.2
91746	52-1285	M41L, L74V, V75S, M184V, T215Y	DDI	1.9
91746	52-1285	M41L, L74V, V75S, M184V, T215Y	TDF	2.4
92255	52-5036	M41L, L74V, V75S, M184V, T215Y	X3TC	98
92255	52-5036	M41L, L74V, V75S, M184V, T215Y	ABC	NA
92255	52-5036	M41L, L74V, V75S, M184V, T215Y	AZT	3.7
92255	52-5036	M41L, L74V, V75S, M184V, T215Y	D4T	1.7
92255	52-5036	M41L, L74V, V75S, M184V, T215Y	DDI	2.5
92255	52-5036	M41L, L74V, V75S, M184V, T215Y	TDF	0.7
92180	52-2022	D67N, K70R, M184V, T215V, K219Q	X3TC	96
92180	52-2022	D67N, K70R, M184V, T215V, K219Q	ABC	NA
92180	52-2022	D67N, K70R, M184V, T215V, K219Q	AZT	24
92180	52-2022	D67N, K70R, M184V, T215V, K219Q	D4T	1.8
92180	52-2022	D67N, K70R, M184V, T215V, K219Q	DDI	1.9
92180	52-2022	D67N, K70R, M184V, T215V, K219Q	TDF	1.6
92289	52-7004	M41L, L74LFI, V75VI, L210W, T215Y	X3TC	4.2
92289	52-7004	M41L, L74LFI, V75VI, L210W, T215Y	ABC	NA
92289	52-7004	M41L, L74LFI, V75VI, L210W, T215Y	AZT	37
92289	52-7004	M41L, L74LFI, V75VI, L210W, T215Y	D4T	3.3
92289	52-7004	M41L, L74LFI, V75VI, L210W, T215Y	DDI	2.4
92289	52-7004	M41L, L74LFI, V75VI, L210W, T215Y	TDF	2.1
92292	52-7008	M41L, E44A, D67N, T69D, L210W, T215Y	X3TC	5.9
92292	52-7008	M41L, E44A, D67N, T69D, L210W, T215Y	ABC	NA
92292	52-7008	M41L, E44A, D67N, T69D, L210W, T215Y	AZT	672
92292	52-7008	M41L, E44A, D67N, T69D, L210W, T215Y	D4T	5.3
92292	52-7008	M41L, E44A, D67N, T69D, L210W, T215Y	DDI	2
92292	52-7008	M41L, E44A, D67N, T69D, L210W, T215Y	TDF	3.6
92221	52-3022	M41L, D67N, L210W, T215Y	X3TC	3.6
92221	52-3022	M41L, D67N, L210W, T215Y	ABC	NA
92221	52-3022	M41L, D67N, L210W, T215Y	AZT	141
92221	52-3022	M41L, D67N, L210W, T215Y	D4T	4.6
92221	52-3022	M41L, D67N, L210W, T215Y	DDI	1.7
92221	52-3022	M41L, D67N, L210W, T215Y	TDF	2.6
91915	52-1232a	M41L	X3TC	1.4
91915	52-1232a	M41L	ABC	NA
91915	52-1232a	M41L	AZT	8.4
91915	52-1232a	M41L	D4T	1.5
91915	52-1232a	M41L	DDI	0.9
91915	52-1232a	M41L	TDF	1.6
91907	52-1223	M41L, D67N, L74V, L210W, T215Y, K219N	X3TC	4.9
91907	52-1223	M41L, D67N, L74V, L210W, T215Y, K219N	ABC	NA
91907	52-1223	M41L, D67N, L74V, L210W, T215Y, K219N	AZT	9.3
91907	52-1223	M41L, D67N, L74V, L210W, T215Y, K219N	D4T	3.5
91907	52-1223	M41L, D67N, L74V, L210W, T215Y, K219N	DDI	2.3
91907	52-1223	M41L, D67N, L74V, L210W, T215Y, K219N	TDF	1.3
91883	52-1138	D67N, L74LV, L210LW, T215NY, K219N	X3TC	3.7
91883	52-1138	D67N, L74LV, L210LW, T215NY, K219N	ABC	NA
91883	52-1138	D67N, L74LV, L210LW, T215NY, K219N	AZT	13
91883	52-1138	D67N, L74LV, L210LW, T215NY, K219N	D4T	2.9
91883	52-1138	D67N, L74LV, L210LW, T215NY, K219N	DDI	1.9
91883	52-1138	D67N, L74LV, L210LW, T215NY, K219N	TDF	1.2
91789	52-1353	M41L, D67N, T69D, L210W, T215Y, K219R	X3TC	4.5
91789	52-1353	M41L, D67N, T69D, L210W, T215Y, K219R	ABC	NA
91789	52-1353	M41L, D67N, T69D, L210W, T215Y, K219R	AZT	942
91789	52-1353	M41L, D67N, T69D, L210W, T215Y, K219R	D4T	4.5
91789	52-1353	M41L, D67N, T69D, L210W, T215Y, K219R	DDI	1.6
91789	52-1353	M41L, D67N, T69D, L210W, T215Y, K219R	TDF	4.9
91774	52-1075	A62V, K65R, D67N, S68G, V75I, F77L, Y115F, F116Y, Q151M, K219E	X3TC	117
91774	52-1075	A62V, K65R, D67N, S68G, V75I, F77L, Y115F, F116Y, Q151M, K219E	ABC	NA
91774	52-1075	A62V, K65R, D67N, S68G, V75I, F77L, Y115F, F116Y, Q151M, K219E	AZT	NA
91774	52-1075	A62V, K65R, D67N, S68G, V75I, F77L, Y115F, F116Y, Q151M, K219E	D4T	23
91774	52-1075	A62V, K65R, D67N, S68G, V75I, F77L, Y115F, F116Y, Q151M, K219E	DDI	20
91774	52-1075	A62V, K65R, D67N, S68G, V75I, F77L, Y115F, F116Y, Q151M, K219E	TDF	7.8
92198	52-7031	M41L, M184V, T215Y	X3TC	103
92198	52-7031	M41L, M184V, T215Y	ABC	NA
92198	52-7031	M41L, M184V, T215Y	AZT	15
92198	52-7031	M41L, M184V, T215Y	D4T	1.4
92198	52-7031	M41L, M184V, T215Y	DDI	1.8
92198	52-7031	M41L, M184V, T215Y	TDF	1.6
92251	52-5012	M41L, E44D, D67N, L74LV, M184V, L210W, T215Y, K219N	X3TC	98
92251	52-5012	M41L, E44D, D67N, L74LV, M184V, L210W, T215Y, K219N	ABC	NA
92251	52-5012	M41L, E44D, D67N, L74LV, M184V, L210W, T215Y, K219N	AZT	114
92251	52-5012	M41L, E44D, D67N, L74LV, M184V, L210W, T215Y, K219N	D4T	4.5
92251	52-5012	M41L, E44D, D67N, L74LV, M184V, L210W, T215Y, K219N	DDI	2.2
92251	52-5012	M41L, E44D, D67N, L74LV, M184V, L210W, T215Y, K219N	TDF	1.8
92186	52-7021		X3TC	1.1
92186	52-7021		ABC	NA
92186	52-7021		AZT	0.8
92186	52-7021		D4T	1.4
92186	52-7021		DDI	1.3
92186	52-7021		TDF	1
91710	52-1053	M41L, L210W, T215Y	X3TC	3.9
91710	52-1053	M41L, L210W, T215Y	ABC	NA
91710	52-1053	M41L, L210W, T215Y	AZT	299
91710	52-1053	M41L, L210W, T215Y	D4T	2.5
91710	52-1053	M41L, L210W, T215Y	DDI	1.3
91710	52-1053	M41L, L210W, T215Y	TDF	3.2
91891	52-1155	M41L, D67DN, M184V, L210W, T215Y	X3TC	120
91891	52-1155	M41L, D67DN, M184V, L210W, T215Y	ABC	NA
91891	52-1155	M41L, D67DN, M184V, L210W, T215Y	AZT	5.7
91891	52-1155	M41L, D67DN, M184V, L210W, T215Y	D4T	1.5
91891	52-1155	M41L, D67DN, M184V, L210W, T215Y	DDI	1.6
91891	52-1155	M41L, D67DN, M184V, L210W, T215Y	TDF	1.1
91730	52-1073	M41L, E44D, T69D, L210W, T215Y, K219R	X3TC	8.2
91730	52-1073	M41L, E44D, T69D, L210W, T215Y, K219R	ABC	NA
91730	52-1073	M41L, E44D, T69D, L210W, T215Y, K219R	AZT	827
91730	52-1073	M41L, E44D, T69D, L210W, T215Y, K219R	D4T	6.4
91730	52-1073	M41L, E44D, T69D, L210W, T215Y, K219R	DDI	1.7
91730	52-1073	M41L, E44D, T69D, L210W, T215Y, K219R	TDF	4.1
92261	52-6002	D67N, K70R, M184V, T215F, K219Q	X3TC	110
92261	52-6002	D67N, K70R, M184V, T215F, K219Q	ABC	NA
92261	52-6002	D67N, K70R, M184V, T215F, K219Q	AZT	27
92261	52-6002	D67N, K70R, M184V, T215F, K219Q	D4T	1.7
92261	52-6002	D67N, K70R, M184V, T215F, K219Q	DDI	1.9
92261	52-6002	D67N, K70R, M184V, T215F, K219Q	TDF	1.4
92247	52-5009	M41L, M184V, L210W, T215Y	X3TC	110
92247	52-5009	M41L, M184V, L210W, T215Y	ABC	NA
92247	52-5009	M41L, M184V, L210W, T215Y	AZT	5.4
92247	52-5009	M41L, M184V, L210W, T215Y	D4T	1.9
92247	52-5009	M41L, M184V, L210W, T215Y	DDI	1.7
92247	52-5009	M41L, M184V, L210W, T215Y	TDF	1.1
92206	52-7043	M41L, M184V, L210W, T215Y	X3TC	98
92206	52-7043	M41L, M184V, L210W, T215Y	ABC	NA
92206	52-7043	M41L, M184V, L210W, T215Y	AZT	5
92206	52-7043	M41L, M184V, L210W, T215Y	D4T	1.6
92206	52-7043	M41L, M184V, L210W, T215Y	DDI	1.3
92206	52-7043	M41L, M184V, L210W, T215Y	TDF	1
92237	52-5002	M41L, E44D, D67N, T69D, M184V, L210W, T215Y, K219KR	X3TC	98
92237	52-5002	M41L, E44D, D67N, T69D, M184V, L210W, T215Y, K219KR	ABC	NA
92237	52-5002	M41L, E44D, D67N, T69D, M184V, L210W, T215Y, K219KR	AZT	78
92237	52-5002	M41L, E44D, D67N, T69D, M184V, L210W, T215Y, K219KR	D4T	3.8
92237	52-5002	M41L, E44D, D67N, T69D, M184V, L210W, T215Y, K219KR	DDI	2.1
92237	52-5002	M41L, E44D, D67N, T69D, M184V, L210W, T215Y, K219KR	TDF	2.3
91819	52-1086	M41L, E44D, D67N, L74I, V75A, M184V, L210L*W, T215Y	X3TC	100
91819	52-1086	M41L, E44D, D67N, L74I, V75A, M184V, L210L*W, T215Y	ABC	NA
91819	52-1086	M41L, E44D, D67N, L74I, V75A, M184V, L210L*W, T215Y	AZT	211
91819	52-1086	M41L, E44D, D67N, L74I, V75A, M184V, L210L*W, T215Y	D4T	5.1
91819	52-1086	M41L, E44D, D67N, L74I, V75A, M184V, L210L*W, T215Y	DDI	2.2
91819	52-1086	M41L, E44D, D67N, L74I, V75A, M184V, L210L*W, T215Y	TDF	1.5
91845	52-1097	D67N, K70G, T215F, K219Q	X3TC	6.1
91845	52-1097	D67N, K70G, T215F, K219Q	ABC	NA
91845	52-1097	D67N, K70G, T215F, K219Q	AZT	0.8
91845	52-1097	D67N, K70G, T215F, K219Q	D4T	1.5
91845	52-1097	D67N, K70G, T215F, K219Q	DDI	1.2
91845	52-1097	D67N, K70G, T215F, K219Q	TDF	0.9
91865	52-1122	M41L, E44D, D67N, L74V, T215Y	X3TC	5.1
91865	52-1122	M41L, E44D, D67N, L74V, T215Y	ABC	NA
91865	52-1122	M41L, E44D, D67N, L74V, T215Y	AZT	17
91865	52-1122	M41L, E44D, D67N, L74V, T215Y	D4T	3.1
91865	52-1122	M41L, E44D, D67N, L74V, T215Y	DDI	1.8
91865	52-1122	M41L, E44D, D67N, L74V, T215Y	TDF	1.1
91736	52-1264	M184V	X3TC	115
91736	52-1264	M184V	ABC	NA
91736	52-1264	M184V	AZT	0.7
91736	52-1264	M184V	D4T	0.9
91736	52-1264	M184V	DDI	1.7
91736	52-1264	M184V	TDF	0.6
92285	52-7003	M41L, S68G, M184V, L210W, T215Y	X3TC	110
92285	52-7003	M41L, S68G, M184V, L210W, T215Y	ABC	NA
92285	52-7003	M41L, S68G, M184V, L210W, T215Y	AZT	24
92285	52-7003	M41L, S68G, M184V, L210W, T215Y	D4T	2.1
92285	52-7003	M41L, S68G, M184V, L210W, T215Y	DDI	1.8
92285	52-7003	M41L, S68G, M184V, L210W, T215Y	TDF	1.7
91839	52-1091	M41L, T69T_ST, V75M, M184V, T215Y	X3TC	115
91839	52-1091	M41L, T69T_ST, V75M, M184V, T215Y	ABC	NA
91839	52-1091	M41L, T69T_ST, V75M, M184V, T215Y	AZT	69
91839	52-1091	M41L, T69T_ST, V75M, M184V, T215Y	D4T	3.6
91839	52-1091	M41L, T69T_ST, V75M, M184V, T215Y	DDI	1.8
91839	52-1091	M41L, T69T_ST, V75M, M184V, T215Y	TDF	1.8
92218	52-3015	M41L, M184V, L210W, T215Y	X3TC	96
92218	52-3015	M41L, M184V, L210W, T215Y	ABC	NA
92218	52-3015	M41L, M184V, L210W, T215Y	AZT	22
92218	52-3015	M41L, M184V, L210W, T215Y	D4T	1.7
92218	52-3015	M41L, M184V, L210W, T215Y	DDI	1.9
92218	52-3015	M41L, M184V, L210W, T215Y	TDF	1.6
91855	52-1110	T69G_SG, V75M, M184V, T215F	X3TC	120
91855	52-1110	T69G_SG, V75M, M184V, T215F	ABC	NA
91855	52-1110	T69G_SG, V75M, M184V, T215F	AZT	312
91855	52-1110	T69G_SG, V75M, M184V, T215F	D4T	7
91855	52-1110	T69G_SG, V75M, M184V, T215F	DDI	3.7
91855	52-1110	T69G_SG, V75M, M184V, T215F	TDF	4.6
91881	52-1137	M41L, E44D, D67N, K70R, L74V, L210W, T215Y, K219E	X3TC	1.3
91881	52-1137	M41L, E44D, D67N, K70R, L74V, L210W, T215Y, K219E	ABC	NA
91881	52-1137	M41L, E44D, D67N, K70R, L74V, L210W, T215Y, K219E	AZT	5.4
91881	52-1137	M41L, E44D, D67N, K70R, L74V, L210W, T215Y, K219E	D4T	6.3
91881	52-1137	M41L, E44D, D67N, K70R, L74V, L210W, T215Y, K219E	DDI	6.1
91881	52-1137	M41L, E44D, D67N, K70R, L74V, L210W, T215Y, K219E	TDF	0.9
92190	52-7022a	T215Y	X3TC	1.7
92190	52-7022a	T215Y	ABC	NA
92190	52-7022a	T215Y	AZT	7.4
92190	52-7022a	T215Y	D4T	1.7
92190	52-7022a	T215Y	DDI	1
92190	52-7022a	T215Y	TDF	1.3
92239	52-5002a	M41L, E44D, D67N, T69D, M184V, L210W, T215Y, K219KR	X3TC	148
92239	52-5002a	M41L, E44D, D67N, T69D, M184V, L210W, T215Y, K219KR	ABC	NA
92239	52-5002a	M41L, E44D, D67N, T69D, M184V, L210W, T215Y, K219KR	AZT	7
92239	52-5002a	M41L, E44D, D67N, T69D, M184V, L210W, T215Y, K219KR	D4T	3.3
92239	52-5002a	M41L, E44D, D67N, T69D, M184V, L210W, T215Y, K219KR	DDI	1.6
92239	52-5002a	M41L, E44D, D67N, T69D, M184V, L210W, T215Y, K219KR	TDF	1.3
92227	52-4007	M41L, E44D, D67N, T69D, L74V, F77FL, M184V, L210W, T215Y	X3TC	103
92227	52-4007	M41L, E44D, D67N, T69D, L74V, F77FL, M184V, L210W, T215Y	ABC	NA
92227	52-4007	M41L, E44D, D67N, T69D, L74V, F77FL, M184V, L210W, T215Y	AZT	4.6
92227	52-4007	M41L, E44D, D67N, T69D, L74V, F77FL, M184V, L210W, T215Y	D4T	1.9
92227	52-4007	M41L, E44D, D67N, T69D, L74V, F77FL, M184V, L210W, T215Y	DDI	2.2
92227	52-4007	M41L, E44D, D67N, T69D, L74V, F77FL, M184V, L210W, T215Y	TDF	0.7
91724	52-1241	M41L, L210LW, T215Y	X3TC	1.5
91724	52-1241	M41L, L210LW, T215Y	ABC	NA
91724	52-1241	M41L, L210LW, T215Y	AZT	57
91724	52-1241	M41L, L210LW, T215Y	D4T	1.8
91724	52-1241	M41L, L210LW, T215Y	DDI	0.9
91724	52-1241	M41L, L210LW, T215Y	TDF	2.1
91805	52-1382	D67N, K70R, L74V, Y115F, M184V, K219E	X3TC	100
91805	52-1382	D67N, K70R, L74V, Y115F, M184V, K219E	ABC	NA
91805	52-1382	D67N, K70R, L74V, Y115F, M184V, K219E	AZT	0.5
91805	52-1382	D67N, K70R, L74V, Y115F, M184V, K219E	D4T	0.9
91805	52-1382	D67N, K70R, L74V, Y115F, M184V, K219E	DDI	1.5
91805	52-1382	D67N, K70R, L74V, Y115F, M184V, K219E	TDF	0.5
91857	52-1111	M41L, E44D, D67N, M184V, L210W, T215Y	X3TC	103
91857	52-1111	M41L, E44D, D67N, M184V, L210W, T215Y	ABC	NA
91857	52-1111	M41L, E44D, D67N, M184V, L210W, T215Y	AZT	5.1
91857	52-1111	M41L, E44D, D67N, M184V, L210W, T215Y	D4T	2
91857	52-1111	M41L, E44D, D67N, M184V, L210W, T215Y	DDI	1.7
91857	52-1111	M41L, E44D, D67N, M184V, L210W, T215Y	TDF	0.9
92188	52-7022	T215Y	X3TC	1.3
92188	52-7022	T215Y	ABC	NA
92188	52-7022	T215Y	AZT	6.5
92188	52-7022	T215Y	D4T	1.5
92188	52-7022	T215Y	DDI	0.9
92188	52-7022	T215Y	TDF	1.3
92223	52-3025	M41L, L74V, Y115F, M184V, T215Y, K219E	X3TC	98
92223	52-3025	M41L, L74V, Y115F, M184V, T215Y, K219E	ABC	NA
92223	52-3025	M41L, L74V, Y115F, M184V, T215Y, K219E	AZT	0.8
92223	52-3025	M41L, L74V, Y115F, M184V, T215Y, K219E	D4T	1.2
92223	52-3025	M41L, L74V, Y115F, M184V, T215Y, K219E	DDI	1.6
92223	52-3025	M41L, L74V, Y115F, M184V, T215Y, K219E	TDF	0.7
91714	52-1054	L74V, M184V	X3TC	110
91714	52-1054	L74V, M184V	ABC	NA
91714	52-1054	L74V, M184V	AZT	0.3
91714	52-1054	L74V, M184V	D4T	0.9
91714	52-1054	L74V, M184V	DDI	2.5
91714	52-1054	L74V, M184V	TDF	0.4
91809	52-1385	M41L, M184V, T215CY	X3TC	115
91809	52-1385	M41L, M184V, T215CY	ABC	NA
91809	52-1385	M41L, M184V, T215CY	AZT	1.4
91809	52-1385	M41L, M184V, T215CY	D4T	1.2
91809	52-1385	M41L, M184V, T215CY	DDI	1.5
91809	52-1385	M41L, M184V, T215CY	TDF	0.6
91841	52-1440	M41L, E44D, D67N, L210W, T215Y	X3TC	7.4
91841	52-1440	M41L, E44D, D67N, L210W, T215Y	ABC	NA
91841	52-1440	M41L, E44D, D67N, L210W, T215Y	AZT	892
91841	52-1440	M41L, E44D, D67N, L210W, T215Y	D4T	3.4
91841	52-1440	M41L, E44D, D67N, L210W, T215Y	DDI	1.8
91841	52-1440	M41L, E44D, D67N, L210W, T215Y	TDF	4.9
91756	52-1314	A62V, D67DG, T69DN, K70KN, V75T, M184V	X3TC	96
91756	52-1314	A62V, D67DG, T69DN, K70KN, V75T, M184V	ABC	NA
91756	52-1314	A62V, D67DG, T69DN, K70KN, V75T, M184V	AZT	0.5
91756	52-1314	A62V, D67DG, T69DN, K70KN, V75T, M184V	D4T	1.6
91756	52-1314	A62V, D67DG, T69DN, K70KN, V75T, M184V	DDI	4
91756	52-1314	A62V, D67DG, T69DN, K70KN, V75T, M184V	TDF	0.7
91889	52-1153	D67N, K70KR, T215TI, K219Q	X3TC	2
91889	52-1153	D67N, K70KR, T215TI, K219Q	ABC	NA
91889	52-1153	D67N, K70KR, T215TI, K219Q	AZT	31
91889	52-1153	D67N, K70KR, T215TI, K219Q	D4T	2
91889	52-1153	D67N, K70KR, T215TI, K219Q	DDI	1.4
91889	52-1153	D67N, K70KR, T215TI, K219Q	TDF	1.8
91720	52-1239	M41L, A62V, T69S_SS, M184I, L210W, T215Y	X3TC	148
91720	52-1239	M41L, A62V, T69S_SS, M184I, L210W, T215Y	ABC	NA
91720	52-1239	M41L, A62V, T69S_SS, M184I, L210W, T215Y	AZT	17
91720	52-1239	M41L, A62V, T69S_SS, M184I, L210W, T215Y	D4T	5.4
91720	52-1239	M41L, A62V, T69S_SS, M184I, L210W, T215Y	DDI	2.4
91720	52-1239	M41L, A62V, T69S_SS, M184I, L210W, T215Y	TDF	2.4
91851	52-1101a	D67N, K70R, M184V, T215I, K219E	X3TC	148
91851	52-1101a	D67N, K70R, M184V, T215I, K219E	ABC	NA
91851	52-1101a	D67N, K70R, M184V, T215I, K219E	AZT	1
91851	52-1101a	D67N, K70R, M184V, T215I, K219E	D4T	1.1
91851	52-1101a	D67N, K70R, M184V, T215I, K219E	DDI	1.5
91851	52-1101a	D67N, K70R, M184V, T215I, K219E	TDF	0.7
91815	52-1392	M41L, D67N, K70R, L210W, T215F, K219Q	X3TC	5.7
91815	52-1392	M41L, D67N, K70R, L210W, T215F, K219Q	ABC	NA
91815	52-1392	M41L, D67N, K70R, L210W, T215F, K219Q	AZT	NA
91815	52-1392	M41L, D67N, K70R, L210W, T215F, K219Q	D4T	4.9
91815	52-1392	M41L, D67N, K70R, L210W, T215F, K219Q	DDI	2.2
91815	52-1392	M41L, D67N, K70R, L210W, T215F, K219Q	TDF	5.9
92235	52-4015	M41L, L74V, M184V, L210W, T215Y	X3TC	103
92235	52-4015	M41L, L74V, M184V, L210W, T215Y	ABC	NA
92235	52-4015	M41L, L74V, M184V, L210W, T215Y	AZT	3.3
92235	52-4015	M41L, L74V, M184V, L210W, T215Y	D4T	1.4
92235	52-4015	M41L, L74V, M184V, L210W, T215Y	DDI	2.7
92235	52-4015	M41L, L74V, M184V, L210W, T215Y	TDF	0.8
91718	52-1061		X3TC	1
91718	52-1061		ABC	NA
91718	52-1061		AZT	0.8
91718	52-1061		D4T	1
91718	52-1061		DDI	0.8
91718	52-1061		TDF	1
91797	52-1371	A62V, D67N, V75I, F116FY, T215NY, K219Q	X3TC	4.7
91797	52-1371	A62V, D67N, V75I, F116FY, T215NY, K219Q	ABC	NA
91797	52-1371	A62V, D67N, V75I, F116FY, T215NY, K219Q	AZT	6.3
91797	52-1371	A62V, D67N, V75I, F116FY, T215NY, K219Q	D4T	6.5
91797	52-1371	A62V, D67N, V75I, F116FY, T215NY, K219Q	DDI	4.9
91797	52-1371	A62V, D67N, V75I, F116FY, T215NY, K219Q	TDF	1.3
91706	52-1044	M41L, D67N, T69D, K70R, M184V, T215F, K219Q	X3TC	100
91706	52-1044	M41L, D67N, T69D, K70R, M184V, T215F, K219Q	ABC	NA
91706	52-1044	M41L, D67N, T69D, K70R, M184V, T215F, K219Q	AZT	6.9
91706	52-1044	M41L, D67N, T69D, K70R, M184V, T215F, K219Q	D4T	1.6
91706	52-1044	M41L, D67N, T69D, K70R, M184V, T215F, K219Q	DDI	1.4
91706	52-1044	M41L, D67N, T69D, K70R, M184V, T215F, K219Q	TDF	1
91752	52-1297	D67N, K70R, L74LV, K219Q	X3TC	5.8
91752	52-1297	D67N, K70R, L74LV, K219Q	ABC	NA
91752	52-1297	D67N, K70R, L74LV, K219Q	AZT	47
91752	52-1297	D67N, K70R, L74LV, K219Q	D4T	4.3
91752	52-1297	D67N, K70R, L74LV, K219Q	DDI	2.4
91752	52-1297	D67N, K70R, L74LV, K219Q	TDF	3.7
92259	52-6001	M41L, E44D, D67N, T69D, L74LI, V75A, M184V, L210W, T215Y	X3TC	110
92259	52-6001	M41L, E44D, D67N, T69D, L74LI, V75A, M184V, L210W, T215Y	ABC	NA
92259	52-6001	M41L, E44D, D67N, T69D, L74LI, V75A, M184V, L210W, T215Y	AZT	12
92259	52-6001	M41L, E44D, D67N, T69D, L74LI, V75A, M184V, L210W, T215Y	D4T	3.5
92259	52-6001	M41L, E44D, D67N, T69D, L74LI, V75A, M184V, L210W, T215Y	DDI	2.5
92259	52-6001	M41L, E44D, D67N, T69D, L74LI, V75A, M184V, L210W, T215Y	TDF	1
92210	52-3002	M41L, D67N, T69D, K70R, L74V, V75T, T215F, K219Q	X3TC	18
92210	52-3002	M41L, D67N, T69D, K70R, L74V, V75T, T215F, K219Q	ABC	NA
92210	52-3002	M41L, D67N, T69D, K70R, L74V, V75T, T215F, K219Q	AZT	12
92210	52-3002	M41L, D67N, T69D, K70R, L74V, V75T, T215F, K219Q	D4T	4
92210	52-3002	M41L, D67N, T69D, K70R, L74V, V75T, T215F, K219Q	DDI	3.2
92210	52-3002	M41L, D67N, T69D, K70R, L74V, V75T, T215F, K219Q	TDF	1.5
92267	52-6005	M41L, E44ED, D67G, T69D, V75M, M184MV, L210W, T215Y, K219R	X3TC	5.3
92267	52-6005	M41L, E44ED, D67G, T69D, V75M, M184MV, L210W, T215Y, K219R	ABC	NA
92267	52-6005	M41L, E44ED, D67G, T69D, V75M, M184MV, L210W, T215Y, K219R	AZT	242
92267	52-6005	M41L, E44ED, D67G, T69D, V75M, M184MV, L210W, T215Y, K219R	D4T	6
92267	52-6005	M41L, E44ED, D67G, T69D, V75M, M184MV, L210W, T215Y, K219R	DDI	2.5
92267	52-6005	M41L, E44ED, D67G, T69D, V75M, M184MV, L210W, T215Y, K219R	TDF	2.5
92176	52-2016	T215L	X3TC	1.5
92176	52-2016	T215L	ABC	NA
92176	52-2016	T215L	AZT	0.9
92176	52-2016	T215L	D4T	1.1
92176	52-2016	T215L	DDI	0.9
92176	52-2016	T215L	TDF	0.9
91732	52-1073a	M41L, E44D, T69D, M184V, L210W, T215Y, K219R	X3TC	98
91732	52-1073a	M41L, E44D, T69D, M184V, L210W, T215Y, K219R	ABC	NA
91732	52-1073a	M41L, E44D, T69D, M184V, L210W, T215Y, K219R	AZT	307
91732	52-1073a	M41L, E44D, T69D, M184V, L210W, T215Y, K219R	D4T	4.1
91732	52-1073a	M41L, E44D, T69D, M184V, L210W, T215Y, K219R	DDI	2.2
91732	52-1073a	M41L, E44D, T69D, M184V, L210W, T215Y, K219R	TDF	2.8
91869	52-1124a	M41L, E44ED, L210W, T215F	X3TC	2
91869	52-1124a	M41L, E44ED, L210W, T215F	ABC	NA
91869	52-1124a	M41L, E44ED, L210W, T215F	AZT	413
91869	52-1124a	M41L, E44ED, L210W, T215F	D4T	1.7
91869	52-1124a	M41L, E44ED, L210W, T215F	DDI	1.2
91869	52-1124a	M41L, E44ED, L210W, T215F	TDF	4.9
91899	52-1206	M41L, E44EAD, D67N, M184V, L210W, T215Y	X3TC	115
91899	52-1206	M41L, E44EAD, D67N, M184V, L210W, T215Y	ABC	NA
91899	52-1206	M41L, E44EAD, D67N, M184V, L210W, T215Y	AZT	57
91899	52-1206	M41L, E44EAD, D67N, M184V, L210W, T215Y	D4T	3.9
91899	52-1206	M41L, E44EAD, D67N, M184V, L210W, T215Y	DDI	2.7
91899	52-1206	M41L, E44EAD, D67N, M184V, L210W, T215Y	TDF	1.8
92184	52-7020	D67N, K70R, T215F, K219Q	X3TC	4.5
92184	52-7020	D67N, K70R, T215F, K219Q	ABC	NA
92184	52-7020	D67N, K70R, T215F, K219Q	AZT	37
92184	52-7020	D67N, K70R, T215F, K219Q	D4T	1.9
92184	52-7020	D67N, K70R, T215F, K219Q	DDI	1.2
92184	52-7020	D67N, K70R, T215F, K219Q	TDF	2
92275	52-6012	M41L, D67N, T69D, K70R, L74I, V75T, L210LW, T215F, K219Q	X3TC	8.8
92275	52-6012	M41L, D67N, T69D, K70R, L74I, V75T, L210LW, T215F, K219Q	ABC	NA
92275	52-6012	M41L, D67N, T69D, K70R, L74I, V75T, L210LW, T215F, K219Q	AZT	64
92275	52-6012	M41L, D67N, T69D, K70R, L74I, V75T, L210LW, T215F, K219Q	D4T	3.2
92275	52-6012	M41L, D67N, T69D, K70R, L74I, V75T, L210LW, T215F, K219Q	DDI	2.3
92275	52-6012	M41L, D67N, T69D, K70R, L74I, V75T, L210LW, T215F, K219Q	TDF	2.5
125417	TMS338	E44D	X3TC	0.7
125417	TMS338	E44D	ABC	1.1
125417	TMS338	E44D	AZT	0.6
125417	TMS338	E44D	D4T	1.1
125417	TMS338	E44D	DDI	1.4
125417	TMS338	E44D	TDF	1
128485	07-156985		X3TC	0.7
128485	07-156985		ABC	0.8
128485	07-156985		AZT	0.7
128485	07-156985		D4T	0.6
128485	07-156985		DDI	0.6
128485	07-156985		TDF	0.8
151990	65R+70E	K65R, K70E	X3TC	8.8
151990	65R+70E	K65R, K70E	ABC	3.1
151990	65R+70E	K65R, K70E	AZT	NA
151990	65R+70E	K65R, K70E	D4T	NA
151990	65R+70E	K65R, K70E	DDI	NA
151990	65R+70E	K65R, K70E	TDF	2.3
151989	70E	K70E	X3TC	3.4
151989	70E	K70E	ABC	1.4
151989	70E	K70E	AZT	NA
151989	70E	K70E	D4T	NA
151989	70E	K70E	DDI	NA
151989	70E	K70E	TDF	1.2
183806	7	M41L, T215D	X3TC	1.9
183806	7	M41L, T215D	ABC	1.1
183806	7	M41L, T215D	AZT	0.7
183806	7	M41L, T215D	D4T	1.1
183806	7	M41L, T215D	DDI	1
183806	7	M41L, T215D	TDF	0.7
183803	4	S68G	X3TC	0.9
183803	4	S68G	ABC	0.9
183803	4	S68G	AZT	0.3
183803	4	S68G	D4T	1.1
183803	4	S68G	DDI	1.2
183803	4	S68G	TDF	0.6
183800	11	M41L, T215Y	X3TC	200
183800	11	M41L, T215Y	ABC	3.6
183800	11	M41L, T215Y	AZT	1
183800	11	M41L, T215Y	D4T	2
183800	11	M41L, T215Y	DDI	1.8
183800	11	M41L, T215Y	TDF	0.5
183798	1	M41L, L74V, M184V, T215Y	X3TC	200
183798	1	M41L, L74V, M184V, T215Y	ABC	6.3
183798	1	M41L, L74V, M184V, T215Y	AZT	1.8
183798	1	M41L, L74V, M184V, T215Y	D4T	1.9
183798	1	M41L, L74V, M184V, T215Y	DDI	2.8
183798	1	M41L, L74V, M184V, T215Y	TDF	0.6
183801	2		X3TC	1.1
183801	2		ABC	1.1
183801	2		AZT	0.8
183801	2		D4T	1.5
183801	2		DDI	1.4
183801	2		TDF	0.9
183799	10	M41L, D67G, L74I, M184V, T215Y	X3TC	1.4
183799	10	M41L, D67G, L74I, M184V, T215Y	ABC	2
183799	10	M41L, D67G, L74I, M184V, T215Y	AZT	30
183799	10	M41L, D67G, L74I, M184V, T215Y	D4T	1.6
183799	10	M41L, D67G, L74I, M184V, T215Y	DDI	1.2
183799	10	M41L, D67G, L74I, M184V, T215Y	TDF	2
183804	5	M41L, T215F	X3TC	3.2
183804	5	M41L, T215F	ABC	2.6
183804	5	M41L, T215F	AZT	19
183804	5	M41L, T215F	D4T	1.9
183804	5	M41L, T215F	DDI	1.2
183804	5	M41L, T215F	TDF	2.2
183802	3	K70R, M184V, T215F	X3TC	200
183802	3	K70R, M184V, T215F	ABC	5.1
183802	3	K70R, M184V, T215F	AZT	2.6
183802	3	K70R, M184V, T215F	D4T	2
183802	3	K70R, M184V, T215F	DDI	2.1
183802	3	K70R, M184V, T215F	TDF	0.9
183808	9	M41L, L210W, T215Y	X3TC	2.5
183808	9	M41L, L210W, T215Y	ABC	4
183808	9	M41L, L210W, T215Y	AZT	665
183808	9	M41L, L210W, T215Y	D4T	3.2
183808	9	M41L, L210W, T215Y	DDI	1.5
183808	9	M41L, L210W, T215Y	TDF	3
183805	6	M41L, E44D, D67N, T69D, L74I, L210W, T215Y	X3TC	10
183805	6	M41L, E44D, D67N, T69D, L74I, L210W, T215Y	ABC	7.2
183805	6	M41L, E44D, D67N, T69D, L74I, L210W, T215Y	AZT	NA
183805	6	M41L, E44D, D67N, T69D, L74I, L210W, T215Y	D4T	7.8
183805	6	M41L, E44D, D67N, T69D, L74I, L210W, T215Y	DDI	3
183805	6	M41L, E44D, D67N, T69D, L74I, L210W, T215Y	TDF	6.9
184293	sdm70d	K70~	X3TC	2.8
184293	sdm70d	K70~	ABC	1
184293	sdm70d	K70~	AZT	0.2
184293	sdm70d	K70~	D4T	1
184293	sdm70d	K70~	DDI	1
184293	sdm70d	K70~	TDF	1
184294	sdm70d151M	K70~, Q151M	X3TC	3.5
184294	sdm70d151M	K70~, Q151M	ABC	4.3
184294	sdm70d151M	K70~, Q151M	AZT	2.3
184294	sdm70d151M	K70~, Q151M	D4T	4.7
184294	sdm70d151M	K70~, Q151M	DDI	6
184294	sdm70d151M	K70~, Q151M	TDF	1
184295	sdm70d74V	K70~, L74V	X3TC	2.9
184295	sdm70d74V	K70~, L74V	ABC	7.1
184295	sdm70d74V	K70~, L74V	AZT	2
184295	sdm70d74V	K70~, L74V	D4T	4.6
184295	sdm70d74V	K70~, L74V	DDI	6.3
184295	sdm70d74V	K70~, L74V	TDF	0.9
184292	sdm151M	Q151M	X3TC	1.4
184292	sdm151M	Q151M	ABC	3.7
184292	sdm151M	Q151M	AZT	2.9
184292	sdm151M	Q151M	D4T	3.8
184292	sdm151M	Q151M	DDI	4.6
184292	sdm151M	Q151M	TDF	0.9
184296	sdm74V	L74V	X3TC	1.6
184296	sdm74V	L74V	ABC	2.1
184296	sdm74V	L74V	AZT	0.5
184296	sdm74V	L74V	D4T	1.2
184296	sdm74V	L74V	DDI	1.8
184296	sdm74V	L74V	TDF	0.7
184297	WT_Hxb2		X3TC	1
184297	WT_Hxb2		ABC	1
184297	WT_Hxb2		AZT	1
184297	WT_Hxb2		D4T	1
184297	WT_Hxb2		DDI	1
184297	WT_Hxb2		TDF	1
184306	a138K184V	M184V	X3TC	79
184306	a138K184V	M184V	ABC	4.2
184306	a138K184V	M184V	AZT	0.9
184306	a138K184V	M184V	D4T	0.8
184306	a138K184V	M184V	DDI	2.2
184306	a138K184V	M184V	TDF	0.8
184309	aWT		X3TC	1
184309	aWT		ABC	1
184309	aWT		AZT	1
184309	aWT		D4T	1
184309	aWT		DDI	1
184309	aWT		TDF	1
184305	a138K184I	M184I	X3TC	79
184305	a138K184I	M184I	ABC	2.3
184305	a138K184I	M184I	AZT	0.6
184305	a138K184I	M184I	D4T	0.7
184305	a138K184I	M184I	DDI	2.2
184305	a138K184I	M184I	TDF	0.7
184308	a184V	M184V	X3TC	79
184308	a184V	M184V	ABC	3.4
184308	a184V	M184V	AZT	0.5
184308	a184V	M184V	D4T	1
184308	a184V	M184V	DDI	2
184308	a184V	M184V	TDF	0.6
184304	a138K		X3TC	1.3
184304	a138K		ABC	1.2
184304	a138K		AZT	1.5
184304	a138K		D4T	1.2
184304	a138K		DDI	1.3
184304	a138K		TDF	1.2
184307	a184I	M184I	X3TC	79
184307	a184I	M184I	ABC	2.1
184307	a184I	M184I	AZT	0.4
184307	a184I	M184I	D4T	1
184307	a184I	M184I	DDI	2.3
184307	a184I	M184I	TDF	0.6
184320	22101clone	M41L, D67N, K70R, M184V, T215F, K219Q	X3TC	200
184320	22101clone	M41L, D67N, K70R, M184V, T215F, K219Q	ABC	7.8
184320	22101clone	M41L, D67N, K70R, M184V, T215F, K219Q	AZT	385
184320	22101clone	M41L, D67N, K70R, M184V, T215F, K219Q	D4T	3.7
184320	22101clone	M41L, D67N, K70R, M184V, T215F, K219Q	DDI	2.2
184320	22101clone	M41L, D67N, K70R, M184V, T215F, K219Q	TDF	3.1
184326	5321clone	M41L, D67G, K70R, L74I, M184V, T215F, K219Q	X3TC	200
184326	5321clone	M41L, D67G, K70R, L74I, M184V, T215F, K219Q	ABC	4.6
184326	5321clone	M41L, D67G, K70R, L74I, M184V, T215F, K219Q	AZT	3.1
184326	5321clone	M41L, D67G, K70R, L74I, M184V, T215F, K219Q	D4T	2.9
184326	5321clone	M41L, D67G, K70R, L74I, M184V, T215F, K219Q	DDI	1.8
184326	5321clone	M41L, D67G, K70R, L74I, M184V, T215F, K219Q	TDF	1
184319	16315SDM	D67N, K70R	X3TC	7
184319	16315SDM	D67N, K70R	ABC	2.4
184319	16315SDM	D67N, K70R	AZT	50
184319	16315SDM	D67N, K70R	D4T	2.4
184319	16315SDM	D67N, K70R	DDI	1.5
184319	16315SDM	D67N, K70R	TDF	2.3
184318	16315clone	D67N, K70R, T215E, K219Q	X3TC	7.9
184318	16315clone	D67N, K70R, T215E, K219Q	ABC	4.5
184318	16315clone	D67N, K70R, T215E, K219Q	AZT	435
184318	16315clone	D67N, K70R, T215E, K219Q	D4T	3.7
184318	16315clone	D67N, K70R, T215E, K219Q	DDI	2
184318	16315clone	D67N, K70R, T215E, K219Q	TDF	4.2
184323	2318SDM	M41L, D67N, T69D, V75T, L210W, T215Y	X3TC	14
184323	2318SDM	M41L, D67N, T69D, V75T, L210W, T215Y	ABC	4.4
184323	2318SDM	M41L, D67N, T69D, V75T, L210W, T215Y	AZT	26
184323	2318SDM	M41L, D67N, T69D, V75T, L210W, T215Y	D4T	4.5
184323	2318SDM	M41L, D67N, T69D, V75T, L210W, T215Y	DDI	2.4
184323	2318SDM	M41L, D67N, T69D, V75T, L210W, T215Y	TDF	2
184321	22101SDM	M41L, D67N, K70R, M184V, T215F, K219Q	X3TC	200
184321	22101SDM	M41L, D67N, K70R, M184V, T215F, K219Q	ABC	6.9
184321	22101SDM	M41L, D67N, K70R, M184V, T215F, K219Q	AZT	448
184321	22101SDM	M41L, D67N, K70R, M184V, T215F, K219Q	D4T	2.8
184321	22101SDM	M41L, D67N, K70R, M184V, T215F, K219Q	DDI	2.8
184321	22101SDM	M41L, D67N, K70R, M184V, T215F, K219Q	TDF	2.6
184327	5321SDM	M41L, D67G, K70R, L74I, M184V, T215F, K219Q	X3TC	200
184327	5321SDM	M41L, D67G, K70R, L74I, M184V, T215F, K219Q	ABC	4.4
184327	5321SDM	M41L, D67G, K70R, L74I, M184V, T215F, K219Q	AZT	3.3
184327	5321SDM	M41L, D67G, K70R, L74I, M184V, T215F, K219Q	D4T	2.2
184327	5321SDM	M41L, D67G, K70R, L74I, M184V, T215F, K219Q	DDI	1.9
184327	5321SDM	M41L, D67G, K70R, L74I, M184V, T215F, K219Q	TDF	0.8
184324	4992Clone	D67N, K70R, L74I, M184V, T215F, K219Q	X3TC	NA
184324	4992Clone	D67N, K70R, L74I, M184V, T215F, K219Q	ABC	6.5
184324	4992Clone	D67N, K70R, L74I, M184V, T215F, K219Q	AZT	6.7
184324	4992Clone	D67N, K70R, L74I, M184V, T215F, K219Q	D4T	2.3
184324	4992Clone	D67N, K70R, L74I, M184V, T215F, K219Q	DDI	1.9
184324	4992Clone	D67N, K70R, L74I, M184V, T215F, K219Q	TDF	0.9
184325	4992SDM	D67N, K70R, M184V, T215F, K219Q	X3TC	200
184325	4992SDM	D67N, K70R, M184V, T215F, K219Q	ABC	2.9
184325	4992SDM	D67N, K70R, M184V, T215F, K219Q	AZT	1.9
184325	4992SDM	D67N, K70R, M184V, T215F, K219Q	D4T	1.1
184325	4992SDM	D67N, K70R, M184V, T215F, K219Q	DDI	1.3
184325	4992SDM	D67N, K70R, M184V, T215F, K219Q	TDF	0.5
184328	9881clone	D67N, K70R, K219Q	X3TC	7.8
184328	9881clone	D67N, K70R, K219Q	ABC	4.4
184328	9881clone	D67N, K70R, K219Q	AZT	152
184328	9881clone	D67N, K70R, K219Q	D4T	4.8
184328	9881clone	D67N, K70R, K219Q	DDI	1.8
184328	9881clone	D67N, K70R, K219Q	TDF	4.1
184329	9881SDM	D67N, K70R, K219Q	X3TC	3.3
184329	9881SDM	D67N, K70R, K219Q	ABC	2
184329	9881SDM	D67N, K70R, K219Q	AZT	80
184329	9881SDM	D67N, K70R, K219Q	D4T	2
184329	9881SDM	D67N, K70R, K219Q	DDI	1.1
184329	9881SDM	D67N, K70R, K219Q	TDF	2.9
184322	2318clone	M41L, D67N, T69D, V75T, L210W, T215Y	X3TC	12
184322	2318clone	M41L, D67N, T69D, V75T, L210W, T215Y	ABC	5.1
184322	2318clone	M41L, D67N, T69D, V75T, L210W, T215Y	AZT	114
184322	2318clone	M41L, D67N, T69D, V75T, L210W, T215Y	D4T	7
184322	2318clone	M41L, D67N, T69D, V75T, L210W, T215Y	DDI	3.2
184322	2318clone	M41L, D67N, T69D, V75T, L210W, T215Y	TDF	2.9
96320	2008-4	M41ML, D67N, M184MIV, T215F, K219Q	X3TC	200
96320	2008-4	M41ML, D67N, M184MIV, T215F, K219Q	ABC	5.3
96320	2008-4	M41ML, D67N, M184MIV, T215F, K219Q	AZT	1.5
96320	2008-4	M41ML, D67N, M184MIV, T215F, K219Q	D4T	1.1
96320	2008-4	M41ML, D67N, M184MIV, T215F, K219Q	DDI	1.8
96320	2008-4	M41ML, D67N, M184MIV, T215F, K219Q	TDF	0.6
122671	200804-15	M41ML, L74LI, M184MV, L210LW, T215SY	X3TC	64
122671	200804-15	M41ML, L74LI, M184MV, L210LW, T215SY	ABC	4.3
122671	200804-15	M41ML, L74LI, M184MV, L210LW, T215SY	AZT	1.8
122671	200804-15	M41ML, L74LI, M184MV, L210LW, T215SY	D4T	1.2
122671	200804-15	M41ML, L74LI, M184MV, L210LW, T215SY	DDI	1.3
122671	200804-15	M41ML, L74LI, M184MV, L210LW, T215SY	TDF	0.7
135157	CA135157	L74LI, M184V	X3TC	200
135157	CA135157	L74LI, M184V	ABC	3.5
135157	CA135157	L74LI, M184V	AZT	0.3
135157	CA135157	L74LI, M184V	D4T	0.7
135157	CA135157	L74LI, M184V	DDI	1.6
135157	CA135157	L74LI, M184V	TDF	0.4
95241	CA95241	D67G, K70R, T215I, K219Q	X3TC	9.5
95241	CA95241	D67G, K70R, T215I, K219Q	ABC	5.7
95241	CA95241	D67G, K70R, T215I, K219Q	AZT	118
95241	CA95241	D67G, K70R, T215I, K219Q	D4T	2
95241	CA95241	D67G, K70R, T215I, K219Q	DDI	1.6
95241	CA95241	D67G, K70R, T215I, K219Q	TDF	4.2
68581	CA68581	M41L, D67N, L74V, M184V, L210W, T215Y, K219Q	X3TC	200
68581	CA68581	M41L, D67N, L74V, M184V, L210W, T215Y, K219Q	ABC	9.7
68581	CA68581	M41L, D67N, L74V, M184V, L210W, T215Y, K219Q	AZT	3.6
68581	CA68581	M41L, D67N, L74V, M184V, L210W, T215Y, K219Q	D4T	2.2
68581	CA68581	M41L, D67N, L74V, M184V, L210W, T215Y, K219Q	DDI	2.5
68581	CA68581	M41L, D67N, L74V, M184V, L210W, T215Y, K219Q	TDF	0.6
184271	WA3	M41L, D67N, T69D, M184V, L210W, T215F	X3TC	200
184271	WA3	M41L, D67N, T69D, M184V, L210W, T215F	ABC	5.4
184271	WA3	M41L, D67N, T69D, M184V, L210W, T215F	AZT	4.9
184271	WA3	M41L, D67N, T69D, M184V, L210W, T215F	D4T	2.5
184271	WA3	M41L, D67N, T69D, M184V, L210W, T215F	DDI	2.2
184271	WA3	M41L, D67N, T69D, M184V, L210W, T215F	TDF	1
70969	CA900BT11	M41L, D67N, L74LI, M184V, L210W, T215Y, K219N	X3TC	NA
70969	CA900BT11	M41L, D67N, L74LI, M184V, L210W, T215Y, K219N	ABC	8.8
70969	CA900BT11	M41L, D67N, L74LI, M184V, L210W, T215Y, K219N	AZT	54
70969	CA900BT11	M41L, D67N, L74LI, M184V, L210W, T215Y, K219N	D4T	3.7
70969	CA900BT11	M41L, D67N, L74LI, M184V, L210W, T215Y, K219N	DDI	2.1
70969	CA900BT11	M41L, D67N, L74LI, M184V, L210W, T215Y, K219N	TDF	1.9
95064	200803-5	M41L, M184V, L210W, T215Y	X3TC	200
95064	200803-5	M41L, M184V, L210W, T215Y	ABC	7
95064	200803-5	M41L, M184V, L210W, T215Y	AZT	83
95064	200803-5	M41L, M184V, L210W, T215Y	D4T	3.1
95064	200803-5	M41L, M184V, L210W, T215Y	DDI	2.2
95064	200803-5	M41L, M184V, L210W, T215Y	TDF	2
95836	200801-18	M41L, E44A, D67N, V75M, F77L, M184V, L210W, T215Y, K219Q	X3TC	200
95836	200801-18	M41L, E44A, D67N, V75M, F77L, M184V, L210W, T215Y, K219Q	ABC	6.2
95836	200801-18	M41L, E44A, D67N, V75M, F77L, M184V, L210W, T215Y, K219Q	AZT	18
95836	200801-18	M41L, E44A, D67N, V75M, F77L, M184V, L210W, T215Y, K219Q	D4T	2
95836	200801-18	M41L, E44A, D67N, V75M, F77L, M184V, L210W, T215Y, K219Q	DDI	1.9
95836	200801-18	M41L, E44A, D67N, V75M, F77L, M184V, L210W, T215Y, K219Q	TDF	1.5
88725	Pt39298	M184MV	X3TC	3.9
88725	Pt39298	M184MV	ABC	2.5
88725	Pt39298	M184MV	AZT	0.5
88725	Pt39298	M184MV	D4T	0.8
88725	Pt39298	M184MV	DDI	1.3
88725	Pt39298	M184MV	TDF	0.6
125012	Pt9		X3TC	1.1
125012	Pt9		ABC	1
125012	Pt9		AZT	0.6
125012	Pt9		D4T	1
125012	Pt9		DDI	1.1
125012	Pt9		TDF	0.8
84914	CA84914	M41L, E44D, T69D, L210W, T215Y, K219R	X3TC	13
84914	CA84914	M41L, E44D, T69D, L210W, T215Y, K219R	ABC	5.3
84914	CA84914	M41L, E44D, T69D, L210W, T215Y, K219R	AZT	NA
84914	CA84914	M41L, E44D, T69D, L210W, T215Y, K219R	D4T	5.7
84914	CA84914	M41L, E44D, T69D, L210W, T215Y, K219R	DDI	3.2
84914	CA84914	M41L, E44D, T69D, L210W, T215Y, K219R	TDF	5.1
50903	CA50903	M41L, E44ED, D67N, L74LI, M184MV, L210W, T215Y, K219KN	X3TC	200
50903	CA50903	M41L, E44ED, D67N, L74LI, M184MV, L210W, T215Y, K219KN	ABC	10
50903	CA50903	M41L, E44ED, D67N, L74LI, M184MV, L210W, T215Y, K219KN	AZT	85
50903	CA50903	M41L, E44ED, D67N, L74LI, M184MV, L210W, T215Y, K219KN	D4T	3.7
50903	CA50903	M41L, E44ED, D67N, L74LI, M184MV, L210W, T215Y, K219KN	DDI	2
50903	CA50903	M41L, E44ED, D67N, L74LI, M184MV, L210W, T215Y, K219KN	TDF	1.6
88793	Pt39332		X3TC	0.9
88793	Pt39332		ABC	0.9
88793	Pt39332		AZT	0.7
88793	Pt39332		D4T	0.9
88793	Pt39332		DDI	1.1
88793	Pt39332		TDF	0.8
92511	Ph40765	M184V	X3TC	200
92511	Ph40765	M184V	ABC	3.8
92511	Ph40765	M184V	AZT	0.9
92511	Ph40765	M184V	D4T	0.9
92511	Ph40765	M184V	DDI	1.9
92511	Ph40765	M184V	TDF	0.6
127370	09Pt43		X3TC	1.1
127370	09Pt43		ABC	0.8
127370	09Pt43		AZT	1.1
127370	09Pt43		D4T	1.1
127370	09Pt43		DDI	1.2
127370	09Pt43		TDF	0.8
127344	09Pt30		X3TC	0.8
127344	09Pt30		ABC	1.1
127344	09Pt30		AZT	0.5
127344	09Pt30		D4T	0.8
127344	09Pt30		DDI	0.9
127344	09Pt30		TDF	0.8
166050	201011-7	T69D, M184V	X3TC	200
166050	201011-7	T69D, M184V	ABC	3.1
166050	201011-7	T69D, M184V	AZT	0.4
166050	201011-7	T69D, M184V	D4T	0.6
166050	201011-7	T69D, M184V	DDI	1.4
166050	201011-7	T69D, M184V	TDF	0.3
59233	CA59233	M41L, D67N, L74I, V75T, M184V, L210W, T215Y	X3TC	200
59233	CA59233	M41L, D67N, L74I, V75T, M184V, L210W, T215Y	ABC	14
59233	CA59233	M41L, D67N, L74I, V75T, M184V, L210W, T215Y	AZT	7
59233	CA59233	M41L, D67N, L74I, V75T, M184V, L210W, T215Y	D4T	3.4
59233	CA59233	M41L, D67N, L74I, V75T, M184V, L210W, T215Y	DDI	4
59233	CA59233	M41L, D67N, L74I, V75T, M184V, L210W, T215Y	TDF	1
177176	201108-3		X3TC	1.2
177176	201108-3		ABC	1
177176	201108-3		AZT	1
177176	201108-3		D4T	0.6
177176	201108-3		DDI	0.7
177176	201108-3		TDF	1.3
88779	Pt39325	M184MIV, T215TI	X3TC	200
88779	Pt39325	M184MIV, T215TI	ABC	2.9
88779	Pt39325	M184MIV, T215TI	AZT	0.4
88779	Pt39325	M184MIV, T215TI	D4T	0.9
88779	Pt39325	M184MIV, T215TI	DDI	1.5
88779	Pt39325	M184MIV, T215TI	TDF	0.4
86056	8384_1130	D67G, S68G, K70R, M184V, L210W, T215F, K219W	X3TC	200
86056	8384_1130	D67G, S68G, K70R, M184V, L210W, T215F, K219W	ABC	27
86056	8384_1130	D67G, S68G, K70R, M184V, L210W, T215F, K219W	AZT	NA
86056	8384_1130	D67G, S68G, K70R, M184V, L210W, T215F, K219W	D4T	12
86056	8384_1130	D67G, S68G, K70R, M184V, L210W, T215F, K219W	DDI	3.5
86056	8384_1130	D67G, S68G, K70R, M184V, L210W, T215F, K219W	TDF	7.2
125028	Pt17	K70R, M184V	X3TC	200
125028	Pt17	K70R, M184V	ABC	3.4
125028	Pt17	K70R, M184V	AZT	1.8
125028	Pt17	K70R, M184V	D4T	1
125028	Pt17	K70R, M184V	DDI	1.5
125028	Pt17	K70R, M184V	TDF	0.8
70951	CA9000BT1	E40F, M41L, D67N, L74LI, L210W, T215Y, K219N	X3TC	7.5
70951	CA9000BT1	E40F, M41L, D67N, L74LI, L210W, T215Y, K219N	ABC	8.9
70951	CA9000BT1	E40F, M41L, D67N, L74LI, L210W, T215Y, K219N	AZT	5.6
70951	CA9000BT1	E40F, M41L, D67N, L74LI, L210W, T215Y, K219N	D4T	7.3
70951	CA9000BT1	E40F, M41L, D67N, L74LI, L210W, T215Y, K219N	DDI	2.9
70951	CA9000BT1	E40F, M41L, D67N, L74LI, L210W, T215Y, K219N	TDF	NA
151302	2010-11	M184V, T215Y	X3TC	200
151302	2010-11	M184V, T215Y	ABC	6.7
151302	2010-11	M184V, T215Y	AZT	3.9
151302	2010-11	M184V, T215Y	D4T	2
151302	2010-11	M184V, T215Y	DDI	3.1
151302	2010-11	M184V, T215Y	TDF	1.1
87354	CA87354	M41L, E44D, A62V, D67N, V75I, L210W, K219N	X3TC	6.8
87354	CA87354	M41L, E44D, A62V, D67N, V75I, L210W, K219N	ABC	6.1
87354	CA87354	M41L, E44D, A62V, D67N, V75I, L210W, K219N	AZT	250
87354	CA87354	M41L, E44D, A62V, D67N, V75I, L210W, K219N	D4T	4
87354	CA87354	M41L, E44D, A62V, D67N, V75I, L210W, K219N	DDI	1.8
87354	CA87354	M41L, E44D, A62V, D67N, V75I, L210W, K219N	TDF	3.2
96356	2008-33	M41L, E44D, L74IV, M184V, L210W, T215Y, K219R	X3TC	200
96356	2008-33	M41L, E44D, L74IV, M184V, L210W, T215Y, K219R	ABC	8.6
96356	2008-33	M41L, E44D, L74IV, M184V, L210W, T215Y, K219R	AZT	21
96356	2008-33	M41L, E44D, L74IV, M184V, L210W, T215Y, K219R	D4T	2.8
96356	2008-33	M41L, E44D, L74IV, M184V, L210W, T215Y, K219R	DDI	2.3
96356	2008-33	M41L, E44D, L74IV, M184V, L210W, T215Y, K219R	TDF	1.2
71557	CA900BT63	M41L, E44D, D67DN, L74LV, M184V, L210LW, T215Y, K219KN	X3TC	NA
71557	CA900BT63	M41L, E44D, D67DN, L74LV, M184V, L210LW, T215Y, K219KN	ABC	5.1
71557	CA900BT63	M41L, E44D, D67DN, L74LV, M184V, L210LW, T215Y, K219KN	AZT	4.6
71557	CA900BT63	M41L, E44D, D67DN, L74LV, M184V, L210LW, T215Y, K219KN	D4T	1.9
71557	CA900BT63	M41L, E44D, D67DN, L74LV, M184V, L210LW, T215Y, K219KN	DDI	1.8
71557	CA900BT63	M41L, E44D, D67DN, L74LV, M184V, L210LW, T215Y, K219KN	TDF	1.1
69023	CA69023	K65R, M184MV	X3TC	200
69023	CA69023	K65R, M184MV	ABC	5.4
69023	CA69023	K65R, M184MV	AZT	0.2
69023	CA69023	K65R, M184MV	D4T	1
69023	CA69023	K65R, M184MV	DDI	2.7
69023	CA69023	K65R, M184MV	TDF	0.9
122799	CA122799		X3TC	1.1
122799	CA122799		ABC	0.9
122799	CA122799		AZT	1.5
122799	CA122799		D4T	0.9
122799	CA122799		DDI	1.2
122799	CA122799		TDF	1.1
124523	2008-48	D67N, K70R, K219E	X3TC	1.8
124523	2008-48	D67N, K70R, K219E	ABC	2.1
124523	2008-48	D67N, K70R, K219E	AZT	39
124523	2008-48	D67N, K70R, K219E	D4T	2
124523	2008-48	D67N, K70R, K219E	DDI	1.3
124523	2008-48	D67N, K70R, K219E	TDF	2.3
88803	Pt39337	M184V	X3TC	200
88803	Pt39337	M184V	ABC	4.7
88803	Pt39337	M184V	AZT	1.1
88803	Pt39337	M184V	D4T	0.9
88803	Pt39337	M184V	DDI	1.8
88803	Pt39337	M184V	TDF	0.9
92373	200801-5	M41L, E44D, D67N, T69D, M184V, L210W, T215Y, K219R	X3TC	200
92373	200801-5	M41L, E44D, D67N, T69D, M184V, L210W, T215Y, K219R	ABC	9.8
92373	200801-5	M41L, E44D, D67N, T69D, M184V, L210W, T215Y, K219R	AZT	63
92373	200801-5	M41L, E44D, D67N, T69D, M184V, L210W, T215Y, K219R	D4T	4.3
92373	200801-5	M41L, E44D, D67N, T69D, M184V, L210W, T215Y, K219R	DDI	3.5
92373	200801-5	M41L, E44D, D67N, T69D, M184V, L210W, T215Y, K219R	TDF	1.8
177180	201108-5	A62V, K65R, M184V	X3TC	200
177180	201108-5	A62V, K65R, M184V	ABC	6.1
177180	201108-5	A62V, K65R, M184V	AZT	1.3
177180	201108-5	A62V, K65R, M184V	D4T	1
177180	201108-5	A62V, K65R, M184V	DDI	2
177180	201108-5	A62V, K65R, M184V	TDF	2.3
95812	200801-6	K70KR, M184V	X3TC	200
95812	200801-6	K70KR, M184V	ABC	3.8
95812	200801-6	K70KR, M184V	AZT	1.3
95812	200801-6	K70KR, M184V	D4T	0.8
95812	200801-6	K70KR, M184V	DDI	1.5
95812	200801-6	K70KR, M184V	TDF	0.8
184310	Q1918		X3TC	0.8
184310	Q1918		ABC	0.7
184310	Q1918		AZT	1.1
184310	Q1918		D4T	1
184310	Q1918		DDI	1
184310	Q1918		TDF	0.8
88743	Pt39307		X3TC	0.9
88743	Pt39307		ABC	1.2
88743	Pt39307		AZT	1.8
88743	Pt39307		D4T	1.2
88743	Pt39307		DDI	1.6
88743	Pt39307		TDF	1.1
184267	WA1		X3TC	1.9
184267	WA1		ABC	2.2
184267	WA1		AZT	1.4
184267	WA1		D4T	1.7
184267	WA1		DDI	2
184267	WA1		TDF	1.4
96408	2008-20	M41L, D67N, K70R, M184V, T215F, K219Q	X3TC	200
96408	2008-20	M41L, D67N, K70R, M184V, T215F, K219Q	ABC	4.9
96408	2008-20	M41L, D67N, K70R, M184V, T215F, K219Q	AZT	55
96408	2008-20	M41L, D67N, K70R, M184V, T215F, K219Q	D4T	1.2
96408	2008-20	M41L, D67N, K70R, M184V, T215F, K219Q	DDI	1.3
96408	2008-20	M41L, D67N, K70R, M184V, T215F, K219Q	TDF	2
95844	200801-22	D67N, K70R, T215F, K219Q	X3TC	4
95844	200801-22	D67N, K70R, T215F, K219Q	ABC	3.1
95844	200801-22	D67N, K70R, T215F, K219Q	AZT	188
95844	200801-22	D67N, K70R, T215F, K219Q	D4T	2.2
95844	200801-22	D67N, K70R, T215F, K219Q	DDI	1.3
95844	200801-22	D67N, K70R, T215F, K219Q	TDF	2.8
122651	200804-05	M41L, S68G, L210W, T215F	X3TC	2.7
122651	200804-05	M41L, S68G, L210W, T215F	ABC	3.2
122651	200804-05	M41L, S68G, L210W, T215F	AZT	217
122651	200804-05	M41L, S68G, L210W, T215F	D4T	1.8
122651	200804-05	M41L, S68G, L210W, T215F	DDI	1
122651	200804-05	M41L, S68G, L210W, T215F	TDF	3.3
88749	Pt39310		X3TC	1
88749	Pt39310		ABC	1.2
88749	Pt39310		AZT	1.7
88749	Pt39310		D4T	0.8
88749	Pt39310		DDI	1
88749	Pt39310		TDF	1.1
122782	Pt8	M41L, M184V, T215Y	X3TC	43
122782	Pt8	M41L, M184V, T215Y	ABC	5.3
122782	Pt8	M41L, M184V, T215Y	AZT	6.8
122782	Pt8	M41L, M184V, T215Y	D4T	1.5
122782	Pt8	M41L, M184V, T215Y	DDI	1.5
122782	Pt8	M41L, M184V, T215Y	TDF	1.1
95822	200801-11	M184V	X3TC	200
95822	200801-11	M184V	ABC	2.9
95822	200801-11	M184V	AZT	0.3
95822	200801-11	M184V	D4T	1.3
95822	200801-11	M184V	DDI	3.1
95822	200801-11	M184V	TDF	0.5
96442	2008-38		X3TC	1
96442	2008-38		ABC	0.7
96442	2008-38		AZT	0.7
96442	2008-38		D4T	0.9
96442	2008-38		DDI	0.9
96442	2008-38		TDF	0.7
185096	gme236_P3		X3TC	0.9
185096	gme236_P3		ABC	1
185096	gme236_P3		AZT	0.9
185096	gme236_P3		D4T	0.8
185096	gme236_P3		DDI	0.9
185096	gme236_P3		TDF	0.9
195307	Q1	A62AV, M184V	X3TC	200
195307	Q1	A62AV, M184V	ABC	2.2
195307	Q1	A62AV, M184V	AZT	0.4
195307	Q1	A62AV, M184V	D4T	0.6
195307	Q1	A62AV, M184V	DDI	1.3
195307	Q1	A62AV, M184V	TDF	0.6
185948	TM539870S	L74V, M184V	X3TC	200
185948	TM539870S	L74V, M184V	ABC	8
185948	TM539870S	L74V, M184V	AZT	0.3
185948	TM539870S	L74V, M184V	D4T	0.8
185948	TM539870S	L74V, M184V	DDI	3.3
185948	TM539870S	L74V, M184V	TDF	0.4
185950	TM731112E	D67N, K70R, M184V, K219Q	X3TC	200
185950	TM731112E	D67N, K70R, M184V, K219Q	ABC	3.7
185950	TM731112E	D67N, K70R, M184V, K219Q	AZT	3.9
185950	TM731112E	D67N, K70R, M184V, K219Q	D4T	0.9
185950	TM731112E	D67N, K70R, M184V, K219Q	DDI	1.4
185950	TM731112E	D67N, K70R, M184V, K219Q	TDF	0.8
184254	157487	M184MV	X3TC	11
184254	157487	M184MV	ABC	1.8
184254	157487	M184MV	AZT	0.6
184254	157487	M184MV	D4T	0.4
184254	157487	M184MV	DDI	0.6
184254	157487	M184MV	TDF	0.4
151290	2010-5	K65R, M184V, T215S, K219KN	X3TC	200
151290	2010-5	K65R, M184V, T215S, K219KN	ABC	8.7
151290	2010-5	K65R, M184V, T215S, K219KN	AZT	0.3
151290	2010-5	K65R, M184V, T215S, K219KN	D4T	1.1
151290	2010-5	K65R, M184V, T215S, K219KN	DDI	2.4
151290	2010-5	K65R, M184V, T215S, K219KN	TDF	1.2
184262	165589	M41L, T69D, M184V, L210W, T215Y	X3TC	200
184262	165589	M41L, T69D, M184V, L210W, T215Y	ABC	6.9
184262	165589	M41L, T69D, M184V, L210W, T215Y	AZT	5.1
184262	165589	M41L, T69D, M184V, L210W, T215Y	D4T	2.6
184262	165589	M41L, T69D, M184V, L210W, T215Y	DDI	1.8
184262	165589	M41L, T69D, M184V, L210W, T215Y	TDF	1.5
96332	2008-10		X3TC	0.9
96332	2008-10		ABC	1
96332	2008-10		AZT	1.3
96332	2008-10		D4T	0.8
96332	2008-10		DDI	1.1
96332	2008-10		TDF	1
87344	CA87344	M41ML, D67N, T69D, T215D	X3TC	3.9
87344	CA87344	M41ML, D67N, T69D, T215D	ABC	1.2
87344	CA87344	M41ML, D67N, T69D, T215D	AZT	0.9
87344	CA87344	M41ML, D67N, T69D, T215D	D4T	1.5
87344	CA87344	M41ML, D67N, T69D, T215D	DDI	1.1
87344	CA87344	M41ML, D67N, T69D, T215D	TDF	0.8
184244	CA5.200907	L74V, T215C	X3TC	0.7
184244	CA5.200907	L74V, T215C	ABC	1.4
184244	CA5.200907	L74V, T215C	AZT	0.4
184244	CA5.200907	L74V, T215C	D4T	0.7
184244	CA5.200907	L74V, T215C	DDI	1.4
184244	CA5.200907	L74V, T215C	TDF	0.6
59627	CA59627	M41L, D67DN, M184V, L210W, T215Y, K219N	X3TC	200
59627	CA59627	M41L, D67DN, M184V, L210W, T215Y, K219N	ABC	8.6
59627	CA59627	M41L, D67DN, M184V, L210W, T215Y, K219N	AZT	135
59627	CA59627	M41L, D67DN, M184V, L210W, T215Y, K219N	D4T	2.6
59627	CA59627	M41L, D67DN, M184V, L210W, T215Y, K219N	DDI	2.1
59627	CA59627	M41L, D67DN, M184V, L210W, T215Y, K219N	TDF	2.5
184257	117555	M41L, D67N, K70R, T215Y, K219E	X3TC	4.2
184257	117555	M41L, D67N, K70R, T215Y, K219E	ABC	2.3
184257	117555	M41L, D67N, K70R, T215Y, K219E	AZT	257
184257	117555	M41L, D67N, K70R, T215Y, K219E	D4T	2.1
184257	117555	M41L, D67N, K70R, T215Y, K219E	DDI	1.5
184257	117555	M41L, D67N, K70R, T215Y, K219E	TDF	4.7
63816	CA63816	M41L, E44ED, D67N, M184IV, L210W, T215Y	X3TC	200
63816	CA63816	M41L, E44ED, D67N, M184IV, L210W, T215Y	ABC	11
63816	CA63816	M41L, E44ED, D67N, M184IV, L210W, T215Y	AZT	563
63816	CA63816	M41L, E44ED, D67N, M184IV, L210W, T215Y	D4T	4.6
63816	CA63816	M41L, E44ED, D67N, M184IV, L210W, T215Y	DDI	2.5
63816	CA63816	M41L, E44ED, D67N, M184IV, L210W, T215Y	TDF	3.8
166060	201011-1	D67N, K70R, V75T, M184V, K219Q	X3TC	200
166060	201011-1	D67N, K70R, V75T, M184V, K219Q	ABC	14
166060	201011-1	D67N, K70R, V75T, M184V, K219Q	AZT	41
166060	201011-1	D67N, K70R, V75T, M184V, K219Q	D4T	4.9
166060	201011-1	D67N, K70R, V75T, M184V, K219Q	DDI	4.2
166060	201011-1	D67N, K70R, V75T, M184V, K219Q	TDF	2.6
88787	Pt39329		X3TC	1
88787	Pt39329		ABC	1.1
88787	Pt39329		AZT	1.2
88787	Pt39329		D4T	1.3
88787	Pt39329		DDI	1.6
88787	Pt39329		TDF	1
96434	2008-34		X3TC	0.9
96434	2008-34		ABC	1.3
96434	2008-34		AZT	1.1
96434	2008-34		D4T	1.3
96434	2008-34		DDI	1.3
96434	2008-34		TDF	1
124527	2008-50		X3TC	0.9
124527	2008-50		ABC	0.7
124527	2008-50		AZT	0.6
124527	2008-50		D4T	0.9
124527	2008-50		DDI	1.2
124527	2008-50		TDF	0.7
195241	C2		X3TC	0.9
195241	C2		ABC	0.7
195241	C2		AZT	0.6
195241	C2		D4T	1.2
195241	C2		DDI	1.5
195241	C2		TDF	0.9
94390	200801-19	M41L, D67N, K70R, M184V, T215Y, K219E	X3TC	200
94390	200801-19	M41L, D67N, K70R, M184V, T215Y, K219E	ABC	5.5
94390	200801-19	M41L, D67N, K70R, M184V, T215Y, K219E	AZT	7.7
94390	200801-19	M41L, D67N, K70R, M184V, T215Y, K219E	D4T	1.9
94390	200801-19	M41L, D67N, K70R, M184V, T215Y, K219E	DDI	2
94390	200801-19	M41L, D67N, K70R, M184V, T215Y, K219E	TDF	1.2
125000	Pt3	M41L, L74LV, M184V, T215Y	X3TC	200
125000	Pt3	M41L, L74LV, M184V, T215Y	ABC	4.5
125000	Pt3	M41L, L74LV, M184V, T215Y	AZT	2.1
125000	Pt3	M41L, L74LV, M184V, T215Y	D4T	1
125000	Pt3	M41L, L74LV, M184V, T215Y	DDI	1.5
125000	Pt3	M41L, L74LV, M184V, T215Y	TDF	0.7
96368	2008-38	M41L, D67N, L74I, M184V, L210W, T215Y, K219Q	X3TC	200
96368	2008-38	M41L, D67N, L74I, M184V, L210W, T215Y, K219Q	ABC	9.1
96368	2008-38	M41L, D67N, L74I, M184V, L210W, T215Y, K219Q	AZT	12
96368	2008-38	M41L, D67N, L74I, M184V, L210W, T215Y, K219Q	D4T	2.6
96368	2008-38	M41L, D67N, L74I, M184V, L210W, T215Y, K219Q	DDI	1.9
96368	2008-38	M41L, D67N, L74I, M184V, L210W, T215Y, K219Q	TDF	1.2
94396	200801-22	M41L, E44D, D67N, L74IV, M184V, L210W, T215Y, K219N	X3TC	200
94396	200801-22	M41L, E44D, D67N, L74IV, M184V, L210W, T215Y, K219N	ABC	9.4
94396	200801-22	M41L, E44D, D67N, L74IV, M184V, L210W, T215Y, K219N	AZT	27
94396	200801-22	M41L, E44D, D67N, L74IV, M184V, L210W, T215Y, K219N	D4T	3.5
94396	200801-22	M41L, E44D, D67N, L74IV, M184V, L210W, T215Y, K219N	DDI	2.5
94396	200801-22	M41L, E44D, D67N, L74IV, M184V, L210W, T215Y, K219N	TDF	1.2
94382	200801-6	M41L, E44D, D67N, L74LV, M184V, L210W, T215Y, K219KR	X3TC	200
94382	200801-6	M41L, E44D, D67N, L74LV, M184V, L210W, T215Y, K219KR	ABC	7.2
94382	200801-6	M41L, E44D, D67N, L74LV, M184V, L210W, T215Y, K219KR	AZT	3.9
94382	200801-6	M41L, E44D, D67N, L74LV, M184V, L210W, T215Y, K219KR	D4T	1.5
94382	200801-6	M41L, E44D, D67N, L74LV, M184V, L210W, T215Y, K219KR	DDI	1.1
94382	200801-6	M41L, E44D, D67N, L74LV, M184V, L210W, T215Y, K219KR	TDF	0.9
184273	WA4	M184V	X3TC	200
184273	WA4	M184V	ABC	2.3
184273	WA4	M184V	AZT	0.4
184273	WA4	M184V	D4T	0.7
184273	WA4	M184V	DDI	1.3
184273	WA4	M184V	TDF	0.5
134365	CA134365	D67N, S68G, T215L, K219Q	X3TC	3.8
134365	CA134365	D67N, S68G, T215L, K219Q	ABC	0.9
134365	CA134365	D67N, S68G, T215L, K219Q	AZT	1.2
134365	CA134365	D67N, S68G, T215L, K219Q	D4T	1.6
134365	CA134365	D67N, S68G, T215L, K219Q	DDI	1.5
134365	CA134365	D67N, S68G, T215L, K219Q	TDF	1.1
185056	115188		X3TC	1.4
185056	115188		ABC	0.9
185056	115188		AZT	0.7
185056	115188		D4T	0.9
185056	115188		DDI	0.9
185056	115188		TDF	0.7
122767	22110_0408	M41L, D67N, V75M, M184V, L210W, T215Y, K219E	X3TC	200
122767	22110_0408	M41L, D67N, V75M, M184V, L210W, T215Y, K219E	ABC	5.9
122767	22110_0408	M41L, D67N, V75M, M184V, L210W, T215Y, K219E	AZT	20
122767	22110_0408	M41L, D67N, V75M, M184V, L210W, T215Y, K219E	D4T	1.8
122767	22110_0408	M41L, D67N, V75M, M184V, L210W, T215Y, K219E	DDI	2.1
122767	22110_0408	M41L, D67N, V75M, M184V, L210W, T215Y, K219E	TDF	1.5
175999	201108-7	M41L, D67N, K70R, M184V, T215F, K219E	X3TC	200
175999	201108-7	M41L, D67N, K70R, M184V, T215F, K219E	ABC	6.5
175999	201108-7	M41L, D67N, K70R, M184V, T215F, K219E	AZT	50
175999	201108-7	M41L, D67N, K70R, M184V, T215F, K219E	D4T	2.5
175999	201108-7	M41L, D67N, K70R, M184V, T215F, K219E	DDI	1.9
175999	201108-7	M41L, D67N, K70R, M184V, T215F, K219E	TDF	2.6
127276	09Pt68		X3TC	1
127276	09Pt68		ABC	1
127276	09Pt68		AZT	0.7
127276	09Pt68		D4T	1.1
127276	09Pt68		DDI	1.6
127276	09Pt68		TDF	0.9
127252	09Pt57		X3TC	1.2
127252	09Pt57		ABC	0.9
127252	09Pt57		AZT	0.5
127252	09Pt57		D4T	0.9
127252	09Pt57		DDI	1.1
127252	09Pt57		TDF	0.7
86054	5111_1109	M41L, D67N, L74I, M184V, T215F, K219W	X3TC	200
86054	5111_1109	M41L, D67N, L74I, M184V, T215F, K219W	ABC	12
86054	5111_1109	M41L, D67N, L74I, M184V, T215F, K219W	AZT	20
86054	5111_1109	M41L, D67N, L74I, M184V, T215F, K219W	D4T	4.4
86054	5111_1109	M41L, D67N, L74I, M184V, T215F, K219W	DDI	4.3
86054	5111_1109	M41L, D67N, L74I, M184V, T215F, K219W	TDF	2
166070	201011-6	T69D, V75A, M184V	X3TC	1
166070	201011-6	T69D, V75A, M184V	ABC	4.8
166070	201011-6	T69D, V75A, M184V	AZT	0.3
166070	201011-6	T69D, V75A, M184V	D4T	1.6
166070	201011-6	T69D, V75A, M184V	DDI	3.9
166070	201011-6	T69D, V75A, M184V	TDF	0.6
71497	CA900BT32	M41L, K70KR, M184V, L210W, T215Y, K219E	X3TC	NA
71497	CA900BT32	M41L, K70KR, M184V, L210W, T215Y, K219E	ABC	8.8
71497	CA900BT32	M41L, K70KR, M184V, L210W, T215Y, K219E	AZT	32
71497	CA900BT32	M41L, K70KR, M184V, L210W, T215Y, K219E	D4T	2.9
71497	CA900BT32	M41L, K70KR, M184V, L210W, T215Y, K219E	DDI	2.3
71497	CA900BT32	M41L, K70KR, M184V, L210W, T215Y, K219E	TDF	2.1
122669	200804-14	E44D, A62V, M184V, L210W, T215Y	X3TC	200
122669	200804-14	E44D, A62V, M184V, L210W, T215Y	ABC	4.2
122669	200804-14	E44D, A62V, M184V, L210W, T215Y	AZT	6.3
122669	200804-14	E44D, A62V, M184V, L210W, T215Y	D4T	1.6
122669	200804-14	E44D, A62V, M184V, L210W, T215Y	DDI	1.8
122669	200804-14	E44D, A62V, M184V, L210W, T215Y	TDF	0.9
96354	2008-32	M41L, D67N, K70KR, M184V, T215F, K219Q	X3TC	200
96354	2008-32	M41L, D67N, K70KR, M184V, T215F, K219Q	ABC	7.4
96354	2008-32	M41L, D67N, K70KR, M184V, T215F, K219Q	AZT	9.3
96354	2008-32	M41L, D67N, K70KR, M184V, T215F, K219Q	D4T	2.2
96354	2008-32	M41L, D67N, K70KR, M184V, T215F, K219Q	DDI	2
96354	2008-32	M41L, D67N, K70KR, M184V, T215F, K219Q	TDF	1.4
127368	09Pt42		X3TC	0.9
127368	09Pt42		ABC	0.7
127368	09Pt42		AZT	0.5
127368	09Pt42		D4T	0.8
127368	09Pt42		DDI	1
127368	09Pt42		TDF	0.6
195299	EB8_2010	S68G	X3TC	1
195299	EB8_2010	S68G	ABC	0.9
195299	EB8_2010	S68G	AZT	1.3
195299	EB8_2010	S68G	D4T	1.1
195299	EB8_2010	S68G	DDI	1.1
195299	EB8_2010	S68G	TDF	0.9
125018	Pt12		X3TC	0.7
125018	Pt12		ABC	0.8
125018	Pt12		AZT	0.9
125018	Pt12		D4T	0.6
125018	Pt12		DDI	0.6
125018	Pt12		TDF	0.7
71475	CA900BT20	M41L, E44ED, D67N, L74LV, L210W, T215Y, K219KR	X3TC	14
71475	CA900BT20	M41L, E44ED, D67N, L74LV, L210W, T215Y, K219KR	ABC	8
71475	CA900BT20	M41L, E44ED, D67N, L74LV, L210W, T215Y, K219KR	AZT	662
71475	CA900BT20	M41L, E44ED, D67N, L74LV, L210W, T215Y, K219KR	D4T	7.7
71475	CA900BT20	M41L, E44ED, D67N, L74LV, L210W, T215Y, K219KR	DDI	2.6
71475	CA900BT20	M41L, E44ED, D67N, L74LV, L210W, T215Y, K219KR	TDF	5.2
71567	CA71567	A62V, K70N, V75I, F77L, Y115F, F116Y, Q151M	X3TC	NA
71567	CA71567	A62V, K70N, V75I, F77L, Y115F, F116Y, Q151M	ABC	NA
71567	CA71567	A62V, K70N, V75I, F77L, Y115F, F116Y, Q151M	AZT	NA
71567	CA71567	A62V, K70N, V75I, F77L, Y115F, F116Y, Q151M	D4T	19
71567	CA71567	A62V, K70N, V75I, F77L, Y115F, F116Y, Q151M	DDI	17
71567	CA71567	A62V, K70N, V75I, F77L, Y115F, F116Y, Q151M	TDF	2.1
122675	200804-17	M41L, L210W, T215Y	X3TC	2.1
122675	200804-17	M41L, L210W, T215Y	ABC	1.5
122675	200804-17	M41L, L210W, T215Y	AZT	30
122675	200804-17	M41L, L210W, T215Y	D4T	1.7
122675	200804-17	M41L, L210W, T215Y	DDI	0.9
122675	200804-17	M41L, L210W, T215Y	TDF	1.9
95816	200801-8		X3TC	0.8
95816	200801-8		ABC	0.9
95816	200801-8		AZT	0.5
95816	200801-8		D4T	0.8
95816	200801-8		DDI	0.8
95816	200801-8		TDF	0.8
184281	CA.200504	M41L, D67NS, T69D, K70R, M184V, T215F, K219Q	X3TC	200
184281	CA.200504	M41L, D67NS, T69D, K70R, M184V, T215F, K219Q	ABC	2.9
184281	CA.200504	M41L, D67NS, T69D, K70R, M184V, T215F, K219Q	AZT	14
184281	CA.200504	M41L, D67NS, T69D, K70R, M184V, T215F, K219Q	D4T	2.9
184281	CA.200504	M41L, D67NS, T69D, K70R, M184V, T215F, K219Q	DDI	1.9
184281	CA.200504	M41L, D67NS, T69D, K70R, M184V, T215F, K219Q	TDF	1.7
184277	CA.200502	M41L, D67N, K70N, M184V, T215Y	X3TC	200
184277	CA.200502	M41L, D67N, K70N, M184V, T215Y	ABC	4.6
184277	CA.200502	M41L, D67N, K70N, M184V, T215Y	AZT	8.5
184277	CA.200502	M41L, D67N, K70N, M184V, T215Y	D4T	1.9
184277	CA.200502	M41L, D67N, K70N, M184V, T215Y	DDI	1.7
184277	CA.200502	M41L, D67N, K70N, M184V, T215Y	TDF	1.8
195283	EB22	M184V	X3TC	200
195283	EB22	M184V	ABC	3.6
195283	EB22	M184V	AZT	0.3
195283	EB22	M184V	D4T	0.9
195283	EB22	M184V	DDI	1.5
195283	EB22	M184V	TDF	0.5
96438	2008-36	M41L, E44D, D67N, M184V, L210W, T215Y, K219E	X3TC	200
96438	2008-36	M41L, E44D, D67N, M184V, L210W, T215Y, K219E	ABC	3.9
96438	2008-36	M41L, E44D, D67N, M184V, L210W, T215Y, K219E	AZT	3
96438	2008-36	M41L, E44D, D67N, M184V, L210W, T215Y, K219E	D4T	1.3
96438	2008-36	M41L, E44D, D67N, M184V, L210W, T215Y, K219E	DDI	1.5
96438	2008-36	M41L, E44D, D67N, M184V, L210W, T215Y, K219E	TDF	0.7
195273	EB18		X3TC	1.4
195273	EB18		ABC	1.1
195273	EB18		AZT	0.9
195273	EB18		D4T	0.8
195273	EB18		DDI	1.1
195273	EB18		TDF	0.9
96229	MA42445	A62V, V75I	X3TC	1.4
96229	MA42445	A62V, V75I	ABC	1.2
96229	MA42445	A62V, V75I	AZT	0.7
96229	MA42445	A62V, V75I	D4T	1.2
96229	MA42445	A62V, V75I	DDI	1.2
96229	MA42445	A62V, V75I	TDF	0.8
195261	EB12		X3TC	1.1
195261	EB12		ABC	1
195261	EB12		AZT	1.1
195261	EB12		D4T	1.1
195261	EB12		DDI	1
195261	EB12		TDF	1.1
127312	09Pt14		X3TC	0.6
127312	09Pt14		ABC	0.6
127312	09Pt14		AZT	0.4
127312	09Pt14		D4T	0.6
127312	09Pt14		DDI	0.6
127312	09Pt14		TDF	0.6
102354	Pt1b	M41L, D67N, T69D, K70R, L74I, M184V, T215F, K219W	X3TC	200
102354	Pt1b	M41L, D67N, T69D, K70R, L74I, M184V, T215F, K219W	ABC	21
102354	Pt1b	M41L, D67N, T69D, K70R, L74I, M184V, T215F, K219W	AZT	NA
102354	Pt1b	M41L, D67N, T69D, K70R, L74I, M184V, T215F, K219W	D4T	11
102354	Pt1b	M41L, D67N, T69D, K70R, L74I, M184V, T215F, K219W	DDI	3.1
102354	Pt1b	M41L, D67N, T69D, K70R, L74I, M184V, T215F, K219W	TDF	4.3
55092	CA55092	D67N, K70R, M184MV, T215TI, K219Q	X3TC	3.8
55092	CA55092	D67N, K70R, M184MV, T215TI, K219Q	ABC	2.8
55092	CA55092	D67N, K70R, M184MV, T215TI, K219Q	AZT	13
55092	CA55092	D67N, K70R, M184MV, T215TI, K219Q	D4T	1.7
55092	CA55092	D67N, K70R, M184MV, T215TI, K219Q	DDI	1.4
55092	CA55092	D67N, K70R, M184MV, T215TI, K219Q	TDF	1.6
185066	134044	D67N, K70R, K219Q	X3TC	1.5
185066	134044	D67N, K70R, K219Q	ABC	1.3
185066	134044	D67N, K70R, K219Q	AZT	5.1
185066	134044	D67N, K70R, K219Q	D4T	0.9
185066	134044	D67N, K70R, K219Q	DDI	0.7
185066	134044	D67N, K70R, K219Q	TDF	1.1
166086	201011-14		X3TC	1.4
166086	201011-14		ABC	1.1
166086	201011-14		AZT	1.6
166086	201011-14		D4T	1.4
166086	201011-14		DDI	1.4
166086	201011-14		TDF	0.8
51129	CA51129	M41L, L74V, T215Y	X3TC	2.5
51129	CA51129	M41L, L74V, T215Y	ABC	3.1
51129	CA51129	M41L, L74V, T215Y	AZT	8.6
51129	CA51129	M41L, L74V, T215Y	D4T	1.8
51129	CA51129	M41L, L74V, T215Y	DDI	1.5
51129	CA51129	M41L, L74V, T215Y	TDF	1.6
96342	2008-26	M41L, L74V, M184V, L210W, T215Y, K219N	X3TC	200
96342	2008-26	M41L, L74V, M184V, L210W, T215Y, K219N	ABC	7.5
96342	2008-26	M41L, L74V, M184V, L210W, T215Y, K219N	AZT	0.8
96342	2008-26	M41L, L74V, M184V, L210W, T215Y, K219N	D4T	1.3
96342	2008-26	M41L, L74V, M184V, L210W, T215Y, K219N	DDI	2
96342	2008-26	M41L, L74V, M184V, L210W, T215Y, K219N	TDF	0.4
184248	CA8.201001	M41L, A62V, K65R, V75I, Y115F, F116Y, Q151M, L210W, T215E	X3TC	200
184248	CA8.201001	M41L, A62V, K65R, V75I, Y115F, F116Y, Q151M, L210W, T215E	ABC	28
184248	CA8.201001	M41L, A62V, K65R, V75I, Y115F, F116Y, Q151M, L210W, T215E	AZT	200
184248	CA8.201001	M41L, A62V, K65R, V75I, Y115F, F116Y, Q151M, L210W, T215E	D4T	200
184248	CA8.201001	M41L, A62V, K65R, V75I, Y115F, F116Y, Q151M, L210W, T215E	DDI	18
184248	CA8.201001	M41L, A62V, K65R, V75I, Y115F, F116Y, Q151M, L210W, T215E	TDF	12
175995	201108-5		X3TC	1.2
175995	201108-5		ABC	1
175995	201108-5		AZT	0.5
175995	201108-5		D4T	0.7
175995	201108-5		DDI	0.9
175995	201108-5		TDF	0.5
162659	CA162659	D67G, K70E, M184V	X3TC	200
162659	CA162659	D67G, K70E, M184V	ABC	3.6
162659	CA162659	D67G, K70E, M184V	AZT	0.3
162659	CA162659	D67G, K70E, M184V	D4T	0.6
162659	CA162659	D67G, K70E, M184V	DDI	1.9
162659	CA162659	D67G, K70E, M184V	TDF	0.7
177172	201108-1	M41L, M184V, T215Y	X3TC	200
177172	201108-1	M41L, M184V, T215Y	ABC	4.5
177172	201108-1	M41L, M184V, T215Y	AZT	25
177172	201108-1	M41L, M184V, T215Y	D4T	2.1
177172	201108-1	M41L, M184V, T215Y	DDI	3
177172	201108-1	M41L, M184V, T215Y	TDF	1.9
122647	200804-03	M41L, S68SG, L74V, M184V, T215Y	X3TC	200
122647	200804-03	M41L, S68SG, L74V, M184V, T215Y	ABC	7.2
122647	200804-03	M41L, S68SG, L74V, M184V, T215Y	AZT	0.8
122647	200804-03	M41L, S68SG, L74V, M184V, T215Y	D4T	1.1
122647	200804-03	M41L, S68SG, L74V, M184V, T215Y	DDI	2.2
122647	200804-03	M41L, S68SG, L74V, M184V, T215Y	TDF	0.5
95060	200803-3	M41L, D67N, M184V, L210W, T215Y, K219E	X3TC	200
95060	200803-3	M41L, D67N, M184V, L210W, T215Y, K219E	ABC	8.2
95060	200803-3	M41L, D67N, M184V, L210W, T215Y, K219E	AZT	11
95060	200803-3	M41L, D67N, M184V, L210W, T215Y, K219E	D4T	1.4
95060	200803-3	M41L, D67N, M184V, L210W, T215Y, K219E	DDI	2.1
95060	200803-3	M41L, D67N, M184V, L210W, T215Y, K219E	TDF	1.5
71509	CA900BT39	M41L, D67N, L74LI, M184V, L210W, T215Y	X3TC	NA
71509	CA900BT39	M41L, D67N, L74LI, M184V, L210W, T215Y	ABC	6.5
71509	CA900BT39	M41L, D67N, L74LI, M184V, L210W, T215Y	AZT	10
71509	CA900BT39	M41L, D67N, L74LI, M184V, L210W, T215Y	D4T	2.2
71509	CA900BT39	M41L, D67N, L74LI, M184V, L210W, T215Y	DDI	1.6
71509	CA900BT39	M41L, D67N, L74LI, M184V, L210W, T215Y	TDF	0.9
124519	2008-46		X3TC	0.9
124519	2008-46		ABC	0.8
124519	2008-46		AZT	0.6
124519	2008-46		D4T	0.9
124519	2008-46		DDI	0.8
124519	2008-46		TDF	0.9
71521	CA900BT45	M41L, T69S_SS, V75M, M184V, L210W, T215FY	X3TC	NA
71521	CA900BT45	M41L, T69S_SS, V75M, M184V, L210W, T215FY	ABC	19
71521	CA900BT45	M41L, T69S_SS, V75M, M184V, L210W, T215FY	AZT	NA
71521	CA900BT45	M41L, T69S_SS, V75M, M184V, L210W, T215FY	D4T	12
71521	CA900BT45	M41L, T69S_SS, V75M, M184V, L210W, T215FY	DDI	4.3
71521	CA900BT45	M41L, T69S_SS, V75M, M184V, L210W, T215FY	TDF	5.5
195239	C11	M184V, T215Y	X3TC	200
195239	C11	M184V, T215Y	ABC	2.7
195239	C11	M184V, T215Y	AZT	0.4
195239	C11	M184V, T215Y	D4T	0.7
195239	C11	M184V, T215Y	DDI	1.3
195239	C11	M184V, T215Y	TDF	0.4
86038	5617_0409	M41L, M184V, L210W, T215Y	X3TC	200
86038	5617_0409	M41L, M184V, L210W, T215Y	ABC	6.7
86038	5617_0409	M41L, M184V, L210W, T215Y	AZT	36
86038	5617_0409	M41L, M184V, L210W, T215Y	D4T	2.6
86038	5617_0409	M41L, M184V, L210W, T215Y	DDI	2
86038	5617_0409	M41L, M184V, L210W, T215Y	TDF	1.8
88731	Pt39301		X3TC	0.8
88731	Pt39301		ABC	0.8
88731	Pt39301		AZT	0.6
88731	Pt39301		D4T	1
88731	Pt39301		DDI	1
88731	Pt39301		TDF	0.8
68595	CA68595	M41L, D67G, S68G, K70R, L74I, M184V, T215F, K219E	X3TC	200
68595	CA68595	M41L, D67G, S68G, K70R, L74I, M184V, T215F, K219E	ABC	6.5
68595	CA68595	M41L, D67G, S68G, K70R, L74I, M184V, T215F, K219E	AZT	4.7
68595	CA68595	M41L, D67G, S68G, K70R, L74I, M184V, T215F, K219E	D4T	2.5
68595	CA68595	M41L, D67G, S68G, K70R, L74I, M184V, T215F, K219E	DDI	2.5
68595	CA68595	M41L, D67G, S68G, K70R, L74I, M184V, T215F, K219E	TDF	0.9
96384	2008-45	M41L, D67N, L74LI, M184V, L210LW, T215FY, K219Q	X3TC	200
96384	2008-45	M41L, D67N, L74LI, M184V, L210LW, T215FY, K219Q	ABC	23
96384	2008-45	M41L, D67N, L74LI, M184V, L210LW, T215FY, K219Q	AZT	NA
96384	2008-45	M41L, D67N, L74LI, M184V, L210LW, T215FY, K219Q	D4T	15
96384	2008-45	M41L, D67N, L74LI, M184V, L210LW, T215FY, K219Q	DDI	4.8
96384	2008-45	M41L, D67N, L74LI, M184V, L210LW, T215FY, K219Q	TDF	7
127298	09Pt79	M41L, M184V, T215Y	X3TC	200
127298	09Pt79	M41L, M184V, T215Y	ABC	6
127298	09Pt79	M41L, M184V, T215Y	AZT	51
127298	09Pt79	M41L, M184V, T215Y	D4T	1.3
127298	09Pt79	M41L, M184V, T215Y	DDI	1.7
127298	09Pt79	M41L, M184V, T215Y	TDF	2
84910	CA84910	D67N, T69D, K70R, F116Y, Q151M, M184V, T215V, K219Q	X3TC	200
84910	CA84910	D67N, T69D, K70R, F116Y, Q151M, M184V, T215V, K219Q	ABC	12
84910	CA84910	D67N, T69D, K70R, F116Y, Q151M, M184V, T215V, K219Q	AZT	9.1
84910	CA84910	D67N, T69D, K70R, F116Y, Q151M, M184V, T215V, K219Q	D4T	5.5
84910	CA84910	D67N, T69D, K70R, F116Y, Q151M, M184V, T215V, K219Q	DDI	8.2
84910	CA84910	D67N, T69D, K70R, F116Y, Q151M, M184V, T215V, K219Q	TDF	0.8
95068	200803-7	D67N, T69D, M184V, T215L, K219Q	X3TC	200
95068	200803-7	D67N, T69D, M184V, T215L, K219Q	ABC	2.2
95068	200803-7	D67N, T69D, M184V, T215L, K219Q	AZT	0.2
95068	200803-7	D67N, T69D, M184V, T215L, K219Q	D4T	0.7
95068	200803-7	D67N, T69D, M184V, T215L, K219Q	DDI	1.4
95068	200803-7	D67N, T69D, M184V, T215L, K219Q	TDF	0.3
63984	CA63984	M41L, D67G, K70R, M184V, L210W, T215Y, K219E	X3TC	200
63984	CA63984	M41L, D67G, K70R, M184V, L210W, T215Y, K219E	ABC	9.9
63984	CA63984	M41L, D67G, K70R, M184V, L210W, T215Y, K219E	AZT	149
63984	CA63984	M41L, D67G, K70R, M184V, L210W, T215Y, K219E	D4T	3.1
63984	CA63984	M41L, D67G, K70R, M184V, L210W, T215Y, K219E	DDI	2.5
63984	CA63984	M41L, D67G, K70R, M184V, L210W, T215Y, K219E	TDF	3.3
195235	C1		X3TC	1
195235	C1		ABC	0.8
195235	C1		AZT	0.9
195235	C1		D4T	0.6
195235	C1		DDI	0.9
195235	C1		TDF	0.8
96374	2008-41	M41L, E44A, D67NS, V75M, F77L, M184V, L210W, T215Y, K219Q	X3TC	200
96374	2008-41	M41L, E44A, D67NS, V75M, F77L, M184V, L210W, T215Y, K219Q	ABC	5.7
96374	2008-41	M41L, E44A, D67NS, V75M, F77L, M184V, L210W, T215Y, K219Q	AZT	64
96374	2008-41	M41L, E44A, D67NS, V75M, F77L, M184V, L210W, T215Y, K219Q	D4T	3.6
96374	2008-41	M41L, E44A, D67NS, V75M, F77L, M184V, L210W, T215Y, K219Q	DDI	2
96374	2008-41	M41L, E44A, D67NS, V75M, F77L, M184V, L210W, T215Y, K219Q	TDF	1.7
96392	2008-33a	M41L, E44D, L74I, M184V, L210W, T215Y, K219R	X3TC	200
96392	2008-33a	M41L, E44D, L74I, M184V, L210W, T215Y, K219R	ABC	10
96392	2008-33a	M41L, E44D, L74I, M184V, L210W, T215Y, K219R	AZT	65
96392	2008-33a	M41L, E44D, L74I, M184V, L210W, T215Y, K219R	D4T	3.2
96392	2008-33a	M41L, E44D, L74I, M184V, L210W, T215Y, K219R	DDI	2.8
96392	2008-33a	M41L, E44D, L74I, M184V, L210W, T215Y, K219R	TDF	1.4
122801	Q122801		X3TC	1.1
122801	Q122801		ABC	0.8
122801	Q122801		AZT	0.4
122801	Q122801		D4T	0.9
122801	Q122801		DDI	0.9
122801	Q122801		TDF	0.7
84230	CA84230	D67N	X3TC	1.8
84230	CA84230	D67N	ABC	0.8
84230	CA84230	D67N	AZT	1.1
84230	CA84230	D67N	D4T	1.1
84230	CA84230	D67N	DDI	1.4
84230	CA84230	D67N	TDF	0.9
95056	200803-1	M41L, E44A, D67N, L210W, T215Y	X3TC	5.3
95056	200803-1	M41L, E44A, D67N, L210W, T215Y	ABC	4.4
95056	200803-1	M41L, E44A, D67N, L210W, T215Y	AZT	NA
95056	200803-1	M41L, E44A, D67N, L210W, T215Y	D4T	5.8
95056	200803-1	M41L, E44A, D67N, L210W, T215Y	DDI	2.2
95056	200803-1	M41L, E44A, D67N, L210W, T215Y	TDF	4.8
84124	CA84124	M41L, D67N, T69D, M184V, L210W, T215Y	X3TC	200
84124	CA84124	M41L, D67N, T69D, M184V, L210W, T215Y	ABC	7.4
84124	CA84124	M41L, D67N, T69D, M184V, L210W, T215Y	AZT	5.9
84124	CA84124	M41L, D67N, T69D, M184V, L210W, T215Y	D4T	2.1
84124	CA84124	M41L, D67N, T69D, M184V, L210W, T215Y	DDI	1.8
84124	CA84124	M41L, D67N, T69D, M184V, L210W, T215Y	TDF	1.2
92367	200801-2	M41L, D67N, T69D, K70R, M184V, T215F, K219Q	X3TC	200
92367	200801-2	M41L, D67N, T69D, K70R, M184V, T215F, K219Q	ABC	6
92367	200801-2	M41L, D67N, T69D, K70R, M184V, T215F, K219Q	AZT	6.5
92367	200801-2	M41L, D67N, T69D, K70R, M184V, T215F, K219Q	D4T	1.4
92367	200801-2	M41L, D67N, T69D, K70R, M184V, T215F, K219Q	DDI	1.8
92367	200801-2	M41L, D67N, T69D, K70R, M184V, T215F, K219Q	TDF	1
71493	CA900BT29	T215F	X3TC	1.6
71493	CA900BT29	T215F	ABC	1
71493	CA900BT29	T215F	AZT	2.9
71493	CA900BT29	T215F	D4T	1.3
71493	CA900BT29	T215F	DDI	0.9
71493	CA900BT29	T215F	TDF	0.9
63798	CA63798	M41L, D67N, K70R, L74LI, T215F, K219Q	X3TC	6
63798	CA63798	M41L, D67N, K70R, L74LI, T215F, K219Q	ABC	5.3
63798	CA63798	M41L, D67N, K70R, L74LI, T215F, K219Q	AZT	NA
63798	CA63798	M41L, D67N, K70R, L74LI, T215F, K219Q	D4T	4.3
63798	CA63798	M41L, D67N, K70R, L74LI, T215F, K219Q	DDI	1.8
63798	CA63798	M41L, D67N, K70R, L74LI, T215F, K219Q	TDF	4.7
127332	09Pt24		X3TC	0.8
127332	09Pt24		ABC	0.8
127332	09Pt24		AZT	1
127332	09Pt24		D4T	0.9
127332	09Pt24		DDI	0.8
127332	09Pt24		TDF	1
96398	2008-15	M41L, S68SG, L74V, M184V, L210W, T215Y	X3TC	200
96398	2008-15	M41L, S68SG, L74V, M184V, L210W, T215Y	ABC	11
96398	2008-15	M41L, S68SG, L74V, M184V, L210W, T215Y	AZT	3.8
96398	2008-15	M41L, S68SG, L74V, M184V, L210W, T215Y	D4T	2
96398	2008-15	M41L, S68SG, L74V, M184V, L210W, T215Y	DDI	2
96398	2008-15	M41L, S68SG, L74V, M184V, L210W, T215Y	TDF	0.9
71487	CA900BT26	M41L, D67N, L74V, L210W, T215FY	X3TC	5.4
71487	CA900BT26	M41L, D67N, L74V, L210W, T215FY	ABC	3
71487	CA900BT26	M41L, D67N, L74V, L210W, T215FY	AZT	8.5
71487	CA900BT26	M41L, D67N, L74V, L210W, T215FY	D4T	3
71487	CA900BT26	M41L, D67N, L74V, L210W, T215FY	DDI	1.9
71487	CA900BT26	M41L, D67N, L74V, L210W, T215FY	TDF	1
71535	CA900BT52	M41L, D67N, L74LV, L210W, T215Y, K219R	X3TC	4.4
71535	CA900BT52	M41L, D67N, L74LV, L210W, T215Y, K219R	ABC	6
71535	CA900BT52	M41L, D67N, L74LV, L210W, T215Y, K219R	AZT	NA
71535	CA900BT52	M41L, D67N, L74LV, L210W, T215Y, K219R	D4T	4.6
71535	CA900BT52	M41L, D67N, L74LV, L210W, T215Y, K219R	DDI	1.5
71535	CA900BT52	M41L, D67N, L74LV, L210W, T215Y, K219R	TDF	7.9
95072	200803-9	K65R, S68N, M184V	X3TC	200
95072	200803-9	K65R, S68N, M184V	ABC	8.9
95072	200803-9	K65R, S68N, M184V	AZT	0.5
95072	200803-9	K65R, S68N, M184V	D4T	1
95072	200803-9	K65R, S68N, M184V	DDI	3.1
95072	200803-9	K65R, S68N, M184V	TDF	1.3
95832	200801-16		X3TC	0.7
95832	200801-16		ABC	1
95832	200801-16		AZT	0.6
95832	200801-16		D4T	1.1
95832	200801-16		DDI	1.3
95832	200801-16		TDF	0.9
84186	CA84186	M41L, L74LV, M184V, L210W, T215Y	X3TC	200
84186	CA84186	M41L, L74LV, M184V, L210W, T215Y	ABC	6.7
84186	CA84186	M41L, L74LV, M184V, L210W, T215Y	AZT	5.9
84186	CA84186	M41L, L74LV, M184V, L210W, T215Y	D4T	2.6
84186	CA84186	M41L, L74LV, M184V, L210W, T215Y	DDI	2.2
84186	CA84186	M41L, L74LV, M184V, L210W, T215Y	TDF	1.1
88707	Pt39289		X3TC	0.8
88707	Pt39289		ABC	0.8
88707	Pt39289		AZT	0.7
88707	Pt39289		D4T	0.8
88707	Pt39289		DDI	0.8
88707	Pt39289		TDF	0.9
94372	200801-1	M41L, D67N, K70R, M184V, T215IF, K219E	X3TC	200
94372	200801-1	M41L, D67N, K70R, M184V, T215IF, K219E	ABC	7.6
94372	200801-1	M41L, D67N, K70R, M184V, T215IF, K219E	AZT	65
94372	200801-1	M41L, D67N, K70R, M184V, T215IF, K219E	D4T	2.4
94372	200801-1	M41L, D67N, K70R, M184V, T215IF, K219E	DDI	2.6
94372	200801-1	M41L, D67N, K70R, M184V, T215IF, K219E	TDF	2.8
195259	EB11_2010		X3TC	1
195259	EB11_2010		ABC	0.8
195259	EB11_2010		AZT	0.8
195259	EB11_2010		D4T	1.1
195259	EB11_2010		DDI	1
195259	EB11_2010		TDF	0.9
71469	CA900BT16	M41L, D67N, K70R, M184V, T215F, K219Q	X3TC	NA
71469	CA900BT16	M41L, D67N, K70R, M184V, T215F, K219Q	ABC	7.2
71469	CA900BT16	M41L, D67N, K70R, M184V, T215F, K219Q	AZT	105
71469	CA900BT16	M41L, D67N, K70R, M184V, T215F, K219Q	D4T	2.8
71469	CA900BT16	M41L, D67N, K70R, M184V, T215F, K219Q	DDI	1.7
71469	CA900BT16	M41L, D67N, K70R, M184V, T215F, K219Q	TDF	2.3
127224	Pt18	D67N, T69D, K70R, L74V, T215IF, K219Q	X3TC	4.6
127224	Pt18	D67N, T69D, K70R, L74V, T215IF, K219Q	ABC	2.4
127224	Pt18	D67N, T69D, K70R, L74V, T215IF, K219Q	AZT	18
127224	Pt18	D67N, T69D, K70R, L74V, T215IF, K219Q	D4T	1.5
127224	Pt18	D67N, T69D, K70R, L74V, T215IF, K219Q	DDI	1.4
127224	Pt18	D67N, T69D, K70R, L74V, T215IF, K219Q	TDF	1.3
127234	09Pt4	E44D	X3TC	1
127234	09Pt4	E44D	ABC	1.1
127234	09Pt4	E44D	AZT	1.4
127234	09Pt4	E44D	D4T	1
127234	09Pt4	E44D	DDI	1.1
127234	09Pt4	E44D	TDF	0.9
87348	CA87348		X3TC	1.3
87348	CA87348		ABC	1.1
87348	CA87348		AZT	1
87348	CA87348		D4T	1.3
87348	CA87348		DDI	1.4
87348	CA87348		TDF	1.3
195257	EB10_2010		X3TC	1
195257	EB10_2010		ABC	0.9
195257	EB10_2010		AZT	0.6
195257	EB10_2010		D4T	0.9
195257	EB10_2010		DDI	0.9
195257	EB10_2010		TDF	0.8
195297	EB7_2008		X3TC	0.8
195297	EB7_2008		ABC	0.8
195297	EB7_2008		AZT	0.9
195297	EB7_2008		D4T	0.8
195297	EB7_2008		DDI	0.9
195297	EB7_2008		TDF	0.9
88755	Pt39313		X3TC	1
88755	Pt39313		ABC	0.8
88755	Pt39313		AZT	0.6
88755	Pt39313		D4T	0.8
88755	Pt39313		DDI	0.8
88755	Pt39313		TDF	0.7
184285	CA.200506	M41L, V75M, F77L, M184V, L210W, T215Y	X3TC	200
184285	CA.200506	M41L, V75M, F77L, M184V, L210W, T215Y	ABC	4.8
184285	CA.200506	M41L, V75M, F77L, M184V, L210W, T215Y	AZT	64
184285	CA.200506	M41L, V75M, F77L, M184V, L210W, T215Y	D4T	1.5
184285	CA.200506	M41L, V75M, F77L, M184V, L210W, T215Y	DDI	1.6
184285	CA.200506	M41L, V75M, F77L, M184V, L210W, T215Y	TDF	2.1
122663	200804-11	A62V, K65R, S68G, K70R, V75I, F77L, Y115F, F116Y, Q151M, M184V, T215TI	X3TC	200
122663	200804-11	A62V, K65R, S68G, K70R, V75I, F77L, Y115F, F116Y, Q151M, M184V, T215TI	ABC	170
122663	200804-11	A62V, K65R, S68G, K70R, V75I, F77L, Y115F, F116Y, Q151M, M184V, T215TI	AZT	NA
122663	200804-11	A62V, K65R, S68G, K70R, V75I, F77L, Y115F, F116Y, Q151M, M184V, T215TI	D4T	8.7
122663	200804-11	A62V, K65R, S68G, K70R, V75I, F77L, Y115F, F116Y, Q151M, M184V, T215TI	DDI	100
122663	200804-11	A62V, K65R, S68G, K70R, V75I, F77L, Y115F, F116Y, Q151M, M184V, T215TI	TDF	7.5
127336	09Pt26		X3TC	1
127336	09Pt26		ABC	1
127336	09Pt26		AZT	0.8
127336	09Pt26		D4T	0.9
127336	09Pt26		DDI	1.2
127336	09Pt26		TDF	1
151308	2010-14	M41ML, K65R, K70T, Y115F	X3TC	24
151308	2010-14	M41ML, K65R, K70T, Y115F	ABC	11
151308	2010-14	M41ML, K65R, K70T, Y115F	AZT	1.2
151308	2010-14	M41ML, K65R, K70T, Y115F	D4T	1.6
151308	2010-14	M41ML, K65R, K70T, Y115F	DDI	2.9
151308	2010-14	M41ML, K65R, K70T, Y115F	TDF	4.1
127286	09Pt73	M41L, D67DN, M184V, L210W, T215Y, K219N	X3TC	200
127286	09Pt73	M41L, D67DN, M184V, L210W, T215Y, K219N	ABC	7.4
127286	09Pt73	M41L, D67DN, M184V, L210W, T215Y, K219N	AZT	75
127286	09Pt73	M41L, D67DN, M184V, L210W, T215Y, K219N	D4T	2
127286	09Pt73	M41L, D67DN, M184V, L210W, T215Y, K219N	DDI	1.8
127286	09Pt73	M41L, D67DN, M184V, L210W, T215Y, K219N	TDF	2
42580	WCS_1426_1	M41L, M184V, L210LW, T215Y	X3TC	200
42580	WCS_1426_1	M41L, M184V, L210LW, T215Y	ABC	5.7
42580	WCS_1426_1	M41L, M184V, L210LW, T215Y	AZT	91
42580	WCS_1426_1	M41L, M184V, L210LW, T215Y	D4T	1.4
42580	WCS_1426_1	M41L, M184V, L210LW, T215Y	DDI	1.6
42580	WCS_1426_1	M41L, M184V, L210LW, T215Y	TDF	1.7
71549	CA900BT59	M41ML, D67N, S68SG, L210W, T215C, K219E	X3TC	2.6
71549	CA900BT59	M41ML, D67N, S68SG, L210W, T215C, K219E	ABC	1.2
71549	CA900BT59	M41ML, D67N, S68SG, L210W, T215C, K219E	AZT	1.2
71549	CA900BT59	M41ML, D67N, S68SG, L210W, T215C, K219E	D4T	1.3
71549	CA900BT59	M41ML, D67N, S68SG, L210W, T215C, K219E	DDI	1.3
71549	CA900BT59	M41ML, D67N, S68SG, L210W, T215C, K219E	TDF	1.1
96235	MA42448	M41L, D67DN, L210W, T215F	X3TC	4.7
96235	MA42448	M41L, D67DN, L210W, T215F	ABC	4.8
96235	MA42448	M41L, D67DN, L210W, T215F	AZT	NA
96235	MA42448	M41L, D67DN, L210W, T215F	D4T	2.1
96235	MA42448	M41L, D67DN, L210W, T215F	DDI	1.5
96235	MA42448	M41L, D67DN, L210W, T215F	TDF	5.2
70955	CA9000BT4	M41L, D67N, S68G, M184V, T215S, K219E	X3TC	NA
70955	CA9000BT4	M41L, D67N, S68G, M184V, T215S, K219E	ABC	2.1
70955	CA9000BT4	M41L, D67N, S68G, M184V, T215S, K219E	AZT	0.4
70955	CA9000BT4	M41L, D67N, S68G, M184V, T215S, K219E	D4T	0.7
70955	CA9000BT4	M41L, D67N, S68G, M184V, T215S, K219E	DDI	1.2
70955	CA9000BT4	M41L, D67N, S68G, M184V, T215S, K219E	TDF	0.5
184315	Q8345	K70E, M184V	X3TC	200
184315	Q8345	K70E, M184V	ABC	3.3
184315	Q8345	K70E, M184V	AZT	0.2
184315	Q8345	K70E, M184V	D4T	0.8
184315	Q8345	K70E, M184V	DDI	1.5
184315	Q8345	K70E, M184V	TDF	0.5
185082	CMG_dec22	D67N, K70R, M184V, T215V, K219E	X3TC	200
185082	CMG_dec22	D67N, K70R, M184V, T215V, K219E	ABC	3.4
185082	CMG_dec22	D67N, K70R, M184V, T215V, K219E	AZT	2.6
185082	CMG_dec22	D67N, K70R, M184V, T215V, K219E	D4T	1
185082	CMG_dec22	D67N, K70R, M184V, T215V, K219E	DDI	1.4
185082	CMG_dec22	D67N, K70R, M184V, T215V, K219E	TDF	0.6
96563	CA96563	K65R	X3TC	11
96563	CA96563	K65R	ABC	2.3
96563	CA96563	K65R	AZT	0.2
96563	CA96563	K65R	D4T	1.1
96563	CA96563	K65R	DDI	1.6
96563	CA96563	K65R	TDF	1.4
184263	168542	M41L, D67N, K70R, M184V, L210W, T215F, K219E	X3TC	34
184263	168542	M41L, D67N, K70R, M184V, L210W, T215F, K219E	ABC	5.7
184263	168542	M41L, D67N, K70R, M184V, L210W, T215F, K219E	AZT	9.9
184263	168542	M41L, D67N, K70R, M184V, L210W, T215F, K219E	D4T	2.1
184263	168542	M41L, D67N, K70R, M184V, L210W, T215F, K219E	DDI	1.1
184263	168542	M41L, D67N, K70R, M184V, L210W, T215F, K219E	TDF	1.3
127240	09Pt52		X3TC	0.6
127240	09Pt52		ABC	0.6
127240	09Pt52		AZT	0.5
127240	09Pt52		D4T	0.5
127240	09Pt52		DDI	0.7
127240	09Pt52		TDF	0.7
125024	Pt15	S68G, T215TA	X3TC	0.9
125024	Pt15	S68G, T215TA	ABC	1
125024	Pt15	S68G, T215TA	AZT	0.3
125024	Pt15	S68G, T215TA	D4T	0.8
125024	Pt15	S68G, T215TA	DDI	0.8
125024	Pt15	S68G, T215TA	TDF	0.7
86040	38263_0410	M41L, E44D, D67N, K70KE, M184V, T215Y, K219KR	X3TC	200
86040	38263_0410	M41L, E44D, D67N, K70KE, M184V, T215Y, K219KR	ABC	5.6
86040	38263_0410	M41L, E44D, D67N, K70KE, M184V, T215Y, K219KR	AZT	9.7
86040	38263_0410	M41L, E44D, D67N, K70KE, M184V, T215Y, K219KR	D4T	1.8
86040	38263_0410	M41L, E44D, D67N, K70KE, M184V, T215Y, K219KR	DDI	1.3
86040	38263_0410	M41L, E44D, D67N, K70KE, M184V, T215Y, K219KR	TDF	1.2
94376	200801-3	M41ML, D67N, K70R, T215F, K219Q	X3TC	4.5
94376	200801-3	M41ML, D67N, K70R, T215F, K219Q	ABC	2.5
94376	200801-3	M41ML, D67N, K70R, T215F, K219Q	AZT	132
94376	200801-3	M41ML, D67N, K70R, T215F, K219Q	D4T	2.2
94376	200801-3	M41ML, D67N, K70R, T215F, K219Q	DDI	1.4
94376	200801-3	M41ML, D67N, K70R, T215F, K219Q	TDF	3.1
166102	201011-3	M41L, D67N, T69D, K70R, M184V, T215FC, K219Q	X3TC	200
166102	201011-3	M41L, D67N, T69D, K70R, M184V, T215FC, K219Q	ABC	8.3
166102	201011-3	M41L, D67N, T69D, K70R, M184V, T215FC, K219Q	AZT	2.3
166102	201011-3	M41L, D67N, T69D, K70R, M184V, T215FC, K219Q	D4T	2.9
166102	201011-3	M41L, D67N, T69D, K70R, M184V, T215FC, K219Q	DDI	2.5
166102	201011-3	M41L, D67N, T69D, K70R, M184V, T215FC, K219Q	TDF	54
166080	201011-11		X3TC	0.8
166080	201011-11		ABC	0.9
166080	201011-11		AZT	1
166080	201011-11		D4T	1
166080	201011-11		DDI	0.8
166080	201011-11		TDF	1
127322	09Pt19		X3TC	0.9
127322	09Pt19		ABC	0.9
127322	09Pt19		AZT	0.6
127322	09Pt19		D4T	0.7
127322	09Pt19		DDI	0.7
127322	09Pt19		TDF	0.9
195265	EB14		X3TC	1.3
195265	EB14		ABC	0.8
195265	EB14		AZT	1.1
195265	EB14		D4T	1
195265	EB14		DDI	1.1
195265	EB14		TDF	0.9
134393	CA134393	M184V	X3TC	1.2
134393	CA134393	M184V	ABC	1
134393	CA134393	M184V	AZT	1
134393	CA134393	M184V	D4T	0.9
134393	CA134393	M184V	DDI	0.9
134393	CA134393	M184V	TDF	0.7
95806	200801-3	M41ML, D67DG, S68G, L74LV, L210LW, K219KN	X3TC	0.8
95806	200801-3	M41ML, D67DG, S68G, L74LV, L210LW, K219KN	ABC	1.2
95806	200801-3	M41ML, D67DG, S68G, L74LV, L210LW, K219KN	AZT	1.8
95806	200801-3	M41ML, D67DG, S68G, L74LV, L210LW, K219KN	D4T	1.5
95806	200801-3	M41ML, D67DG, S68G, L74LV, L210LW, K219KN	DDI	1.3
95806	200801-3	M41ML, D67DG, S68G, L74LV, L210LW, K219KN	TDF	1.3
127242	09Pt53	M41L, S68G, K70KN, L74I, L210LW, T215Y	X3TC	2.1
127242	09Pt53	M41L, S68G, K70KN, L74I, L210LW, T215Y	ABC	3.2
127242	09Pt53	M41L, S68G, K70KN, L74I, L210LW, T215Y	AZT	238
127242	09Pt53	M41L, S68G, K70KN, L74I, L210LW, T215Y	D4T	2.2
127242	09Pt53	M41L, S68G, K70KN, L74I, L210LW, T215Y	DDI	1.5
127242	09Pt53	M41L, S68G, K70KN, L74I, L210LW, T215Y	TDF	5.7
96422	2008-27	M41ML, M184V, L210W, T215Y	X3TC	200
96422	2008-27	M41ML, M184V, L210W, T215Y	ABC	4.7
96422	2008-27	M41ML, M184V, L210W, T215Y	AZT	0.3
96422	2008-27	M41ML, M184V, L210W, T215Y	D4T	1
96422	2008-27	M41ML, M184V, L210W, T215Y	DDI	1.5
96422	2008-27	M41ML, M184V, L210W, T215Y	TDF	0.4
102360	Pt1	D67N, M184V, K219Q	X3TC	200
102360	Pt1	D67N, M184V, K219Q	ABC	2.6
102360	Pt1	D67N, M184V, K219Q	AZT	0.6
102360	Pt1	D67N, M184V, K219Q	D4T	0.9
102360	Pt1	D67N, M184V, K219Q	DDI	2.1
102360	Pt1	D67N, M184V, K219Q	TDF	0.6
127356	09Pt36		X3TC	1
127356	09Pt36		ABC	1.2
127356	09Pt36		AZT	0.9
127356	09Pt36		D4T	1.3
127356	09Pt36		DDI	1
127356	09Pt36		TDF	1
87356	CA87356	M41L, E44ED, D67N, L74I, M184V, L210W, T215Y, K219R	X3TC	200
87356	CA87356	M41L, E44ED, D67N, L74I, M184V, L210W, T215Y, K219R	ABC	7.7
87356	CA87356	M41L, E44ED, D67N, L74I, M184V, L210W, T215Y, K219R	AZT	9.8
87356	CA87356	M41L, E44ED, D67N, L74I, M184V, L210W, T215Y, K219R	D4T	2.7
87356	CA87356	M41L, E44ED, D67N, L74I, M184V, L210W, T215Y, K219R	DDI	2.4
87356	CA87356	M41L, E44ED, D67N, L74I, M184V, L210W, T215Y, K219R	TDF	1.3
96418	2008-25	D67N, K70R, M184V, K219Q	X3TC	200
96418	2008-25	D67N, K70R, M184V, K219Q	ABC	5.6
96418	2008-25	D67N, K70R, M184V, K219Q	AZT	19
96418	2008-25	D67N, K70R, M184V, K219Q	D4T	1.6
96418	2008-25	D67N, K70R, M184V, K219Q	DDI	1.4
96418	2008-25	D67N, K70R, M184V, K219Q	TDF	1.4
70965	CA9000BT9	M41L, D67N, K70R, L74IV, M184V, T215F, K219Q	X3TC	NA
70965	CA9000BT9	M41L, D67N, K70R, L74IV, M184V, T215F, K219Q	ABC	5.1
70965	CA9000BT9	M41L, D67N, K70R, L74IV, M184V, T215F, K219Q	AZT	4.6
70965	CA9000BT9	M41L, D67N, K70R, L74IV, M184V, T215F, K219Q	D4T	2
70965	CA9000BT9	M41L, D67N, K70R, L74IV, M184V, T215F, K219Q	DDI	1.6
70965	CA9000BT9	M41L, D67N, K70R, L74IV, M184V, T215F, K219Q	TDF	0.8
63934	CA63934	M184V	X3TC	200
63934	CA63934	M184V	ABC	3.8
63934	CA63934	M184V	AZT	0.4
63934	CA63934	M184V	D4T	0.8
63934	CA63934	M184V	DDI	1.6
63934	CA63934	M184V	TDF	0.6
185952	TP767169L		X3TC	0.8
185952	TP767169L		ABC	1
185952	TP767169L		AZT	0.8
185952	TP767169L		D4T	1.1
185952	TP767169L		DDI	1
185952	TP767169L		TDF	0.8
127378	09Pt47		X3TC	0.8
127378	09Pt47		ABC	1.2
127378	09Pt47		AZT	0.9
127378	09Pt47		D4T	1
127378	09Pt47		DDI	1
127378	09Pt47		TDF	1
79456	CA79456	M41L, L74I, M184V, L210W, T215F, K219W	X3TC	200
79456	CA79456	M41L, L74I, M184V, L210W, T215F, K219W	ABC	19
79456	CA79456	M41L, L74I, M184V, L210W, T215F, K219W	AZT	685
79456	CA79456	M41L, L74I, M184V, L210W, T215F, K219W	D4T	11
79456	CA79456	M41L, L74I, M184V, L210W, T215F, K219W	DDI	4.2
79456	CA79456	M41L, L74I, M184V, L210W, T215F, K219W	TDF	3.4
151286	2010-3		X3TC	1.1
151286	2010-3		ABC	1.1
151286	2010-3		AZT	0.9
151286	2010-3		D4T	1.5
151286	2010-3		DDI	2.1
151286	2010-3		TDF	1.1
195269	EB16		X3TC	1
195269	EB16		ABC	1
195269	EB16		AZT	1.3
195269	EB16		D4T	1.9
195269	EB16		DDI	2
195269	EB16		TDF	1.3
177188	201108-10		X3TC	0.8
177188	201108-10		ABC	0.8
177188	201108-10		AZT	1
177188	201108-10		D4T	0.9
177188	201108-10		DDI	1
177188	201108-10		TDF	0.8
122657	200804-08	M41L, M184V, L210W, T215Y	X3TC	200
122657	200804-08	M41L, M184V, L210W, T215Y	ABC	7.7
122657	200804-08	M41L, M184V, L210W, T215Y	AZT	81
122657	200804-08	M41L, M184V, L210W, T215Y	D4T	1.6
122657	200804-08	M41L, M184V, L210W, T215Y	DDI	2.2
122657	200804-08	M41L, M184V, L210W, T215Y	TDF	2.2
92369	200801-3	M41L, D67N, K70R, M184V, T215F, K219Q	X3TC	200
92369	200801-3	M41L, D67N, K70R, M184V, T215F, K219Q	ABC	5.8
92369	200801-3	M41L, D67N, K70R, M184V, T215F, K219Q	AZT	343
92369	200801-3	M41L, D67N, K70R, M184V, T215F, K219Q	D4T	1.7
92369	200801-3	M41L, D67N, K70R, M184V, T215F, K219Q	DDI	1.9
92369	200801-3	M41L, D67N, K70R, M184V, T215F, K219Q	TDF	2.6
184287	CA.200606	M184MV	X3TC	200
184287	CA.200606	M184MV	ABC	2.2
184287	CA.200606	M184MV	AZT	0.4
184287	CA.200606	M184MV	D4T	1
184287	CA.200606	M184MV	DDI	2.1
184287	CA.200606	M184MV	TDF	0.7
96350	2008-30	M41L, E44A, D67N, T69D, M184V, L210W, T215Y, K219N	X3TC	200
96350	2008-30	M41L, E44A, D67N, T69D, M184V, L210W, T215Y, K219N	ABC	4.4
96350	2008-30	M41L, E44A, D67N, T69D, M184V, L210W, T215Y, K219N	AZT	53
96350	2008-30	M41L, E44A, D67N, T69D, M184V, L210W, T215Y, K219N	D4T	2.6
96350	2008-30	M41L, E44A, D67N, T69D, M184V, L210W, T215Y, K219N	DDI	1.8
96350	2008-30	M41L, E44A, D67N, T69D, M184V, L210W, T215Y, K219N	TDF	3.7
71551	CA900BT60	M41L, M184V, T215Y	X3TC	NA
71551	CA900BT60	M41L, M184V, T215Y	ABC	5.4
71551	CA900BT60	M41L, M184V, T215Y	AZT	16
71551	CA900BT60	M41L, M184V, T215Y	D4T	1.7
71551	CA900BT60	M41L, M184V, T215Y	DDI	1.4
71551	CA900BT60	M41L, M184V, T215Y	TDF	1.6
96237	MA42449	M184V	X3TC	200
96237	MA42449	M184V	ABC	3.2
96237	MA42449	M184V	AZT	0.3
96237	MA42449	M184V	D4T	0.7
96237	MA42449	M184V	DDI	1.6
96237	MA42449	M184V	TDF	0.3
127264	09Pt63	T69D	X3TC	2
127264	09Pt63	T69D	ABC	0.9
127264	09Pt63	T69D	AZT	0.3
127264	09Pt63	T69D	D4T	0.9
127264	09Pt63	T69D	DDI	0.7
127264	09Pt63	T69D	TDF	0.4
59247	CA59247	M41L, L74I, M184V, L210W, T215Y	X3TC	200
59247	CA59247	M41L, L74I, M184V, L210W, T215Y	ABC	7.7
59247	CA59247	M41L, L74I, M184V, L210W, T215Y	AZT	7.8
59247	CA59247	M41L, L74I, M184V, L210W, T215Y	D4T	1.8
59247	CA59247	M41L, L74I, M184V, L210W, T215Y	DDI	1.6
59247	CA59247	M41L, L74I, M184V, L210W, T215Y	TDF	0.7
124996	Pt1		X3TC	0.9
124996	Pt1		ABC	0.9
124996	Pt1		AZT	1
124996	Pt1		D4T	1
124996	Pt1		DDI	0.9
124996	Pt1		TDF	0.8
127232	09Pt3	D67N, T69D, K70R, M184V, T215Y, K219Q	X3TC	200
127232	09Pt3	D67N, T69D, K70R, M184V, T215Y, K219Q	ABC	7.8
127232	09Pt3	D67N, T69D, K70R, M184V, T215Y, K219Q	AZT	9.1
127232	09Pt3	D67N, T69D, K70R, M184V, T215Y, K219Q	D4T	2.2
127232	09Pt3	D67N, T69D, K70R, M184V, T215Y, K219Q	DDI	1.9
127232	09Pt3	D67N, T69D, K70R, M184V, T215Y, K219Q	TDF	1.2
166048	201011-6		X3TC	1.2
166048	201011-6		ABC	0.9
166048	201011-6		AZT	1.1
166048	201011-6		D4T	1.1
166048	201011-6		DDI	1.1
166048	201011-6		TDF	1.4
185094	gme233_10	D67DN, K70KR, K219KE	X3TC	3.2
185094	gme233_10	D67DN, K70KR, K219KE	ABC	2.7
185094	gme233_10	D67DN, K70KR, K219KE	AZT	9.7
185094	gme233_10	D67DN, K70KR, K219KE	D4T	1.4
185094	gme233_10	D67DN, K70KR, K219KE	DDI	1.4
185094	gme233_10	D67DN, K70KR, K219KE	TDF	1.7
71531	CA900BT50	M41L, E44D, D67N, M184V, L210W, T215Y, K219Q	X3TC	NA
71531	CA900BT50	M41L, E44D, D67N, M184V, L210W, T215Y, K219Q	ABC	9.5
71531	CA900BT50	M41L, E44D, D67N, M184V, L210W, T215Y, K219Q	AZT	45
71531	CA900BT50	M41L, E44D, D67N, M184V, L210W, T215Y, K219Q	D4T	4.5
71531	CA900BT50	M41L, E44D, D67N, M184V, L210W, T215Y, K219Q	DDI	3
71531	CA900BT50	M41L, E44D, D67N, M184V, L210W, T215Y, K219Q	TDF	1.4
185942	TM130878R		X3TC	0.8
185942	TM130878R		ABC	0.9
185942	TM130878R		AZT	0.4
185942	TM130878R		D4T	0.8
185942	TM130878R		DDI	1.2
185942	TM130878R		TDF	1
195287	EB2_2011		X3TC	1
195287	EB2_2011		ABC	1.1
195287	EB2_2011		AZT	1.1
195287	EB2_2011		D4T	1.1
195287	EB2_2011		DDI	1
195287	EB2_2011		TDF	1
122677	200804-18	M41L, E44D, D67DN, M184V, L210W, T215Y	X3TC	200
122677	200804-18	M41L, E44D, D67DN, M184V, L210W, T215Y	ABC	6
122677	200804-18	M41L, E44D, D67DN, M184V, L210W, T215Y	AZT	14
122677	200804-18	M41L, E44D, D67DN, M184V, L210W, T215Y	D4T	2.4
122677	200804-18	M41L, E44D, D67DN, M184V, L210W, T215Y	DDI	2.6
122677	200804-18	M41L, E44D, D67DN, M184V, L210W, T215Y	TDF	1.3
127306	09Pt11		X3TC	0.8
127306	09Pt11		ABC	0.9
127306	09Pt11		AZT	0.9
127306	09Pt11		D4T	1.1
127306	09Pt11		DDI	1.2
127306	09Pt11		TDF	1
127272	09Pt66		X3TC	0.9
127272	09Pt66		ABC	1
127272	09Pt66		AZT	0.6
127272	09Pt66		D4T	0.8
127272	09Pt66		DDI	0.7
127272	09Pt66		TDF	0.7
185060	123727		X3TC	1.2
185060	123727		ABC	1
185060	123727		AZT	1.1
185060	123727		D4T	1
185060	123727		DDI	1
185060	123727		TDF	1.2
71513	CA900BT41	M41L, D67N, K70R, L210W, T215Y, K219E	X3TC	5.6
71513	CA900BT41	M41L, D67N, K70R, L210W, T215Y, K219E	ABC	6.2
71513	CA900BT41	M41L, D67N, K70R, L210W, T215Y, K219E	AZT	NA
71513	CA900BT41	M41L, D67N, K70R, L210W, T215Y, K219E	D4T	4.3
71513	CA900BT41	M41L, D67N, K70R, L210W, T215Y, K219E	DDI	2
71513	CA900BT41	M41L, D67N, K70R, L210W, T215Y, K219E	TDF	6.8
96410	2008-21	D67N, K70KR, M184V, T215F, K219Q	X3TC	200
96410	2008-21	D67N, K70KR, M184V, T215F, K219Q	ABC	3.9
96410	2008-21	D67N, K70KR, M184V, T215F, K219Q	AZT	1
96410	2008-21	D67N, K70KR, M184V, T215F, K219Q	D4T	1.2
96410	2008-21	D67N, K70KR, M184V, T215F, K219Q	DDI	1.7
96410	2008-21	D67N, K70KR, M184V, T215F, K219Q	TDF	0.6
102368	Pt5	M41L, E44D, T69D, M184V, L210W, T215Y, K219R	X3TC	200
102368	Pt5	M41L, E44D, T69D, M184V, L210W, T215Y, K219R	ABC	7.4
102368	Pt5	M41L, E44D, T69D, M184V, L210W, T215Y, K219R	AZT	14
102368	Pt5	M41L, E44D, T69D, M184V, L210W, T215Y, K219R	D4T	3.5
102368	Pt5	M41L, E44D, T69D, M184V, L210W, T215Y, K219R	DDI	2
102368	Pt5	M41L, E44D, T69D, M184V, L210W, T215Y, K219R	TDF	1.3
195293	EB5_2009	M184V	X3TC	200
195293	EB5_2009	M184V	ABC	2.3
195293	EB5_2009	M184V	AZT	0.5
195293	EB5_2009	M184V	D4T	1
195293	EB5_2009	M184V	DDI	1.4
195293	EB5_2009	M184V	TDF	0.6
70957	CA9000BT5	M41L, E44D, S68G, L74V, L210W, T215Y, K219N	X3TC	4.7
70957	CA9000BT5	M41L, E44D, S68G, L74V, L210W, T215Y, K219N	ABC	6.7
70957	CA9000BT5	M41L, E44D, S68G, L74V, L210W, T215Y, K219N	AZT	45
70957	CA9000BT5	M41L, E44D, S68G, L74V, L210W, T215Y, K219N	D4T	3
70957	CA9000BT5	M41L, E44D, S68G, L74V, L210W, T215Y, K219N	DDI	2.4
70957	CA9000BT5	M41L, E44D, S68G, L74V, L210W, T215Y, K219N	TDF	3.5
195285	EB23		X3TC	1.3
195285	EB23		ABC	0.9
195285	EB23		AZT	1.2
195285	EB23		D4T	1
195285	EB23		DDI	1.1
195285	EB23		TDF	1
127290	09Pt8	D67N, K70G, M184MV, K219Q	X3TC	39
127290	09Pt8	D67N, K70G, M184MV, K219Q	ABC	2.7
127290	09Pt8	D67N, K70G, M184MV, K219Q	AZT	0.6
127290	09Pt8	D67N, K70G, M184MV, K219Q	D4T	1
127290	09Pt8	D67N, K70G, M184MV, K219Q	DDI	1.4
127290	09Pt8	D67N, K70G, M184MV, K219Q	TDF	0.9
57650	CA57650	M41L, E44D, D67G, T69D, M184V, L210W, T215Y, K219R	X3TC	200
57650	CA57650	M41L, E44D, D67G, T69D, M184V, L210W, T215Y, K219R	ABC	8.2
57650	CA57650	M41L, E44D, D67G, T69D, M184V, L210W, T215Y, K219R	AZT	161
57650	CA57650	M41L, E44D, D67G, T69D, M184V, L210W, T215Y, K219R	D4T	4.7
57650	CA57650	M41L, E44D, D67G, T69D, M184V, L210W, T215Y, K219R	DDI	2.9
57650	CA57650	M41L, E44D, D67G, T69D, M184V, L210W, T215Y, K219R	TDF	2.3
102358	Pt2b	M41L, E44D, D67N, L210W, T215Y, K219N	X3TC	5.3
102358	Pt2b	M41L, E44D, D67N, L210W, T215Y, K219N	ABC	4.4
102358	Pt2b	M41L, E44D, D67N, L210W, T215Y, K219N	AZT	201
102358	Pt2b	M41L, E44D, D67N, L210W, T215Y, K219N	D4T	2.9
102358	Pt2b	M41L, E44D, D67N, L210W, T215Y, K219N	DDI	2.1
102358	Pt2b	M41L, E44D, D67N, L210W, T215Y, K219N	TDF	3.9
127268	09Pt65		X3TC	1
127268	09Pt65		ABC	0.9
127268	09Pt65		AZT	0.7
127268	09Pt65		D4T	0.8
127268	09Pt65		DDI	0.9
127268	09Pt65		TDF	0.8
166038	201011-1	D67N, T215L, K219Q	X3TC	2
166038	201011-1	D67N, T215L, K219Q	ABC	1.4
166038	201011-1	D67N, T215L, K219Q	AZT	0.7
166038	201011-1	D67N, T215L, K219Q	D4T	1
166038	201011-1	D67N, T215L, K219Q	DDI	0.9
166038	201011-1	D67N, T215L, K219Q	TDF	0.9
69081	CA69081	A62AV, K65R, M184V	X3TC	200
69081	CA69081	A62AV, K65R, M184V	ABC	10
69081	CA69081	A62AV, K65R, M184V	AZT	0.2
69081	CA69081	A62AV, K65R, M184V	D4T	1
69081	CA69081	A62AV, K65R, M184V	DDI	4.2
69081	CA69081	A62AV, K65R, M184V	TDF	1
86044	1533_1205	M41L, D67N, L210W, T215Y	X3TC	3.8
86044	1533_1205	M41L, D67N, L210W, T215Y	ABC	5.3
86044	1533_1205	M41L, D67N, L210W, T215Y	AZT	880
86044	1533_1205	M41L, D67N, L210W, T215Y	D4T	3.2
86044	1533_1205	M41L, D67N, L210W, T215Y	DDI	1.2
86044	1533_1205	M41L, D67N, L210W, T215Y	TDF	5.2
88713	Pt39292		X3TC	1.2
88713	Pt39292		ABC	1.2
88713	Pt39292		AZT	1.4
88713	Pt39292		D4T	1.1
88713	Pt39292		DDI	1.1
88713	Pt39292		TDF	1.1
95818	200801-9		X3TC	0.9
95818	200801-9		ABC	1
95818	200801-9		AZT	0.9
95818	200801-9		D4T	1.1
95818	200801-9		DDI	1
95818	200801-9		TDF	0.8
166096	201011-19		X3TC	0.9
166096	201011-19		ABC	0.9
166096	201011-19		AZT	0.4
166096	201011-19		D4T	1.1
166096	201011-19		DDI	1
166096	201011-19		TDF	0.8
88759	Pt39315	L74LV, Y115YF, M184V	X3TC	200
88759	Pt39315	L74LV, Y115YF, M184V	ABC	8.7
88759	Pt39315	L74LV, Y115YF, M184V	AZT	0.3
88759	Pt39315	L74LV, Y115YF, M184V	D4T	0.5
88759	Pt39315	L74LV, Y115YF, M184V	DDI	1
88759	Pt39315	L74LV, Y115YF, M184V	TDF	0.5
122768	Pt1	M41L, D67N, M184V, L210W, T215Y	X3TC	200
122768	Pt1	M41L, D67N, M184V, L210W, T215Y	ABC	9.9
122768	Pt1	M41L, D67N, M184V, L210W, T215Y	AZT	465
122768	Pt1	M41L, D67N, M184V, L210W, T215Y	D4T	2.8
122768	Pt1	M41L, D67N, M184V, L210W, T215Y	DDI	2.7
122768	Pt1	M41L, D67N, M184V, L210W, T215Y	TDF	2.7
84316	CA84316	M41ML, D67N, M184V, L210W, T215Y, K219KE	X3TC	200
84316	CA84316	M41ML, D67N, M184V, L210W, T215Y, K219KE	ABC	4.5
84316	CA84316	M41ML, D67N, M184V, L210W, T215Y, K219KE	AZT	3.4
84316	CA84316	M41ML, D67N, M184V, L210W, T215Y, K219KE	D4T	1.5
84316	CA84316	M41ML, D67N, M184V, L210W, T215Y, K219KE	DDI	1.5
84316	CA84316	M41ML, D67N, M184V, L210W, T215Y, K219KE	TDF	1
185074	153989	K70R, M184MV	X3TC	200
185074	153989	K70R, M184MV	ABC	2.4
185074	153989	K70R, M184MV	AZT	1
185074	153989	K70R, M184MV	D4T	0.8
185074	153989	K70R, M184MV	DDI	1.5
185074	153989	K70R, M184MV	TDF	0.5
122772	Pt3	M41L, K70R, M184V, K219Q	X3TC	200
122772	Pt3	M41L, K70R, M184V, K219Q	ABC	3.2
122772	Pt3	M41L, K70R, M184V, K219Q	AZT	14
122772	Pt3	M41L, K70R, M184V, K219Q	D4T	1.1
122772	Pt3	M41L, K70R, M184V, K219Q	DDI	1.1
122772	Pt3	M41L, K70R, M184V, K219Q	TDF	1.4
64070	CA64070	K65R, S68N	X3TC	9.4
64070	CA64070	K65R, S68N	ABC	3.7
64070	CA64070	K65R, S68N	AZT	0.6
64070	CA64070	K65R, S68N	D4T	1.4
64070	CA64070	K65R, S68N	DDI	2.1
64070	CA64070	K65R, S68N	TDF	1.9
127362	09Pt39		X3TC	0.9
127362	09Pt39		ABC	1
127362	09Pt39		AZT	1.1
127362	09Pt39		D4T	1.1
127362	09Pt39		DDI	1.1
127362	09Pt39		TDF	1.1
166040	201011-2	K70KT, M184MV, T215Y	X3TC	1.5
166040	201011-2	K70KT, M184MV, T215Y	ABC	1.7
166040	201011-2	K70KT, M184MV, T215Y	AZT	1.1
166040	201011-2	K70KT, M184MV, T215Y	D4T	1.7
166040	201011-2	K70KT, M184MV, T215Y	DDI	1.3
166040	201011-2	K70KT, M184MV, T215Y	TDF	8.3
127352	09Pt34	K70R, K219Q	X3TC	1.6
127352	09Pt34	K70R, K219Q	ABC	1.5
127352	09Pt34	K70R, K219Q	AZT	7.2
127352	09Pt34	K70R, K219Q	D4T	1.6
127352	09Pt34	K70R, K219Q	DDI	1
127352	09Pt34	K70R, K219Q	TDF	1.7
96376	2008-42	M41L, E44D, D67N, L74I, L210W, T215Y, K219R	X3TC	8.1
96376	2008-42	M41L, E44D, D67N, L74I, L210W, T215Y, K219R	ABC	9
96376	2008-42	M41L, E44D, D67N, L74I, L210W, T215Y, K219R	AZT	NA
96376	2008-42	M41L, E44D, D67N, L74I, L210W, T215Y, K219R	D4T	9.6
96376	2008-42	M41L, E44D, D67N, L74I, L210W, T215Y, K219R	DDI	2.3
96376	2008-42	M41L, E44D, D67N, L74I, L210W, T215Y, K219R	TDF	6.2
127260	09Pt61	M184V	X3TC	200
127260	09Pt61	M184V	ABC	2.6
127260	09Pt61	M184V	AZT	0.5
127260	09Pt61	M184V	D4T	0.9
127260	09Pt61	M184V	DDI	1.6
127260	09Pt61	M184V	TDF	0.7
70975	CA900BT15	M41L, E44A, D67N, L74I, M184V, L210W, T215Y, K219Q	X3TC	NA
70975	CA900BT15	M41L, E44A, D67N, L74I, M184V, L210W, T215Y, K219Q	ABC	10
70975	CA900BT15	M41L, E44A, D67N, L74I, M184V, L210W, T215Y, K219Q	AZT	42
70975	CA900BT15	M41L, E44A, D67N, L74I, M184V, L210W, T215Y, K219Q	D4T	6
70975	CA900BT15	M41L, E44A, D67N, L74I, M184V, L210W, T215Y, K219Q	DDI	2.8
70975	CA900BT15	M41L, E44A, D67N, L74I, M184V, L210W, T215Y, K219Q	TDF	1.6
94398	200801-23	M41L, S68G, L74LV, M184V, L210W, T215Y	X3TC	200
94398	200801-23	M41L, S68G, L74LV, M184V, L210W, T215Y	ABC	9.5
94398	200801-23	M41L, S68G, L74LV, M184V, L210W, T215Y	AZT	11
94398	200801-23	M41L, S68G, L74LV, M184V, L210W, T215Y	D4T	1.7
94398	200801-23	M41L, S68G, L74LV, M184V, L210W, T215Y	DDI	3.6
94398	200801-23	M41L, S68G, L74LV, M184V, L210W, T215Y	TDF	1.1
127314	09Pt15	M41L, E44D, T69D, L210LW, T215Y	X3TC	4.3
127314	09Pt15	M41L, E44D, T69D, L210LW, T215Y	ABC	2.6
127314	09Pt15	M41L, E44D, T69D, L210LW, T215Y	AZT	3.7
127314	09Pt15	M41L, E44D, T69D, L210LW, T215Y	D4T	1.9
127314	09Pt15	M41L, E44D, T69D, L210LW, T215Y	DDI	1.4
127314	09Pt15	M41L, E44D, T69D, L210LW, T215Y	TDF	1.1
84188	CA84188	A62V, K70N, T215Y	X3TC	4.3
84188	CA84188	A62V, K70N, T215Y	ABC	2.5
84188	CA84188	A62V, K70N, T215Y	AZT	4.5
84188	CA84188	A62V, K70N, T215Y	D4T	2
84188	CA84188	A62V, K70N, T215Y	DDI	1.2
84188	CA84188	A62V, K70N, T215Y	TDF	2.4
127340	09Pt28		X3TC	1
127340	09Pt28		ABC	0.9
127340	09Pt28		AZT	0.9
127340	09Pt28		D4T	0.6
127340	09Pt28		DDI	0.8
127340	09Pt28		TDF	0.8
88735	Pt39303	A62V, V75I, M184V	X3TC	200
88735	Pt39303	A62V, V75I, M184V	ABC	3.5
88735	Pt39303	A62V, V75I, M184V	AZT	0.4
88735	Pt39303	A62V, V75I, M184V	D4T	1
88735	Pt39303	A62V, V75I, M184V	DDI	1.3
88735	Pt39303	A62V, V75I, M184V	TDF	0.5
122667	200804-13	M184V, K219R	X3TC	200
122667	200804-13	M184V, K219R	ABC	2.1
122667	200804-13	M184V, K219R	AZT	0.5
122667	200804-13	M184V, K219R	D4T	0.6
122667	200804-13	M184V, K219R	DDI	1.5
122667	200804-13	M184V, K219R	TDF	0.5
195253	C8		X3TC	1.8
195253	C8		ABC	1
195253	C8		AZT	0.4
195253	C8		D4T	1
195253	C8		DDI	1.2
195253	C8		TDF	0.8
138343	200801-1	D67N, K70R, M184V, K219Q	X3TC	200
138343	200801-1	D67N, K70R, M184V, K219Q	ABC	4.6
138343	200801-1	D67N, K70R, M184V, K219Q	AZT	3.9
138343	200801-1	D67N, K70R, M184V, K219Q	D4T	1.5
138343	200801-1	D67N, K70R, M184V, K219Q	DDI	1.8
138343	200801-1	D67N, K70R, M184V, K219Q	TDF	1.2
151296	2010-8		X3TC	1.1
151296	2010-8		ABC	0.8
151296	2010-8		AZT	0.7
151296	2010-8		D4T	0.7
151296	2010-8		DDI	1
151296	2010-8		TDF	0.9
166120	201011-3		X3TC	1.2
166120	201011-3		ABC	1.2
166120	201011-3		AZT	0.9
166120	201011-3		D4T	1.2
166120	201011-3		DDI	1.3
166120	201011-3		TDF	0.9
184261	140301	M184I	X3TC	200
184261	140301	M184I	ABC	2
184261	140301	M184I	AZT	0.2
184261	140301	M184I	D4T	0.9
184261	140301	M184I	DDI	1.6
184261	140301	M184I	TDF	0.4
96396	2008-14	K65KR, M184MV	X3TC	17
96396	2008-14	K65KR, M184MV	ABC	3.5
96396	2008-14	K65KR, M184MV	AZT	0.3
96396	2008-14	K65KR, M184MV	D4T	1.1
96396	2008-14	K65KR, M184MV	DDI	1.8
96396	2008-14	K65KR, M184MV	TDF	1.3
96314	2008-1	M41L, E44D, D67N, K70R, L74I, M184V, L210W, T215Y, K219Q	X3TC	200
96314	2008-1	M41L, E44D, D67N, K70R, L74I, M184V, L210W, T215Y, K219Q	ABC	8.8
96314	2008-1	M41L, E44D, D67N, K70R, L74I, M184V, L210W, T215Y, K219Q	AZT	758
96314	2008-1	M41L, E44D, D67N, K70R, L74I, M184V, L210W, T215Y, K219Q	D4T	6.5
96314	2008-1	M41L, E44D, D67N, K70R, L74I, M184V, L210W, T215Y, K219Q	DDI	2.3
96314	2008-1	M41L, E44D, D67N, K70R, L74I, M184V, L210W, T215Y, K219Q	TDF	2.4
96380	2008-43a	M41L, E44D, D67NS, S68SN, K70RG, M184V, T215F, K219Q	X3TC	200
96380	2008-43a	M41L, E44D, D67NS, S68SN, K70RG, M184V, T215F, K219Q	ABC	6.5
96380	2008-43a	M41L, E44D, D67NS, S68SN, K70RG, M184V, T215F, K219Q	AZT	28
96380	2008-43a	M41L, E44D, D67NS, S68SN, K70RG, M184V, T215F, K219Q	D4T	1.8
96380	2008-43a	M41L, E44D, D67NS, S68SN, K70RG, M184V, T215F, K219Q	DDI	1.7
96380	2008-43a	M41L, E44D, D67NS, S68SN, K70RG, M184V, T215F, K219Q	TDF	2.1
88769	Pt39320		X3TC	0.9
88769	Pt39320		ABC	1
88769	Pt39320		AZT	1.2
88769	Pt39320		D4T	0.8
88769	Pt39320		DDI	0.9
88769	Pt39320		TDF	0.9
95095	CA95095	M41L, D67N, T69DN, K70R, T215F, K219Q	X3TC	6.7
95095	CA95095	M41L, D67N, T69DN, K70R, T215F, K219Q	ABC	3.5
95095	CA95095	M41L, D67N, T69DN, K70R, T215F, K219Q	AZT	NA
95095	CA95095	M41L, D67N, T69DN, K70R, T215F, K219Q	D4T	4.3
95095	CA95095	M41L, D67N, T69DN, K70R, T215F, K219Q	DDI	1.7
95095	CA95095	M41L, D67N, T69DN, K70R, T215F, K219Q	TDF	4.8
94386	200801-8	D67N, S68G, K70R, T215Y, K219E	X3TC	2.5
94386	200801-8	D67N, S68G, K70R, T215Y, K219E	ABC	2.7
94386	200801-8	D67N, S68G, K70R, T215Y, K219E	AZT	142
94386	200801-8	D67N, S68G, K70R, T215Y, K219E	D4T	2.3
94386	200801-8	D67N, S68G, K70R, T215Y, K219E	DDI	1.3
94386	200801-8	D67N, S68G, K70R, T215Y, K219E	TDF	3.7
126201	CA126201	M41L, E44A, T69D, L210W, T215Y, K219R	X3TC	8.6
126201	CA126201	M41L, E44A, T69D, L210W, T215Y, K219R	ABC	8.6
126201	CA126201	M41L, E44A, T69D, L210W, T215Y, K219R	AZT	NA
126201	CA126201	M41L, E44A, T69D, L210W, T215Y, K219R	D4T	6.3
126201	CA126201	M41L, E44A, T69D, L210W, T215Y, K219R	DDI	2.5
126201	CA126201	M41L, E44A, T69D, L210W, T215Y, K219R	TDF	8.1
127326	09Pt21	K65KR, D67DN, K70KR, M184V, K219KE	X3TC	200
127326	09Pt21	K65KR, D67DN, K70KR, M184V, K219KE	ABC	6.1
127326	09Pt21	K65KR, D67DN, K70KR, M184V, K219KE	AZT	0.6
127326	09Pt21	K65KR, D67DN, K70KR, M184V, K219KE	D4T	1
127326	09Pt21	K65KR, D67DN, K70KR, M184V, K219KE	DDI	3.6
127326	09Pt21	K65KR, D67DN, K70KR, M184V, K219KE	TDF	0.8
184256	112099	D67N, K70R, K219Q	X3TC	2.4
184256	112099	D67N, K70R, K219Q	ABC	2
184256	112099	D67N, K70R, K219Q	AZT	7.8
184256	112099	D67N, K70R, K219Q	D4T	1.6
184256	112099	D67N, K70R, K219Q	DDI	1.3
184256	112099	D67N, K70R, K219Q	TDF	1.6
195311	Q3		X3TC	1.1
195311	Q3		ABC	0.8
195311	Q3		AZT	0.7
195311	Q3		D4T	0.9
195311	Q3		DDI	0.9
195311	Q3		TDF	1
127248	09Pt6	S68G, L210LW, T215D	X3TC	1.5
127248	09Pt6	S68G, L210LW, T215D	ABC	0.7
127248	09Pt6	S68G, L210LW, T215D	AZT	0.3
127248	09Pt6	S68G, L210LW, T215D	D4T	0.7
127248	09Pt6	S68G, L210LW, T215D	DDI	0.8
127248	09Pt6	S68G, L210LW, T215D	TDF	0.5
88775	Pt39323	M41L, E44A, D67N, K70R, M184V, L210W, T215Y, K219ED	X3TC	200
88775	Pt39323	M41L, E44A, D67N, K70R, M184V, L210W, T215Y, K219ED	ABC	10
88775	Pt39323	M41L, E44A, D67N, K70R, M184V, L210W, T215Y, K219ED	AZT	737
88775	Pt39323	M41L, E44A, D67N, K70R, M184V, L210W, T215Y, K219ED	D4T	4.4
88775	Pt39323	M41L, E44A, D67N, K70R, M184V, L210W, T215Y, K219ED	DDI	2.5
88775	Pt39323	M41L, E44A, D67N, K70R, M184V, L210W, T215Y, K219ED	TDF	2.6
71517	CA900BT43	M41L, M184V, L210W, T215Y	X3TC	NA
71517	CA900BT43	M41L, M184V, L210W, T215Y	ABC	7.5
71517	CA900BT43	M41L, M184V, L210W, T215Y	AZT	20
71517	CA900BT43	M41L, M184V, L210W, T215Y	D4T	2
71517	CA900BT43	M41L, M184V, L210W, T215Y	DDI	2.5
71517	CA900BT43	M41L, M184V, L210W, T215Y	TDF	1.9
127374	09Pt45		X3TC	1.2
127374	09Pt45		ABC	0.9
127374	09Pt45		AZT	0.6
127374	09Pt45		D4T	0.8
127374	09Pt45		DDI	1
127374	09Pt45		TDF	0.7
127302	09Pt9	M41L, T69D, L210W, T215YC	X3TC	5.9
127302	09Pt9	M41L, T69D, L210W, T215YC	ABC	2.5
127302	09Pt9	M41L, T69D, L210W, T215YC	AZT	5.4
127302	09Pt9	M41L, T69D, L210W, T215YC	D4T	1.9
127302	09Pt9	M41L, T69D, L210W, T215YC	DDI	1.3
127302	09Pt9	M41L, T69D, L210W, T215YC	TDF	1.3
96338	2008-13	D67N, K70R, M184V, K219Q	X3TC	200
96338	2008-13	D67N, K70R, M184V, K219Q	ABC	7.3
96338	2008-13	D67N, K70R, M184V, K219Q	AZT	14
96338	2008-13	D67N, K70R, M184V, K219Q	D4T	2.8
96338	2008-13	D67N, K70R, M184V, K219Q	DDI	2.9
96338	2008-13	D67N, K70R, M184V, K219Q	TDF	1.9
88783	Pt39327	M41L, M184V, T215Y	X3TC	200
88783	Pt39327	M41L, M184V, T215Y	ABC	4.1
88783	Pt39327	M41L, M184V, T215Y	AZT	5.7
88783	Pt39327	M41L, M184V, T215Y	D4T	1.5
88783	Pt39327	M41L, M184V, T215Y	DDI	1.4
88783	Pt39327	M41L, M184V, T215Y	TDF	1
134419	CA134419	K70G, M184V	X3TC	200
134419	CA134419	K70G, M184V	ABC	6
134419	CA134419	K70G, M184V	AZT	0.3
134419	CA134419	K70G, M184V	D4T	0.8
134419	CA134419	K70G, M184V	DDI	2.3
134419	CA134419	K70G, M184V	TDF	0.6
184317	Q9281	D67G, K70E	X3TC	5.3
184317	Q9281	D67G, K70E	ABC	1.4
184317	Q9281	D67G, K70E	AZT	0.2
184317	Q9281	D67G, K70E	D4T	0.9
184317	Q9281	D67G, K70E	DDI	1.2
184317	Q9281	D67G, K70E	TDF	0.9
125008	Pt7	M41L, S68G, M184V, T215Y	X3TC	200
125008	Pt7	M41L, S68G, M184V, T215Y	ABC	6.8
125008	Pt7	M41L, S68G, M184V, T215Y	AZT	7.9
125008	Pt7	M41L, S68G, M184V, T215Y	D4T	1.6
125008	Pt7	M41L, S68G, M184V, T215Y	DDI	1.9
125008	Pt7	M41L, S68G, M184V, T215Y	TDF	1.6
195301	EB9_2011		X3TC	1.4
195301	EB9_2011		ABC	1.2
195301	EB9_2011		AZT	1.5
195301	EB9_2011		D4T	0.9
195301	EB9_2011		DDI	1.1
195301	EB9_2011		TDF	0.8
94394	200801-21	M41L, D67N, L210W, T215Y	X3TC	5.8
94394	200801-21	M41L, D67N, L210W, T215Y	ABC	6.1
94394	200801-21	M41L, D67N, L210W, T215Y	AZT	NA
94394	200801-21	M41L, D67N, L210W, T215Y	D4T	3.8
94394	200801-21	M41L, D67N, L210W, T215Y	DDI	1.4
94394	200801-21	M41L, D67N, L210W, T215Y	TDF	5.2
70961	CA9000BT7	M41L, E44A, D67G, S68G, L74LI, M184V, L210W, T215Y, K219N	X3TC	NA
70961	CA9000BT7	M41L, E44A, D67G, S68G, L74LI, M184V, L210W, T215Y, K219N	ABC	12
70961	CA9000BT7	M41L, E44A, D67G, S68G, L74LI, M184V, L210W, T215Y, K219N	AZT	487
70961	CA9000BT7	M41L, E44A, D67G, S68G, L74LI, M184V, L210W, T215Y, K219N	D4T	4.1
70961	CA9000BT7	M41L, E44A, D67G, S68G, L74LI, M184V, L210W, T215Y, K219N	DDI	3
70961	CA9000BT7	M41L, E44A, D67G, S68G, L74LI, M184V, L210W, T215Y, K219N	TDF	3.4
176001	201108-8	D67N, K219Q	X3TC	2.2
176001	201108-8	D67N, K219Q	ABC	0.9
176001	201108-8	D67N, K219Q	AZT	1.3
176001	201108-8	D67N, K219Q	D4T	1.3
176001	201108-8	D67N, K219Q	DDI	1.1
176001	201108-8	D67N, K219Q	TDF	1.1
166092	201011-17	D67N, K70R, M184V, K219E	X3TC	200
166092	201011-17	D67N, K70R, M184V, K219E	ABC	3.9
166092	201011-17	D67N, K70R, M184V, K219E	AZT	2
166092	201011-17	D67N, K70R, M184V, K219E	D4T	1.2
166092	201011-17	D67N, K70R, M184V, K219E	DDI	1.5
166092	201011-17	D67N, K70R, M184V, K219E	TDF	0.7
122797	CA122797		X3TC	1.3
122797	CA122797		ABC	1
122797	CA122797		AZT	0.7
122797	CA122797		D4T	0.9
122797	CA122797		DDI	1.2
122797	CA122797		TDF	0.9
95070	200803-8	M41L, M184V, L210W, T215Y	X3TC	200
95070	200803-8	M41L, M184V, L210W, T215Y	ABC	5.1
95070	200803-8	M41L, M184V, L210W, T215Y	AZT	5.4
95070	200803-8	M41L, M184V, L210W, T215Y	D4T	2
95070	200803-8	M41L, M184V, L210W, T215Y	DDI	1.6
95070	200803-8	M41L, M184V, L210W, T215Y	TDF	1
166106	201011-5	M41L, M184MV, L210W, T215Y	X3TC	5.9
166106	201011-5	M41L, M184MV, L210W, T215Y	ABC	6.1
166106	201011-5	M41L, M184MV, L210W, T215Y	AZT	2.8
166106	201011-5	M41L, M184MV, L210W, T215Y	D4T	1.9
166106	201011-5	M41L, M184MV, L210W, T215Y	DDI	1.8
166106	201011-5	M41L, M184MV, L210W, T215Y	TDF	120
95828	200801-14	D67N, K70R, M184V, T215Y, K219E	X3TC	200
95828	200801-14	D67N, K70R, M184V, T215Y, K219E	ABC	9
95828	200801-14	D67N, K70R, M184V, T215Y, K219E	AZT	3.4
95828	200801-14	D67N, K70R, M184V, T215Y, K219E	D4T	1.7
95828	200801-14	D67N, K70R, M184V, T215Y, K219E	DDI	1.4
95828	200801-14	D67N, K70R, M184V, T215Y, K219E	TDF	1.3
96414	2008-23	D67N, T215Y	X3TC	4.2
96414	2008-23	D67N, T215Y	ABC	2.3
96414	2008-23	D67N, T215Y	AZT	16
96414	2008-23	D67N, T215Y	D4T	1.9
96414	2008-23	D67N, T215Y	DDI	1.3
96414	2008-23	D67N, T215Y	TDF	1.5
68661	CA68661	M41L, E44D, D67N, L74V, M184V, L210W, T215Y	X3TC	200
68661	CA68661	M41L, E44D, D67N, L74V, M184V, L210W, T215Y	ABC	12
68661	CA68661	M41L, E44D, D67N, L74V, M184V, L210W, T215Y	AZT	23
68661	CA68661	M41L, E44D, D67N, L74V, M184V, L210W, T215Y	D4T	7.2
68661	CA68661	M41L, E44D, D67N, L74V, M184V, L210W, T215Y	DDI	2.4
68661	CA68661	M41L, E44D, D67N, L74V, M184V, L210W, T215Y	TDF	1.2
152718	CA152718		X3TC	1
152718	CA152718		ABC	0.7
152718	CA152718		AZT	0.6
152718	CA152718		D4T	0.9
152718	CA152718		DDI	0.7
152718	CA152718		TDF	0.7
88739	Pt39305		X3TC	1.1
88739	Pt39305		ABC	1.2
88739	Pt39305		AZT	1
88739	Pt39305		D4T	1.1
88739	Pt39305		DDI	1.2
88739	Pt39305		TDF	1.3
102364	Pt3	M41L, M184V, L210W, T215Y	X3TC	200
102364	Pt3	M41L, M184V, L210W, T215Y	ABC	9
102364	Pt3	M41L, M184V, L210W, T215Y	AZT	82
102364	Pt3	M41L, M184V, L210W, T215Y	D4T	2.6
102364	Pt3	M41L, M184V, L210W, T215Y	DDI	2
102364	Pt3	M41L, M184V, L210W, T215Y	TDF	1.8
84198	CA84198	A62V, D67EK, T69S_SS, M184V, T215Y	X3TC	200
84198	CA84198	A62V, D67EK, T69S_SS, M184V, T215Y	ABC	19
84198	CA84198	A62V, D67EK, T69S_SS, M184V, T215Y	AZT	42
84198	CA84198	A62V, D67EK, T69S_SS, M184V, T215Y	D4T	4.2
84198	CA84198	A62V, D67EK, T69S_SS, M184V, T215Y	DDI	2.5
84198	CA84198	A62V, D67EK, T69S_SS, M184V, T215Y	TDF	3.1
184240	NY3		X3TC	0.8
184240	NY3		ABC	0.8
184240	NY3		AZT	0.8
184240	NY3		D4T	0.8
184240	NY3		DDI	1
184240	NY3		TDF	0.8
125020	Pt13	M41ML, L74LI	X3TC	1
125020	Pt13	M41ML, L74LI	ABC	1.1
125020	Pt13	M41ML, L74LI	AZT	1.1
125020	Pt13	M41ML, L74LI	D4T	1
125020	Pt13	M41ML, L74LI	DDI	1.3
125020	Pt13	M41ML, L74LI	TDF	1
88729	Pt39300		X3TC	0.9
88729	Pt39300		ABC	1.2
88729	Pt39300		AZT	1
88729	Pt39300		D4T	1
88729	Pt39300		DDI	1.2
88729	Pt39300		TDF	1
185086	CMG_nov14	D67DN, K70RG, M184V, K219Q	X3TC	200
185086	CMG_nov14	D67DN, K70RG, M184V, K219Q	ABC	3.3
185086	CMG_nov14	D67DN, K70RG, M184V, K219Q	AZT	1.4
185086	CMG_nov14	D67DN, K70RG, M184V, K219Q	D4T	1.2
185086	CMG_nov14	D67DN, K70RG, M184V, K219Q	DDI	1.5
185086	CMG_nov14	D67DN, K70RG, M184V, K219Q	TDF	0.9
166118	201011-2	S68SN	X3TC	0.7
166118	201011-2	S68SN	ABC	1.2
166118	201011-2	S68SN	AZT	0.7
166118	201011-2	S68SN	D4T	1.2
166118	201011-2	S68SN	DDI	1.4
166118	201011-2	S68SN	TDF	0.5
71539	CA900BT54	M41L, L210W, T215Y	X3TC	16
71539	CA900BT54	M41L, L210W, T215Y	ABC	18
71539	CA900BT54	M41L, L210W, T215Y	AZT	NA
71539	CA900BT54	M41L, L210W, T215Y	D4T	7.7
71539	CA900BT54	M41L, L210W, T215Y	DDI	2.9
71539	CA900BT54	M41L, L210W, T215Y	TDF	9.3
185946	TM266583N	S68G	X3TC	1
185946	TM266583N	S68G	ABC	0.8
185946	TM266583N	S68G	AZT	0.4
185946	TM266583N	S68G	D4T	0.7
185946	TM266583N	S68G	DDI	1
185946	TM266583N	S68G	TDF	0.6
88765	Pt39318		X3TC	0.7
88765	Pt39318		ABC	0.8
88765	Pt39318		AZT	0.9
88765	Pt39318		D4T	0.8
88765	Pt39318		DDI	0.7
88765	Pt39318		TDF	0.7
57664	CA57664	M41L, A62V, D67N, T69D, V75I, F116Y, Q151M, L210W, T215Y	X3TC	4.8
57664	CA57664	M41L, A62V, D67N, T69D, V75I, F116Y, Q151M, L210W, T215Y	ABC	4
57664	CA57664	M41L, A62V, D67N, T69D, V75I, F116Y, Q151M, L210W, T215Y	AZT	154
57664	CA57664	M41L, A62V, D67N, T69D, V75I, F116Y, Q151M, L210W, T215Y	D4T	7.9
57664	CA57664	M41L, A62V, D67N, T69D, V75I, F116Y, Q151M, L210W, T215Y	DDI	5.7
57664	CA57664	M41L, A62V, D67N, T69D, V75I, F116Y, Q151M, L210W, T215Y	TDF	2.6
177184	201108-7	M41L, E44D, D67N, T69D	X3TC	1.3
177184	201108-7	M41L, E44D, D67N, T69D	ABC	0.7
177184	201108-7	M41L, E44D, D67N, T69D	AZT	1.1
177184	201108-7	M41L, E44D, D67N, T69D	D4T	0.4
177184	201108-7	M41L, E44D, D67N, T69D	DDI	0.5
177184	201108-7	M41L, E44D, D67N, T69D	TDF	0.8
96432	2008-32	D67DN, K70KR, M184MV, K219KQ	X3TC	200
96432	2008-32	D67DN, K70KR, M184MV, K219KQ	ABC	3.1
96432	2008-32	D67DN, K70KR, M184MV, K219KQ	AZT	4.8
96432	2008-32	D67DN, K70KR, M184MV, K219KQ	D4T	1.1
96432	2008-32	D67DN, K70KR, M184MV, K219KQ	DDI	1.4
96432	2008-32	D67DN, K70KR, M184MV, K219KQ	TDF	1.1
166088	201011-15		X3TC	1.1
166088	201011-15		ABC	0.8
166088	201011-15		AZT	0.8
166088	201011-15		D4T	0.9
166088	201011-15		DDI	1.1
166088	201011-15		TDF	0.8
96426	2008-29	M41L, M184V, L210W, T215Y	X3TC	200
96426	2008-29	M41L, M184V, L210W, T215Y	ABC	6.1
96426	2008-29	M41L, M184V, L210W, T215Y	AZT	21
96426	2008-29	M41L, M184V, L210W, T215Y	D4T	1.4
96426	2008-29	M41L, M184V, L210W, T215Y	DDI	1.3
96426	2008-29	M41L, M184V, L210W, T215Y	TDF	1.6
134919	CA134919	D67N, K70R, L74I, M184V, T215F, K219Q	X3TC	200
134919	CA134919	D67N, K70R, L74I, M184V, T215F, K219Q	ABC	9.5
134919	CA134919	D67N, K70R, L74I, M184V, T215F, K219Q	AZT	39
134919	CA134919	D67N, K70R, L74I, M184V, T215F, K219Q	D4T	2.9
134919	CA134919	D67N, K70R, L74I, M184V, T215F, K219Q	DDI	2
134919	CA134919	D67N, K70R, L74I, M184V, T215F, K219Q	TDF	1.8
88797	Pt39334		X3TC	0.7
88797	Pt39334		ABC	1
88797	Pt39334		AZT	1
88797	Pt39334		D4T	1
88797	Pt39334		DDI	0.9
88797	Pt39334		TDF	0.8
38521	CA38521	D67N, K70R, Q151M, K219Q	X3TC	3.5
38521	CA38521	D67N, K70R, Q151M, K219Q	ABC	3.1
38521	CA38521	D67N, K70R, Q151M, K219Q	AZT	18
38521	CA38521	D67N, K70R, Q151M, K219Q	D4T	2.7
38521	CA38521	D67N, K70R, Q151M, K219Q	DDI	2.4
38521	CA38521	D67N, K70R, Q151M, K219Q	TDF	1.6
127294	09Pt77		X3TC	1
127294	09Pt77		ABC	1
127294	09Pt77		AZT	0.6
127294	09Pt77		D4T	0.7
127294	09Pt77		DDI	1
127294	09Pt77		TDF	0.7
96364	2008-36	M41L, L74V, M184V	X3TC	200
96364	2008-36	M41L, L74V, M184V	ABC	7.5
96364	2008-36	M41L, L74V, M184V	AZT	0.3
96364	2008-36	M41L, L74V, M184V	D4T	0.9
96364	2008-36	M41L, L74V, M184V	DDI	2.7
96364	2008-36	M41L, L74V, M184V	TDF	0.4
127256	09Pt59		X3TC	0.9
127256	09Pt59		ABC	0.8
127256	09Pt59		AZT	1.1
127256	09Pt59		D4T	0.8
127256	09Pt59		DDI	1.1
127256	09Pt59		TDF	0.8
127328	09Pt22	S68G	X3TC	0.8
127328	09Pt22	S68G	ABC	0.9
127328	09Pt22	S68G	AZT	0.3
127328	09Pt22	S68G	D4T	0.8
127328	09Pt22	S68G	DDI	0.9
127328	09Pt22	S68G	TDF	0.6
151282	2010-1	M41L, A62AV, V75I, M184V, L210W, T215Y	X3TC	200
151282	2010-1	M41L, A62AV, V75I, M184V, L210W, T215Y	ABC	9.1
151282	2010-1	M41L, A62AV, V75I, M184V, L210W, T215Y	AZT	55
151282	2010-1	M41L, A62AV, V75I, M184V, L210W, T215Y	D4T	3.4
151282	2010-1	M41L, A62AV, V75I, M184V, L210W, T215Y	DDI	2.7
151282	2010-1	M41L, A62AV, V75I, M184V, L210W, T215Y	TDF	1.7
127246	09Pt55	M184V	X3TC	200
127246	09Pt55	M184V	ABC	2.8
127246	09Pt55	M184V	AZT	0.5
127246	09Pt55	M184V	D4T	0.5
127246	09Pt55	M184V	DDI	1.3
127246	09Pt55	M184V	TDF	0.6
96243	MA42452	M41ML, D67G, S68G, K70R, M184V, T215F, K219E	X3TC	200
96243	MA42452	M41ML, D67G, S68G, K70R, M184V, T215F, K219E	ABC	5.1
96243	MA42452	M41ML, D67G, S68G, K70R, M184V, T215F, K219E	AZT	3.8
96243	MA42452	M41ML, D67G, S68G, K70R, M184V, T215F, K219E	D4T	1.3
96243	MA42452	M41ML, D67G, S68G, K70R, M184V, T215F, K219E	DDI	1.5
96243	MA42452	M41ML, D67G, S68G, K70R, M184V, T215F, K219E	TDF	1
71525	CA900BT47	D67N, K70R, T215V, K219Q	X3TC	2
71525	CA900BT47	D67N, K70R, T215V, K219Q	ABC	1.6
71525	CA900BT47	D67N, K70R, T215V, K219Q	AZT	30
71525	CA900BT47	D67N, K70R, T215V, K219Q	D4T	1.8
71525	CA900BT47	D67N, K70R, T215V, K219Q	DDI	1
71525	CA900BT47	D67N, K70R, T215V, K219Q	TDF	1.8
88747	Pt39309	M41L, D67N, K70R, L74I, T215F, K219Q	X3TC	3.8
88747	Pt39309	M41L, D67N, K70R, L74I, T215F, K219Q	ABC	7.6
88747	Pt39309	M41L, D67N, K70R, L74I, T215F, K219Q	AZT	303
88747	Pt39309	M41L, D67N, K70R, L74I, T215F, K219Q	D4T	2.7
88747	Pt39309	M41L, D67N, K70R, L74I, T215F, K219Q	DDI	1.8
88747	Pt39309	M41L, D67N, K70R, L74I, T215F, K219Q	TDF	4.9
61104	CA61104	K70G, M184V	X3TC	200
61104	CA61104	K70G, M184V	ABC	6.2
61104	CA61104	K70G, M184V	AZT	0.2
61104	CA61104	K70G, M184V	D4T	0.8
61104	CA61104	K70G, M184V	DDI	2.5
61104	CA61104	K70G, M184V	TDF	0.8
96446	2008-40	M41L, E44D, D67N, K70R, L74I, M184V, L210W, T215Y, K219Q	X3TC	200
96446	2008-40	M41L, E44D, D67N, K70R, L74I, M184V, L210W, T215Y, K219Q	ABC	12
96446	2008-40	M41L, E44D, D67N, K70R, L74I, M184V, L210W, T215Y, K219Q	AZT	337
96446	2008-40	M41L, E44D, D67N, K70R, L74I, M184V, L210W, T215Y, K219Q	D4T	4
96446	2008-40	M41L, E44D, D67N, K70R, L74I, M184V, L210W, T215Y, K219Q	DDI	2.4
96446	2008-40	M41L, E44D, D67N, K70R, L74I, M184V, L210W, T215Y, K219Q	TDF	2.2
96362	2008-35	M41L, M184MV, T215Y	X3TC	13
96362	2008-35	M41L, M184MV, T215Y	ABC	4.3
96362	2008-35	M41L, M184MV, T215Y	AZT	30
96362	2008-35	M41L, M184MV, T215Y	D4T	1.8
96362	2008-35	M41L, M184MV, T215Y	DDI	1.7
96362	2008-35	M41L, M184MV, T215Y	TDF	2.2
88761	Pt39316	S68SN	X3TC	1
88761	Pt39316	S68SN	ABC	0.8
88761	Pt39316	S68SN	AZT	0.5
88761	Pt39316	S68SN	D4T	0.9
88761	Pt39316	S68SN	DDI	0.8
88761	Pt39316	S68SN	TDF	0.7
166066	201011-4	A62V, V75T	X3TC	1.3
166066	201011-4	A62V, V75T	ABC	1.5
166066	201011-4	A62V, V75T	AZT	0.4
166066	201011-4	A62V, V75T	D4T	1.1
166066	201011-4	A62V, V75T	DDI	1.4
166066	201011-4	A62V, V75T	TDF	0.9
96402	2008-17	M184V, T215F	X3TC	200
96402	2008-17	M184V, T215F	ABC	4.5
96402	2008-17	M184V, T215F	AZT	2.3
96402	2008-17	M184V, T215F	D4T	1.4
96402	2008-17	M184V, T215F	DDI	1.7
96402	2008-17	M184V, T215F	TDF	0.8
138349	200801-4	K70R, M184V, K219Q	X3TC	200
138349	200801-4	K70R, M184V, K219Q	ABC	4.6
138349	200801-4	K70R, M184V, K219Q	AZT	1.4
138349	200801-4	K70R, M184V, K219Q	D4T	0.9
138349	200801-4	K70R, M184V, K219Q	DDI	2
138349	200801-4	K70R, M184V, K219Q	TDF	0.7
184314	Q7756		X3TC	1
184314	Q7756		ABC	0.7
184314	Q7756		AZT	0.4
184314	Q7756		D4T	0.9
184314	Q7756		DDI	0.7
184314	Q7756		TDF	0.6
124513	2008-43	M41L, E44D, D67N, T69D, V75M, F77L, L210W, T215Y, K219R	X3TC	14
124513	2008-43	M41L, E44D, D67N, T69D, V75M, F77L, L210W, T215Y, K219R	ABC	11
124513	2008-43	M41L, E44D, D67N, T69D, V75M, F77L, L210W, T215Y, K219R	AZT	NA
124513	2008-43	M41L, E44D, D67N, T69D, V75M, F77L, L210W, T215Y, K219R	D4T	6.9
124513	2008-43	M41L, E44D, D67N, T69D, V75M, F77L, L210W, T215Y, K219R	DDI	3.4
124513	2008-43	M41L, E44D, D67N, T69D, V75M, F77L, L210W, T215Y, K219R	TDF	17
184252	152524	M41L, D67N, T69D, M184V, L210W, T215Y, K219KR	X3TC	200
184252	152524	M41L, D67N, T69D, M184V, L210W, T215Y, K219KR	ABC	5
184252	152524	M41L, D67N, T69D, M184V, L210W, T215Y, K219KR	AZT	1.5
184252	152524	M41L, D67N, T69D, M184V, L210W, T215Y, K219KR	D4T	1.7
184252	152524	M41L, D67N, T69D, M184V, L210W, T215Y, K219KR	DDI	1.4
184252	152524	M41L, D67N, T69D, M184V, L210W, T215Y, K219KR	TDF	0.8
92379	200801-8	M41L, E44A, D67N, T69D, M184V, L210W, T215Y, K219N	X3TC	200
92379	200801-8	M41L, E44A, D67N, T69D, M184V, L210W, T215Y, K219N	ABC	8.7
92379	200801-8	M41L, E44A, D67N, T69D, M184V, L210W, T215Y, K219N	AZT	271
92379	200801-8	M41L, E44A, D67N, T69D, M184V, L210W, T215Y, K219N	D4T	4.1
92379	200801-8	M41L, E44A, D67N, T69D, M184V, L210W, T215Y, K219N	DDI	2.4
92379	200801-8	M41L, E44A, D67N, T69D, M184V, L210W, T215Y, K219N	TDF	1.8
95842	200801-21	M41L, D67N, K70R, M184V, T215TI, K219E	X3TC	33
95842	200801-21	M41L, D67N, K70R, M184V, T215TI, K219E	ABC	3.1
95842	200801-21	M41L, D67N, K70R, M184V, T215TI, K219E	AZT	14
95842	200801-21	M41L, D67N, K70R, M184V, T215TI, K219E	D4T	1.2
95842	200801-21	M41L, D67N, K70R, M184V, T215TI, K219E	DDI	1.3
95842	200801-21	M41L, D67N, K70R, M184V, T215TI, K219E	TDF	1.9
122655	200804-07	M41L, S68SG, L210W, T215D	X3TC	0.9
122655	200804-07	M41L, S68SG, L210W, T215D	ABC	1.3
122655	200804-07	M41L, S68SG, L210W, T215D	AZT	0.5
122655	200804-07	M41L, S68SG, L210W, T215D	D4T	0.9
122655	200804-07	M41L, S68SG, L210W, T215D	DDI	0.8
122655	200804-07	M41L, S68SG, L210W, T215D	TDF	0.8
185070	135552	V75I	X3TC	1.1
185070	135552	V75I	ABC	1
185070	135552	V75I	AZT	0.6
185070	135552	V75I	D4T	1
185070	135552	V75I	DDI	0.9
185070	135552	V75I	TDF	0.6
125006	Pt6		X3TC	1
125006	Pt6		ABC	1
125006	Pt6		AZT	1.2
125006	Pt6		D4T	0.9
125006	Pt6		DDI	0.9
125006	Pt6		TDF	1
88719	Pt39295		X3TC	0.8
88719	Pt39295		ABC	0.8
88719	Pt39295		AZT	1.2
88719	Pt39295		D4T	1
88719	Pt39295		DDI	1
88719	Pt39295		TDF	0.9
127278	09Pt69	S68SG	X3TC	1.2
127278	09Pt69	S68SG	ABC	1.1
127278	09Pt69	S68SG	AZT	0.7
127278	09Pt69	S68SG	D4T	1
127278	09Pt69	S68SG	DDI	0.9
127278	09Pt69	S68SG	TDF	0.8
79444	CA79444	M41L, E44D, D67G, L210W, T215Y, K219R	X3TC	12
79444	CA79444	M41L, E44D, D67G, L210W, T215Y, K219R	ABC	13
79444	CA79444	M41L, E44D, D67G, L210W, T215Y, K219R	AZT	NA
79444	CA79444	M41L, E44D, D67G, L210W, T215Y, K219R	D4T	6.5
79444	CA79444	M41L, E44D, D67G, L210W, T215Y, K219R	DDI	2.8
79444	CA79444	M41L, E44D, D67G, L210W, T215Y, K219R	TDF	14
162647	CA162647	K65R	X3TC	7.9
162647	CA162647	K65R	ABC	2.1
162647	CA162647	K65R	AZT	0.6
162647	CA162647	K65R	D4T	1.7
162647	CA162647	K65R	DDI	3.1
162647	CA162647	K65R	TDF	1.3
122649	200804-04	D67N, F116FY, Q151M, M184V, K219Q	X3TC	200
122649	200804-04	D67N, F116FY, Q151M, M184V, K219Q	ABC	6
122649	200804-04	D67N, F116FY, Q151M, M184V, K219Q	AZT	1.2
122649	200804-04	D67N, F116FY, Q151M, M184V, K219Q	D4T	2.8
122649	200804-04	D67N, F116FY, Q151M, M184V, K219Q	DDI	5.7
122649	200804-04	D67N, F116FY, Q151M, M184V, K219Q	TDF	0.3
96318	2008-3	M41L, T215E	X3TC	1.6
96318	2008-3	M41L, T215E	ABC	0.9
96318	2008-3	M41L, T215E	AZT	1.1
96318	2008-3	M41L, T215E	D4T	0.9
96318	2008-3	M41L, T215E	DDI	0.9
96318	2008-3	M41L, T215E	TDF	0.9
96326	2008-7	K70KE, M184V	X3TC	200
96326	2008-7	K70KE, M184V	ABC	3.5
96326	2008-7	K70KE, M184V	AZT	0.2
96326	2008-7	K70KE, M184V	D4T	0.8
96326	2008-7	K70KE, M184V	DDI	1.7
96326	2008-7	K70KE, M184V	TDF	0.5
79310	CA79310	M41L, E44A, D67N, L74I, L210W, T215Y, K219N	X3TC	5.6
79310	CA79310	M41L, E44A, D67N, L74I, L210W, T215Y, K219N	ABC	5.4
79310	CA79310	M41L, E44A, D67N, L74I, L210W, T215Y, K219N	AZT	29
79310	CA79310	M41L, E44A, D67N, L74I, L210W, T215Y, K219N	D4T	3.5
79310	CA79310	M41L, E44A, D67N, L74I, L210W, T215Y, K219N	DDI	2
79310	CA79310	M41L, E44A, D67N, L74I, L210W, T215Y, K219N	TDF	1.9
123388	CA123388	M41L, D67DN, M184V, L210W, T215Y, K219KN	X3TC	200
123388	CA123388	M41L, D67DN, M184V, L210W, T215Y, K219KN	ABC	5.3
123388	CA123388	M41L, D67DN, M184V, L210W, T215Y, K219KN	AZT	9.3
123388	CA123388	M41L, D67DN, M184V, L210W, T215Y, K219KN	D4T	1.7
123388	CA123388	M41L, D67DN, M184V, L210W, T215Y, K219KN	DDI	1.5
123388	CA123388	M41L, D67DN, M184V, L210W, T215Y, K219KN	TDF	1
151300	2010-10		X3TC	0.8
151300	2010-10		ABC	0.7
151300	2010-10		AZT	0.8
151300	2010-10		D4T	0.7
151300	2010-10		DDI	0.7
151300	2010-10		TDF	0.8
122786	Pt10	D67N, T69D, K70R, L74V, M184V, K219Q	X3TC	200
122786	Pt10	D67N, T69D, K70R, L74V, M184V, K219Q	ABC	14
122786	Pt10	D67N, T69D, K70R, L74V, M184V, K219Q	AZT	71
122786	Pt10	D67N, T69D, K70R, L74V, M184V, K219Q	D4T	3.6
122786	Pt10	D67N, T69D, K70R, L74V, M184V, K219Q	DDI	6.4
122786	Pt10	D67N, T69D, K70R, L74V, M184V, K219Q	TDF	2.4
184246	CA7.201001	M41L, M184MV, L210W, T215Y	X3TC	5.9
184246	CA7.201001	M41L, M184MV, L210W, T215Y	ABC	6.1
184246	CA7.201001	M41L, M184MV, L210W, T215Y	AZT	120
184246	CA7.201001	M41L, M184MV, L210W, T215Y	D4T	1.9
184246	CA7.201001	M41L, M184MV, L210W, T215Y	DDI	1.8
184246	CA7.201001	M41L, M184MV, L210W, T215Y	TDF	8.8
184238	NY2	K70S, T215Y	X3TC	2.6
184238	NY2	K70S, T215Y	ABC	1.5
184238	NY2	K70S, T215Y	AZT	1.7
184238	NY2	K70S, T215Y	D4T	1.3
184238	NY2	K70S, T215Y	DDI	1
184238	NY2	K70S, T215Y	TDF	1.1
195249	C6	T69D, M184MV	X3TC	47
195249	C6	T69D, M184MV	ABC	3.2
195249	C6	T69D, M184MV	AZT	0.3
195249	C6	T69D, M184MV	D4T	0.9
195249	C6	T69D, M184MV	DDI	1.8
195249	C6	T69D, M184MV	TDF	0.6
96346	2008-28	M41L, E44D, D67N, V75I, M184I, L210W, T215Y, K219R	X3TC	200
96346	2008-28	M41L, E44D, D67N, V75I, M184I, L210W, T215Y, K219R	ABC	13
96346	2008-28	M41L, E44D, D67N, V75I, M184I, L210W, T215Y, K219R	AZT	668
96346	2008-28	M41L, E44D, D67N, V75I, M184I, L210W, T215Y, K219R	D4T	10
96346	2008-28	M41L, E44D, D67N, V75I, M184I, L210W, T215Y, K219R	DDI	3.8
96346	2008-28	M41L, E44D, D67N, V75I, M184I, L210W, T215Y, K219R	TDF	4.5
195315	Q5		X3TC	1
195315	Q5		ABC	1
195315	Q5		AZT	1.1
195315	Q5		D4T	1.1
195315	Q5		DDI	0.8
195315	Q5		TDF	1.1
185078	161527	M184MV	X3TC	3
185078	161527	M184MV	ABC	1.9
185078	161527	M184MV	AZT	0.5
185078	161527	M184MV	D4T	0.7
185078	161527	M184MV	DDI	1.2
185078	161527	M184MV	TDF	0.7
166044	201011-4	M41L, L74V, L210LW, T215Y	X3TC	2.6
166044	201011-4	M41L, L74V, L210LW, T215Y	ABC	3.6
166044	201011-4	M41L, L74V, L210LW, T215Y	AZT	2.6
166044	201011-4	M41L, L74V, L210LW, T215Y	D4T	3.5
166044	201011-4	M41L, L74V, L210LW, T215Y	DDI	3.6
166044	201011-4	M41L, L74V, L210LW, T215Y	TDF	71
195245	C4		X3TC	1
195245	C4		ABC	0.8
195245	C4		AZT	0.3
195245	C4		D4T	0.9
195245	C4		DDI	0.8
195245	C4		TDF	0.8
57702	CA57702	M41L, D67N, K70GRS, M184V, T215F, K219Q	X3TC	200
57702	CA57702	M41L, D67N, K70GRS, M184V, T215F, K219Q	ABC	8.5
57702	CA57702	M41L, D67N, K70GRS, M184V, T215F, K219Q	AZT	6.1
57702	CA57702	M41L, D67N, K70GRS, M184V, T215F, K219Q	D4T	1.7
57702	CA57702	M41L, D67N, K70GRS, M184V, T215F, K219Q	DDI	2.7
57702	CA57702	M41L, D67N, K70GRS, M184V, T215F, K219Q	TDF	1.8
151292	2010-6		X3TC	1.1
151292	2010-6		ABC	1.1
151292	2010-6		AZT	0.6
151292	2010-6		D4T	0.8
151292	2010-6		DDI	0.7
151292	2010-6		TDF	0.6
166072	201011-7		X3TC	0.9
166072	201011-7		ABC	0.8
166072	201011-7		AZT	0.7
166072	201011-7		D4T	0.8
166072	201011-7		DDI	0.6
166072	201011-7		TDF	0.9
195305	G2		X3TC	1
195305	G2		ABC	1.1
195305	G2		AZT	0.5
195305	G2		D4T	1
195305	G2		DDI	1
195305	G2		TDF	0.7
166074	201011-8	M41L, D67N, K70R, M184MV, L210W, T215F, K219E	X3TC	45
166074	201011-8	M41L, D67N, K70R, M184MV, L210W, T215F, K219E	ABC	5.6
166074	201011-8	M41L, D67N, K70R, M184MV, L210W, T215F, K219E	AZT	1.6
166074	201011-8	M41L, D67N, K70R, M184MV, L210W, T215F, K219E	D4T	1.6
166074	201011-8	M41L, D67N, K70R, M184MV, L210W, T215F, K219E	DDI	1.7
166074	201011-8	M41L, D67N, K70R, M184MV, L210W, T215F, K219E	TDF	37
195295	EB6_2009	M184V	X3TC	200
195295	EB6_2009	M184V	ABC	2.9
195295	EB6_2009	M184V	AZT	0.5
195295	EB6_2009	M184V	D4T	0.7
195295	EB6_2009	M184V	DDI	1.7
195295	EB6_2009	M184V	TDF	0.8
71537	CA900BT53	D67N, K70R, L74V, M184V, T215F, K219Q	X3TC	NA
71537	CA900BT53	D67N, K70R, L74V, M184V, T215F, K219Q	ABC	8.4
71537	CA900BT53	D67N, K70R, L74V, M184V, T215F, K219Q	AZT	6.4
71537	CA900BT53	D67N, K70R, L74V, M184V, T215F, K219Q	D4T	2.5
71537	CA900BT53	D67N, K70R, L74V, M184V, T215F, K219Q	DDI	2.3
71537	CA900BT53	D67N, K70R, L74V, M184V, T215F, K219Q	TDF	0.6
95824	200801-12		X3TC	1.2
95824	200801-12		ABC	1.3
95824	200801-12		AZT	1.2
95824	200801-12		D4T	1
95824	200801-12		DDI	1.2
95824	200801-12		TDF	1.2
88801	Pt39336		X3TC	1.1
88801	Pt39336		ABC	1.4
88801	Pt39336		AZT	0.7
88801	Pt39336		D4T	1.3
88801	Pt39336		DDI	1.2
88801	Pt39336		TDF	0.9
195275	EB19		X3TC	1
195275	EB19		ABC	0.9
195275	EB19		AZT	0.7
195275	EB19		D4T	0.7
195275	EB19		DDI	1.1
195275	EB19		TDF	1
166084	201011-13		X3TC	1
166084	201011-13		ABC	0.8
166084	201011-13		AZT	0.8
166084	201011-13		D4T	1.2
166084	201011-13		DDI	1.1
166084	201011-13		TDF	0.7
96404	2008-18	M41L, D67N, M184V, L210W, T215Y	X3TC	200
96404	2008-18	M41L, D67N, M184V, L210W, T215Y	ABC	3.9
96404	2008-18	M41L, D67N, M184V, L210W, T215Y	AZT	8.9
96404	2008-18	M41L, D67N, M184V, L210W, T215Y	D4T	1.8
96404	2008-18	M41L, D67N, M184V, L210W, T215Y	DDI	1.4
96404	2008-18	M41L, D67N, M184V, L210W, T215Y	TDF	1
195247	C5	S68G	X3TC	1.2
195247	C5	S68G	ABC	1
195247	C5	S68G	AZT	0.5
195247	C5	S68G	D4T	1
195247	C5	S68G	DDI	1.1
195247	C5	S68G	TDF	0.7
184260	135422	D67N, T69D, K70R, L74V, T215F, K219Q	X3TC	3.1
184260	135422	D67N, T69D, K70R, L74V, T215F, K219Q	ABC	2.3
184260	135422	D67N, T69D, K70R, L74V, T215F, K219Q	AZT	3.3
184260	135422	D67N, T69D, K70R, L74V, T215F, K219Q	D4T	1.7
184260	135422	D67N, T69D, K70R, L74V, T215F, K219Q	DDI	2.1
184260	135422	D67N, T69D, K70R, L74V, T215F, K219Q	TDF	1
71501	CA900BT34	M41L, E44D, D67N, L74I, M184V, L210W, T215Y, K219N	X3TC	NA
71501	CA900BT34	M41L, E44D, D67N, L74I, M184V, L210W, T215Y, K219N	ABC	8
71501	CA900BT34	M41L, E44D, D67N, L74I, M184V, L210W, T215Y, K219N	AZT	58
71501	CA900BT34	M41L, E44D, D67N, L74I, M184V, L210W, T215Y, K219N	D4T	4.1
71501	CA900BT34	M41L, E44D, D67N, L74I, M184V, L210W, T215Y, K219N	DDI	2.9
71501	CA900BT34	M41L, E44D, D67N, L74I, M184V, L210W, T215Y, K219N	TDF	1.6
79854	CA79854	M41L, E44D, L74LI, M184V, L210W, T215Y	X3TC	200
79854	CA79854	M41L, E44D, L74LI, M184V, L210W, T215Y	ABC	8.2
79854	CA79854	M41L, E44D, L74LI, M184V, L210W, T215Y	AZT	13
79854	CA79854	M41L, E44D, L74LI, M184V, L210W, T215Y	D4T	2.7
79854	CA79854	M41L, E44D, L74LI, M184V, L210W, T215Y	DDI	2.2
79854	CA79854	M41L, E44D, L74LI, M184V, L210W, T215Y	TDF	1.1
166062	201011-2	M41L	X3TC	1.4
166062	201011-2	M41L	ABC	1
166062	201011-2	M41L	AZT	1.3
166062	201011-2	M41L	D4T	0.9
166062	201011-2	M41L	DDI	1
166062	201011-2	M41L	TDF	1
96406	2008-19	M41L, D67N, K70R, M184V, T215F, K219Q	X3TC	200
96406	2008-19	M41L, D67N, K70R, M184V, T215F, K219Q	ABC	8.6
96406	2008-19	M41L, D67N, K70R, M184V, T215F, K219Q	AZT	71
96406	2008-19	M41L, D67N, K70R, M184V, T215F, K219Q	D4T	2.3
96406	2008-19	M41L, D67N, K70R, M184V, T215F, K219Q	DDI	2.5
96406	2008-19	M41L, D67N, K70R, M184V, T215F, K219Q	TDF	2.4
122780	Pt7	M41L, D67N, K70R, M184V, L210W, T215Y, K219E	X3TC	200
122780	Pt7	M41L, D67N, K70R, M184V, L210W, T215Y, K219E	ABC	6.9
122780	Pt7	M41L, D67N, K70R, M184V, L210W, T215Y, K219E	AZT	23
122780	Pt7	M41L, D67N, K70R, M184V, L210W, T215Y, K219E	D4T	1.6
122780	Pt7	M41L, D67N, K70R, M184V, L210W, T215Y, K219E	DDI	1.8
122780	Pt7	M41L, D67N, K70R, M184V, L210W, T215Y, K219E	TDF	1.6
68559	CA68559	M41L, E44D, D67G, T69D, M184V, L210LW, T215Y, K219R	X3TC	200
68559	CA68559	M41L, E44D, D67G, T69D, M184V, L210LW, T215Y, K219R	ABC	8.2
68559	CA68559	M41L, E44D, D67G, T69D, M184V, L210LW, T215Y, K219R	AZT	11
68559	CA68559	M41L, E44D, D67G, T69D, M184V, L210LW, T215Y, K219R	D4T	3.7
68559	CA68559	M41L, E44D, D67G, T69D, M184V, L210LW, T215Y, K219R	DDI	1.8
68559	CA68559	M41L, E44D, D67G, T69D, M184V, L210LW, T215Y, K219R	TDF	1.2
162699	CA162699	M184V	X3TC	200
162699	CA162699	M184V	ABC	3
162699	CA162699	M184V	AZT	0.2
162699	CA162699	M184V	D4T	0.6
162699	CA162699	M184V	DDI	1.9
162699	CA162699	M184V	TDF	0.4
68617	CA68617	M41L, E44D, D67N, T69D, L74V, L210W, T215Y, K219N	X3TC	10
68617	CA68617	M41L, E44D, D67N, T69D, L74V, L210W, T215Y, K219N	ABC	6.9
68617	CA68617	M41L, E44D, D67N, T69D, L74V, L210W, T215Y, K219N	AZT	39
68617	CA68617	M41L, E44D, D67N, T69D, L74V, L210W, T215Y, K219N	D4T	3.3
68617	CA68617	M41L, E44D, D67N, T69D, L74V, L210W, T215Y, K219N	DDI	2
68617	CA68617	M41L, E44D, D67N, T69D, L74V, L210W, T215Y, K219N	TDF	2.2
127380	09Pt48	M41L, E44ED, S68G, M184V, T215Y	X3TC	200
127380	09Pt48	M41L, E44ED, S68G, M184V, T215Y	ABC	4.7
127380	09Pt48	M41L, E44ED, S68G, M184V, T215Y	AZT	24
127380	09Pt48	M41L, E44ED, S68G, M184V, T215Y	D4T	1
127380	09Pt48	M41L, E44ED, S68G, M184V, T215Y	DDI	1.3
127380	09Pt48	M41L, E44ED, S68G, M184V, T215Y	TDF	1.3
88789	Pt39330	L74LV, M184V	X3TC	200
88789	Pt39330	L74LV, M184V	ABC	4.7
88789	Pt39330	L74LV, M184V	AZT	0.4
88789	Pt39330	L74LV, M184V	D4T	0.7
88789	Pt39330	L74LV, M184V	DDI	1.9
88789	Pt39330	L74LV, M184V	TDF	0.4
71485	CA900BT25	D67N, K70R, L74I, Y115F, M184V, K219Q	X3TC	NA
71485	CA900BT25	D67N, K70R, L74I, Y115F, M184V, K219Q	ABC	14
71485	CA900BT25	D67N, K70R, L74I, Y115F, M184V, K219Q	AZT	1.3
71485	CA900BT25	D67N, K70R, L74I, Y115F, M184V, K219Q	D4T	1
71485	CA900BT25	D67N, K70R, L74I, Y115F, M184V, K219Q	DDI	1.9
71485	CA900BT25	D67N, K70R, L74I, Y115F, M184V, K219Q	TDF	1
79324	CA79324	M41L, D67N, K70R, M184V, L210W, T215Y, K219E	X3TC	200
79324	CA79324	M41L, D67N, K70R, M184V, L210W, T215Y, K219E	ABC	6.1
79324	CA79324	M41L, D67N, K70R, M184V, L210W, T215Y, K219E	AZT	117
79324	CA79324	M41L, D67N, K70R, M184V, L210W, T215Y, K219E	D4T	2.2
79324	CA79324	M41L, D67N, K70R, M184V, L210W, T215Y, K219E	DDI	1.6
79324	CA79324	M41L, D67N, K70R, M184V, L210W, T215Y, K219E	TDF	2.6
127338	09Pt27	M41L, M184MV, L210LW, T215SY	X3TC	200
127338	09Pt27	M41L, M184MV, L210LW, T215SY	ABC	5.3
127338	09Pt27	M41L, M184MV, L210LW, T215SY	AZT	3
127338	09Pt27	M41L, M184MV, L210LW, T215SY	D4T	1.5
127338	09Pt27	M41L, M184MV, L210LW, T215SY	DDI	1.7
127338	09Pt27	M41L, M184MV, L210LW, T215SY	TDF	1
68609	CA68609	M41L, D67N, V75M, M184V, L210W, T215Y, K219KE	X3TC	200
68609	CA68609	M41L, D67N, V75M, M184V, L210W, T215Y, K219KE	ABC	6.6
68609	CA68609	M41L, D67N, V75M, M184V, L210W, T215Y, K219KE	AZT	38
68609	CA68609	M41L, D67N, V75M, M184V, L210W, T215Y, K219KE	D4T	3.3
68609	CA68609	M41L, D67N, V75M, M184V, L210W, T215Y, K219KE	DDI	2.8
68609	CA68609	M41L, D67N, V75M, M184V, L210W, T215Y, K219KE	TDF	2.4
170378	CA170378	M41L, A62V, D67E, T69A_SX, L74V, M184MV, L210W, T215Y	X3TC	5.6
170378	CA170378	M41L, A62V, D67E, T69A_SX, L74V, M184MV, L210W, T215Y	ABC	14
170378	CA170378	M41L, A62V, D67E, T69A_SX, L74V, M184MV, L210W, T215Y	AZT	267
170378	CA170378	M41L, A62V, D67E, T69A_SX, L74V, M184MV, L210W, T215Y	D4T	9.4
170378	CA170378	M41L, A62V, D67E, T69A_SX, L74V, M184MV, L210W, T215Y	DDI	3.3
170378	CA170378	M41L, A62V, D67E, T69A_SX, L74V, M184MV, L210W, T215Y	TDF	8.4
184259	127099	M41L, D67N, T69D, K70R, V75M, T215F, K219Q	X3TC	7.4
184259	127099	M41L, D67N, T69D, K70R, V75M, T215F, K219Q	ABC	4
184259	127099	M41L, D67N, T69D, K70R, V75M, T215F, K219Q	AZT	269
184259	127099	M41L, D67N, T69D, K70R, V75M, T215F, K219Q	D4T	3.3
184259	127099	M41L, D67N, T69D, K70R, V75M, T215F, K219Q	DDI	1.5
184259	127099	M41L, D67N, T69D, K70R, V75M, T215F, K219Q	TDF	4.1
68569	CA68569	E40FL, M41L, D67N, L74I, M184V, L210W, T215Y	X3TC	200
68569	CA68569	E40FL, M41L, D67N, L74I, M184V, L210W, T215Y	ABC	16
68569	CA68569	E40FL, M41L, D67N, L74I, M184V, L210W, T215Y	AZT	58
68569	CA68569	E40FL, M41L, D67N, L74I, M184V, L210W, T215Y	D4T	3.7
68569	CA68569	E40FL, M41L, D67N, L74I, M184V, L210W, T215Y	DDI	4.1
68569	CA68569	E40FL, M41L, D67N, L74I, M184V, L210W, T215Y	TDF	1.7
96334	2008-11		X3TC	1
96334	2008-11		ABC	0.9
96334	2008-11		AZT	1.4
96334	2008-11		D4T	1.1
96334	2008-11		DDI	1.1
96334	2008-11		TDF	1.2
185058	115966	M184V	X3TC	200
185058	115966	M184V	ABC	3.2
185058	115966	M184V	AZT	0.5
185058	115966	M184V	D4T	0.7
185058	115966	M184V	DDI	1.7
185058	115966	M184V	TDF	0.6
184313	Q5022	D67N, K70G, M184V, K219Q	X3TC	200
184313	Q5022	D67N, K70G, M184V, K219Q	ABC	4.2
184313	Q5022	D67N, K70G, M184V, K219Q	AZT	0.2
184313	Q5022	D67N, K70G, M184V, K219Q	D4T	0.6
184313	Q5022	D67N, K70G, M184V, K219Q	DDI	1.4
184313	Q5022	D67N, K70G, M184V, K219Q	TDF	0.5
122803	Lab122803		X3TC	1.1
122803	Lab122803		ABC	0.8
122803	Lab122803		AZT	0.7
122803	Lab122803		D4T	0.9
122803	Lab122803		DDI	0.9
122803	Lab122803		TDF	1.1
87346	CA87346	D67N, T69D, K70R, M184I, K219Q	X3TC	200
87346	CA87346	D67N, T69D, K70R, M184I, K219Q	ABC	3.4
87346	CA87346	D67N, T69D, K70R, M184I, K219Q	AZT	5.2
87346	CA87346	D67N, T69D, K70R, M184I, K219Q	D4T	1.8
87346	CA87346	D67N, T69D, K70R, M184I, K219Q	DDI	1.4
87346	CA87346	D67N, T69D, K70R, M184I, K219Q	TDF	1
195243	C3	D67G, K70E	X3TC	4.9
195243	C3	D67G, K70E	ABC	1.3
195243	C3	D67G, K70E	AZT	0.2
195243	C3	D67G, K70E	D4T	1
195243	C3	D67G, K70E	DDI	1.1
195243	C3	D67G, K70E	TDF	0.9
55164	CA55164	M41ML, M184V	X3TC	200
55164	CA55164	M41ML, M184V	ABC	3
55164	CA55164	M41ML, M184V	AZT	0.7
55164	CA55164	M41ML, M184V	D4T	0.7
55164	CA55164	M41ML, M184V	DDI	1.7
55164	CA55164	M41ML, M184V	TDF	0.9
125026	Pt16	M41L, S68SG, M184V, L210W, T215Y	X3TC	200
125026	Pt16	M41L, S68SG, M184V, L210W, T215Y	ABC	5.7
125026	Pt16	M41L, S68SG, M184V, L210W, T215Y	AZT	24
125026	Pt16	M41L, S68SG, M184V, L210W, T215Y	D4T	2.7
125026	Pt16	M41L, S68SG, M184V, L210W, T215Y	DDI	1.7
125026	Pt16	M41L, S68SG, M184V, L210W, T215Y	TDF	1.7
96390	2008-48	M41L, A62V, V75T, M184V	X3TC	200
96390	2008-48	M41L, A62V, V75T, M184V	ABC	6
96390	2008-48	M41L, A62V, V75T, M184V	AZT	0.9
96390	2008-48	M41L, A62V, V75T, M184V	D4T	1.2
96390	2008-48	M41L, A62V, V75T, M184V	DDI	2.4
96390	2008-48	M41L, A62V, V75T, M184V	TDF	0.9
71495	CA900BT30		X3TC	2.3
71495	CA900BT30		ABC	1.3
71495	CA900BT30		AZT	0.7
71495	CA900BT30		D4T	1.1
71495	CA900BT30		DDI	1.1
71495	CA900BT30		TDF	0.9
95814	200801-7	M41L, D67N, K70KE, V75M, M184V, L210W, T215Y	X3TC	200
95814	200801-7	M41L, D67N, K70KE, V75M, M184V, L210W, T215Y	ABC	7.6
95814	200801-7	M41L, D67N, K70KE, V75M, M184V, L210W, T215Y	AZT	5.5
95814	200801-7	M41L, D67N, K70KE, V75M, M184V, L210W, T215Y	D4T	2.8
95814	200801-7	M41L, D67N, K70KE, V75M, M184V, L210W, T215Y	DDI	2.6
95814	200801-7	M41L, D67N, K70KE, V75M, M184V, L210W, T215Y	TDF	1.7
96366	2008-37	D67N, K70R, M184V, T215Y, K219E	X3TC	200
96366	2008-37	D67N, K70R, M184V, T215Y, K219E	ABC	5.3
96366	2008-37	D67N, K70R, M184V, T215Y, K219E	AZT	1.5
96366	2008-37	D67N, K70R, M184V, T215Y, K219E	D4T	1.4
96366	2008-37	D67N, K70R, M184V, T215Y, K219E	DDI	1.8
96366	2008-37	D67N, K70R, M184V, T215Y, K219E	TDF	0.7
96436	2008-35	D67G, T69ND, K70R, L74LI, M184V, T215F, K219Q	X3TC	200
96436	2008-35	D67G, T69ND, K70R, L74LI, M184V, T215F, K219Q	ABC	6.2
96436	2008-35	D67G, T69ND, K70R, L74LI, M184V, T215F, K219Q	AZT	3.3
96436	2008-35	D67G, T69ND, K70R, L74LI, M184V, T215F, K219Q	D4T	1.9
96436	2008-35	D67G, T69ND, K70R, L74LI, M184V, T215F, K219Q	DDI	2.1
96436	2008-35	D67G, T69ND, K70R, L74LI, M184V, T215F, K219Q	TDF	0.9
94380	200801-5	K65R, K70KT, L74V, M184V, K219KR	X3TC	200
94380	200801-5	K65R, K70KT, L74V, M184V, K219KR	ABC	10
94380	200801-5	K65R, K70KT, L74V, M184V, K219KR	AZT	0.5
94380	200801-5	K65R, K70KT, L74V, M184V, K219KR	D4T	1.2
94380	200801-5	K65R, K70KT, L74V, M184V, K219KR	DDI	3.6
94380	200801-5	K65R, K70KT, L74V, M184V, K219KR	TDF	1.4
86042	1833_0626	M41L, E44D, D67N, T69D, L74I, L210WR, T215Y	X3TC	200
86042	1833_0626	M41L, E44D, D67N, T69D, L74I, L210WR, T215Y	ABC	11
86042	1833_0626	M41L, E44D, D67N, T69D, L74I, L210WR, T215Y	AZT	29
86042	1833_0626	M41L, E44D, D67N, T69D, L74I, L210WR, T215Y	D4T	9.4
86042	1833_0626	M41L, E44D, D67N, T69D, L74I, L210WR, T215Y	DDI	2.7
86042	1833_0626	M41L, E44D, D67N, T69D, L74I, L210WR, T215Y	TDF	1.4
94392	200801-20	S68G, K70G, M184V, T215TA	X3TC	200
94392	200801-20	S68G, K70G, M184V, T215TA	ABC	5.4
94392	200801-20	S68G, K70G, M184V, T215TA	AZT	0.1
94392	200801-20	S68G, K70G, M184V, T215TA	D4T	0.5
94392	200801-20	S68G, K70G, M184V, T215TA	DDI	2
94392	200801-20	S68G, K70G, M184V, T215TA	TDF	0.6
127376	09Pt46		X3TC	1
127376	09Pt46		ABC	0.9
127376	09Pt46		AZT	0.8
127376	09Pt46		D4T	0.9
127376	09Pt46		DDI	0.9
127376	09Pt46		TDF	0.8
63848	CA63848	M41L, E44ED, D67N, T69D, M184MV, L210W, T215Y	X3TC	14
63848	CA63848	M41L, E44ED, D67N, T69D, M184MV, L210W, T215Y	ABC	3.4
63848	CA63848	M41L, E44ED, D67N, T69D, M184MV, L210W, T215Y	AZT	32
63848	CA63848	M41L, E44ED, D67N, T69D, M184MV, L210W, T215Y	D4T	2.5
63848	CA63848	M41L, E44ED, D67N, T69D, M184MV, L210W, T215Y	DDI	1.4
63848	CA63848	M41L, E44ED, D67N, T69D, M184MV, L210W, T215Y	TDF	1.6
166114	201011-3	D67N, T69D, K70R, T215F, K219W	X3TC	12
166114	201011-3	D67N, T69D, K70R, T215F, K219W	ABC	11
166114	201011-3	D67N, T69D, K70R, T215F, K219W	AZT	200
166114	201011-3	D67N, T69D, K70R, T215F, K219W	D4T	6.8
166114	201011-3	D67N, T69D, K70R, T215F, K219W	DDI	3
166114	201011-3	D67N, T69D, K70R, T215F, K219W	TDF	5.5
88737	Pt39304	K219KE	X3TC	1
88737	Pt39304	K219KE	ABC	1
88737	Pt39304	K219KE	AZT	1.1
88737	Pt39304	K219KE	D4T	0.9
88737	Pt39304	K219KE	DDI	1
88737	Pt39304	K219KE	TDF	0.9
88727	Pt39299	D67N, K70R, M184MV, L210W, T215Y, K219KE	X3TC	200
88727	Pt39299	D67N, K70R, M184MV, L210W, T215Y, K219KE	ABC	4.8
88727	Pt39299	D67N, K70R, M184MV, L210W, T215Y, K219KE	AZT	74
88727	Pt39299	D67N, K70R, M184MV, L210W, T215Y, K219KE	D4T	1.6
88727	Pt39299	D67N, K70R, M184MV, L210W, T215Y, K219KE	DDI	1.8
88727	Pt39299	D67N, K70R, M184MV, L210W, T215Y, K219KE	TDF	1.5
88753	Pt39312	E44D	X3TC	0.9
88753	Pt39312	E44D	ABC	0.9
88753	Pt39312	E44D	AZT	1.1
88753	Pt39312	E44D	D4T	0.9
88753	Pt39312	E44D	DDI	1
88753	Pt39312	E44D	TDF	0.9
92375	200801-6	E40F, M41L, D67N, K70QE, L210W, T215Y, K219R	X3TC	8.4
92375	200801-6	E40F, M41L, D67N, K70QE, L210W, T215Y, K219R	ABC	10
92375	200801-6	E40F, M41L, D67N, K70QE, L210W, T215Y, K219R	AZT	NA
92375	200801-6	E40F, M41L, D67N, K70QE, L210W, T215Y, K219R	D4T	7.5
92375	200801-6	E40F, M41L, D67N, K70QE, L210W, T215Y, K219R	DDI	2.2
92375	200801-6	E40F, M41L, D67N, K70QE, L210W, T215Y, K219R	TDF	5.4
127310	09Pt13		X3TC	0.9
127310	09Pt13		ABC	0.7
127310	09Pt13		AZT	1.4
127310	09Pt13		D4T	0.7
127310	09Pt13		DDI	1.1
127310	09Pt13		TDF	0.9
95066	200803-6	M41L, D67N, L74I, M184V, L210W, T215Y, K219N	X3TC	200
95066	200803-6	M41L, D67N, L74I, M184V, L210W, T215Y, K219N	ABC	6.7
95066	200803-6	M41L, D67N, L74I, M184V, L210W, T215Y, K219N	AZT	28
95066	200803-6	M41L, D67N, L74I, M184V, L210W, T215Y, K219N	D4T	5.4
95066	200803-6	M41L, D67N, L74I, M184V, L210W, T215Y, K219N	DDI	1.8
95066	200803-6	M41L, D67N, L74I, M184V, L210W, T215Y, K219N	TDF	0.8
96344	2008-27	D67E, T69S_SS, T215Y	X3TC	12
96344	2008-27	D67E, T69S_SS, T215Y	ABC	22
96344	2008-27	D67E, T69S_SS, T215Y	AZT	NA
96344	2008-27	D67E, T69S_SS, T215Y	D4T	11
96344	2008-27	D67E, T69S_SS, T215Y	DDI	3.2
96344	2008-27	D67E, T69S_SS, T215Y	TDF	11
126227	CA126227	K65R	X3TC	6.3
126227	CA126227	K65R	ABC	2.1
126227	CA126227	K65R	AZT	0.5
126227	CA126227	K65R	D4T	1.1
126227	CA126227	K65R	DDI	1.8
126227	CA126227	K65R	TDF	1.7
88791	Pt39331	M184MV	X3TC	1.5
88791	Pt39331	M184MV	ABC	1.4
88791	Pt39331	M184MV	AZT	0.8
88791	Pt39331	M184MV	D4T	1.1
88791	Pt39331	M184MV	DDI	1.6
88791	Pt39331	M184MV	TDF	0.8
70971	CA900BT13	M41L, E44D, D67N, T69D, L210W, T215Y, K219R	X3TC	5.2
70971	CA900BT13	M41L, E44D, D67N, T69D, L210W, T215Y, K219R	ABC	11
70971	CA900BT13	M41L, E44D, D67N, T69D, L210W, T215Y, K219R	AZT	NA
70971	CA900BT13	M41L, E44D, D67N, T69D, L210W, T215Y, K219R	D4T	6.3
70971	CA900BT13	M41L, E44D, D67N, T69D, L210W, T215Y, K219R	DDI	2.9
70971	CA900BT13	M41L, E44D, D67N, T69D, L210W, T215Y, K219R	TDF	5.9
71523	CA900BT46	M41L, D67N, S68G, T215S, K219E	X3TC	1.5
71523	CA900BT46	M41L, D67N, S68G, T215S, K219E	ABC	0.9
71523	CA900BT46	M41L, D67N, S68G, T215S, K219E	AZT	0.8
71523	CA900BT46	M41L, D67N, S68G, T215S, K219E	D4T	1
71523	CA900BT46	M41L, D67N, S68G, T215S, K219E	DDI	0.9
71523	CA900BT46	M41L, D67N, S68G, T215S, K219E	TDF	0.8
96388	2008-47	M41L, D67DN, L210W, T215Y	X3TC	3.9
96388	2008-47	M41L, D67DN, L210W, T215Y	ABC	4.3
96388	2008-47	M41L, D67DN, L210W, T215Y	AZT	717
96388	2008-47	M41L, D67DN, L210W, T215Y	D4T	3.5
96388	2008-47	M41L, D67DN, L210W, T215Y	DDI	1.7
96388	2008-47	M41L, D67DN, L210W, T215Y	TDF	4.7
175997	201108-6		X3TC	1.3
175997	201108-6		ABC	1
175997	201108-6		AZT	1
175997	201108-6		D4T	1
175997	201108-6		DDI	1.1
175997	201108-6		TDF	0.9
96322	2008-5	M41L, E44D, S68G, M184V, L210W, T215Y, K219E	X3TC	200
96322	2008-5	M41L, E44D, S68G, M184V, L210W, T215Y, K219E	ABC	7.9
96322	2008-5	M41L, E44D, S68G, M184V, L210W, T215Y, K219E	AZT	5.8
96322	2008-5	M41L, E44D, S68G, M184V, L210W, T215Y, K219E	D4T	1.3
96322	2008-5	M41L, E44D, S68G, M184V, L210W, T215Y, K219E	DDI	1.6
96322	2008-5	M41L, E44D, S68G, M184V, L210W, T215Y, K219E	TDF	1.3
162713	CA162713	K65R, S68G, M184V	X3TC	200
162713	CA162713	K65R, S68G, M184V	ABC	6.7
162713	CA162713	K65R, S68G, M184V	AZT	0.3
162713	CA162713	K65R, S68G, M184V	D4T	0.8
162713	CA162713	K65R, S68G, M184V	DDI	2.2
162713	CA162713	K65R, S68G, M184V	TDF	1.6
127228	09Pt1	L74LI, M184V	X3TC	200
127228	09Pt1	L74LI, M184V	ABC	2.8
127228	09Pt1	L74LI, M184V	AZT	0.3
127228	09Pt1	L74LI, M184V	D4T	0.7
127228	09Pt1	L74LI, M184V	DDI	1
127228	09Pt1	L74LI, M184V	TDF	0.5
70967	CA900BT10	M41L, E44D, A62V, D67G, T69D, M184MI, L210W, T215Y, K219R	X3TC	NA
70967	CA900BT10	M41L, E44D, A62V, D67G, T69D, M184MI, L210W, T215Y, K219R	ABC	9.2
70967	CA900BT10	M41L, E44D, A62V, D67G, T69D, M184MI, L210W, T215Y, K219R	AZT	NA
70967	CA900BT10	M41L, E44D, A62V, D67G, T69D, M184MI, L210W, T215Y, K219R	D4T	7.3
70967	CA900BT10	M41L, E44D, A62V, D67G, T69D, M184MI, L210W, T215Y, K219R	DDI	2.6
70967	CA900BT10	M41L, E44D, A62V, D67G, T69D, M184MI, L210W, T215Y, K219R	TDF	6.2
125010	Pt8	M41L, M184V, L210W, T215Y	X3TC	200
125010	Pt8	M41L, M184V, L210W, T215Y	ABC	9.6
125010	Pt8	M41L, M184V, L210W, T215Y	AZT	192
125010	Pt8	M41L, M184V, L210W, T215Y	D4T	2.6
125010	Pt8	M41L, M184V, L210W, T215Y	DDI	2
125010	Pt8	M41L, M184V, L210W, T215Y	TDF	2.8
87352	CA87352	M41L, D67N, K70R, V75I, M184V, T215Y, K219E	X3TC	200
87352	CA87352	M41L, D67N, K70R, V75I, M184V, T215Y, K219E	ABC	5.5
87352	CA87352	M41L, D67N, K70R, V75I, M184V, T215Y, K219E	AZT	2.3
87352	CA87352	M41L, D67N, K70R, V75I, M184V, T215Y, K219E	D4T	1.7
87352	CA87352	M41L, D67N, K70R, V75I, M184V, T215Y, K219E	DDI	1.3
87352	CA87352	M41L, D67N, K70R, V75I, M184V, T215Y, K219E	TDF	0.6
123364	CA123364	M41L, E44D, D67N, M184V, L210W, T215Y, K219DN	X3TC	200
123364	CA123364	M41L, E44D, D67N, M184V, L210W, T215Y, K219DN	ABC	7.1
123364	CA123364	M41L, E44D, D67N, M184V, L210W, T215Y, K219DN	AZT	24
123364	CA123364	M41L, E44D, D67N, M184V, L210W, T215Y, K219DN	D4T	3.7
123364	CA123364	M41L, E44D, D67N, M184V, L210W, T215Y, K219DN	DDI	2.9
123364	CA123364	M41L, E44D, D67N, M184V, L210W, T215Y, K219DN	TDF	1.7
124525	2008-49		X3TC	1.2
124525	2008-49		ABC	1.1
124525	2008-49		AZT	0.5
124525	2008-49		D4T	0.9
124525	2008-49		DDI	1
124525	2008-49		TDF	0.7
127238	09Pt51		X3TC	0.8
127238	09Pt51		ABC	0.6
127238	09Pt51		AZT	0.8
127238	09Pt51		D4T	0.8
127238	09Pt51		DDI	0.8
127238	09Pt51		TDF	0.7
166078	201011-10	M41L, D67N, K70R, L210W, T215F, K219E	X3TC	7.1
166078	201011-10	M41L, D67N, K70R, L210W, T215F, K219E	ABC	3
166078	201011-10	M41L, D67N, K70R, L210W, T215F, K219E	AZT	185
166078	201011-10	M41L, D67N, K70R, L210W, T215F, K219E	D4T	3.5
166078	201011-10	M41L, D67N, K70R, L210W, T215F, K219E	DDI	2.5
166078	201011-10	M41L, D67N, K70R, L210W, T215F, K219E	TDF	4.6
55114	CA55114	M41L, D67N, K70KR, L74V, M184V, T215Y, K219Q	X3TC	200
55114	CA55114	M41L, D67N, K70KR, L74V, M184V, T215Y, K219Q	ABC	7.7
55114	CA55114	M41L, D67N, K70KR, L74V, M184V, T215Y, K219Q	AZT	2.2
55114	CA55114	M41L, D67N, K70KR, L74V, M184V, T215Y, K219Q	D4T	1.7
55114	CA55114	M41L, D67N, K70KR, L74V, M184V, T215Y, K219Q	DDI	2.3
55114	CA55114	M41L, D67N, K70KR, L74V, M184V, T215Y, K219Q	TDF	0.6
185944	TM238640J		X3TC	1.1
185944	TM238640J		ABC	0.9
185944	TM238640J		AZT	0.6
185944	TM238640J		D4T	1
185944	TM238640J		DDI	1
185944	TM238640J		TDF	0.9
57704	CA57704	D67N, T69T_T, K70R, K219Q	X3TC	3.5
57704	CA57704	D67N, T69T_T, K70R, K219Q	ABC	5.8
57704	CA57704	D67N, T69T_T, K70R, K219Q	AZT	NA
57704	CA57704	D67N, T69T_T, K70R, K219Q	D4T	4.5
57704	CA57704	D67N, T69T_T, K70R, K219Q	DDI	1.7
57704	CA57704	D67N, T69T_T, K70R, K219Q	TDF	11
96428	2008-30	M41L, E44D, D67N, T69D, M184V, L210W, T215Y	X3TC	200
96428	2008-30	M41L, E44D, D67N, T69D, M184V, L210W, T215Y	ABC	6.6
96428	2008-30	M41L, E44D, D67N, T69D, M184V, L210W, T215Y	AZT	8.1
96428	2008-30	M41L, E44D, D67N, T69D, M184V, L210W, T215Y	D4T	4.2
96428	2008-30	M41L, E44D, D67N, T69D, M184V, L210W, T215Y	DDI	2.2
96428	2008-30	M41L, E44D, D67N, T69D, M184V, L210W, T215Y	TDF	1.1
151304	2010-12		X3TC	1.8
151304	2010-12		ABC	1.2
151304	2010-12		AZT	0.7
151304	2010-12		D4T	1.3
151304	2010-12		DDI	1.4
151304	2010-12		TDF	0.9
166052	201011-8	M41L, S68G, M184V, T215D	X3TC	200
166052	201011-8	M41L, S68G, M184V, T215D	ABC	2.6
166052	201011-8	M41L, S68G, M184V, T215D	AZT	0.5
166052	201011-8	M41L, S68G, M184V, T215D	D4T	0.7
166052	201011-8	M41L, S68G, M184V, T215D	DDI	1.2
166052	201011-8	M41L, S68G, M184V, T215D	TDF	0.4
127284	09Pt72	M184V	X3TC	200
127284	09Pt72	M184V	ABC	3.1
127284	09Pt72	M184V	AZT	0.6
127284	09Pt72	M184V	D4T	0.7
127284	09Pt72	M184V	DDI	1.6
127284	09Pt72	M184V	TDF	0.6
96386	2008-46	M41ML, E44D, D67N, T69D, M184V, L210W, T215Y, K219R	X3TC	200
96386	2008-46	M41ML, E44D, D67N, T69D, M184V, L210W, T215Y, K219R	ABC	11
96386	2008-46	M41ML, E44D, D67N, T69D, M184V, L210W, T215Y, K219R	AZT	371
96386	2008-46	M41ML, E44D, D67N, T69D, M184V, L210W, T215Y, K219R	D4T	4.1
96386	2008-46	M41ML, E44D, D67N, T69D, M184V, L210W, T215Y, K219R	DDI	2.6
96386	2008-46	M41ML, E44D, D67N, T69D, M184V, L210W, T215Y, K219R	TDF	2.2
175989	201108-2		X3TC	0.9
175989	201108-2		ABC	0.9
175989	201108-2		AZT	1.2
175989	201108-2		D4T	1.1
175989	201108-2		DDI	1
175989	201108-2		TDF	1
127346	09Pt31		X3TC	0.7
127346	09Pt31		ABC	0.8
127346	09Pt31		AZT	0.5
127346	09Pt31		D4T	1
127346	09Pt31		DDI	1.1
127346	09Pt31		TDF	0.8
162236	CA162236	K65KR, L74LV	X3TC	1.4
162236	CA162236	K65KR, L74LV	ABC	0.7
162236	CA162236	K65KR, L74LV	AZT	0.1
162236	CA162236	K65KR, L74LV	D4T	0.6
162236	CA162236	K65KR, L74LV	DDI	0.7
162236	CA162236	K65KR, L74LV	TDF	0.6
127274	09Pt67		X3TC	0.7
127274	09Pt67		ABC	0.8
127274	09Pt67		AZT	0.5
127274	09Pt67		D4T	0.9
127274	09Pt67		DDI	0.8
127274	09Pt67		TDF	0.7
71559	CA900BT64		X3TC	0.8
71559	CA900BT64		ABC	1.1
71559	CA900BT64		AZT	1.2
71559	CA900BT64		D4T	0.9
71559	CA900BT64		DDI	1.2
71559	CA900BT64		TDF	0.9
96444	2008-39	M41L, D67N, K70R, M184V, L210W, T215F, K219Q	X3TC	200
96444	2008-39	M41L, D67N, K70R, M184V, L210W, T215F, K219Q	ABC	5.2
96444	2008-39	M41L, D67N, K70R, M184V, L210W, T215F, K219Q	AZT	21
96444	2008-39	M41L, D67N, K70R, M184V, L210W, T215F, K219Q	D4T	1.9
96444	2008-39	M41L, D67N, K70R, M184V, L210W, T215F, K219Q	DDI	1.6
96444	2008-39	M41L, D67N, K70R, M184V, L210W, T215F, K219Q	TDF	1.3
88799	Pt39335		X3TC	0.9
88799	Pt39335		ABC	0.7
88799	Pt39335		AZT	0.8
88799	Pt39335		D4T	0.9
88799	Pt39335		DDI	0.8
88799	Pt39335		TDF	0.9
183807	8	D67N, K219Q	X3TC	1.8
183807	8	D67N, K219Q	ABC	0.7
183807	8	D67N, K219Q	AZT	0.4
183807	8	D67N, K219Q	D4T	0.9
183807	8	D67N, K219Q	DDI	1
183807	8	D67N, K219Q	TDF	0.5
68753	CA68753	M41L, D67N, T69D, K70R, M184V, T215F, K219Q	X3TC	200
68753	CA68753	M41L, D67N, T69D, K70R, M184V, T215F, K219Q	ABC	5.2
68753	CA68753	M41L, D67N, T69D, K70R, M184V, T215F, K219Q	AZT	18
68753	CA68753	M41L, D67N, T69D, K70R, M184V, T215F, K219Q	D4T	2.3
68753	CA68753	M41L, D67N, T69D, K70R, M184V, T215F, K219Q	DDI	1.7
68753	CA68753	M41L, D67N, T69D, K70R, M184V, T215F, K219Q	TDF	1.3
195291	EB4_2009		X3TC	0.9
195291	EB4_2009		ABC	1
195291	EB4_2009		AZT	1.4
195291	EB4_2009		D4T	1.7
195291	EB4_2009		DDI	1.7
195291	EB4_2009		TDF	1
95058	200803-2	M41L, D67N, K70R, L74LI, M184V, L210LW, T215Y, K219E	X3TC	200
95058	200803-2	M41L, D67N, K70R, L74LI, M184V, L210LW, T215Y, K219E	ABC	5.8
95058	200803-2	M41L, D67N, K70R, L74LI, M184V, L210LW, T215Y, K219E	AZT	4.6
95058	200803-2	M41L, D67N, K70R, L74LI, M184V, L210LW, T215Y, K219E	D4T	1.8
95058	200803-2	M41L, D67N, K70R, L74LI, M184V, L210LW, T215Y, K219E	DDI	2
95058	200803-2	M41L, D67N, K70R, L74LI, M184V, L210LW, T215Y, K219E	TDF	1.4
84322	CA84322	D67N, K70R, K219Q	X3TC	2.1
84322	CA84322	D67N, K70R, K219Q	ABC	1.5
84322	CA84322	D67N, K70R, K219Q	AZT	45
84322	CA84322	D67N, K70R, K219Q	D4T	1.1
84322	CA84322	D67N, K70R, K219Q	DDI	1
84322	CA84322	D67N, K70R, K219Q	TDF	2.6
127348	09Pt32	A62V, K65R, M184V	X3TC	200
127348	09Pt32	A62V, K65R, M184V	ABC	6.5
127348	09Pt32	A62V, K65R, M184V	AZT	0.5
127348	09Pt32	A62V, K65R, M184V	D4T	0.8
127348	09Pt32	A62V, K65R, M184V	DDI	2.4
127348	09Pt32	A62V, K65R, M184V	TDF	1.3
184269	WA2	A62AV, K65KR, K70KT, M184MV	X3TC	200
184269	WA2	A62AV, K65KR, K70KT, M184MV	ABC	5.2
184269	WA2	A62AV, K65KR, K70KT, M184MV	AZT	5.6
184269	WA2	A62AV, K65KR, K70KT, M184MV	D4T	1.3
184269	WA2	A62AV, K65KR, K70KT, M184MV	DDI	2.6
184269	WA2	A62AV, K65KR, K70KT, M184MV	TDF	2
71483	CA900BT24	M41L, D67H, S68G, K70G, M184V, T215F	X3TC	NA
71483	CA900BT24	M41L, D67H, S68G, K70G, M184V, T215F	ABC	6.7
71483	CA900BT24	M41L, D67H, S68G, K70G, M184V, T215F	AZT	32
71483	CA900BT24	M41L, D67H, S68G, K70G, M184V, T215F	D4T	2.1
71483	CA900BT24	M41L, D67H, S68G, K70G, M184V, T215F	DDI	1.3
71483	CA900BT24	M41L, D67H, S68G, K70G, M184V, T215F	TDF	1.9
84366	CA84366	A62V, V75I, F77L, Y115F, F116Y, Q151M, M184V	X3TC	200
84366	CA84366	A62V, V75I, F77L, Y115F, F116Y, Q151M, M184V	ABC	20
84366	CA84366	A62V, V75I, F77L, Y115F, F116Y, Q151M, M184V	AZT	584
84366	CA84366	A62V, V75I, F77L, Y115F, F116Y, Q151M, M184V	D4T	7.2
84366	CA84366	A62V, V75I, F77L, Y115F, F116Y, Q151M, M184V	DDI	15
84366	CA84366	A62V, V75I, F77L, Y115F, F116Y, Q151M, M184V	TDF	1.6
71527	CA900BT48	M41L, D67N, T69D, K70R, L74V, M184V, T215F, K219Q	X3TC	NA
71527	CA900BT48	M41L, D67N, T69D, K70R, L74V, M184V, T215F, K219Q	ABC	7.9
71527	CA900BT48	M41L, D67N, T69D, K70R, L74V, M184V, T215F, K219Q	AZT	25
71527	CA900BT48	M41L, D67N, T69D, K70R, L74V, M184V, T215F, K219Q	D4T	2.6
71527	CA900BT48	M41L, D67N, T69D, K70R, L74V, M184V, T215F, K219Q	DDI	2.7
71527	CA900BT48	M41L, D67N, T69D, K70R, L74V, M184V, T215F, K219Q	TDF	1.2
151306	2010-13	M184V	X3TC	200
151306	2010-13	M184V	ABC	3.2
151306	2010-13	M184V	AZT	0.3
151306	2010-13	M184V	D4T	0.8
151306	2010-13	M184V	DDI	1.4
151306	2010-13	M184V	TDF	0.5
92365	200801-1	M184V, T215Y	X3TC	200
92365	200801-1	M184V, T215Y	ABC	3.2
92365	200801-1	M184V, T215Y	AZT	0.7
92365	200801-1	M184V, T215Y	D4T	1
92365	200801-1	M184V, T215Y	DDI	1.4
92365	200801-1	M184V, T215Y	TDF	0.4
86046	5173_0122	M41L, D67G, S68G, L74V, M184V, L210W, T215Y, K219ND	X3TC	200
86046	5173_0122	M41L, D67G, S68G, L74V, M184V, L210W, T215Y, K219ND	ABC	9.5
86046	5173_0122	M41L, D67G, S68G, L74V, M184V, L210W, T215Y, K219ND	AZT	29
86046	5173_0122	M41L, D67G, S68G, L74V, M184V, L210W, T215Y, K219ND	D4T	3.7
86046	5173_0122	M41L, D67G, S68G, L74V, M184V, L210W, T215Y, K219ND	DDI	3.4
86046	5173_0122	M41L, D67G, S68G, L74V, M184V, L210W, T215Y, K219ND	TDF	1.4
127334	09Pt25	M41MIL	X3TC	1
127334	09Pt25	M41MIL	ABC	0.9
127334	09Pt25	M41MIL	AZT	1
127334	09Pt25	M41MIL	D4T	0.8
127334	09Pt25	M41MIL	DDI	0.9
127334	09Pt25	M41MIL	TDF	0.8
185068	134644		X3TC	1
185068	134644		ABC	0.8
185068	134644		AZT	0.8
185068	134644		D4T	1.1
185068	134644		DDI	1
185068	134644		TDF	1.2
88771	Pt39321		X3TC	1.5
88771	Pt39321		ABC	1.3
88771	Pt39321		AZT	0.8
88771	Pt39321		D4T	1
88771	Pt39321		DDI	1.1
88771	Pt39321		TDF	0.9
95830	200801-15	A62V, K65R, M184V	X3TC	200
95830	200801-15	A62V, K65R, M184V	ABC	9.3
95830	200801-15	A62V, K65R, M184V	AZT	0.5
95830	200801-15	A62V, K65R, M184V	D4T	1.2
95830	200801-15	A62V, K65R, M184V	DDI	3.4
95830	200801-15	A62V, K65R, M184V	TDF	1.5
127226	Pt57716	D67N, T69D, K70R, M184V, T215F, K219Q	X3TC	200
127226	Pt57716	D67N, T69D, K70R, M184V, T215F, K219Q	ABC	4.3
127226	Pt57716	D67N, T69D, K70R, M184V, T215F, K219Q	AZT	4.3
127226	Pt57716	D67N, T69D, K70R, M184V, T215F, K219Q	D4T	1.8
127226	Pt57716	D67N, T69D, K70R, M184V, T215F, K219Q	DDI	1.7
127226	Pt57716	D67N, T69D, K70R, M184V, T215F, K219Q	TDF	0.8
185938	1667190063		X3TC	1.2
185938	1667190063		ABC	1
185938	1667190063		AZT	2.1
185938	1667190063		D4T	1
185938	1667190063		DDI	1.6
185938	1667190063		TDF	1.2
71507	CA900BT37	M41L, D67N, K70R, L74LV, T215F, K219Q	X3TC	3.1
71507	CA900BT37	M41L, D67N, K70R, L74LV, T215F, K219Q	ABC	2.7
71507	CA900BT37	M41L, D67N, K70R, L74LV, T215F, K219Q	AZT	243
71507	CA900BT37	M41L, D67N, K70R, L74LV, T215F, K219Q	D4T	3.5
71507	CA900BT37	M41L, D67N, K70R, L74LV, T215F, K219Q	DDI	1.5
71507	CA900BT37	M41L, D67N, K70R, L74LV, T215F, K219Q	TDF	3.1
42039	KSC-13	M41L, D67N, L74LI, L210W, T215Y	X3TC	8.9
42039	KSC-13	M41L, D67N, L74LI, L210W, T215Y	ABC	5
42039	KSC-13	M41L, D67N, L74LI, L210W, T215Y	AZT	813
42039	KSC-13	M41L, D67N, L74LI, L210W, T215Y	D4T	4.8
42039	KSC-13	M41L, D67N, L74LI, L210W, T215Y	DDI	1.8
42039	KSC-13	M41L, D67N, L74LI, L210W, T215Y	TDF	3.6
195309	Q2		X3TC	0.9
195309	Q2		ABC	1.2
195309	Q2		AZT	0.7
195309	Q2		D4T	1.2
195309	Q2		DDI	0.8
195309	Q2		TDF	1
185090	gme231_7	M41L, E44D, D67N, L74I, M184V, L210W, T215Y, K219KN	X3TC	200
185090	gme231_7	M41L, E44D, D67N, L74I, M184V, L210W, T215Y, K219KN	ABC	11
185090	gme231_7	M41L, E44D, D67N, L74I, M184V, L210W, T215Y, K219KN	AZT	17
185090	gme231_7	M41L, E44D, D67N, L74I, M184V, L210W, T215Y, K219KN	D4T	3.1
185090	gme231_7	M41L, E44D, D67N, L74I, M184V, L210W, T215Y, K219KN	DDI	2.5
185090	gme231_7	M41L, E44D, D67N, L74I, M184V, L210W, T215Y, K219KN	TDF	1.2
88709	Pt39290		X3TC	0.9
88709	Pt39290		ABC	0.6
88709	Pt39290		AZT	0.9
88709	Pt39290		D4T	1
88709	Pt39290		DDI	1
88709	Pt39290		TDF	0.9
124998	Pt2		X3TC	0.7
124998	Pt2		ABC	0.8
124998	Pt2		AZT	0.7
124998	Pt2		D4T	0.7
124998	Pt2		DDI	0.9
124998	Pt2		TDF	0.9
166068	201011-5	A62V, V75T	X3TC	1.4
166068	201011-5	A62V, V75T	ABC	1.8
166068	201011-5	A62V, V75T	AZT	0.5
166068	201011-5	A62V, V75T	D4T	1.4
166068	201011-5	A62V, V75T	DDI	1.5
166068	201011-5	A62V, V75T	TDF	0.9
58200	CA58200	K65R, M184I	X3TC	200
58200	CA58200	K65R, M184I	ABC	4.5
58200	CA58200	K65R, M184I	AZT	0.3
58200	CA58200	K65R, M184I	D4T	0.9
58200	CA58200	K65R, M184I	DDI	2.2
58200	CA58200	K65R, M184I	TDF	1.3
127320	09Pt18	M184V, K219KQ	X3TC	200
127320	09Pt18	M184V, K219KQ	ABC	3.3
127320	09Pt18	M184V, K219KQ	AZT	0.5
127320	09Pt18	M184V, K219KQ	D4T	0.6
127320	09Pt18	M184V, K219KQ	DDI	1.7
127320	09Pt18	M184V, K219KQ	TDF	0.4
96370	2008-39	A62V, M184V, L210W, T215Y	X3TC	200
96370	2008-39	A62V, M184V, L210W, T215Y	ABC	6.5
96370	2008-39	A62V, M184V, L210W, T215Y	AZT	2
96370	2008-39	A62V, M184V, L210W, T215Y	D4T	2.1
96370	2008-39	A62V, M184V, L210W, T215Y	DDI	2
96370	2008-39	A62V, M184V, L210W, T215Y	TDF	1
166054	201011-9	M41L, L74V, M184V, L210W, T215Y, K219KN	X3TC	200
166054	201011-9	M41L, L74V, M184V, L210W, T215Y, K219KN	ABC	7.1
166054	201011-9	M41L, L74V, M184V, L210W, T215Y, K219KN	AZT	1.2
166054	201011-9	M41L, L74V, M184V, L210W, T215Y, K219KN	D4T	1.5
166054	201011-9	M41L, L74V, M184V, L210W, T215Y, K219KN	DDI	1.6
166054	201011-9	M41L, L74V, M184V, L210W, T215Y, K219KN	TDF	25
127236	09Pt5	K219KQ	X3TC	0.9
127236	09Pt5	K219KQ	ABC	0.9
127236	09Pt5	K219KQ	AZT	0.7
127236	09Pt5	K219KQ	D4T	0.7
127236	09Pt5	K219KQ	DDI	0.9
127236	09Pt5	K219KQ	TDF	0.8
61288	CA61288	K70R	X3TC	0.6
61288	CA61288	K70R	ABC	0.8
61288	CA61288	K70R	AZT	2
61288	CA61288	K70R	D4T	0.9
61288	CA61288	K70R	DDI	0.8
61288	CA61288	K70R	TDF	0.9
166082	201011-12		X3TC	0.9
166082	201011-12		ABC	0.9
166082	201011-12		AZT	0.5
166082	201011-12		D4T	0.8
166082	201011-12		DDI	1.1
166082	201011-12		TDF	0.8
95834	200801-17	M41L, L74LV, M184V, L210W, T215HYD	X3TC	200
95834	200801-17	M41L, L74LV, M184V, L210W, T215HYD	ABC	3.2
95834	200801-17	M41L, L74LV, M184V, L210W, T215HYD	AZT	0.3
95834	200801-17	M41L, L74LV, M184V, L210W, T215HYD	D4T	0.8
95834	200801-17	M41L, L74LV, M184V, L210W, T215HYD	DDI	1.6
95834	200801-17	M41L, L74LV, M184V, L210W, T215HYD	TDF	0.4
127250	09Pt56	M184V	X3TC	200
127250	09Pt56	M184V	ABC	2.8
127250	09Pt56	M184V	AZT	0.2
127250	09Pt56	M184V	D4T	0.8
127250	09Pt56	M184V	DDI	1.4
127250	09Pt56	M184V	TDF	0.5
184283	CA.200505	M41ML, D67N, K70R, T215Y, K219E	X3TC	200
184283	CA.200505	M41ML, D67N, K70R, T215Y, K219E	ABC	5.6
184283	CA.200505	M41ML, D67N, K70R, T215Y, K219E	AZT	4.3
184283	CA.200505	M41ML, D67N, K70R, T215Y, K219E	D4T	2.2
184283	CA.200505	M41ML, D67N, K70R, T215Y, K219E	DDI	1.6
184283	CA.200505	M41ML, D67N, K70R, T215Y, K219E	TDF	0.7
88741	Pt39306		X3TC	0.9
88741	Pt39306		ABC	1
88741	Pt39306		AZT	0.6
88741	Pt39306		D4T	0.9
88741	Pt39306		DDI	1
88741	Pt39306		TDF	0.9
71569	CA71569	M41L, M184V, T215F, K219Q	X3TC	NA
71569	CA71569	M41L, M184V, T215F, K219Q	ABC	3.3
71569	CA71569	M41L, M184V, T215F, K219Q	AZT	1.2
71569	CA71569	M41L, M184V, T215F, K219Q	D4T	1.1
71569	CA71569	M41L, M184V, T215F, K219Q	DDI	1.4
71569	CA71569	M41L, M184V, T215F, K219Q	TDF	0.5
152275	CA152275	K65R	X3TC	4.7
152275	CA152275	K65R	ABC	2.2
152275	CA152275	K65R	AZT	0.4
152275	CA152275	K65R	D4T	1.1
152275	CA152275	K65R	DDI	1.9
152275	CA152275	K65R	TDF	1.7
96330	2008-9	S68G, K70Q, M184V, L210W, T215Y	X3TC	200
96330	2008-9	S68G, K70Q, M184V, L210W, T215Y	ABC	4.8
96330	2008-9	S68G, K70Q, M184V, L210W, T215Y	AZT	1.5
96330	2008-9	S68G, K70Q, M184V, L210W, T215Y	D4T	1.5
96330	2008-9	S68G, K70Q, M184V, L210W, T215Y	DDI	1.6
96330	2008-9	S68G, K70Q, M184V, L210W, T215Y	TDF	1
127262	09Pt62		X3TC	0.7
127262	09Pt62		ABC	0.7
127262	09Pt62		AZT	0.5
127262	09Pt62		D4T	0.9
127262	09Pt62		DDI	0.8
127262	09Pt62		TDF	0.6
59295	CA59295	M41L, E44D, D67N, T69D, L74V, M184V, L210W, T215Y	X3TC	200
59295	CA59295	M41L, E44D, D67N, T69D, L74V, M184V, L210W, T215Y	ABC	7.9
59295	CA59295	M41L, E44D, D67N, T69D, L74V, M184V, L210W, T215Y	AZT	2.7
59295	CA59295	M41L, E44D, D67N, T69D, L74V, M184V, L210W, T215Y	D4T	1.9
59295	CA59295	M41L, E44D, D67N, T69D, L74V, M184V, L210W, T215Y	DDI	2.2
59295	CA59295	M41L, E44D, D67N, T69D, L74V, M184V, L210W, T215Y	TDF	0.6
50042	pat1426_2	M41L, M184V, L210LW, T215Y	X3TC	200
50042	pat1426_2	M41L, M184V, L210LW, T215Y	ABC	7.3
50042	pat1426_2	M41L, M184V, L210LW, T215Y	AZT	56
50042	pat1426_2	M41L, M184V, L210LW, T215Y	D4T	2
50042	pat1426_2	M41L, M184V, L210LW, T215Y	DDI	1.7
50042	pat1426_2	M41L, M184V, L210LW, T215Y	TDF	1.8
125002	Pt4		X3TC	1
125002	Pt4		ABC	1
125002	Pt4		AZT	0.6
125002	Pt4		D4T	1.1
125002	Pt4		DDI	1
125002	Pt4		TDF	0.8
127384	09Pt50		X3TC	0.8
127384	09Pt50		ABC	0.6
127384	09Pt50		AZT	0.5
127384	09Pt50		D4T	0.9
127384	09Pt50		DDI	0.9
127384	09Pt50		TDF	0.8
184275	CA.200403	D67N, T69D, K70R, M184V, T215TI, K219Q	X3TC	200
184275	CA.200403	D67N, T69D, K70R, M184V, T215TI, K219Q	ABC	3.8
184275	CA.200403	D67N, T69D, K70R, M184V, T215TI, K219Q	AZT	8.3
184275	CA.200403	D67N, T69D, K70R, M184V, T215TI, K219Q	D4T	1
184275	CA.200403	D67N, T69D, K70R, M184V, T215TI, K219Q	DDI	1
184275	CA.200403	D67N, T69D, K70R, M184V, T215TI, K219Q	TDF	1.8
184311	Q4713		X3TC	3.2
184311	Q4713		ABC	1.1
184311	Q4713		AZT	0.2
184311	Q4713		D4T	1
184311	Q4713		DDI	1.1
184311	Q4713		TDF	0.7
68809	CA68809	M41L, E44D, D67N, T69D, V75M, F77FL, M184V, L210W, T215Y, K219Q	X3TC	200
68809	CA68809	M41L, E44D, D67N, T69D, V75M, F77FL, M184V, L210W, T215Y, K219Q	ABC	6.1
68809	CA68809	M41L, E44D, D67N, T69D, V75M, F77FL, M184V, L210W, T215Y, K219Q	AZT	7.7
68809	CA68809	M41L, E44D, D67N, T69D, V75M, F77FL, M184V, L210W, T215Y, K219Q	D4T	3.6
68809	CA68809	M41L, E44D, D67N, T69D, V75M, F77FL, M184V, L210W, T215Y, K219Q	DDI	2.5
68809	CA68809	M41L, E44D, D67N, T69D, V75M, F77FL, M184V, L210W, T215Y, K219Q	TDF	1.4
185080	168527		X3TC	1.3
185080	168527		ABC	1
185080	168527		AZT	0.4
185080	168527		D4T	1
185080	168527		DDI	1.2
185080	168527		TDF	0.7
88773	Pt39322		X3TC	0.8
88773	Pt39322		ABC	0.9
88773	Pt39322		AZT	0.7
88773	Pt39322		D4T	0.9
88773	Pt39322		DDI	0.8
88773	Pt39322		TDF	0.9
86052	1462_0627	M184V, T215D	X3TC	200
86052	1462_0627	M184V, T215D	ABC	3.9
86052	1462_0627	M184V, T215D	AZT	0.3
86052	1462_0627	M184V, T215D	D4T	0.7
86052	1462_0627	M184V, T215D	DDI	1.5
86052	1462_0627	M184V, T215D	TDF	0.3
122673	200804-16	K70KR, K219KQ	X3TC	1.8
122673	200804-16	K70KR, K219KQ	ABC	1.4
122673	200804-16	K70KR, K219KQ	AZT	1.1
122673	200804-16	K70KR, K219KQ	D4T	1.2
122673	200804-16	K70KR, K219KQ	DDI	1.1
122673	200804-16	K70KR, K219KQ	TDF	0.9
50058	pat1565	M41L, D67N, M184V, T215Y	X3TC	200
50058	pat1565	M41L, D67N, M184V, T215Y	ABC	6
50058	pat1565	M41L, D67N, M184V, T215Y	AZT	11
50058	pat1565	M41L, D67N, M184V, T215Y	D4T	1.7
50058	pat1565	M41L, D67N, M184V, T215Y	DDI	1.5
50058	pat1565	M41L, D67N, M184V, T215Y	TDF	1
88478	CA88478		X3TC	1.2
88478	CA88478		ABC	1.1
88478	CA88478		AZT	0.8
88478	CA88478		D4T	1.1
88478	CA88478		DDI	1.5
88478	CA88478		TDF	0.9
184250	102460	M184V, K219KE	X3TC	200
184250	102460	M184V, K219KE	ABC	5.2
184250	102460	M184V, K219KE	AZT	0.4
184250	102460	M184V, K219KE	D4T	0.8
184250	102460	M184V, K219KE	DDI	2
184250	102460	M184V, K219KE	TDF	0.6
88721	Pt39296	T215TA	X3TC	0.9
88721	Pt39296	T215TA	ABC	1
88721	Pt39296	T215TA	AZT	1
88721	Pt39296	T215TA	D4T	1
88721	Pt39296	T215TA	DDI	1.3
88721	Pt39296	T215TA	TDF	0.9
125014	Pt10	S68G	X3TC	1
125014	Pt10	S68G	ABC	0.7
125014	Pt10	S68G	AZT	1
125014	Pt10	S68G	D4T	1.1
125014	Pt10	S68G	DDI	1
125014	Pt10	S68G	TDF	1
96328	2008-8	M41L, E44A, S68G, L74LI, M184V, L210W, T215Y	X3TC	200
96328	2008-8	M41L, E44A, S68G, L74LI, M184V, L210W, T215Y	ABC	12
96328	2008-8	M41L, E44A, S68G, L74LI, M184V, L210W, T215Y	AZT	78
96328	2008-8	M41L, E44A, S68G, L74LI, M184V, L210W, T215Y	D4T	2.5
96328	2008-8	M41L, E44A, S68G, L74LI, M184V, L210W, T215Y	DDI	2.4
96328	2008-8	M41L, E44A, S68G, L74LI, M184V, L210W, T215Y	TDF	2
127280	09Pt70	K65R, Y115F	X3TC	200
127280	09Pt70	K65R, Y115F	ABC	5.6
127280	09Pt70	K65R, Y115F	AZT	0.2
127280	09Pt70	K65R, Y115F	D4T	1.2
127280	09Pt70	K65R, Y115F	DDI	1.6
127280	09Pt70	K65R, Y115F	TDF	2.2
195271	EB17	M184V	X3TC	200
195271	EB17	M184V	ABC	2.8
195271	EB17	M184V	AZT	0.4
195271	EB17	M184V	D4T	0.6
195271	EB17	M184V	DDI	1.4
195271	EB17	M184V	TDF	0.5
184255	101138	M41L, D67N, T69D, K70KR, L74V, M184V, T215Y	X3TC	200
184255	101138	M41L, D67N, T69D, K70KR, L74V, M184V, T215Y	ABC	4.4
184255	101138	M41L, D67N, T69D, K70KR, L74V, M184V, T215Y	AZT	1.1
184255	101138	M41L, D67N, T69D, K70KR, L74V, M184V, T215Y	D4T	2
184255	101138	M41L, D67N, T69D, K70KR, L74V, M184V, T215Y	DDI	2.4
184255	101138	M41L, D67N, T69D, K70KR, L74V, M184V, T215Y	TDF	0.7
102356	Pt2a	M41L, E44ED, D67N, L210W, T215Y, K219N	X3TC	4.9
102356	Pt2a	M41L, E44ED, D67N, L210W, T215Y, K219N	ABC	3.5
102356	Pt2a	M41L, E44ED, D67N, L210W, T215Y, K219N	AZT	117
102356	Pt2a	M41L, E44ED, D67N, L210W, T215Y, K219N	D4T	3.4
102356	Pt2a	M41L, E44ED, D67N, L210W, T215Y, K219N	DDI	1.5
102356	Pt2a	M41L, E44ED, D67N, L210W, T215Y, K219N	TDF	NA
95062	200803-4	M41L, D67N, K70R, L74I, V75T, M184MV, T215F, K219E	X3TC	6.3
95062	200803-4	M41L, D67N, K70R, L74I, V75T, M184MV, T215F, K219E	ABC	3.7
95062	200803-4	M41L, D67N, K70R, L74I, V75T, M184MV, T215F, K219E	AZT	3.2
95062	200803-4	M41L, D67N, K70R, L74I, V75T, M184MV, T215F, K219E	D4T	2
95062	200803-4	M41L, D67N, K70R, L74I, V75T, M184MV, T215F, K219E	DDI	1.6
95062	200803-4	M41L, D67N, K70R, L74I, V75T, M184MV, T215F, K219E	TDF	0.9
88723	Pt39297	M184MV	X3TC	4.2
88723	Pt39297	M184MV	ABC	1.8
88723	Pt39297	M184MV	AZT	0.5
88723	Pt39297	M184MV	D4T	0.9
88723	Pt39297	M184MV	DDI	1.6
88723	Pt39297	M184MV	TDF	0.6
166110	201011-1	M184MV	X3TC	23
166110	201011-1	M184MV	ABC	2.2
166110	201011-1	M184MV	AZT	0.5
166110	201011-1	M184MV	D4T	0.9
166110	201011-1	M184MV	DDI	1.2
166110	201011-1	M184MV	TDF	0.7
71491	CA900BT28	D67N, L74V, T215F, K219Q	X3TC	4.2
71491	CA900BT28	D67N, L74V, T215F, K219Q	ABC	2.1
71491	CA900BT28	D67N, L74V, T215F, K219Q	AZT	1.1
71491	CA900BT28	D67N, L74V, T215F, K219Q	D4T	2
71491	CA900BT28	D67N, L74V, T215F, K219Q	DDI	1.9
71491	CA900BT28	D67N, L74V, T215F, K219Q	TDF	0.4
124517	2008-45	M41L, L74V, M184V, L210W, T215Y	X3TC	200
124517	2008-45	M41L, L74V, M184V, L210W, T215Y	ABC	7.6
124517	2008-45	M41L, L74V, M184V, L210W, T215Y	AZT	2.5
124517	2008-45	M41L, L74V, M184V, L210W, T215Y	D4T	2.7
124517	2008-45	M41L, L74V, M184V, L210W, T215Y	DDI	3.3
124517	2008-45	M41L, L74V, M184V, L210W, T215Y	TDF	0.9
96340	2008-25	M41L, E44D, D67N, L74LV, L210W, T215Y, K219R	X3TC	6.5
96340	2008-25	M41L, E44D, D67N, L74LV, L210W, T215Y, K219R	ABC	9.2
96340	2008-25	M41L, E44D, D67N, L74LV, L210W, T215Y, K219R	AZT	NA
96340	2008-25	M41L, E44D, D67N, L74LV, L210W, T215Y, K219R	D4T	5.3
96340	2008-25	M41L, E44D, D67N, L74LV, L210W, T215Y, K219R	DDI	2.9
96340	2008-25	M41L, E44D, D67N, L74LV, L210W, T215Y, K219R	TDF	5.5
87350	CA87350	S68G, F116Y, Q151M	X3TC	5.2
87350	CA87350	S68G, F116Y, Q151M	ABC	7
87350	CA87350	S68G, F116Y, Q151M	AZT	3.9
87350	CA87350	S68G, F116Y, Q151M	D4T	9.1
87350	CA87350	S68G, F116Y, Q151M	DDI	9.6
87350	CA87350	S68G, F116Y, Q151M	TDF	1
88795	Pt39333		X3TC	0.9
88795	Pt39333		ABC	0.9
88795	Pt39333		AZT	0.4
88795	Pt39333		D4T	0.9
88795	Pt39333		DDI	0.9
88795	Pt39333		TDF	0.6
185064	128434		X3TC	1.3
185064	128434		ABC	0.8
185064	128434		AZT	1
185064	128434		D4T	0.7
185064	128434		DDI	0.9
185064	128434		TDF	1
175993	201108-4		X3TC	3.2
175993	201108-4		ABC	1.3
175993	201108-4		AZT	0.3
175993	201108-4		D4T	0.9
175993	201108-4		DDI	1.5
175993	201108-4		TDF	0.7
127366	09Pt41	M184MIV	X3TC	1.7
127366	09Pt41	M184MIV	ABC	1.2
127366	09Pt41	M184MIV	AZT	0.7
127366	09Pt41	M184MIV	D4T	1
127366	09Pt41	M184MIV	DDI	1.2
127366	09Pt41	M184MIV	TDF	0.7
96358	2008-49	M41L, E44ED, D67G, S68G, L74V, M184V, T215Y, K219N	X3TC	200
96358	2008-49	M41L, E44ED, D67G, S68G, L74V, M184V, T215Y, K219N	ABC	7.4
96358	2008-49	M41L, E44ED, D67G, S68G, L74V, M184V, T215Y, K219N	AZT	0.9
96358	2008-49	M41L, E44ED, D67G, S68G, L74V, M184V, T215Y, K219N	D4T	1.4
96358	2008-49	M41L, E44ED, D67G, S68G, L74V, M184V, T215Y, K219N	DDI	2.2
96358	2008-49	M41L, E44ED, D67G, S68G, L74V, M184V, T215Y, K219N	TDF	0.5
96372	2008-40	M41L, S68SG, L210W, T215D	X3TC	1.2
96372	2008-40	M41L, S68SG, L210W, T215D	ABC	0.8
96372	2008-40	M41L, S68SG, L210W, T215D	AZT	0.5
96372	2008-40	M41L, S68SG, L210W, T215D	D4T	0.8
96372	2008-40	M41L, S68SG, L210W, T215D	DDI	0.7
96372	2008-40	M41L, S68SG, L210W, T215D	TDF	0.6
88777	Pt39324		X3TC	1.1
88777	Pt39324		ABC	1.1
88777	Pt39324		AZT	1.1
88777	Pt39324		D4T	1.2
88777	Pt39324		DDI	1
88777	Pt39324		TDF	0.8
122776	Pt5	K70E, M184V	X3TC	200
122776	Pt5	K70E, M184V	ABC	3.5
122776	Pt5	K70E, M184V	AZT	0.2
122776	Pt5	K70E, M184V	D4T	0.7
122776	Pt5	K70E, M184V	DDI	1.3
122776	Pt5	K70E, M184V	TDF	0.5
122645	200804-02	K70Q, M184V	X3TC	200
122645	200804-02	K70Q, M184V	ABC	2.7
122645	200804-02	K70Q, M184V	AZT	0.2
122645	200804-02	K70Q, M184V	D4T	0.6
122645	200804-02	K70Q, M184V	DDI	1.8
122645	200804-02	K70Q, M184V	TDF	0.4
195237	C10	M41L, S68G, L74LI, M184V, L210W, T215Y, K219KN	X3TC	200
195237	C10	M41L, S68G, L74LI, M184V, L210W, T215Y, K219KN	ABC	5.5
195237	C10	M41L, S68G, L74LI, M184V, L210W, T215Y, K219KN	AZT	5
195237	C10	M41L, S68G, L74LI, M184V, L210W, T215Y, K219KN	D4T	1.7
195237	C10	M41L, S68G, L74LI, M184V, L210W, T215Y, K219KN	DDI	1.8
195237	C10	M41L, S68G, L74LI, M184V, L210W, T215Y, K219KN	TDF	1
127342	09Pt29	M184V, L210W, T215Y	X3TC	200
127342	09Pt29	M184V, L210W, T215Y	ABC	5.2
127342	09Pt29	M184V, L210W, T215Y	AZT	1
127342	09Pt29	M184V, L210W, T215Y	D4T	1.2
127342	09Pt29	M184V, L210W, T215Y	DDI	1.7
127342	09Pt29	M184V, L210W, T215Y	TDF	0.6
184316	Q8753	D67G, K70E, Y115F, M184V	X3TC	200
184316	Q8753	D67G, K70E, Y115F, M184V	ABC	10
184316	Q8753	D67G, K70E, Y115F, M184V	AZT	0.2
184316	Q8753	D67G, K70E, Y115F, M184V	D4T	0.8
184316	Q8753	D67G, K70E, Y115F, M184V	DDI	2.4
184316	Q8753	D67G, K70E, Y115F, M184V	TDF	0.9
195281	EB21		X3TC	0.7
195281	EB21		ABC	0.7
195281	EB21		AZT	0.6
195281	EB21		D4T	0.6
195281	EB21		DDI	0.6
195281	EB21		TDF	0.8
127318	09Pt17		X3TC	0.8
127318	09Pt17		ABC	1
127318	09Pt17		AZT	0.4
127318	09Pt17		D4T	0.8
127318	09Pt17		DDI	1
127318	09Pt17		TDF	0.8
88224	CA88224	M41L, L210W, T215Y, K219E	X3TC	2.5
88224	CA88224	M41L, L210W, T215Y, K219E	ABC	4.2
88224	CA88224	M41L, L210W, T215Y, K219E	AZT	278
88224	CA88224	M41L, L210W, T215Y, K219E	D4T	2.4
88224	CA88224	M41L, L210W, T215Y, K219E	DDI	1.4
88224	CA88224	M41L, L210W, T215Y, K219E	TDF	3.7
96394	2008-50	K65R, S68G, M184V	X3TC	200
96394	2008-50	K65R, S68G, M184V	ABC	9.6
96394	2008-50	K65R, S68G, M184V	AZT	0.4
96394	2008-50	K65R, S68G, M184V	D4T	1.4
96394	2008-50	K65R, S68G, M184V	DDI	2.8
96394	2008-50	K65R, S68G, M184V	TDF	1.2
79362	CA79362	E40F, M41L, D67N, L74V, L210W, T215Y	X3TC	11
79362	CA79362	E40F, M41L, D67N, L74V, L210W, T215Y	ABC	8.5
79362	CA79362	E40F, M41L, D67N, L74V, L210W, T215Y	AZT	NA
79362	CA79362	E40F, M41L, D67N, L74V, L210W, T215Y	D4T	5.6
79362	CA79362	E40F, M41L, D67N, L74V, L210W, T215Y	DDI	2.8
79362	CA79362	E40F, M41L, D67N, L74V, L210W, T215Y	TDF	4.7
92371	200801-4	D67N, M184V, L210W, T215Y, K219R	X3TC	200
92371	200801-4	D67N, M184V, L210W, T215Y, K219R	ABC	7.5
92371	200801-4	D67N, M184V, L210W, T215Y, K219R	AZT	7.2
92371	200801-4	D67N, M184V, L210W, T215Y, K219R	D4T	2
92371	200801-4	D67N, M184V, L210W, T215Y, K219R	DDI	1.7
92371	200801-4	D67N, M184V, L210W, T215Y, K219R	TDF	1.2
127270	09Pt7		X3TC	1
127270	09Pt7		ABC	0.9
127270	09Pt7		AZT	0.5
127270	09Pt7		D4T	0.8
127270	09Pt7		DDI	1
127270	09Pt7		TDF	0.8
185052	100605		X3TC	0.9
185052	100605		ABC	0.9
185052	100605		AZT	1.2
185052	100605		D4T	1
185052	100605		DDI	1.1
185052	100605		TDF	0.8
96440	2008-37	M41L, E44D, S68G, M184V, L210W, T215Y	X3TC	200
96440	2008-37	M41L, E44D, S68G, M184V, L210W, T215Y	ABC	6.8
96440	2008-37	M41L, E44D, S68G, M184V, L210W, T215Y	AZT	22
96440	2008-37	M41L, E44D, S68G, M184V, L210W, T215Y	D4T	1.6
96440	2008-37	M41L, E44D, S68G, M184V, L210W, T215Y	DDI	1.2
96440	2008-37	M41L, E44D, S68G, M184V, L210W, T215Y	TDF	1.5
127372	09Pt44	M184V, T215FS	X3TC	200
127372	09Pt44	M184V, T215FS	ABC	4.1
127372	09Pt44	M184V, T215FS	AZT	0.6
127372	09Pt44	M184V, T215FS	D4T	0.8
127372	09Pt44	M184V, T215FS	DDI	1.9
127372	09Pt44	M184V, T215FS	TDF	0.5
175991	201108-3		X3TC	1.2
175991	201108-3		ABC	1.2
175991	201108-3		AZT	0.9
175991	201108-3		D4T	0.9
175991	201108-3		DDI	1
175991	201108-3		TDF	0.8
71563	CA900BT66	D67N, K70R, L74I, M184V, T215F, K219Q	X3TC	NA
71563	CA900BT66	D67N, K70R, L74I, M184V, T215F, K219Q	ABC	6.1
71563	CA900BT66	D67N, K70R, L74I, M184V, T215F, K219Q	AZT	9.6
71563	CA900BT66	D67N, K70R, L74I, M184V, T215F, K219Q	D4T	1.7
71563	CA900BT66	D67N, K70R, L74I, M184V, T215F, K219Q	DDI	2.1
71563	CA900BT66	D67N, K70R, L74I, M184V, T215F, K219Q	TDF	0.8
122643	200804-01	D67DH, K70RG, M184MV, K219KE	X3TC	14
122643	200804-01	D67DH, K70RG, M184MV, K219KE	ABC	4.3
122643	200804-01	D67DH, K70RG, M184MV, K219KE	AZT	4.9
122643	200804-01	D67DH, K70RG, M184MV, K219KE	D4T	1.8
122643	200804-01	D67DH, K70RG, M184MV, K219KE	DDI	1.6
122643	200804-01	D67DH, K70RG, M184MV, K219KE	TDF	1.7
122790	CA122790	M41L, E44ED, L74V, V75VA, L210W, T215Y	X3TC	3.2
122790	CA122790	M41L, E44ED, L74V, V75VA, L210W, T215Y	ABC	3.2
122790	CA122790	M41L, E44ED, L74V, V75VA, L210W, T215Y	AZT	8.3
122790	CA122790	M41L, E44ED, L74V, V75VA, L210W, T215Y	D4T	1.9
122790	CA122790	M41L, E44ED, L74V, V75VA, L210W, T215Y	DDI	1.8
122790	CA122790	M41L, E44ED, L74V, V75VA, L210W, T215Y	TDF	1.4
151298	2010-9	K70E, Y115YF, M184V	X3TC	200
151298	2010-9	K70E, Y115YF, M184V	ABC	4.6
151298	2010-9	K70E, Y115YF, M184V	AZT	0.1
151298	2010-9	K70E, Y115YF, M184V	D4T	0.5
151298	2010-9	K70E, Y115YF, M184V	DDI	1.6
151298	2010-9	K70E, Y115YF, M184V	TDF	0.7
88711	Pt39291	M41ML, A62AV, D67DG, S68SG, L74LV, M184V, L210W, T215Y, K219KQ	X3TC	200
88711	Pt39291	M41ML, A62AV, D67DG, S68SG, L74LV, M184V, L210W, T215Y, K219KQ	ABC	4.9
88711	Pt39291	M41ML, A62AV, D67DG, S68SG, L74LV, M184V, L210W, T215Y, K219KQ	AZT	0.8
88711	Pt39291	M41ML, A62AV, D67DG, S68SG, L74LV, M184V, L210W, T215Y, K219KQ	D4T	1.3
88711	Pt39291	M41ML, A62AV, D67DG, S68SG, L74LV, M184V, L210W, T215Y, K219KQ	DDI	1.8
88711	Pt39291	M41ML, A62AV, D67DG, S68SG, L74LV, M184V, L210W, T215Y, K219KQ	TDF	0.5
96382	2008-44	D67G, K70R, L74I, M184V, K219Q	X3TC	200
96382	2008-44	D67G, K70R, L74I, M184V, K219Q	ABC	14
96382	2008-44	D67G, K70R, L74I, M184V, K219Q	AZT	102
96382	2008-44	D67G, K70R, L74I, M184V, K219Q	D4T	2.8
96382	2008-44	D67G, K70R, L74I, M184V, K219Q	DDI	2.1
96382	2008-44	D67G, K70R, L74I, M184V, K219Q	TDF	3.1
127230	09Pt2	K65R, S68SN, M184V	X3TC	200
127230	09Pt2	K65R, S68SN, M184V	ABC	8.1
127230	09Pt2	K65R, S68SN, M184V	AZT	0.8
127230	09Pt2	K65R, S68SN, M184V	D4T	1.5
127230	09Pt2	K65R, S68SN, M184V	DDI	3.5
127230	09Pt2	K65R, S68SN, M184V	TDF	2.5
71515	CA900BT42		X3TC	1
71515	CA900BT42		ABC	1.1
71515	CA900BT42		AZT	0.5
71515	CA900BT42		D4T	1.1
71515	CA900BT42		DDI	0.8
71515	CA900BT42		TDF	0.7
127364	09Pt40	D67DN, M184MV	X3TC	200
127364	09Pt40	D67DN, M184MV	ABC	2
127364	09Pt40	D67DN, M184MV	AZT	0.3
127364	09Pt40	D67DN, M184MV	D4T	0.6
127364	09Pt40	D67DN, M184MV	DDI	1.2
127364	09Pt40	D67DN, M184MV	TDF	0.5
166064	201011-3	A62V, V75I	X3TC	1.1
166064	201011-3	A62V, V75I	ABC	1.4
166064	201011-3	A62V, V75I	AZT	0.4
166064	201011-3	A62V, V75I	D4T	1.2
166064	201011-3	A62V, V75I	DDI	1.3
166064	201011-3	A62V, V75I	TDF	0.7
127308	09Pt12		X3TC	0.8
127308	09Pt12		ABC	0.9
127308	09Pt12		AZT	0.7
127308	09Pt12		D4T	0.8
127308	09Pt12		DDI	1.2
127308	09Pt12		TDF	0.9
122774	Pt4	M41L, K70R, M184V, T215Y, K219E	X3TC	200
122774	Pt4	M41L, K70R, M184V, T215Y, K219E	ABC	7.3
122774	Pt4	M41L, K70R, M184V, T215Y, K219E	AZT	4.2
122774	Pt4	M41L, K70R, M184V, T215Y, K219E	D4T	2.3
122774	Pt4	M41L, K70R, M184V, T215Y, K219E	DDI	2.2
122774	Pt4	M41L, K70R, M184V, T215Y, K219E	TDF	0.9
184265	181898	D67G, S68G, K70R, T215I, K219E	X3TC	2.3
184265	181898	D67G, S68G, K70R, T215I, K219E	ABC	2.5
184265	181898	D67G, S68G, K70R, T215I, K219E	AZT	62
184265	181898	D67G, S68G, K70R, T215I, K219E	D4T	1.7
184265	181898	D67G, S68G, K70R, T215I, K219E	DDI	1.4
184265	181898	D67G, S68G, K70R, T215I, K219E	TDF	2.9
94374	200801-2	M41L, E44ED, T69D, L210W, T215Y, K219R	X3TC	3.4
94374	200801-2	M41L, E44ED, T69D, L210W, T215Y, K219R	ABC	4.6
94374	200801-2	M41L, E44ED, T69D, L210W, T215Y, K219R	AZT	544
94374	200801-2	M41L, E44ED, T69D, L210W, T215Y, K219R	D4T	3.5
94374	200801-2	M41L, E44ED, T69D, L210W, T215Y, K219R	DDI	1.6
94374	200801-2	M41L, E44ED, T69D, L210W, T215Y, K219R	TDF	4.2
127330	09Pt23	M41L, V75M, M184V, T215Y	X3TC	200
127330	09Pt23	M41L, V75M, M184V, T215Y	ABC	4.2
127330	09Pt23	M41L, V75M, M184V, T215Y	AZT	1.4
127330	09Pt23	M41L, V75M, M184V, T215Y	D4T	1.1
127330	09Pt23	M41L, V75M, M184V, T215Y	DDI	1.6
127330	09Pt23	M41L, V75M, M184V, T215Y	TDF	0.8
166042	201011-3	E40F, M41L, D67N, L74V, M184V, L210W, T215F, K219E	X3TC	200
166042	201011-3	E40F, M41L, D67N, L74V, M184V, L210W, T215F, K219E	ABC	11
166042	201011-3	E40F, M41L, D67N, L74V, M184V, L210W, T215F, K219E	AZT	1
166042	201011-3	E40F, M41L, D67N, L74V, M184V, L210W, T215F, K219E	D4T	8.2
166042	201011-3	E40F, M41L, D67N, L74V, M184V, L210W, T215F, K219E	DDI	2.7
166042	201011-3	E40F, M41L, D67N, L74V, M184V, L210W, T215F, K219E	TDF	14
185072	146026	K70KT, M184V	X3TC	200
185072	146026	K70KT, M184V	ABC	3.4
185072	146026	K70KT, M184V	AZT	0.4
185072	146026	K70KT, M184V	D4T	0.8
185072	146026	K70KT, M184V	DDI	2
185072	146026	K70KT, M184V	TDF	0.5
64054	CA64054	M41L, E44ED, S68SG, M184V, L210W, T215Y	X3TC	200
64054	CA64054	M41L, E44ED, S68SG, M184V, L210W, T215Y	ABC	6.9
64054	CA64054	M41L, E44ED, S68SG, M184V, L210W, T215Y	AZT	5.2
64054	CA64054	M41L, E44ED, S68SG, M184V, L210W, T215Y	D4T	2.3
64054	CA64054	M41L, E44ED, S68SG, M184V, L210W, T215Y	DDI	2.1
64054	CA64054	M41L, E44ED, S68SG, M184V, L210W, T215Y	TDF	0.7
166116	201011-1		X3TC	1.1
166116	201011-1		ABC	1
166116	201011-1		AZT	0.8
166116	201011-1		D4T	1.1
166116	201011-1		DDI	1.2
166116	201011-1		TDF	0.6
138347	200801-3	M41L, D67N, M184V, L210W, T215Y	X3TC	200
138347	200801-3	M41L, D67N, M184V, L210W, T215Y	ABC	5.2
138347	200801-3	M41L, D67N, M184V, L210W, T215Y	AZT	13
138347	200801-3	M41L, D67N, M184V, L210W, T215Y	D4T	1.8
138347	200801-3	M41L, D67N, M184V, L210W, T215Y	DDI	1.4
138347	200801-3	M41L, D67N, M184V, L210W, T215Y	TDF	1.4
122788	CA122788	M41L, D67N, T69D, K70R, M184V, T215F, K219Q	X3TC	200
122788	CA122788	M41L, D67N, T69D, K70R, M184V, T215F, K219Q	ABC	6.9
122788	CA122788	M41L, D67N, T69D, K70R, M184V, T215F, K219Q	AZT	52
122788	CA122788	M41L, D67N, T69D, K70R, M184V, T215F, K219Q	D4T	2.1
122788	CA122788	M41L, D67N, T69D, K70R, M184V, T215F, K219Q	DDI	1.3
122788	CA122788	M41L, D67N, T69D, K70R, M184V, T215F, K219Q	TDF	2.1
166100	201011-2	K65R, M184I	X3TC	200
166100	201011-2	K65R, M184I	ABC	2.4
166100	201011-2	K65R, M184I	AZT	0.3
166100	201011-2	K65R, M184I	D4T	0.6
166100	201011-2	K65R, M184I	DDI	1.6
166100	201011-2	K65R, M184I	TDF	0.6
96316	2008-2	M41L, A62V, M184V, T215Y	X3TC	200
96316	2008-2	M41L, A62V, M184V, T215Y	ABC	4.1
96316	2008-2	M41L, A62V, M184V, T215Y	AZT	3.6
96316	2008-2	M41L, A62V, M184V, T215Y	D4T	2.1
96316	2008-2	M41L, A62V, M184V, T215Y	DDI	1.7
96316	2008-2	M41L, A62V, M184V, T215Y	TDF	1
177178	201108-4	M41L, E44A, M184V, T215Y	X3TC	200
177178	201108-4	M41L, E44A, M184V, T215Y	ABC	4
177178	201108-4	M41L, E44A, M184V, T215Y	AZT	14
177178	201108-4	M41L, E44A, M184V, T215Y	D4T	2.7
177178	201108-4	M41L, E44A, M184V, T215Y	DDI	2
177178	201108-4	M41L, E44A, M184V, T215Y	TDF	1.5
96324	2008-6		X3TC	0.9
96324	2008-6		ABC	1
96324	2008-6		AZT	0.6
96324	2008-6		D4T	0.8
96324	2008-6		DDI	1
96324	2008-6		TDF	0.9
96378	2008-43	M41L, E44D, D67N, K70R, M184V, T215F, K219Q	X3TC	200
96378	2008-43	M41L, E44D, D67N, K70R, M184V, T215F, K219Q	ABC	6.2
96378	2008-43	M41L, E44D, D67N, K70R, M184V, T215F, K219Q	AZT	41
96378	2008-43	M41L, E44D, D67N, K70R, M184V, T215F, K219Q	D4T	2.3
96378	2008-43	M41L, E44D, D67N, K70R, M184V, T215F, K219Q	DDI	1.7
96378	2008-43	M41L, E44D, D67N, K70R, M184V, T215F, K219Q	TDF	1.6
95838	200801-19	M41L, D67N, M184V, L210W, T215Y	X3TC	200
95838	200801-19	M41L, D67N, M184V, L210W, T215Y	ABC	12
95838	200801-19	M41L, D67N, M184V, L210W, T215Y	AZT	34
95838	200801-19	M41L, D67N, M184V, L210W, T215Y	D4T	3.7
95838	200801-19	M41L, D67N, M184V, L210W, T215Y	DDI	2.7
95838	200801-19	M41L, D67N, M184V, L210W, T215Y	TDF	2.6
71545	CA900BT57	M41L, E44A, D67N, T69D, V75M, F77FL, M184V, L210W, T215Y, K219KN	X3TC	NA
71545	CA900BT57	M41L, E44A, D67N, T69D, V75M, F77FL, M184V, L210W, T215Y, K219KN	ABC	11
71545	CA900BT57	M41L, E44A, D67N, T69D, V75M, F77FL, M184V, L210W, T215Y, K219KN	AZT	38
71545	CA900BT57	M41L, E44A, D67N, T69D, V75M, F77FL, M184V, L210W, T215Y, K219KN	D4T	5
71545	CA900BT57	M41L, E44A, D67N, T69D, V75M, F77FL, M184V, L210W, T215Y, K219KN	DDI	3.1
71545	CA900BT57	M41L, E44A, D67N, T69D, V75M, F77FL, M184V, L210W, T215Y, K219KN	TDF	2.2
166094	201011-18		X3TC	1
166094	201011-18		ABC	0.8
166094	201011-18		AZT	0.4
166094	201011-18		D4T	1.1
166094	201011-18		DDI	1
166094	201011-18		TDF	1
184279	CA.200503	M41L, L74V, M184V, T215Y	X3TC	200
184279	CA.200503	M41L, L74V, M184V, T215Y	ABC	5.4
184279	CA.200503	M41L, L74V, M184V, T215Y	AZT	1.4
184279	CA.200503	M41L, L74V, M184V, T215Y	D4T	1.3
184279	CA.200503	M41L, L74V, M184V, T215Y	DDI	2
184279	CA.200503	M41L, L74V, M184V, T215Y	TDF	0.6
127282	09Pt71	M184MV	X3TC	2.7
127282	09Pt71	M184MV	ABC	1.6
127282	09Pt71	M184MV	AZT	0.6
127282	09Pt71	M184MV	D4T	0.7
127282	09Pt71	M184MV	DDI	1.4
127282	09Pt71	M184MV	TDF	0.6
127316	09Pt16	M41ML, A62AV, D67DG, S68G, K70KR, M184MV, K219KQ	X3TC	9.2
127316	09Pt16	M41ML, A62AV, D67DG, S68G, K70KR, M184MV, K219KQ	ABC	3.4
127316	09Pt16	M41ML, A62AV, D67DG, S68G, K70KR, M184MV, K219KQ	AZT	1.5
127316	09Pt16	M41ML, A62AV, D67DG, S68G, K70KR, M184MV, K219KQ	D4T	0.8
127316	09Pt16	M41ML, A62AV, D67DG, S68G, K70KR, M184MV, K219KQ	DDI	1.3
127316	09Pt16	M41ML, A62AV, D67DG, S68G, K70KR, M184MV, K219KQ	TDF	0.7
88781	Pt39326		X3TC	1.2
88781	Pt39326		ABC	0.7
88781	Pt39326		AZT	0.6
88781	Pt39326		D4T	0.6
88781	Pt39326		DDI	0.8
88781	Pt39326		TDF	0.6
70953	CA9000BT3		X3TC	1.1
70953	CA9000BT3		ABC	1.1
70953	CA9000BT3		AZT	0.7
70953	CA9000BT3		D4T	1
70953	CA9000BT3		DDI	1
70953	CA9000BT3		TDF	0.8
195255	C9		X3TC	0.7
195255	C9		ABC	1
195255	C9		AZT	0.6
195255	C9		D4T	0.9
195255	C9		DDI	0.8
195255	C9		TDF	0.7
127324	09Pt20		X3TC	0.8
127324	09Pt20		ABC	0.8
127324	09Pt20		AZT	0.6
127324	09Pt20		D4T	0.8
127324	09Pt20		DDI	0.8
127324	09Pt20		TDF	0.8
184236	NY1	M41L, M184V, T215Y	X3TC	200
184236	NY1	M41L, M184V, T215Y	ABC	4.9
184236	NY1	M41L, M184V, T215Y	AZT	3.2
184236	NY1	M41L, M184V, T215Y	D4T	1.3
184236	NY1	M41L, M184V, T215Y	DDI	1.4
184236	NY1	M41L, M184V, T215Y	TDF	1
166104	201011-4	L74V, T215C	X3TC	0.6
166104	201011-4	L74V, T215C	ABC	1.4
166104	201011-4	L74V, T215C	AZT	0.8
166104	201011-4	L74V, T215C	D4T	0.9
166104	201011-4	L74V, T215C	DDI	1.4
166104	201011-4	L74V, T215C	TDF	0.4
122661	200804-10	M41L, E44D, S68G, M184V, L210W, T215Y	X3TC	200
122661	200804-10	M41L, E44D, S68G, M184V, L210W, T215Y	ABC	6.9
122661	200804-10	M41L, E44D, S68G, M184V, L210W, T215Y	AZT	68
122661	200804-10	M41L, E44D, S68G, M184V, L210W, T215Y	D4T	2.4
122661	200804-10	M41L, E44D, S68G, M184V, L210W, T215Y	DDI	2.6
122661	200804-10	M41L, E44D, S68G, M184V, L210W, T215Y	TDF	2
70963	CA9000BT8	M41L, E44ED, V75VM, L210W, T215Y	X3TC	2.7
70963	CA9000BT8	M41L, E44ED, V75VM, L210W, T215Y	ABC	3.7
70963	CA9000BT8	M41L, E44ED, V75VM, L210W, T215Y	AZT	936
70963	CA9000BT8	M41L, E44ED, V75VM, L210W, T215Y	D4T	3.5
70963	CA9000BT8	M41L, E44ED, V75VM, L210W, T215Y	DDI	1.8
70963	CA9000BT8	M41L, E44ED, V75VM, L210W, T215Y	TDF	3.1
127288	09Pt75		X3TC	1
127288	09Pt75		ABC	0.9
127288	09Pt75		AZT	0.5
127288	09Pt75		D4T	0.9
127288	09Pt75		DDI	1
127288	09Pt75		TDF	0.7
122778	Pt6	M41L, E44D, T69D, L74V, M184V, L210W, T215Y, K219R	X3TC	200
122778	Pt6	M41L, E44D, T69D, L74V, M184V, L210W, T215Y, K219R	ABC	11
122778	Pt6	M41L, E44D, T69D, L74V, M184V, L210W, T215Y, K219R	AZT	11
122778	Pt6	M41L, E44D, T69D, L74V, M184V, L210W, T215Y, K219R	D4T	3.2
122778	Pt6	M41L, E44D, T69D, L74V, M184V, L210W, T215Y, K219R	DDI	3.1
122778	Pt6	M41L, E44D, T69D, L74V, M184V, L210W, T215Y, K219R	TDF	0.8
63802	CA63802	M41L, E44A, D67N, T69D, M184V, L210W, T215Y, K219KE	X3TC	200
63802	CA63802	M41L, E44A, D67N, T69D, M184V, L210W, T215Y, K219KE	ABC	7.4
63802	CA63802	M41L, E44A, D67N, T69D, M184V, L210W, T215Y, K219KE	AZT	26
63802	CA63802	M41L, E44A, D67N, T69D, M184V, L210W, T215Y, K219KE	D4T	2.5
63802	CA63802	M41L, E44A, D67N, T69D, M184V, L210W, T215Y, K219KE	DDI	1.9
63802	CA63802	M41L, E44A, D67N, T69D, M184V, L210W, T215Y, K219KE	TDF	1.7
125016	Pt11		X3TC	1
125016	Pt11		ABC	1
125016	Pt11		AZT	0.4
125016	Pt11		D4T	0.7
125016	Pt11		DDI	0.9
125016	Pt11		TDF	0.6
88767	Pt39319	M184V	X3TC	200
88767	Pt39319	M184V	ABC	4
88767	Pt39319	M184V	AZT	0.7
88767	Pt39319	M184V	D4T	0.9
88767	Pt39319	M184V	DDI	1.4
88767	Pt39319	M184V	TDF	0.7
162455	CA162455	K65R, M184I	X3TC	200
162455	CA162455	K65R, M184I	ABC	3.1
162455	CA162455	K65R, M184I	AZT	0.3
162455	CA162455	K65R, M184I	D4T	0.9
162455	CA162455	K65R, M184I	DDI	2
162455	CA162455	K65R, M184I	TDF	1.1
184289	CA.200808	A62V, S68G, K70N, V75I, F77L, Y115F, F116Y, Q151M, M184V, T215Y	X3TC	200
184289	CA.200808	A62V, S68G, K70N, V75I, F77L, Y115F, F116Y, Q151M, M184V, T215Y	ABC	200
184289	CA.200808	A62V, S68G, K70N, V75I, F77L, Y115F, F116Y, Q151M, M184V, T215Y	AZT	NA
184289	CA.200808	A62V, S68G, K70N, V75I, F77L, Y115F, F116Y, Q151M, M184V, T215Y	D4T	200
184289	CA.200808	A62V, S68G, K70N, V75I, F77L, Y115F, F116Y, Q151M, M184V, T215Y	DDI	200
184289	CA.200808	A62V, S68G, K70N, V75I, F77L, Y115F, F116Y, Q151M, M184V, T215Y	TDF	3.2
55062	CA55062	M41L, D67DN, K70KR, M184V, T215F, K219KE	X3TC	200
55062	CA55062	M41L, D67DN, K70KR, M184V, T215F, K219KE	ABC	7.8
55062	CA55062	M41L, D67DN, K70KR, M184V, T215F, K219KE	AZT	147
55062	CA55062	M41L, D67DN, K70KR, M184V, T215F, K219KE	D4T	1.9
55062	CA55062	M41L, D67DN, K70KR, M184V, T215F, K219KE	DDI	2
55062	CA55062	M41L, D67DN, K70KR, M184V, T215F, K219KE	TDF	2.8
95808	200801-4	M41L, D67N, L74I, F77FL, M184V, L210W, T215Y, K219Q	X3TC	200
95808	200801-4	M41L, D67N, L74I, F77FL, M184V, L210W, T215Y, K219Q	ABC	11
95808	200801-4	M41L, D67N, L74I, F77FL, M184V, L210W, T215Y, K219Q	AZT	24
95808	200801-4	M41L, D67N, L74I, F77FL, M184V, L210W, T215Y, K219Q	D4T	3.1
95808	200801-4	M41L, D67N, L74I, F77FL, M184V, L210W, T215Y, K219Q	DDI	2.1
95808	200801-4	M41L, D67N, L74I, F77FL, M184V, L210W, T215Y, K219Q	TDF	1.8
185054	105271		X3TC	0.9
185054	105271		ABC	1
185054	105271		AZT	1
185054	105271		D4T	0.8
185054	105271		DDI	0.8
185054	105271		TDF	0.9
127358	09Pt37	M41L, D67DN, M184V, T215Y, K219KE	X3TC	200
127358	09Pt37	M41L, D67DN, M184V, T215Y, K219KE	ABC	3.5
127358	09Pt37	M41L, D67DN, M184V, T215Y, K219KE	AZT	0.7
127358	09Pt37	M41L, D67DN, M184V, T215Y, K219KE	D4T	0.7
127358	09Pt37	M41L, D67DN, M184V, T215Y, K219KE	DDI	1.1
127358	09Pt37	M41L, D67DN, M184V, T215Y, K219KE	TDF	0.5
151284	2010-2	M41L, D67DN, M184MV, L210LW, T215YD	X3TC	2.3
151284	2010-2	M41L, D67DN, M184MV, L210LW, T215YD	ABC	2.4
151284	2010-2	M41L, D67DN, M184MV, L210LW, T215YD	AZT	3.8
151284	2010-2	M41L, D67DN, M184MV, L210LW, T215YD	D4T	1.2
151284	2010-2	M41L, D67DN, M184MV, L210LW, T215YD	DDI	1.1
151284	2010-2	M41L, D67DN, M184MV, L210LW, T215YD	TDF	1.2
35008	CA35008	M184I	X3TC	200
35008	CA35008	M184I	ABC	2.3
35008	CA35008	M184I	AZT	0.3
35008	CA35008	M184I	D4T	1
35008	CA35008	M184I	DDI	1.6
35008	CA35008	M184I	TDF	0.5
184242	CA2.201011	M41L, D67N, T69D, K70R, M184V, T215FC, K219Q	X3TC	200
184242	CA2.201011	M41L, D67N, T69D, K70R, M184V, T215FC, K219Q	ABC	8.3
184242	CA2.201011	M41L, D67N, T69D, K70R, M184V, T215FC, K219Q	AZT	54
184242	CA2.201011	M41L, D67N, T69D, K70R, M184V, T215FC, K219Q	D4T	2.9
184242	CA2.201011	M41L, D67N, T69D, K70R, M184V, T215FC, K219Q	DDI	2.5
184242	CA2.201011	M41L, D67N, T69D, K70R, M184V, T215FC, K219Q	TDF	2.3
138351	200801-5	M41L, M184V, L210W, T215Y	X3TC	200
138351	200801-5	M41L, M184V, L210W, T215Y	ABC	6.1
138351	200801-5	M41L, M184V, L210W, T215Y	AZT	50
138351	200801-5	M41L, M184V, L210W, T215Y	D4T	2.5
138351	200801-5	M41L, M184V, L210W, T215Y	DDI	1.8
138351	200801-5	M41L, M184V, L210W, T215Y	TDF	2
69041	CA69041		X3TC	1.5
69041	CA69041		ABC	1.2
69041	CA69041		AZT	0.6
69041	CA69041		D4T	0.9
69041	CA69041		DDI	1.1
69041	CA69041		TDF	0.8
68805	CA68805	M41L, K65R, L210W, T215S	X3TC	8.3
68805	CA68805	M41L, K65R, L210W, T215S	ABC	2.5
68805	CA68805	M41L, K65R, L210W, T215S	AZT	0.4
68805	CA68805	M41L, K65R, L210W, T215S	D4T	1.3
68805	CA68805	M41L, K65R, L210W, T215S	DDI	1.8
68805	CA68805	M41L, K65R, L210W, T215S	TDF	2.1
71489	CA900BT27	M41L, D67N, L74V, M184V, L210W, T215Y, K219N	X3TC	NA
71489	CA900BT27	M41L, D67N, L74V, M184V, L210W, T215Y, K219N	ABC	8.9
71489	CA900BT27	M41L, D67N, L74V, M184V, L210W, T215Y, K219N	AZT	6.9
71489	CA900BT27	M41L, D67N, L74V, M184V, L210W, T215Y, K219N	D4T	3.3
71489	CA900BT27	M41L, D67N, L74V, M184V, L210W, T215Y, K219N	DDI	2.5
71489	CA900BT27	M41L, D67N, L74V, M184V, L210W, T215Y, K219N	TDF	0.7
127304	09Pt10	M41L, S68SG, L74LI, M184V, L210LW, T215Y	X3TC	200
127304	09Pt10	M41L, S68SG, L74LI, M184V, L210LW, T215Y	ABC	4.9
127304	09Pt10	M41L, S68SG, L74LI, M184V, L210LW, T215Y	AZT	4.9
127304	09Pt10	M41L, S68SG, L74LI, M184V, L210LW, T215Y	D4T	1.4
127304	09Pt10	M41L, S68SG, L74LI, M184V, L210LW, T215Y	DDI	1.5
127304	09Pt10	M41L, S68SG, L74LI, M184V, L210LW, T215Y	TDF	1.2
127350	09Pt33	L74I, M184V	X3TC	200
127350	09Pt33	L74I, M184V	ABC	3
127350	09Pt33	L74I, M184V	AZT	0.2
127350	09Pt33	L74I, M184V	D4T	0.6
127350	09Pt33	L74I, M184V	DDI	1.4
127350	09Pt33	L74I, M184V	TDF	0.4
96412	2008-22	D67N, K70R, M184V, K219Q	X3TC	200
96412	2008-22	D67N, K70R, M184V, K219Q	ABC	8.8
96412	2008-22	D67N, K70R, M184V, K219Q	AZT	19
96412	2008-22	D67N, K70R, M184V, K219Q	D4T	2.6
96412	2008-22	D67N, K70R, M184V, K219Q	DDI	2.1
96412	2008-22	D67N, K70R, M184V, K219Q	TDF	1.8
195263	EB13	K70R, L210LW	X3TC	0.7
195263	EB13	K70R, L210LW	ABC	0.9
195263	EB13	K70R, L210LW	AZT	4.1
195263	EB13	K70R, L210LW	D4T	0.9
195263	EB13	K70R, L210LW	DDI	0.8
195263	EB13	K70R, L210LW	TDF	1.3
96231	MA42446	S68SG, K70KN, T215F, K219Q	X3TC	3.1
96231	MA42446	S68SG, K70KN, T215F, K219Q	ABC	2.7
96231	MA42446	S68SG, K70KN, T215F, K219Q	AZT	7
96231	MA42446	S68SG, K70KN, T215F, K219Q	D4T	2
96231	MA42446	S68SG, K70KN, T215F, K219Q	DDI	1.3
96231	MA42446	S68SG, K70KN, T215F, K219Q	TDF	1.7
124515	2008-44	K70KE, M184V	X3TC	200
124515	2008-44	K70KE, M184V	ABC	3.8
124515	2008-44	K70KE, M184V	AZT	0.2
124515	2008-44	K70KE, M184V	D4T	0.6
124515	2008-44	K70KE, M184V	DDI	1.8
124515	2008-44	K70KE, M184V	TDF	0.6
95820	200801-10		X3TC	0.9
95820	200801-10		ABC	1.1
95820	200801-10		AZT	0.8
95820	200801-10		D4T	1.1
95820	200801-10		DDI	1.2
95820	200801-10		TDF	1
96241	MA42451	V75M	X3TC	0.7
96241	MA42451	V75M	ABC	0.8
96241	MA42451	V75M	AZT	1
96241	MA42451	V75M	D4T	0.6
96241	MA42451	V75M	DDI	0.8
96241	MA42451	V75M	TDF	0.7
102352	Pt1a	M41L, D67N, T69D, K70R, L74I, M184V, T215F, K219W	X3TC	200
102352	Pt1a	M41L, D67N, T69D, K70R, L74I, M184V, T215F, K219W	ABC	23
102352	Pt1a	M41L, D67N, T69D, K70R, L74I, M184V, T215F, K219W	AZT	NA
102352	Pt1a	M41L, D67N, T69D, K70R, L74I, M184V, T215F, K219W	D4T	11
102352	Pt1a	M41L, D67N, T69D, K70R, L74I, M184V, T215F, K219W	DDI	3.7
102352	Pt1a	M41L, D67N, T69D, K70R, L74I, M184V, T215F, K219W	TDF	3.8
96239	MA42450	M41L, E44A, D67N, T69D, M184MIV, L210W, T215Y, K219KR	X3TC	200
96239	MA42450	M41L, E44A, D67N, T69D, M184MIV, L210W, T215Y, K219KR	ABC	11
96239	MA42450	M41L, E44A, D67N, T69D, M184MIV, L210W, T215Y, K219KR	AZT	113
96239	MA42450	M41L, E44A, D67N, T69D, M184MIV, L210W, T215Y, K219KR	D4T	4.6
96239	MA42450	M41L, E44A, D67N, T69D, M184MIV, L210W, T215Y, K219KR	DDI	2.5
96239	MA42450	M41L, E44A, D67N, T69D, M184MIV, L210W, T215Y, K219KR	TDF	2.3
185092	gme232_6	S68N, K70G, M184V	X3TC	200
185092	gme232_6	S68N, K70G, M184V	ABC	5.5
185092	gme232_6	S68N, K70G, M184V	AZT	0.2
185092	gme232_6	S68N, K70G, M184V	D4T	0.9
185092	gme232_6	S68N, K70G, M184V	DDI	1.9
185092	gme232_6	S68N, K70G, M184V	TDF	0.7
64316	CA64316	L74V, Y115F, M184V	X3TC	200
64316	CA64316	L74V, Y115F, M184V	ABC	17
64316	CA64316	L74V, Y115F, M184V	AZT	0.3
64316	CA64316	L74V, Y115F, M184V	D4T	0.8
64316	CA64316	L74V, Y115F, M184V	DDI	2.6
64316	CA64316	L74V, Y115F, M184V	TDF	0.5
195267	EB15		X3TC	0.6
195267	EB15		ABC	0.9
195267	EB15		AZT	0.5
195267	EB15		D4T	1
195267	EB15		DDI	1.1
195267	EB15		TDF	0.9
71529	CA900BT49	K65R, S68G, K70T, V75I, F77L, Y115YF, F116Y, Q151M	X3TC	NA
71529	CA900BT49	K65R, S68G, K70T, V75I, F77L, Y115YF, F116Y, Q151M	ABC	NA
71529	CA900BT49	K65R, S68G, K70T, V75I, F77L, Y115YF, F116Y, Q151M	AZT	NA
71529	CA900BT49	K65R, S68G, K70T, V75I, F77L, Y115YF, F116Y, Q151M	D4T	24
71529	CA900BT49	K65R, S68G, K70T, V75I, F77L, Y115YF, F116Y, Q151M	DDI	26
71529	CA900BT49	K65R, S68G, K70T, V75I, F77L, Y115YF, F116Y, Q151M	TDF	14
177186	201108-8		X3TC	0.9
177186	201108-8		ABC	0.7
177186	201108-8		AZT	0.3
177186	201108-8		D4T	0.7
177186	201108-8		DDI	0.8
177186	201108-8		TDF	0.8
152836	CA152836		X3TC	0.7
152836	CA152836		ABC	1
152836	CA152836		AZT	0.4
152836	CA152836		D4T	0.9
152836	CA152836		DDI	1.2
152836	CA152836		TDF	0.8
71533	CA900BT51	M41L, D67N, K70R, T215F, K219Q	X3TC	5.3
71533	CA900BT51	M41L, D67N, K70R, T215F, K219Q	ABC	5.2
71533	CA900BT51	M41L, D67N, K70R, T215F, K219Q	AZT	NA
71533	CA900BT51	M41L, D67N, K70R, T215F, K219Q	D4T	3.4
71533	CA900BT51	M41L, D67N, K70R, T215F, K219Q	DDI	1.8
71533	CA900BT51	M41L, D67N, K70R, T215F, K219Q	TDF	6.2
184312	Q4840	K70E, M184V	X3TC	200
184312	Q4840	K70E, M184V	ABC	2.2
184312	Q4840	K70E, M184V	AZT	0.2
184312	Q4840	K70E, M184V	D4T	0.9
184312	Q4840	K70E, M184V	DDI	1.5
184312	Q4840	K70E, M184V	TDF	0.7
102362	Pt2	M41L, S68G, L74V, M184V, L210W, T215Y, K219KN	X3TC	200
102362	Pt2	M41L, S68G, L74V, M184V, L210W, T215Y, K219KN	ABC	6.8
102362	Pt2	M41L, S68G, L74V, M184V, L210W, T215Y, K219KN	AZT	1.9
102362	Pt2	M41L, S68G, L74V, M184V, L210W, T215Y, K219KN	D4T	2.1
102362	Pt2	M41L, S68G, L74V, M184V, L210W, T215Y, K219KN	DDI	3.8
102362	Pt2	M41L, S68G, L74V, M184V, L210W, T215Y, K219KN	TDF	0.7
70959	CA9000BT6	M41L, M184V, L210W, T215Y	X3TC	NA
70959	CA9000BT6	M41L, M184V, L210W, T215Y	ABC	7.4
70959	CA9000BT6	M41L, M184V, L210W, T215Y	AZT	67
70959	CA9000BT6	M41L, M184V, L210W, T215Y	D4T	2.3
70959	CA9000BT6	M41L, M184V, L210W, T215Y	DDI	2
70959	CA9000BT6	M41L, M184V, L210W, T215Y	TDF	2.3
96420	2008-26	M41ML, M184V, L210W, T215Y	X3TC	200
96420	2008-26	M41ML, M184V, L210W, T215Y	ABC	5.3
96420	2008-26	M41ML, M184V, L210W, T215Y	AZT	1.9
96420	2008-26	M41ML, M184V, L210W, T215Y	D4T	1.6
96420	2008-26	M41ML, M184V, L210W, T215Y	DDI	1.5
96420	2008-26	M41ML, M184V, L210W, T215Y	TDF	0.7
127292	09Pt76	K70N, M184MIV	X3TC	200
127292	09Pt76	K70N, M184MIV	ABC	3.1
127292	09Pt76	K70N, M184MIV	AZT	0.2
127292	09Pt76	K70N, M184MIV	D4T	0.8
127292	09Pt76	K70N, M184MIV	DDI	1.7
127292	09Pt76	K70N, M184MIV	TDF	0.5
92381	200801-9	M41L, E44D, D67N, L210W, T215Y, K219R	X3TC	7
92381	200801-9	M41L, E44D, D67N, L210W, T215Y, K219R	ABC	6.5
92381	200801-9	M41L, E44D, D67N, L210W, T215Y, K219R	AZT	NA
92381	200801-9	M41L, E44D, D67N, L210W, T215Y, K219R	D4T	8.2
92381	200801-9	M41L, E44D, D67N, L210W, T215Y, K219R	DDI	1.9
92381	200801-9	M41L, E44D, D67N, L210W, T215Y, K219R	TDF	5
79292	CA79292	Y115F, M184V	X3TC	200
79292	CA79292	Y115F, M184V	ABC	11
79292	CA79292	Y115F, M184V	AZT	0.6
79292	CA79292	Y115F, M184V	D4T	0.8
79292	CA79292	Y115F, M184V	DDI	2.2
79292	CA79292	Y115F, M184V	TDF	0.9
185088	CMG_oct30	L74I, M184V, T215Y	X3TC	200
185088	CMG_oct30	L74I, M184V, T215Y	ABC	4.5
185088	CMG_oct30	L74I, M184V, T215Y	AZT	0.6
185088	CMG_oct30	L74I, M184V, T215Y	D4T	1
185088	CMG_oct30	L74I, M184V, T215Y	DDI	1.3
185088	CMG_oct30	L74I, M184V, T215Y	TDF	0.3
70973	CA900BT14	M41L, E44D, D67N, T69D, M184V, L210W, T215Y	X3TC	NA
70973	CA900BT14	M41L, E44D, D67N, T69D, M184V, L210W, T215Y	ABC	8.9
70973	CA900BT14	M41L, E44D, D67N, T69D, M184V, L210W, T215Y	AZT	567
70973	CA900BT14	M41L, E44D, D67N, T69D, M184V, L210W, T215Y	D4T	3.8
70973	CA900BT14	M41L, E44D, D67N, T69D, M184V, L210W, T215Y	DDI	2.8
70973	CA900BT14	M41L, E44D, D67N, T69D, M184V, L210W, T215Y	TDF	3.8
95840	200801-20	M41L, E44D, L210W, T215Y	X3TC	3.1
95840	200801-20	M41L, E44D, L210W, T215Y	ABC	2.5
95840	200801-20	M41L, E44D, L210W, T215Y	AZT	78
95840	200801-20	M41L, E44D, L210W, T215Y	D4T	2.1
95840	200801-20	M41L, E44D, L210W, T215Y	DDI	1.4
95840	200801-20	M41L, E44D, L210W, T215Y	TDF	1.4
87342	CA87342	M41L, A62AV, S68SG, V75VI, F116FY, Q151QL, M184MV, T215F	X3TC	5
87342	CA87342	M41L, A62AV, S68SG, V75VI, F116FY, Q151QL, M184MV, T215F	ABC	3.9
87342	CA87342	M41L, A62AV, S68SG, V75VI, F116FY, Q151QL, M184MV, T215F	AZT	30
87342	CA87342	M41L, A62AV, S68SG, V75VI, F116FY, Q151QL, M184MV, T215F	D4T	1.8
87342	CA87342	M41L, A62AV, S68SG, V75VI, F116FY, Q151QL, M184MV, T215F	DDI	1.6
87342	CA87342	M41L, A62AV, S68SG, V75VI, F116FY, Q151QL, M184MV, T215F	TDF	2.4
123504	CA123504	K65R	X3TC	7
123504	CA123504	K65R	ABC	1.6
123504	CA123504	K65R	AZT	0.3
123504	CA123504	K65R	D4T	0.9
123504	CA123504	K65R	DDI	1.5
123504	CA123504	K65R	TDF	1.7
96400	2008-16	M41L, L74LV, M184V, L210W, T215Y, K219N	X3TC	200
96400	2008-16	M41L, L74LV, M184V, L210W, T215Y, K219N	ABC	6.2
96400	2008-16	M41L, L74LV, M184V, L210W, T215Y, K219N	AZT	93
96400	2008-16	M41L, L74LV, M184V, L210W, T215Y, K219N	D4T	1.9
96400	2008-16	M41L, L74LV, M184V, L210W, T215Y, K219N	DDI	1.4
96400	2008-16	M41L, L74LV, M184V, L210W, T215Y, K219N	TDF	1.8
63838	CA63838	M41L, E44ED, D67N, T69D, K70KR, M184V, T215Y, K219Q	X3TC	200
63838	CA63838	M41L, E44ED, D67N, T69D, K70KR, M184V, T215Y, K219Q	ABC	8.7
63838	CA63838	M41L, E44ED, D67N, T69D, K70KR, M184V, T215Y, K219Q	AZT	58
63838	CA63838	M41L, E44ED, D67N, T69D, K70KR, M184V, T215Y, K219Q	D4T	3.3
63838	CA63838	M41L, E44ED, D67N, T69D, K70KR, M184V, T215Y, K219Q	DDI	2.2
63838	CA63838	M41L, E44ED, D67N, T69D, K70KR, M184V, T215Y, K219Q	TDF	1.9
127360	09Pt38	M41L, M184V, T215Y	X3TC	61
127360	09Pt38	M41L, M184V, T215Y	ABC	5.4
127360	09Pt38	M41L, M184V, T215Y	AZT	3.9
127360	09Pt38	M41L, M184V, T215Y	D4T	1.7
127360	09Pt38	M41L, M184V, T215Y	DDI	2.4
127360	09Pt38	M41L, M184V, T215Y	TDF	1.5
95213	CA95213	M41L, L210W, T215Y	X3TC	2.1
95213	CA95213	M41L, L210W, T215Y	ABC	2.7
95213	CA95213	M41L, L210W, T215Y	AZT	82
95213	CA95213	M41L, L210W, T215Y	D4T	1.8
95213	CA95213	M41L, L210W, T215Y	DDI	1.3
95213	CA95213	M41L, L210W, T215Y	TDF	2.6
122770	Pt2	M41L, E44D, A62V, M184V, L210W, T215Y	X3TC	200
122770	Pt2	M41L, E44D, A62V, M184V, L210W, T215Y	ABC	5.4
122770	Pt2	M41L, E44D, A62V, M184V, L210W, T215Y	AZT	4.2
122770	Pt2	M41L, E44D, A62V, M184V, L210W, T215Y	D4T	1.8
122770	Pt2	M41L, E44D, A62V, M184V, L210W, T215Y	DDI	1.9
122770	Pt2	M41L, E44D, A62V, M184V, L210W, T215Y	TDF	1.2
92377	200801-7	D67N, K70R, L74I, Y115F, M184V, K219Q	X3TC	200
92377	200801-7	D67N, K70R, L74I, Y115F, M184V, K219Q	ABC	13
92377	200801-7	D67N, K70R, L74I, Y115F, M184V, K219Q	AZT	2.4
92377	200801-7	D67N, K70R, L74I, Y115F, M184V, K219Q	D4T	1.1
92377	200801-7	D67N, K70R, L74I, Y115F, M184V, K219Q	DDI	1.6
92377	200801-7	D67N, K70R, L74I, Y115F, M184V, K219Q	TDF	0.9
184264	171340	M41L, D67N, L74V, L210W, T215Y	X3TC	3.6
184264	171340	M41L, D67N, L74V, L210W, T215Y	ABC	3.3
184264	171340	M41L, D67N, L74V, L210W, T215Y	AZT	2.9
184264	171340	M41L, D67N, L74V, L210W, T215Y	D4T	1.5
184264	171340	M41L, D67N, L74V, L210W, T215Y	DDI	1
184264	171340	M41L, D67N, L74V, L210W, T215Y	TDF	0.9
124511	2008-42		X3TC	0.7
124511	2008-42		ABC	0.7
124511	2008-42		AZT	0.6
124511	2008-42		D4T	1.1
124511	2008-42		DDI	1.2
124511	2008-42		TDF	0.8
166112	201011-2	M41L, D67N, M184V, L210W, T215Y	X3TC	200
166112	201011-2	M41L, D67N, M184V, L210W, T215Y	ABC	3.8
166112	201011-2	M41L, D67N, M184V, L210W, T215Y	AZT	0.8
166112	201011-2	M41L, D67N, M184V, L210W, T215Y	D4T	1.7
166112	201011-2	M41L, D67N, M184V, L210W, T215Y	DDI	1.4
166112	201011-2	M41L, D67N, M184V, L210W, T215Y	TDF	1.8
71505	CA900BT36	M41L, E44D, D67N, T69D, M184V, L210W, T215Y, K219N	X3TC	NA
71505	CA900BT36	M41L, E44D, D67N, T69D, M184V, L210W, T215Y, K219N	ABC	8.9
71505	CA900BT36	M41L, E44D, D67N, T69D, M184V, L210W, T215Y, K219N	AZT	33
71505	CA900BT36	M41L, E44D, D67N, T69D, M184V, L210W, T215Y, K219N	D4T	5.9
71505	CA900BT36	M41L, E44D, D67N, T69D, M184V, L210W, T215Y, K219N	DDI	2.8
71505	CA900BT36	M41L, E44D, D67N, T69D, M184V, L210W, T215Y, K219N	TDF	1.7
88757	Pt39314	A62AV, D67DG, S68G, K70KR, M184MV, K219KQ	X3TC	1.8
88757	Pt39314	A62AV, D67DG, S68G, K70KR, M184MV, K219KQ	ABC	1.7
88757	Pt39314	A62AV, D67DG, S68G, K70KR, M184MV, K219KQ	AZT	1.2
88757	Pt39314	A62AV, D67DG, S68G, K70KR, M184MV, K219KQ	D4T	0.9
88757	Pt39314	A62AV, D67DG, S68G, K70KR, M184MV, K219KQ	DDI	1
88757	Pt39314	A62AV, D67DG, S68G, K70KR, M184MV, K219KQ	TDF	0.8
125004	Pt5		X3TC	1
125004	Pt5		ABC	1.2
125004	Pt5		AZT	2
125004	Pt5		D4T	1.3
125004	Pt5		DDI	1.4
125004	Pt5		TDF	1.1
88715	Pt39293		X3TC	1.1
88715	Pt39293		ABC	1
88715	Pt39293		AZT	0.9
88715	Pt39293		D4T	0.9
88715	Pt39293		DDI	0.9
88715	Pt39293		TDF	0.9
177174	201108-2	M41L, D67N, T215N, K219E	X3TC	1.7
177174	201108-2	M41L, D67N, T215N, K219E	ABC	1.3
177174	201108-2	M41L, D67N, T215N, K219E	AZT	9.3
177174	201108-2	M41L, D67N, T215N, K219E	D4T	1.4
177174	201108-2	M41L, D67N, T215N, K219E	DDI	1
177174	201108-2	M41L, D67N, T215N, K219E	TDF	1.2
124529	2008-51	M41ML, D67G, T69ND, K70R, L74I, M184V, T215F, K219Q	X3TC	200
124529	2008-51	M41ML, D67G, T69ND, K70R, L74I, M184V, T215F, K219Q	ABC	9.8
124529	2008-51	M41ML, D67G, T69ND, K70R, L74I, M184V, T215F, K219Q	AZT	18
124529	2008-51	M41ML, D67G, T69ND, K70R, L74I, M184V, T215F, K219Q	D4T	3.5
124529	2008-51	M41ML, D67G, T69ND, K70R, L74I, M184V, T215F, K219Q	DDI	2.3
124529	2008-51	M41ML, D67G, T69ND, K70R, L74I, M184V, T215F, K219Q	TDF	1.5
95846	200801-23	K65R, M184V	X3TC	200
95846	200801-23	K65R, M184V	ABC	11
95846	200801-23	K65R, M184V	AZT	0.5
95846	200801-23	K65R, M184V	D4T	1.3
95846	200801-23	K65R, M184V	DDI	3.7
95846	200801-23	K65R, M184V	TDF	1.9
94378	200801-4	K65R, D67N, T69D	X3TC	12
94378	200801-4	K65R, D67N, T69D	ABC	3
94378	200801-4	K65R, D67N, T69D	AZT	0.4
94378	200801-4	K65R, D67N, T69D	D4T	1.6
94378	200801-4	K65R, D67N, T69D	DDI	1.8
94378	200801-4	K65R, D67N, T69D	TDF	1.3
185076	156641	L210W, T215C	X3TC	0.8
185076	156641	L210W, T215C	ABC	1.1
185076	156641	L210W, T215C	AZT	1.4
185076	156641	L210W, T215C	D4T	1
185076	156641	L210W, T215C	DDI	0.8
185076	156641	L210W, T215C	TDF	0.8
24381	CA24381	M41L, A62AV, T69S_ST, M184V, T215Y	X3TC	200
24381	CA24381	M41L, A62AV, T69S_ST, M184V, T215Y	ABC	8.1
24381	CA24381	M41L, A62AV, T69S_ST, M184V, T215Y	AZT	9
24381	CA24381	M41L, A62AV, T69S_ST, M184V, T215Y	D4T	3
24381	CA24381	M41L, A62AV, T69S_ST, M184V, T215Y	DDI	2.2
24381	CA24381	M41L, A62AV, T69S_ST, M184V, T215Y	TDF	1.2
166098	201011-1	M184V	X3TC	44
166098	201011-1	M184V	ABC	1.7
166098	201011-1	M184V	AZT	0.8
166098	201011-1	M184V	D4T	0.8
166098	201011-1	M184V	DDI	1.2
166098	201011-1	M184V	TDF	0.5
88717	Pt39294		X3TC	1.1
88717	Pt39294		ABC	1.2
88717	Pt39294		AZT	1.6
88717	Pt39294		D4T	1
88717	Pt39294		DDI	1.1
88717	Pt39294		TDF	1.1
166046	201011-5	K65R, S68G, K70T, M184V	X3TC	200
166046	201011-5	K65R, S68G, K70T, M184V	ABC	6.4
166046	201011-5	K65R, S68G, K70T, M184V	AZT	2.3
166046	201011-5	K65R, S68G, K70T, M184V	D4T	1.1
166046	201011-5	K65R, S68G, K70T, M184V	DDI	2.2
166046	201011-5	K65R, S68G, K70T, M184V	TDF	1
122784	Pt9	M41L, D67N, K70R, M184V, T215F, K219E	X3TC	200
122784	Pt9	M41L, D67N, K70R, M184V, T215F, K219E	ABC	6.5
122784	Pt9	M41L, D67N, K70R, M184V, T215F, K219E	AZT	159
122784	Pt9	M41L, D67N, K70R, M184V, T215F, K219E	D4T	2.6
122784	Pt9	M41L, D67N, K70R, M184V, T215F, K219E	DDI	2.3
122784	Pt9	M41L, D67N, K70R, M184V, T215F, K219E	TDF	3.3
195251	C7		X3TC	1
195251	C7		ABC	0.8
195251	C7		AZT	0.6
195251	C7		D4T	0.8
195251	C7		DDI	0.9
195251	C7		TDF	0.8
84180	CA84180	M41L, D67N, M184V, L210W, T215Y	X3TC	200
84180	CA84180	M41L, D67N, M184V, L210W, T215Y	ABC	5.6
84180	CA84180	M41L, D67N, M184V, L210W, T215Y	AZT	12
84180	CA84180	M41L, D67N, M184V, L210W, T215Y	D4T	2.8
84180	CA84180	M41L, D67N, M184V, L210W, T215Y	DDI	2.7
84180	CA84180	M41L, D67N, M184V, L210W, T215Y	TDF	1.4
195313	Q4		X3TC	1.2
195313	Q4		ABC	1.1
195313	Q4		AZT	1.1
195313	Q4		D4T	0.7
195313	Q4		DDI	0.9
195313	Q4		TDF	0.8
122665	200804-12	M41L, D67DN, L210W, T215Y	X3TC	5.2
122665	200804-12	M41L, D67DN, L210W, T215Y	ABC	3.7
122665	200804-12	M41L, D67DN, L210W, T215Y	AZT	283
122665	200804-12	M41L, D67DN, L210W, T215Y	D4T	2.7
122665	200804-12	M41L, D67DN, L210W, T215Y	DDI	1.5
122665	200804-12	M41L, D67DN, L210W, T215Y	TDF	3
175987	201108-1	L74V, M184V, K219N	X3TC	200
175987	201108-1	L74V, M184V, K219N	ABC	5
175987	201108-1	L74V, M184V, K219N	AZT	0.2
175987	201108-1	L74V, M184V, K219N	D4T	0.7
175987	201108-1	L74V, M184V, K219N	DDI	2.1
175987	201108-1	L74V, M184V, K219N	TDF	0.3
94384	200801-7	M41L, E44ED, D67G, S68G, L74V, M184V, L210W, T215Y, K219NS	X3TC	200
94384	200801-7	M41L, E44ED, D67G, S68G, L74V, M184V, L210W, T215Y, K219NS	ABC	10
94384	200801-7	M41L, E44ED, D67G, S68G, L74V, M184V, L210W, T215Y, K219NS	AZT	46
94384	200801-7	M41L, E44ED, D67G, S68G, L74V, M184V, L210W, T215Y, K219NS	D4T	4.2
94384	200801-7	M41L, E44ED, D67G, S68G, L74V, M184V, L210W, T215Y, K219NS	DDI	3.2
94384	200801-7	M41L, E44ED, D67G, S68G, L74V, M184V, L210W, T215Y, K219NS	TDF	2.1
71561	CA900BT65	M41L, D67N, K70R, M184V, T215Y, K219E	X3TC	NA
71561	CA900BT65	M41L, D67N, K70R, M184V, T215Y, K219E	ABC	5.3
71561	CA900BT65	M41L, D67N, K70R, M184V, T215Y, K219E	AZT	41
71561	CA900BT65	M41L, D67N, K70R, M184V, T215Y, K219E	D4T	2.1
71561	CA900BT65	M41L, D67N, K70R, M184V, T215Y, K219E	DDI	2.1
71561	CA900BT65	M41L, D67N, K70R, M184V, T215Y, K219E	TDF	1.9
127354	09Pt35	M184V, T215TI	X3TC	200
127354	09Pt35	M184V, T215TI	ABC	2.5
127354	09Pt35	M184V, T215TI	AZT	0.4
127354	09Pt35	M184V, T215TI	D4T	0.9
127354	09Pt35	M184V, T215TI	DDI	1.4
127354	09Pt35	M184V, T215TI	TDF	0.5
95810	200801-5		X3TC	1.1
95810	200801-5		ABC	1
95810	200801-5		AZT	0.9
95810	200801-5		D4T	1
95810	200801-5		DDI	1.2
95810	200801-5		TDF	1.1
94388	200801-9	M41L, E44D, D67N, L74V, M184V, L210W, T215Y, K219N	X3TC	200
94388	200801-9	M41L, E44D, D67N, L74V, M184V, L210W, T215Y, K219N	ABC	8.8
94388	200801-9	M41L, E44D, D67N, L74V, M184V, L210W, T215Y, K219N	AZT	11
94388	200801-9	M41L, E44D, D67N, L74V, M184V, L210W, T215Y, K219N	D4T	4.5
94388	200801-9	M41L, E44D, D67N, L74V, M184V, L210W, T215Y, K219N	DDI	3
94388	200801-9	M41L, E44D, D67N, L74V, M184V, L210W, T215Y, K219N	TDF	1.1
127382	09Pt49		X3TC	1
127382	09Pt49		ABC	0.8
127382	09Pt49		AZT	0.6
127382	09Pt49		D4T	0.9
127382	09Pt49		DDI	1
127382	09Pt49		TDF	0.7
195279	EB20		X3TC	0.9
195279	EB20		ABC	0.7
195279	EB20		AZT	0.7
195279	EB20		D4T	0.9
195279	EB20		DDI	0.8
195279	EB20		TDF	0.8
127244	09Pt54	M41L, S68G, M184V, L210W, T215SY	X3TC	200
127244	09Pt54	M41L, S68G, M184V, L210W, T215SY	ABC	4.1
127244	09Pt54	M41L, S68G, M184V, L210W, T215SY	AZT	11
127244	09Pt54	M41L, S68G, M184V, L210W, T215SY	D4T	1.3
127244	09Pt54	M41L, S68G, M184V, L210W, T215SY	DDI	1.1
127244	09Pt54	M41L, S68G, M184V, L210W, T215SY	TDF	1.5
96336	2008-12		X3TC	1.2
96336	2008-12		ABC	1.4
96336	2008-12		AZT	1.6
96336	2008-12		D4T	1.1
96336	2008-12		DDI	1
96336	2008-12		TDF	1.1
151294	2010-7	M41L, E44D, D67N, K70R, L74LI, M184V, T215Y, K219E	X3TC	200
151294	2010-7	M41L, E44D, D67N, K70R, L74LI, M184V, T215Y, K219E	ABC	4.8
151294	2010-7	M41L, E44D, D67N, K70R, L74LI, M184V, T215Y, K219E	AZT	7
151294	2010-7	M41L, E44D, D67N, K70R, L74LI, M184V, T215Y, K219E	D4T	1.8
151294	2010-7	M41L, E44D, D67N, K70R, L74LI, M184V, T215Y, K219E	DDI	1.7
151294	2010-7	M41L, E44D, D67N, K70R, L74LI, M184V, T215Y, K219E	TDF	1.1
60842	CA60842	M41ML, D67N, T69D, K70R, M184V, T215F, K219Q	X3TC	200
60842	CA60842	M41ML, D67N, T69D, K70R, M184V, T215F, K219Q	ABC	5.9
60842	CA60842	M41ML, D67N, T69D, K70R, M184V, T215F, K219Q	AZT	3.9
60842	CA60842	M41ML, D67N, T69D, K70R, M184V, T215F, K219Q	D4T	1.9
60842	CA60842	M41ML, D67N, T69D, K70R, M184V, T215F, K219Q	DDI	1.8
60842	CA60842	M41ML, D67N, T69D, K70R, M184V, T215F, K219Q	TDF	1
96416	2008-24	M41L, L74V, M184V, L210W, T215Y	X3TC	200
96416	2008-24	M41L, L74V, M184V, L210W, T215Y	ABC	6.8
96416	2008-24	M41L, L74V, M184V, L210W, T215Y	AZT	2.9
96416	2008-24	M41L, L74V, M184V, L210W, T215Y	D4T	1.4
96416	2008-24	M41L, L74V, M184V, L210W, T215Y	DDI	2
96416	2008-24	M41L, L74V, M184V, L210W, T215Y	TDF	0.6
195303	G1		X3TC	1.2
195303	G1		ABC	0.8
195303	G1		AZT	0.7
195303	G1		D4T	0.9
195303	G1		DDI	1
195303	G1		TDF	0.8
95804	200801-2	M41L, E44A, D67N, L74V, M184V, L210W, T215Y, K219N	X3TC	200
95804	200801-2	M41L, E44A, D67N, L74V, M184V, L210W, T215Y, K219N	ABC	10
95804	200801-2	M41L, E44A, D67N, L74V, M184V, L210W, T215Y, K219N	AZT	35
95804	200801-2	M41L, E44A, D67N, L74V, M184V, L210W, T215Y, K219N	D4T	4.9
95804	200801-2	M41L, E44A, D67N, L74V, M184V, L210W, T215Y, K219N	DDI	3.8
95804	200801-2	M41L, E44A, D67N, L74V, M184V, L210W, T215Y, K219N	TDF	1.2
95826	200801-13		X3TC	0.5
95826	200801-13		ABC	0.6
95826	200801-13		AZT	0.4
95826	200801-13		D4T	0.7
95826	200801-13		DDI	0.7
95826	200801-13		TDF	0.7
102366	Pt4	M41L, E44D, D67N, T69D, M184V, L210W, T215Y, K219R	X3TC	200
102366	Pt4	M41L, E44D, D67N, T69D, M184V, L210W, T215Y, K219R	ABC	10
102366	Pt4	M41L, E44D, D67N, T69D, M184V, L210W, T215Y, K219R	AZT	81
102366	Pt4	M41L, E44D, D67N, T69D, M184V, L210W, T215Y, K219R	D4T	4.4
102366	Pt4	M41L, E44D, D67N, T69D, M184V, L210W, T215Y, K219R	DDI	2.1
102366	Pt4	M41L, E44D, D67N, T69D, M184V, L210W, T215Y, K219R	TDF	1.9
184258	119385	M184V	X3TC	200
184258	119385	M184V	ABC	3
184258	119385	M184V	AZT	0.4
184258	119385	M184V	D4T	0.6
184258	119385	M184V	DDI	1.1
184258	119385	M184V	TDF	0.4
122659	200804-09	D67N, K70R, M184V, K219Q	X3TC	200
122659	200804-09	D67N, K70R, M184V, K219Q	ABC	3.8
122659	200804-09	D67N, K70R, M184V, K219Q	AZT	1
122659	200804-09	D67N, K70R, M184V, K219Q	D4T	1.1
122659	200804-09	D67N, K70R, M184V, K219Q	DDI	1.9
122659	200804-09	D67N, K70R, M184V, K219Q	TDF	0.8
88785	Pt39328		X3TC	0.9
88785	Pt39328		ABC	0.7
88785	Pt39328		AZT	1.1
88785	Pt39328		D4T	1
88785	Pt39328		DDI	1
88785	Pt39328		TDF	0.8
127258	09Pt60		X3TC	1.4
127258	09Pt60		ABC	0.9
127258	09Pt60		AZT	0.5
127258	09Pt60		D4T	0.8
127258	09Pt60		DDI	1.1
127258	09Pt60		TDF	0.8
59559	CA59559		X3TC	1.4
59559	CA59559		ABC	1
59559	CA59559		AZT	0.7
59559	CA59559		D4T	0.8
59559	CA59559		DDI	1.1
59559	CA59559		TDF	0.9
195277	EB1_2010	M184V	X3TC	200
195277	EB1_2010	M184V	ABC	2.2
195277	EB1_2010	M184V	AZT	0.2
195277	EB1_2010	M184V	D4T	0.7
195277	EB1_2010	M184V	DDI	1.3
195277	EB1_2010	M184V	TDF	0.6
71541	CA900BT55	M41L, D67N, K70KR, L74LIV, M184V, L210W, T215Y, K219Q	X3TC	NA
71541	CA900BT55	M41L, D67N, K70KR, L74LIV, M184V, L210W, T215Y, K219Q	ABC	5.3
71541	CA900BT55	M41L, D67N, K70KR, L74LIV, M184V, L210W, T215Y, K219Q	AZT	14
71541	CA900BT55	M41L, D67N, K70KR, L74LIV, M184V, L210W, T215Y, K219Q	D4T	2.7
71541	CA900BT55	M41L, D67N, K70KR, L74LIV, M184V, L210W, T215Y, K219Q	DDI	1.6
71541	CA900BT55	M41L, D67N, K70KR, L74LIV, M184V, L210W, T215Y, K219Q	TDF	1.3
166090	201011-16		X3TC	1.6
166090	201011-16		ABC	1.1
166090	201011-16		AZT	0.5
166090	201011-16		D4T	1.1
166090	201011-16		DDI	1
166090	201011-16		TDF	0.7
127300	09Pt80		X3TC	0.8
127300	09Pt80		ABC	0.9
127300	09Pt80		AZT	1.3
127300	09Pt80		D4T	1
127300	09Pt80		DDI	1
127300	09Pt80		TDF	0.9
71519	CA900BT44	E44D, M184V, T215Y	X3TC	NA
71519	CA900BT44	E44D, M184V, T215Y	ABC	5.7
71519	CA900BT44	E44D, M184V, T215Y	AZT	2.6
71519	CA900BT44	E44D, M184V, T215Y	D4T	2.1
71519	CA900BT44	E44D, M184V, T215Y	DDI	1.9
71519	CA900BT44	E44D, M184V, T215Y	TDF	0.9
71553	CA900BT61	M41L, E44A, D67N, L210W, T215Y, K219R	X3TC	9.3
71553	CA900BT61	M41L, E44A, D67N, L210W, T215Y, K219R	ABC	7.4
71553	CA900BT61	M41L, E44A, D67N, L210W, T215Y, K219R	AZT	951
71553	CA900BT61	M41L, E44A, D67N, L210W, T215Y, K219R	D4T	6.5
71553	CA900BT61	M41L, E44A, D67N, L210W, T215Y, K219R	DDI	2.3
71553	CA900BT61	M41L, E44A, D67N, L210W, T215Y, K219R	TDF	4.7
88733	Pt39302		X3TC	0.9
88733	Pt39302		ABC	1.1
88733	Pt39302		AZT	2.2
88733	Pt39302		D4T	1
88733	Pt39302		DDI	1
88733	Pt39302		TDF	1.2
88763	Pt39317		X3TC	0.9
88763	Pt39317		ABC	1.1
88763	Pt39317		AZT	1.5
88763	Pt39317		D4T	1.2
88763	Pt39317		DDI	1
88763	Pt39317		TDF	1.1
125022	Pt14	M41L, E44A, L74V, M184V, L210W, T215Y	X3TC	200
125022	Pt14	M41L, E44A, L74V, M184V, L210W, T215Y	ABC	12
125022	Pt14	M41L, E44A, L74V, M184V, L210W, T215Y	AZT	141
125022	Pt14	M41L, E44A, L74V, M184V, L210W, T215Y	D4T	3.6
125022	Pt14	M41L, E44A, L74V, M184V, L210W, T215Y	DDI	2.9
125022	Pt14	M41L, E44A, L74V, M184V, L210W, T215Y	TDF	2
195289	EB3_2010		X3TC	1.1
195289	EB3_2010		ABC	0.6
195289	EB3_2010		AZT	0.5
195289	EB3_2010		D4T	1.1
195289	EB3_2010		DDI	1.5
195289	EB3_2010		TDF	1.1
185084	CMG_jun08		X3TC	0.9
185084	CMG_jun08		ABC	1
185084	CMG_jun08		AZT	1
185084	CMG_jun08		D4T	0.6
185084	CMG_jun08		DDI	0.8
185084	CMG_jun08		TDF	1.2
177182	201108-6	S68G, M184V, T215F	X3TC	200
177182	201108-6	S68G, M184V, T215F	ABC	4.7
177182	201108-6	S68G, M184V, T215F	AZT	1.1
177182	201108-6	S68G, M184V, T215F	D4T	1
177182	201108-6	S68G, M184V, T215F	DDI	1.9
177182	201108-6	S68G, M184V, T215F	TDF	0.7
122653	200804-06	L74LI, T215Y	X3TC	1.6
122653	200804-06	L74LI, T215Y	ABC	1.4
122653	200804-06	L74LI, T215Y	AZT	1.8
122653	200804-06	L74LI, T215Y	D4T	1.4
122653	200804-06	L74LI, T215Y	DDI	1
122653	200804-06	L74LI, T215Y	TDF	0.7
127266	09Pt64	K70N, M184MV	X3TC	2.5
127266	09Pt64	K70N, M184MV	ABC	1.6
127266	09Pt64	K70N, M184MV	AZT	1.2
127266	09Pt64	K70N, M184MV	D4T	1.2
127266	09Pt64	K70N, M184MV	DDI	1.4
127266	09Pt64	K70N, M184MV	TDF	1.2
86048	38264_0514	D67N, T69D, K70R, L74V, T215Y, K219Q	X3TC	5
86048	38264_0514	D67N, T69D, K70R, L74V, T215Y, K219Q	ABC	4
86048	38264_0514	D67N, T69D, K70R, L74V, T215Y, K219Q	AZT	22
86048	38264_0514	D67N, T69D, K70R, L74V, T215Y, K219Q	D4T	2.8
86048	38264_0514	D67N, T69D, K70R, L74V, T215Y, K219Q	DDI	2
86048	38264_0514	D67N, T69D, K70R, L74V, T215Y, K219Q	TDF	1.3
96430	2008-31	M41L, S68G, L74V, M184V, L210W, T215Y	X3TC	200
96430	2008-31	M41L, S68G, L74V, M184V, L210W, T215Y	ABC	6.5
96430	2008-31	M41L, S68G, L74V, M184V, L210W, T215Y	AZT	5
96430	2008-31	M41L, S68G, L74V, M184V, L210W, T215Y	D4T	1.9
96430	2008-31	M41L, S68G, L74V, M184V, L210W, T215Y	DDI	1.7
96430	2008-31	M41L, S68G, L74V, M184V, L210W, T215Y	TDF	0.8
151288	2010-4	M41L, M184V, L210W, T215Y, K219KE	X3TC	200
151288	2010-4	M41L, M184V, L210W, T215Y, K219KE	ABC	6.1
151288	2010-4	M41L, M184V, L210W, T215Y, K219KE	AZT	34
151288	2010-4	M41L, M184V, L210W, T215Y, K219KE	D4T	1.8
151288	2010-4	M41L, M184V, L210W, T215Y, K219KE	DDI	1.6
151288	2010-4	M41L, M184V, L210W, T215Y, K219KE	TDF	2
86050	23793_0224	M41L, E44D, D67N, T69D, L210W, T215Y, K219KR	X3TC	4.6
86050	23793_0224	M41L, E44D, D67N, T69D, L210W, T215Y, K219KR	ABC	5.2
86050	23793_0224	M41L, E44D, D67N, T69D, L210W, T215Y, K219KR	AZT	920
86050	23793_0224	M41L, E44D, D67N, T69D, L210W, T215Y, K219KR	D4T	3.6
86050	23793_0224	M41L, E44D, D67N, T69D, L210W, T215Y, K219KR	DDI	1.8
86050	23793_0224	M41L, E44D, D67N, T69D, L210W, T215Y, K219KR	TDF	5.7
127296	09Pt78		X3TC	0.9
127296	09Pt78		ABC	1
127296	09Pt78		AZT	0.9
127296	09Pt78		D4T	1.1
127296	09Pt78		DDI	1.2
127296	09Pt78		TDF	0.8
96448	2008-41	D67G, T69ND, K70R, L74LI, M184V, T215F, K219Q	X3TC	200
96448	2008-41	D67G, T69ND, K70R, L74LI, M184V, T215F, K219Q	ABC	6.7
96448	2008-41	D67G, T69ND, K70R, L74LI, M184V, T215F, K219Q	AZT	3.5
96448	2008-41	D67G, T69ND, K70R, L74LI, M184V, T215F, K219Q	D4T	2.5
96448	2008-41	D67G, T69ND, K70R, L74LI, M184V, T215F, K219Q	DDI	1.9
96448	2008-41	D67G, T69ND, K70R, L74LI, M184V, T215F, K219Q	TDF	0.9
96360	2008-34	D67G, T69D, K70RG, M184MV	X3TC	3.5
96360	2008-34	D67G, T69D, K70RG, M184MV	ABC	1.1
96360	2008-34	D67G, T69D, K70RG, M184MV	AZT	0.5
96360	2008-34	D67G, T69D, K70RG, M184MV	D4T	1
96360	2008-34	D67G, T69D, K70RG, M184MV	DDI	1
96360	2008-34	D67G, T69D, K70RG, M184MV	TDF	0.9
71555	CA900BT62	D67N, T69D, K70R, M184V, T215F, K219Q	X3TC	NA
71555	CA900BT62	D67N, T69D, K70R, M184V, T215F, K219Q	ABC	5.9
71555	CA900BT62	D67N, T69D, K70R, M184V, T215F, K219Q	AZT	21
71555	CA900BT62	D67N, T69D, K70R, M184V, T215F, K219Q	D4T	2
71555	CA900BT62	D67N, T69D, K70R, M184V, T215F, K219Q	DDI	2.1
71555	CA900BT62	D67N, T69D, K70R, M184V, T215F, K219Q	TDF	1
69141	CA69141	M41L, E44A, D67N, L74I, V75VIM, M184V, L210W, T215Y, K219E	X3TC	200
69141	CA69141	M41L, E44A, D67N, L74I, V75VIM, M184V, L210W, T215Y, K219E	ABC	7.8
69141	CA69141	M41L, E44A, D67N, L74I, V75VIM, M184V, L210W, T215Y, K219E	AZT	177
69141	CA69141	M41L, E44A, D67N, L74I, V75VIM, M184V, L210W, T215Y, K219E	D4T	3.6
69141	CA69141	M41L, E44A, D67N, L74I, V75VIM, M184V, L210W, T215Y, K219E	DDI	2.3
69141	CA69141	M41L, E44A, D67N, L74I, V75VIM, M184V, L210W, T215Y, K219E	TDF	2.4
48242	CA48242	D67N, K70R, T215F, K219Q	X3TC	2.3
48242	CA48242	D67N, K70R, T215F, K219Q	ABC	2.7
48242	CA48242	D67N, K70R, T215F, K219Q	AZT	80
48242	CA48242	D67N, K70R, T215F, K219Q	D4T	2.4
48242	CA48242	D67N, K70R, T215F, K219Q	DDI	1.3
48242	CA48242	D67N, K70R, T215F, K219Q	TDF	2.2
127254	09Pt58		X3TC	1.5
127254	09Pt58		ABC	1.3
127254	09Pt58		AZT	0.8
127254	09Pt58		D4T	1
127254	09Pt58		DDI	1.1
127254	09Pt58		TDF	0.8
185940	MR458550P		X3TC	1.1
185940	MR458550P		ABC	0.6
185940	MR458550P		AZT	0.2
185940	MR458550P		D4T	0.7
185940	MR458550P		DDI	0.8
185940	MR458550P		TDF	0.5
71471	CA900BT17	M41L, E44D, D67DN, V75M, M184V, L210W, T215Y	X3TC	NA
71471	CA900BT17	M41L, E44D, D67DN, V75M, M184V, L210W, T215Y	ABC	9
71471	CA900BT17	M41L, E44D, D67DN, V75M, M184V, L210W, T215Y	AZT	71
71471	CA900BT17	M41L, E44D, D67DN, V75M, M184V, L210W, T215Y	D4T	3.3
71471	CA900BT17	M41L, E44D, D67DN, V75M, M184V, L210W, T215Y	DDI	2.1
71471	CA900BT17	M41L, E44D, D67DN, V75M, M184V, L210W, T215Y	TDF	2.9
92509	Ph40764	M41L, L210W, T215Y	X3TC	2.3
92509	Ph40764	M41L, L210W, T215Y	ABC	2.9
92509	Ph40764	M41L, L210W, T215Y	AZT	186
92509	Ph40764	M41L, L210W, T215Y	D4T	2.4
92509	Ph40764	M41L, L210W, T215Y	DDI	1.2
92509	Ph40764	M41L, L210W, T215Y	TDF	3.1
170964	Q7756		X3TC	0.7
170964	Q7756		ABC	1
170964	Q7756		AZT	0.4
170964	Q7756		D4T	0.7
170964	Q7756		DDI	0.9
170964	Q7756		TDF	0.6
96424	2008-28	M41L, E44D, D67N, L74LV, M184V, L210W, T215Y	X3TC	200
96424	2008-28	M41L, E44D, D67N, L74LV, M184V, L210W, T215Y	ABC	4.9
96424	2008-28	M41L, E44D, D67N, L74LV, M184V, L210W, T215Y	AZT	3.6
96424	2008-28	M41L, E44D, D67N, L74LV, M184V, L210W, T215Y	D4T	1.7
96424	2008-28	M41L, E44D, D67N, L74LV, M184V, L210W, T215Y	DDI	1.5
96424	2008-28	M41L, E44D, D67N, L74LV, M184V, L210W, T215Y	TDF	0.9
185062	128158		X3TC	0.8
185062	128158		ABC	0.9
185062	128158		AZT	0.7
185062	128158		D4T	0.9
185062	128158		DDI	1.1
185062	128158		TDF	0.9
38901	CA38901		X3TC	0.8
38901	CA38901		ABC	0.9
38901	CA38901		AZT	0.9
38901	CA38901		D4T	1.1
38901	CA38901		DDI	1
38901	CA38901		TDF	0.9
35194	CA35194	D67N, T69D, K70R, T215F, K219Q	X3TC	4.1
35194	CA35194	D67N, T69D, K70R, T215F, K219Q	ABC	2.2
35194	CA35194	D67N, T69D, K70R, T215F, K219Q	AZT	24
35194	CA35194	D67N, T69D, K70R, T215F, K219Q	D4T	2.5
35194	CA35194	D67N, T69D, K70R, T215F, K219Q	DDI	1.4
35194	CA35194	D67N, T69D, K70R, T215F, K219Q	TDF	1.7
236591	A086		X3TC	1.3
236591	A086		ABC	1.3
236591	A086		AZT	1.6
236591	A086		D4T	1.3
236591	A086		DDI	1.1
236591	A086		TDF	1
14729	CA14729	S68G, L74V, V75T, Y115F, Q151M	X3TC	15
14729	CA14729	S68G, L74V, V75T, Y115F, Q151M	ABC	20
14729	CA14729	S68G, L74V, V75T, Y115F, Q151M	AZT	5.2
14729	CA14729	S68G, L74V, V75T, Y115F, Q151M	D4T	6.8
14729	CA14729	S68G, L74V, V75T, Y115F, Q151M	DDI	11
14729	CA14729	S68G, L74V, V75T, Y115F, Q151M	TDF	NA
40737	SHNY-12	S68G	X3TC	0.6
40737	SHNY-12	S68G	ABC	0.6
40737	SHNY-12	S68G	AZT	0.8
40737	SHNY-12	S68G	D4T	0.8
40737	SHNY-12	S68G	DDI	0.8
40737	SHNY-12	S68G	TDF	0.7
14143	CA14143	M41L, M184V, T215Y	X3TC	200
14143	CA14143	M41L, M184V, T215Y	ABC	5.1
14143	CA14143	M41L, M184V, T215Y	AZT	4.4
14143	CA14143	M41L, M184V, T215Y	D4T	1.5
14143	CA14143	M41L, M184V, T215Y	DDI	1.6
14143	CA14143	M41L, M184V, T215Y	TDF	NA
38017	CA38017	M41L, E44ED, D67DN, S68SG, M184V, L210W, T215Y	X3TC	200
38017	CA38017	M41L, E44ED, D67DN, S68SG, M184V, L210W, T215Y	ABC	7.2
38017	CA38017	M41L, E44ED, D67DN, S68SG, M184V, L210W, T215Y	AZT	73
38017	CA38017	M41L, E44ED, D67DN, S68SG, M184V, L210W, T215Y	D4T	3.1
38017	CA38017	M41L, E44ED, D67DN, S68SG, M184V, L210W, T215Y	DDI	2.5
38017	CA38017	M41L, E44ED, D67DN, S68SG, M184V, L210W, T215Y	TDF	2.1
19923	CA19923	D67N, T215V, K219Q	X3TC	2.2
19923	CA19923	D67N, T215V, K219Q	ABC	1.2
19923	CA19923	D67N, T215V, K219Q	AZT	1.8
19923	CA19923	D67N, T215V, K219Q	D4T	1.2
19923	CA19923	D67N, T215V, K219Q	DDI	0.9
19923	CA19923	D67N, T215V, K219Q	TDF	0.7
236571	A077		X3TC	0.9
236571	A077		ABC	0.9
236571	A077		AZT	0.6
236571	A077		D4T	0.9
236571	A077		DDI	0.7
236571	A077		TDF	0.9
24800	CA24800	M41L, E44D, D67N, M184V, L210W, T215Y, K219Q	X3TC	200
24800	CA24800	M41L, E44D, D67N, M184V, L210W, T215Y, K219Q	ABC	5.3
24800	CA24800	M41L, E44D, D67N, M184V, L210W, T215Y, K219Q	AZT	28
24800	CA24800	M41L, E44D, D67N, M184V, L210W, T215Y, K219Q	D4T	2.3
24800	CA24800	M41L, E44D, D67N, M184V, L210W, T215Y, K219Q	DDI	1.7
24800	CA24800	M41L, E44D, D67N, M184V, L210W, T215Y, K219Q	TDF	NA
17451	CA17451	E40F, M41L, D67N, L74I, L210W, T215Y, K219N	X3TC	9.7
17451	CA17451	E40F, M41L, D67N, L74I, L210W, T215Y, K219N	ABC	9.4
17451	CA17451	E40F, M41L, D67N, L74I, L210W, T215Y, K219N	AZT	200
17451	CA17451	E40F, M41L, D67N, L74I, L210W, T215Y, K219N	D4T	8.2
17451	CA17451	E40F, M41L, D67N, L74I, L210W, T215Y, K219N	DDI	2.6
17451	CA17451	E40F, M41L, D67N, L74I, L210W, T215Y, K219N	TDF	5.4
12270	CA12270	M41L, D67N, L210W, T215Y	X3TC	3.6
12270	CA12270	M41L, D67N, L210W, T215Y	ABC	3.3
12270	CA12270	M41L, D67N, L210W, T215Y	AZT	125
12270	CA12270	M41L, D67N, L210W, T215Y	D4T	2.4
12270	CA12270	M41L, D67N, L210W, T215Y	DDI	1.4
12270	CA12270	M41L, D67N, L210W, T215Y	TDF	2.3
214357	1939-32712	M41L, L74I, M184V, L210W, T215Y	X3TC	200
214357	1939-32712	M41L, L74I, M184V, L210W, T215Y	ABC	9.1
214357	1939-32712	M41L, L74I, M184V, L210W, T215Y	AZT	496
214357	1939-32712	M41L, L74I, M184V, L210W, T215Y	D4T	2.8
214357	1939-32712	M41L, L74I, M184V, L210W, T215Y	DDI	2.3
214357	1939-32712	M41L, L74I, M184V, L210W, T215Y	TDF	2.7
35156	CA35156	D67N, K70R, L74V, T215TI, K219Q	X3TC	6.6
35156	CA35156	D67N, K70R, L74V, T215TI, K219Q	ABC	5.3
35156	CA35156	D67N, K70R, L74V, T215TI, K219Q	AZT	11
35156	CA35156	D67N, K70R, L74V, T215TI, K219Q	D4T	2.2
35156	CA35156	D67N, K70R, L74V, T215TI, K219Q	DDI	2.6
35156	CA35156	D67N, K70R, L74V, T215TI, K219Q	TDF	1.8
27641	SRW3-27641	M184V	X3TC	200
27641	SRW3-27641	M184V	ABC	2.5
27641	SRW3-27641	M184V	AZT	0.5
27641	SRW3-27641	M184V	D4T	0.8
27641	SRW3-27641	M184V	DDI	2
27641	SRW3-27641	M184V	TDF	NA
3787	CA3787	D67N, K70R	X3TC	1.4
3787	CA3787	D67N, K70R	ABC	1.1
3787	CA3787	D67N, K70R	AZT	28
3787	CA3787	D67N, K70R	D4T	1
3787	CA3787	D67N, K70R	DDI	0.8
3787	CA3787	D67N, K70R	TDF	1.9
59209	CA59209	D67N, K70R, T215F, K219E	X3TC	4.7
59209	CA59209	D67N, K70R, T215F, K219E	ABC	2.6
59209	CA59209	D67N, K70R, T215F, K219E	AZT	147
59209	CA59209	D67N, K70R, T215F, K219E	D4T	1.3
59209	CA59209	D67N, K70R, T215F, K219E	DDI	1.2
59209	CA59209	D67N, K70R, T215F, K219E	TDF	3
4582	CA4582	V75T, M184V	X3TC	200
4582	CA4582	V75T, M184V	ABC	5.7
4582	CA4582	V75T, M184V	AZT	0.3
4582	CA4582	V75T, M184V	D4T	1.2
4582	CA4582	V75T, M184V	DDI	2
4582	CA4582	V75T, M184V	TDF	NA
38077	CA38077	A62V, K65R, S68G, V75I, F77L, F116Y, Q151M	X3TC	36
38077	CA38077	A62V, K65R, S68G, V75I, F77L, F116Y, Q151M	ABC	25
38077	CA38077	A62V, K65R, S68G, V75I, F77L, F116Y, Q151M	AZT	461
38077	CA38077	A62V, K65R, S68G, V75I, F77L, F116Y, Q151M	D4T	26
38077	CA38077	A62V, K65R, S68G, V75I, F77L, F116Y, Q151M	DDI	23
38077	CA38077	A62V, K65R, S68G, V75I, F77L, F116Y, Q151M	TDF	8
214365	1939-71712		X3TC	1.8
214365	1939-71712		ABC	0.9
214365	1939-71712		AZT	0.6
214365	1939-71712		D4T	0.7
214365	1939-71712		DDI	1
214365	1939-71712		TDF	0.9
214353	1939-1512	M184V, T215Y	X3TC	200
214353	1939-1512	M184V, T215Y	ABC	2.7
214353	1939-1512	M184V, T215Y	AZT	0.4
214353	1939-1512	M184V, T215Y	D4T	0.7
214353	1939-1512	M184V, T215Y	DDI	1.3
214353	1939-1512	M184V, T215Y	TDF	0.4
68911	CA68911		X3TC	2
68911	CA68911		ABC	1.2
68911	CA68911		AZT	0.7
68911	CA68911		D4T	0.6
68911	CA68911		DDI	1
68911	CA68911		TDF	0.9
34448	CA34448		X3TC	1.2
34448	CA34448		ABC	0.9
34448	CA34448		AZT	0.7
34448	CA34448		D4T	1
34448	CA34448		DDI	1.1
34448	CA34448		TDF	0.7
37816	CA37816	D67N, T69D, K70R, M184V, T215V, K219Q	X3TC	200
37816	CA37816	D67N, T69D, K70R, M184V, T215V, K219Q	ABC	3.6
37816	CA37816	D67N, T69D, K70R, M184V, T215V, K219Q	AZT	1.7
37816	CA37816	D67N, T69D, K70R, M184V, T215V, K219Q	D4T	1.1
37816	CA37816	D67N, T69D, K70R, M184V, T215V, K219Q	DDI	1.5
37816	CA37816	D67N, T69D, K70R, M184V, T215V, K219Q	TDF	0.7
34464	CA34464	M41L, D67N, L210W, T215Y, K219R	X3TC	8.1
34464	CA34464	M41L, D67N, L210W, T215Y, K219R	ABC	4.8
34464	CA34464	M41L, D67N, L210W, T215Y, K219R	AZT	214
34464	CA34464	M41L, D67N, L210W, T215Y, K219R	D4T	3.9
34464	CA34464	M41L, D67N, L210W, T215Y, K219R	DDI	1.7
34464	CA34464	M41L, D67N, L210W, T215Y, K219R	TDF	3
237811	J4080852	M41L, T215D	X3TC	1.3
237811	J4080852	M41L, T215D	ABC	1.1
237811	J4080852	M41L, T215D	AZT	0.7
237811	J4080852	M41L, T215D	D4T	0.6
237811	J4080852	M41L, T215D	DDI	0.7
237811	J4080852	M41L, T215D	TDF	0.8
19999	CA19999	M184V	X3TC	200
19999	CA19999	M184V	ABC	2.4
19999	CA19999	M184V	AZT	0.2
19999	CA19999	M184V	D4T	0.6
19999	CA19999	M184V	DDI	1.4
19999	CA19999	M184V	TDF	0.4
12464	CA12464	M41L, D67N, T215Y	X3TC	3.4
12464	CA12464	M41L, D67N, T215Y	ABC	2.5
12464	CA12464	M41L, D67N, T215Y	AZT	71
12464	CA12464	M41L, D67N, T215Y	D4T	2
12464	CA12464	M41L, D67N, T215Y	DDI	1.2
12464	CA12464	M41L, D67N, T215Y	TDF	2.9
9044	CA9044	T215D	X3TC	1
9044	CA9044	T215D	ABC	0.6
9044	CA9044	T215D	AZT	0.2
9044	CA9044	T215D	D4T	0.4
9044	CA9044	T215D	DDI	0.7
9044	CA9044	T215D	TDF	0.4
37855	CA37855	M41L, D67G, S68G, K70R, M184V, T215F, K219Q	X3TC	200
37855	CA37855	M41L, D67G, S68G, K70R, M184V, T215F, K219Q	ABC	13
37855	CA37855	M41L, D67G, S68G, K70R, M184V, T215F, K219Q	AZT	272
37855	CA37855	M41L, D67G, S68G, K70R, M184V, T215F, K219Q	D4T	5.4
37855	CA37855	M41L, D67G, S68G, K70R, M184V, T215F, K219Q	DDI	3.6
37855	CA37855	M41L, D67G, S68G, K70R, M184V, T215F, K219Q	TDF	2
41241	CA41241	M41L, L74I, M184V, L210W, T215Y	X3TC	200
41241	CA41241	M41L, L74I, M184V, L210W, T215Y	ABC	7.4
41241	CA41241	M41L, L74I, M184V, L210W, T215Y	AZT	15
41241	CA41241	M41L, L74I, M184V, L210W, T215Y	D4T	2.3
41241	CA41241	M41L, L74I, M184V, L210W, T215Y	DDI	2.8
41241	CA41241	M41L, L74I, M184V, L210W, T215Y	TDF	1.2
42025	KSC-6	E40F, M41L, S68G, L74I, V75A, M184V, L210W, T215Y, K219N	X3TC	200
42025	KSC-6	E40F, M41L, S68G, L74I, V75A, M184V, L210W, T215Y, K219N	ABC	12
42025	KSC-6	E40F, M41L, S68G, L74I, V75A, M184V, L210W, T215Y, K219N	AZT	16
42025	KSC-6	E40F, M41L, S68G, L74I, V75A, M184V, L210W, T215Y, K219N	D4T	3.4
42025	KSC-6	E40F, M41L, S68G, L74I, V75A, M184V, L210W, T215Y, K219N	DDI	2.8
42025	KSC-6	E40F, M41L, S68G, L74I, V75A, M184V, L210W, T215Y, K219N	TDF	1.5
214371	1939122111	T69D, M184MV	X3TC	69
214371	1939122111	T69D, M184MV	ABC	3.2
214371	1939122111	T69D, M184MV	AZT	0.3
214371	1939122111	T69D, M184MV	D4T	0.9
214371	1939122111	T69D, M184MV	DDI	1.8
214371	1939122111	T69D, M184MV	TDF	0.6
13062	CA13062	M41L, E44ED, D67N, T69D, V75M, F77L, M184V, L210W, T215Y	X3TC	200
13062	CA13062	M41L, E44ED, D67N, T69D, V75M, F77L, M184V, L210W, T215Y	ABC	8.9
13062	CA13062	M41L, E44ED, D67N, T69D, V75M, F77L, M184V, L210W, T215Y	AZT	134
13062	CA13062	M41L, E44ED, D67N, T69D, V75M, F77L, M184V, L210W, T215Y	D4T	2.9
13062	CA13062	M41L, E44ED, D67N, T69D, V75M, F77L, M184V, L210W, T215Y	DDI	2.7
13062	CA13062	M41L, E44ED, D67N, T69D, V75M, F77L, M184V, L210W, T215Y	TDF	2.6
237141	12-161233		X3TC	1.1
237141	12-161233		ABC	0.9
237141	12-161233		AZT	1
237141	12-161233		D4T	1
237141	12-161233		DDI	1.1
237141	12-161233		TDF	1
41187	WAEN_C	M41L, M184V, T215Y	X3TC	200
41187	WAEN_C	M41L, M184V, T215Y	ABC	5.3
41187	WAEN_C	M41L, M184V, T215Y	AZT	11
41187	WAEN_C	M41L, M184V, T215Y	D4T	1.5
41187	WAEN_C	M41L, M184V, T215Y	DDI	1.5
41187	WAEN_C	M41L, M184V, T215Y	TDF	1.2
34319	CA34319	M41L, E44A, T69D, L74I, L210W, T215Y, K219R	X3TC	9.9
34319	CA34319	M41L, E44A, T69D, L74I, L210W, T215Y, K219R	ABC	8.1
34319	CA34319	M41L, E44A, T69D, L74I, L210W, T215Y, K219R	AZT	418
34319	CA34319	M41L, E44A, T69D, L74I, L210W, T215Y, K219R	D4T	4.3
34319	CA34319	M41L, E44A, T69D, L74I, L210W, T215Y, K219R	DDI	2.3
34319	CA34319	M41L, E44A, T69D, L74I, L210W, T215Y, K219R	TDF	3.5
214341	12-120590	M41L, D67N, T69D, L74LV, V75VIM, M184V, T215Y	X3TC	200
214341	12-120590	M41L, D67N, T69D, L74LV, V75VIM, M184V, T215Y	ABC	3.1
214341	12-120590	M41L, D67N, T69D, L74LV, V75VIM, M184V, T215Y	AZT	0.9
214341	12-120590	M41L, D67N, T69D, L74LV, V75VIM, M184V, T215Y	D4T	1.3
214341	12-120590	M41L, D67N, T69D, L74LV, V75VIM, M184V, T215Y	DDI	1.4
214341	12-120590	M41L, D67N, T69D, L74LV, V75VIM, M184V, T215Y	TDF	0.5
14732	CA14732	M41L, D67N, L210W, T215Y, K219R	X3TC	8.4
14732	CA14732	M41L, D67N, L210W, T215Y, K219R	ABC	7.2
14732	CA14732	M41L, D67N, L210W, T215Y, K219R	AZT	NA
14732	CA14732	M41L, D67N, L210W, T215Y, K219R	D4T	NA
14732	CA14732	M41L, D67N, L210W, T215Y, K219R	DDI	2.1
14732	CA14732	M41L, D67N, L210W, T215Y, K219R	TDF	NA
237831	4030694	M41L, E44D, D67N, M184V, L210W, T215Y	X3TC	200
237831	4030694	M41L, E44D, D67N, M184V, L210W, T215Y	ABC	10
237831	4030694	M41L, E44D, D67N, M184V, L210W, T215Y	AZT	200
237831	4030694	M41L, E44D, D67N, M184V, L210W, T215Y	D4T	3.6
237831	4030694	M41L, E44D, D67N, M184V, L210W, T215Y	DDI	3
237831	4030694	M41L, E44D, D67N, M184V, L210W, T215Y	TDF	5.1
237815	12-162178	M41L, E44AD, D67N, L74I, M184V, L210W, T215Y, K219N	X3TC	200
237815	12-162178	M41L, E44AD, D67N, L74I, M184V, L210W, T215Y, K219N	ABC	6.6
237815	12-162178	M41L, E44AD, D67N, L74I, M184V, L210W, T215Y, K219N	AZT	12
237815	12-162178	M41L, E44AD, D67N, L74I, M184V, L210W, T215Y, K219N	D4T	2.7
237815	12-162178	M41L, E44AD, D67N, L74I, M184V, L210W, T215Y, K219N	DDI	2.2
237815	12-162178	M41L, E44AD, D67N, L74I, M184V, L210W, T215Y, K219N	TDF	1
236563	A075	M184V	X3TC	200
236563	A075	M184V	ABC	3.7
236563	A075	M184V	AZT	0.3
236563	A075	M184V	D4T	0.5
236563	A075	M184V	DDI	1.2
236563	A075	M184V	TDF	0.6
237139	12-158352	M41L, E44D, D67N, K70R, M184V, T215V, K219E	X3TC	200
237139	12-158352	M41L, E44D, D67N, K70R, M184V, T215V, K219E	ABC	3.8
237139	12-158352	M41L, E44D, D67N, K70R, M184V, T215V, K219E	AZT	39
237139	12-158352	M41L, E44D, D67N, K70R, M184V, T215V, K219E	D4T	1.1
237139	12-158352	M41L, E44D, D67N, K70R, M184V, T215V, K219E	DDI	2
237139	12-158352	M41L, E44D, D67N, K70R, M184V, T215V, K219E	TDF	2
14494	CA14494		X3TC	1
14494	CA14494		ABC	1.2
14494	CA14494		AZT	1
14494	CA14494		D4T	1
14494	CA14494		DDI	1.1
14494	CA14494		TDF	NA
236595	A078		X3TC	0.8
236595	A078		ABC	0.8
236595	A078		AZT	0.4
236595	A078		D4T	0.9
236595	A078		DDI	0.7
236595	A078		TDF	0.7
38405	CA38405		X3TC	0.7
38405	CA38405		ABC	0.9
38405	CA38405		AZT	1
38405	CA38405		D4T	1
38405	CA38405		DDI	1
38405	CA38405		TDF	1
214361	1939-42012	L74LI, M184V	X3TC	200
214361	1939-42012	L74LI, M184V	ABC	3.7
214361	1939-42012	L74LI, M184V	AZT	0.3
214361	1939-42012	L74LI, M184V	D4T	0.7
214361	1939-42012	L74LI, M184V	DDI	1.6
214361	1939-42012	L74LI, M184V	TDF	0.5
27639	SRW2-27639	M184V	X3TC	200
27639	SRW2-27639	M184V	ABC	2.4
27639	SRW2-27639	M184V	AZT	0.5
27639	SRW2-27639	M184V	D4T	0.7
27639	SRW2-27639	M184V	DDI	1.2
27639	SRW2-27639	M184V	TDF	NA
237827	25302981	D67N, K70R, L74I, M184V, K219Q	X3TC	200
237827	25302981	D67N, K70R, L74I, M184V, K219Q	ABC	7.6
237827	25302981	D67N, K70R, L74I, M184V, K219Q	AZT	31
237827	25302981	D67N, K70R, L74I, M184V, K219Q	D4T	2
237827	25302981	D67N, K70R, L74I, M184V, K219Q	DDI	2.1
237827	25302981	D67N, K70R, L74I, M184V, K219Q	TDF	2.4
38037	CA38037	M41L, D67N, K70R, M184V, L210W, T215Y, K219E	X3TC	200
38037	CA38037	M41L, D67N, K70R, M184V, L210W, T215Y, K219E	ABC	5.9
38037	CA38037	M41L, D67N, K70R, M184V, L210W, T215Y, K219E	AZT	19
38037	CA38037	M41L, D67N, K70R, M184V, L210W, T215Y, K219E	D4T	1.9
38037	CA38037	M41L, D67N, K70R, M184V, L210W, T215Y, K219E	DDI	1.7
38037	CA38037	M41L, D67N, K70R, M184V, L210W, T215Y, K219E	TDF	1.7
12925	CA12925	K65R, D67N, S68N, K70G, K219R	X3TC	15
12925	CA12925	K65R, D67N, S68N, K70G, K219R	ABC	3.7
12925	CA12925	K65R, D67N, S68N, K70G, K219R	AZT	0.5
12925	CA12925	K65R, D67N, S68N, K70G, K219R	D4T	1.9
12925	CA12925	K65R, D67N, S68N, K70G, K219R	DDI	1.7
12925	CA12925	K65R, D67N, S68N, K70G, K219R	TDF	2.8
27645	SRW5-27645		X3TC	0.7
27645	SRW5-27645		ABC	0.9
27645	SRW5-27645		AZT	1.2
27645	SRW5-27645		D4T	1
27645	SRW5-27645		DDI	1.1
27645	SRW5-27645		TDF	NA
38439	CA38439	D67N, T69D, K70R, M184V, T215F, K219Q	X3TC	200
38439	CA38439	D67N, T69D, K70R, M184V, T215F, K219Q	ABC	5.3
38439	CA38439	D67N, T69D, K70R, M184V, T215F, K219Q	AZT	11
38439	CA38439	D67N, T69D, K70R, M184V, T215F, K219Q	D4T	1.7
38439	CA38439	D67N, T69D, K70R, M184V, T215F, K219Q	DDI	1.6
38439	CA38439	D67N, T69D, K70R, M184V, T215F, K219Q	TDF	1.2
214335	0342-91605	M41L, D67DN, M184V, L210W, T215Y	X3TC	200
214335	0342-91605	M41L, D67DN, M184V, L210W, T215Y	ABC	5.2
214335	0342-91605	M41L, D67DN, M184V, L210W, T215Y	AZT	31
214335	0342-91605	M41L, D67DN, M184V, L210W, T215Y	D4T	2.3
214335	0342-91605	M41L, D67DN, M184V, L210W, T215Y	DDI	1.3
214335	0342-91605	M41L, D67DN, M184V, L210W, T215Y	TDF	1.6
41283	CA41283	D67N, K70R, K219Q	X3TC	1.5
41283	CA41283	D67N, K70R, K219Q	ABC	1
41283	CA41283	D67N, K70R, K219Q	AZT	15
41283	CA41283	D67N, K70R, K219Q	D4T	1.1
41283	CA41283	D67N, K70R, K219Q	DDI	1
41283	CA41283	D67N, K70R, K219Q	TDF	1.5
21195	CA21195	M41L, L74V, M184V, T215Y	X3TC	200
21195	CA21195	M41L, L74V, M184V, T215Y	ABC	7.1
21195	CA21195	M41L, L74V, M184V, T215Y	AZT	0.6
21195	CA21195	M41L, L74V, M184V, T215Y	D4T	0.9
21195	CA21195	M41L, L74V, M184V, T215Y	DDI	2.6
21195	CA21195	M41L, L74V, M184V, T215Y	TDF	0.4
237809	13-116414		X3TC	1.1
237809	13-116414		ABC	0.9
237809	13-116414		AZT	0.7
237809	13-116414		D4T	1
237809	13-116414		DDI	0.9
237809	13-116414		TDF	1
37826	CA37826		X3TC	1.6
37826	CA37826		ABC	0.9
37826	CA37826		AZT	0.4
37826	CA37826		D4T	1.2
37826	CA37826		DDI	1.9
37826	CA37826		TDF	0.7
11742	CA11742	M41L, M184V, T215Y	X3TC	200
11742	CA11742	M41L, M184V, T215Y	ABC	4.2
11742	CA11742	M41L, M184V, T215Y	AZT	1.6
11742	CA11742	M41L, M184V, T215Y	D4T	1.6
11742	CA11742	M41L, M184V, T215Y	DDI	1.3
11742	CA11742	M41L, M184V, T215Y	TDF	NA
236585	A085	D67DN, K70KR, M184V, K219KE	X3TC	200
236585	A085	D67DN, K70KR, M184V, K219KE	ABC	3.4
236585	A085	D67DN, K70KR, M184V, K219KE	AZT	2.3
236585	A085	D67DN, K70KR, M184V, K219KE	D4T	1
236585	A085	D67DN, K70KR, M184V, K219KE	DDI	1.6
236585	A085	D67DN, K70KR, M184V, K219KE	TDF	0.9
7756	CA7756	F77L, F116Y, Q151M	X3TC	3.3
7756	CA7756	F77L, F116Y, Q151M	ABC	6.5
7756	CA7756	F77L, F116Y, Q151M	AZT	40
7756	CA7756	F77L, F116Y, Q151M	D4T	9.5
7756	CA7756	F77L, F116Y, Q151M	DDI	9.2
7756	CA7756	F77L, F116Y, Q151M	TDF	1.2
236597	A081	D67N, K70R, M184V, K219Q	X3TC	200
236597	A081	D67N, K70R, M184V, K219Q	ABC	6
236597	A081	D67N, K70R, M184V, K219Q	AZT	3
236597	A081	D67N, K70R, M184V, K219Q	D4T	1.6
236597	A081	D67N, K70R, M184V, K219Q	DDI	1.5
236597	A081	D67N, K70R, M184V, K219Q	TDF	1.3
13061	CA13061	M41L, T215Y	X3TC	1.5
13061	CA13061	M41L, T215Y	ABC	2.6
13061	CA13061	M41L, T215Y	AZT	43
13061	CA13061	M41L, T215Y	D4T	1.8
13061	CA13061	M41L, T215Y	DDI	1.7
13061	CA13061	M41L, T215Y	TDF	NA
24746	CA24746	D67N, K70R, M184MV, T215F, K219Q	X3TC	3.3
24746	CA24746	D67N, K70R, M184MV, T215F, K219Q	ABC	1.3
24746	CA24746	D67N, K70R, M184MV, T215F, K219Q	AZT	41
24746	CA24746	D67N, K70R, M184MV, T215F, K219Q	D4T	1.2
24746	CA24746	D67N, K70R, M184MV, T215F, K219Q	DDI	0.6
24746	CA24746	D67N, K70R, M184MV, T215F, K219Q	TDF	1.9
10617	CA10617	M41L, E44D, M184V, L210W, T215Y	X3TC	200
10617	CA10617	M41L, E44D, M184V, L210W, T215Y	ABC	5.5
10617	CA10617	M41L, E44D, M184V, L210W, T215Y	AZT	9.1
10617	CA10617	M41L, E44D, M184V, L210W, T215Y	D4T	2.5
10617	CA10617	M41L, E44D, M184V, L210W, T215Y	DDI	1.9
10617	CA10617	M41L, E44D, M184V, L210W, T215Y	TDF	NA
34564	CA34564	M41L, K70R, M184V	X3TC	200
34564	CA34564	M41L, K70R, M184V	ABC	2.8
34564	CA34564	M41L, K70R, M184V	AZT	1.7
34564	CA34564	M41L, K70R, M184V	D4T	1
34564	CA34564	M41L, K70R, M184V	DDI	1.6
34564	CA34564	M41L, K70R, M184V	TDF	0.8
237823	13-124012	M184MV	X3TC	3.4
237823	13-124012	M184MV	ABC	1.5
237823	13-124012	M184MV	AZT	0.7
237823	13-124012	M184MV	D4T	1
237823	13-124012	M184MV	DDI	1.4
237823	13-124012	M184MV	TDF	0.8
236567	A088	M41L, A62V, M184V, T215Y	X3TC	200
236567	A088	M41L, A62V, M184V, T215Y	ABC	4.7
236567	A088	M41L, A62V, M184V, T215Y	AZT	16
236567	A088	M41L, A62V, M184V, T215Y	D4T	2.6
236567	A088	M41L, A62V, M184V, T215Y	DDI	2.2
236567	A088	M41L, A62V, M184V, T215Y	TDF	1.5
9168	CA9168	M41L, E44D, D67N, T69D, K70KR, L210W, T215Y	X3TC	7.5
9168	CA9168	M41L, E44D, D67N, T69D, K70KR, L210W, T215Y	ABC	3.1
9168	CA9168	M41L, E44D, D67N, T69D, K70KR, L210W, T215Y	AZT	118
9168	CA9168	M41L, E44D, D67N, T69D, K70KR, L210W, T215Y	D4T	3.3
9168	CA9168	M41L, E44D, D67N, T69D, K70KR, L210W, T215Y	DDI	1.4
9168	CA9168	M41L, E44D, D67N, T69D, K70KR, L210W, T215Y	TDF	2.1
21176	CA21176	D67G, S68G, K70KR, L74V, K219N	X3TC	2.4
21176	CA21176	D67G, S68G, K70KR, L74V, K219N	ABC	2.2
21176	CA21176	D67G, S68G, K70KR, L74V, K219N	AZT	1.4
21176	CA21176	D67G, S68G, K70KR, L74V, K219N	D4T	1.3
21176	CA21176	D67G, S68G, K70KR, L74V, K219N	DDI	1.6
21176	CA21176	D67G, S68G, K70KR, L74V, K219N	TDF	0.7
24252	CA24252	D67N, K70R, M184V	X3TC	200
24252	CA24252	D67N, K70R, M184V	ABC	5
24252	CA24252	D67N, K70R, M184V	AZT	24
24252	CA24252	D67N, K70R, M184V	D4T	1.5
24252	CA24252	D67N, K70R, M184V	DDI	1.8
24252	CA24252	D67N, K70R, M184V	TDF	1.7
237143	13-100304		X3TC	1.4
237143	13-100304		ABC	1
237143	13-100304		AZT	0.4
237143	13-100304		D4T	0.9
237143	13-100304		DDI	1
237143	13-100304		TDF	0.7
23563	CA23563	Y115F, M184V	X3TC	200
23563	CA23563	Y115F, M184V	ABC	12
23563	CA23563	Y115F, M184V	AZT	0.8
23563	CA23563	Y115F, M184V	D4T	0.8
23563	CA23563	Y115F, M184V	DDI	2.5
23563	CA23563	Y115F, M184V	TDF	0.8
214329	0452_41708	K65KR, S68SG, M184V, K219KR	X3TC	200
214329	0452_41708	K65KR, S68SG, M184V, K219KR	ABC	5.3
214329	0452_41708	K65KR, S68SG, M184V, K219KR	AZT	0.2
214329	0452_41708	K65KR, S68SG, M184V, K219KR	D4T	0.6
214329	0452_41708	K65KR, S68SG, M184V, K219KR	DDI	1.4
214329	0452_41708	K65KR, S68SG, M184V, K219KR	TDF	0.7
34577	CA34577	M41L, E44D, D67N, M184V, L210W, T215Y	X3TC	200
34577	CA34577	M41L, E44D, D67N, M184V, L210W, T215Y	ABC	6.6
34577	CA34577	M41L, E44D, D67N, M184V, L210W, T215Y	AZT	54
34577	CA34577	M41L, E44D, D67N, M184V, L210W, T215Y	D4T	3.2
34577	CA34577	M41L, E44D, D67N, M184V, L210W, T215Y	DDI	2
34577	CA34577	M41L, E44D, D67N, M184V, L210W, T215Y	TDF	2
237817	4030299	M41L, D67N, K70R, M184V, T215F, K219Q	X3TC	200
237817	4030299	M41L, D67N, K70R, M184V, T215F, K219Q	ABC	7
237817	4030299	M41L, D67N, K70R, M184V, T215F, K219Q	AZT	60
237817	4030299	M41L, D67N, K70R, M184V, T215F, K219Q	D4T	2
237817	4030299	M41L, D67N, K70R, M184V, T215F, K219Q	DDI	2.7
237817	4030299	M41L, D67N, K70R, M184V, T215F, K219Q	TDF	1.9
13491	CA13491	M41L, D67N, K70R, T215F	X3TC	3
13491	CA13491	M41L, D67N, K70R, T215F	ABC	2.5
13491	CA13491	M41L, D67N, K70R, T215F	AZT	445
13491	CA13491	M41L, D67N, K70R, T215F	D4T	2.4
13491	CA13491	M41L, D67N, K70R, T215F	DDI	1.2
13491	CA13491	M41L, D67N, K70R, T215F	TDF	NA
214347	12-150721	Y115F, M184V, T215F, K219E	X3TC	200
214347	12-150721	Y115F, M184V, T215F, K219E	ABC	11
214347	12-150721	Y115F, M184V, T215F, K219E	AZT	0.5
214347	12-150721	Y115F, M184V, T215F, K219E	D4T	0.9
214347	12-150721	Y115F, M184V, T215F, K219E	DDI	1.6
214347	12-150721	Y115F, M184V, T215F, K219E	TDF	0.9
24639	CA24639	M41L, E44D, V75M, L210W, T215Y, K219N	X3TC	4.5
24639	CA24639	M41L, E44D, V75M, L210W, T215Y, K219N	ABC	3.4
24639	CA24639	M41L, E44D, V75M, L210W, T215Y, K219N	AZT	124
24639	CA24639	M41L, E44D, V75M, L210W, T215Y, K219N	D4T	4.3
24639	CA24639	M41L, E44D, V75M, L210W, T215Y, K219N	DDI	1.7
24639	CA24639	M41L, E44D, V75M, L210W, T215Y, K219N	TDF	2.1
11001	CA11001	M41L, D67N, L210W, T215Y	X3TC	4
11001	CA11001	M41L, D67N, L210W, T215Y	ABC	4.9
11001	CA11001	M41L, D67N, L210W, T215Y	AZT	NA
11001	CA11001	M41L, D67N, L210W, T215Y	D4T	2.4
11001	CA11001	M41L, D67N, L210W, T215Y	DDI	1.6
11001	CA11001	M41L, D67N, L210W, T215Y	TDF	7
237833	13-101091		X3TC	1.1
237833	13-101091		ABC	1
237833	13-101091		AZT	0.8
237833	13-101091		D4T	0.8
237833	13-101091		DDI	1
237833	13-101091		TDF	0.9
14753	CA14753	M41L, E44EA, D67N, L74V, L210W, T215Y, K219N	X3TC	11
14753	CA14753	M41L, E44EA, D67N, L74V, L210W, T215Y, K219N	ABC	4.6
14753	CA14753	M41L, E44EA, D67N, L74V, L210W, T215Y, K219N	AZT	69
14753	CA14753	M41L, E44EA, D67N, L74V, L210W, T215Y, K219N	D4T	3.2
14753	CA14753	M41L, E44EA, D67N, L74V, L210W, T215Y, K219N	DDI	1.8
14753	CA14753	M41L, E44EA, D67N, L74V, L210W, T215Y, K219N	TDF	2.3
7758	CA7758	M41L, A62V, D67N, L74I, M184V, L210W, T215F, K219Q	X3TC	200
7758	CA7758	M41L, A62V, D67N, L74I, M184V, L210W, T215F, K219Q	ABC	7
7758	CA7758	M41L, A62V, D67N, L74I, M184V, L210W, T215F, K219Q	AZT	77
7758	CA7758	M41L, A62V, D67N, L74I, M184V, L210W, T215F, K219Q	D4T	2.7
7758	CA7758	M41L, A62V, D67N, L74I, M184V, L210W, T215F, K219Q	DDI	2.1
7758	CA7758	M41L, A62V, D67N, L74I, M184V, L210W, T215F, K219Q	TDF	NA
38359	CA38359	M41L, A62V, S68G, T69A_VG, L210W, T215Y	X3TC	83
38359	CA38359	M41L, A62V, S68G, T69A_VG, L210W, T215Y	ABC	170
38359	CA38359	M41L, A62V, S68G, T69A_VG, L210W, T215Y	AZT	NA
38359	CA38359	M41L, A62V, S68G, T69A_VG, L210W, T215Y	D4T	20
38359	CA38359	M41L, A62V, S68G, T69A_VG, L210W, T215Y	DDI	14
38359	CA38359	M41L, A62V, S68G, T69A_VG, L210W, T215Y	TDF	51
38271	CA38271	M41L, D67N, T69D, K70R, M184V, T215F, K219Q	X3TC	200
38271	CA38271	M41L, D67N, T69D, K70R, M184V, T215F, K219Q	ABC	7.3
38271	CA38271	M41L, D67N, T69D, K70R, M184V, T215F, K219Q	AZT	153
38271	CA38271	M41L, D67N, T69D, K70R, M184V, T215F, K219Q	D4T	2
38271	CA38271	M41L, D67N, T69D, K70R, M184V, T215F, K219Q	DDI	1.7
38271	CA38271	M41L, D67N, T69D, K70R, M184V, T215F, K219Q	TDF	2.3
214379	413-111605	M41L, D67N, K70R, L74I, V75T, T215F, K219Q	X3TC	3.2
214379	413-111605	M41L, D67N, K70R, L74I, V75T, T215F, K219Q	ABC	4
214379	413-111605	M41L, D67N, K70R, L74I, V75T, T215F, K219Q	AZT	63
214379	413-111605	M41L, D67N, K70R, L74I, V75T, T215F, K219Q	D4T	3.9
214379	413-111605	M41L, D67N, K70R, L74I, V75T, T215F, K219Q	DDI	2.1
214379	413-111605	M41L, D67N, K70R, L74I, V75T, T215F, K219Q	TDF	1.9
24272	CA24272	L74LV, Y115F, M184V	X3TC	200
24272	CA24272	L74LV, Y115F, M184V	ABC	9.6
24272	CA24272	L74LV, Y115F, M184V	AZT	0.5
24272	CA24272	L74LV, Y115F, M184V	D4T	0.9
24272	CA24272	L74LV, Y115F, M184V	DDI	2.3
24272	CA24272	L74LV, Y115F, M184V	TDF	0.7
12496	CA12496	M41L, D67N, L74V, M184V, L210W, T215Y	X3TC	200
12496	CA12496	M41L, D67N, L74V, M184V, L210W, T215Y	ABC	5.6
12496	CA12496	M41L, D67N, L74V, M184V, L210W, T215Y	AZT	1.7
12496	CA12496	M41L, D67N, L74V, M184V, L210W, T215Y	D4T	2
12496	CA12496	M41L, D67N, L74V, M184V, L210W, T215Y	DDI	1.6
12496	CA12496	M41L, D67N, L74V, M184V, L210W, T215Y	TDF	NA
40819	CA1317-5/3	A62V, S68G, K70N, V75I, F77L, Y115F, F116Y, Q151M, M184V	X3TC	200
40819	CA1317-5/3	A62V, S68G, K70N, V75I, F77L, Y115F, F116Y, Q151M, M184V	ABC	20
40819	CA1317-5/3	A62V, S68G, K70N, V75I, F77L, Y115F, F116Y, Q151M, M184V	AZT	987
40819	CA1317-5/3	A62V, S68G, K70N, V75I, F77L, Y115F, F116Y, Q151M, M184V	D4T	8.6
40819	CA1317-5/3	A62V, S68G, K70N, V75I, F77L, Y115F, F116Y, Q151M, M184V	DDI	29
40819	CA1317-5/3	A62V, S68G, K70N, V75I, F77L, Y115F, F116Y, Q151M, M184V	TDF	2.2
23585	CA23585	M41L, L74V, T215Y	X3TC	1.7
23585	CA23585	M41L, L74V, T215Y	ABC	2.4
23585	CA23585	M41L, L74V, T215Y	AZT	4
23585	CA23585	M41L, L74V, T215Y	D4T	1.6
23585	CA23585	M41L, L74V, T215Y	DDI	1.6
23585	CA23585	M41L, L74V, T215Y	TDF	0.7
20223	CA20223	M41L, A62V, S68G, V75T, M184V, T215Y	X3TC	200
20223	CA20223	M41L, A62V, S68G, V75T, M184V, T215Y	ABC	5.6
20223	CA20223	M41L, A62V, S68G, V75T, M184V, T215Y	AZT	2.6
20223	CA20223	M41L, A62V, S68G, V75T, M184V, T215Y	D4T	1.9
20223	CA20223	M41L, A62V, S68G, V75T, M184V, T215Y	DDI	2.2
20223	CA20223	M41L, A62V, S68G, V75T, M184V, T215Y	TDF	NA
40736	SHNY-11		X3TC	1
40736	SHNY-11		ABC	1.2
40736	SHNY-11		AZT	2.4
40736	SHNY-11		D4T	1.1
40736	SHNY-11		DDI	0.9
40736	SHNY-11		TDF	1.3
24345	CA24345	M41L, D67G, S68G, T69D, K70R, M184V, T215F	X3TC	200
24345	CA24345	M41L, D67G, S68G, T69D, K70R, M184V, T215F	ABC	5.1
24345	CA24345	M41L, D67G, S68G, T69D, K70R, M184V, T215F	AZT	18
24345	CA24345	M41L, D67G, S68G, T69D, K70R, M184V, T215F	D4T	1.9
24345	CA24345	M41L, D67G, S68G, T69D, K70R, M184V, T215F	DDI	1.6
24345	CA24345	M41L, D67G, S68G, T69D, K70R, M184V, T215F	TDF	1.3
214331	0342-09605	K70R	X3TC	1.4
214331	0342-09605	K70R	ABC	1.2
214331	0342-09605	K70R	AZT	2.4
214331	0342-09605	K70R	D4T	1
214331	0342-09605	K70R	DDI	1.1
214331	0342-09605	K70R	TDF	1
24786	CA24786	M41L, E44D, D67N, T69D, L74I, L210W, T215Y	X3TC	12
24786	CA24786	M41L, E44D, D67N, T69D, L74I, L210W, T215Y	ABC	6.8
24786	CA24786	M41L, E44D, D67N, T69D, L74I, L210W, T215Y	AZT	NA
24786	CA24786	M41L, E44D, D67N, T69D, L74I, L210W, T215Y	D4T	5.6
24786	CA24786	M41L, E44D, D67N, T69D, L74I, L210W, T215Y	DDI	2.4
24786	CA24786	M41L, E44D, D67N, T69D, L74I, L210W, T215Y	TDF	6.9
214369	1939-7512	M184V	X3TC	200
214369	1939-7512	M184V	ABC	1.8
214369	1939-7512	M184V	AZT	0.1
214369	1939-7512	M184V	D4T	0.5
214369	1939-7512	M184V	DDI	0.9
214369	1939-7512	M184V	TDF	0.3
12835	CA12835	K70R, M184V	X3TC	200
12835	CA12835	K70R, M184V	ABC	2.2
12835	CA12835	K70R, M184V	AZT	1.1
12835	CA12835	K70R, M184V	D4T	0.7
12835	CA12835	K70R, M184V	DDI	1.5
12835	CA12835	K70R, M184V	TDF	NA
33149	SHNY-2-RT	M184V	X3TC	200
33149	SHNY-2-RT	M184V	ABC	3.8
33149	SHNY-2-RT	M184V	AZT	0.6
33149	SHNY-2-RT	M184V	D4T	0.8
33149	SHNY-2-RT	M184V	DDI	1.5
33149	SHNY-2-RT	M184V	TDF	NA
236581	A076	D67N, K70R, M184V, K219Q	X3TC	200
236581	A076	D67N, K70R, M184V, K219Q	ABC	5.7
236581	A076	D67N, K70R, M184V, K219Q	AZT	3
236581	A076	D67N, K70R, M184V, K219Q	D4T	1.6
236581	A076	D67N, K70R, M184V, K219Q	DDI	1.5
236581	A076	D67N, K70R, M184V, K219Q	TDF	1.3
24066	CA24066	D67N, M184V, K219Q	X3TC	200
24066	CA24066	D67N, M184V, K219Q	ABC	3
24066	CA24066	D67N, M184V, K219Q	AZT	1.4
24066	CA24066	D67N, M184V, K219Q	D4T	0.5
24066	CA24066	D67N, M184V, K219Q	DDI	1.4
24066	CA24066	D67N, M184V, K219Q	TDF	0.7
236575	A083	M41L, D67N, T69D, M184V, L210W, T215Y	X3TC	200
236575	A083	M41L, D67N, T69D, M184V, L210W, T215Y	ABC	7.4
236575	A083	M41L, D67N, T69D, M184V, L210W, T215Y	AZT	13
236575	A083	M41L, D67N, T69D, M184V, L210W, T215Y	D4T	3.8
236575	A083	M41L, D67N, T69D, M184V, L210W, T215Y	DDI	2.4
236575	A083	M41L, D67N, T69D, M184V, L210W, T215Y	TDF	1.7
214381	4130-11705	S68G, T69SGE, T215Y	X3TC	20
214381	4130-11705	S68G, T69SGE, T215Y	ABC	200
214381	4130-11705	S68G, T69SGE, T215Y	AZT	200
214381	4130-11705	S68G, T69SGE, T215Y	D4T	200
214381	4130-11705	S68G, T69SGE, T215Y	DDI	7.2
214381	4130-11705	S68G, T69SGE, T215Y	TDF	17
236599	A068		X3TC	1
236599	A068		ABC	0.8
236599	A068		AZT	1.4
236599	A068		D4T	1
236599	A068		DDI	1.1
236599	A068		TDF	0.9
34500	CA34500	M184V	X3TC	200
34500	CA34500	M184V	ABC	3
34500	CA34500	M184V	AZT	0.9
34500	CA34500	M184V	D4T	1
34500	CA34500	M184V	DDI	1.6
34500	CA34500	M184V	TDF	0.6
9896	CA9896	D67N, T215F, K219Q	X3TC	3.6
9896	CA9896	D67N, T215F, K219Q	ABC	1.7
9896	CA9896	D67N, T215F, K219Q	AZT	7.2
9896	CA9896	D67N, T215F, K219Q	D4T	1.5
9896	CA9896	D67N, T215F, K219Q	DDI	1.1
9896	CA9896	D67N, T215F, K219Q	TDF	NA
214359	1939-32812		X3TC	1.1
214359	1939-32812		ABC	0.9
214359	1939-32812		AZT	0.5
214359	1939-32812		D4T	0.9
214359	1939-32812		DDI	0.9
214359	1939-32812		TDF	0.8
214343	12-141970		X3TC	0.9
214343	12-141970		ABC	0.8
214343	12-141970		AZT	0.4
214343	12-141970		D4T	1
214343	12-141970		DDI	1
214343	12-141970		TDF	0.8
237829	13-117351	D67DN, K70KR, M184I, K219E	X3TC	200
237829	13-117351	D67DN, K70KR, M184I, K219E	ABC	1.6
237829	13-117351	D67DN, K70KR, M184I, K219E	AZT	0.6
237829	13-117351	D67DN, K70KR, M184I, K219E	D4T	0.6
237829	13-117351	D67DN, K70KR, M184I, K219E	DDI	1
237829	13-117351	D67DN, K70KR, M184I, K219E	TDF	0.5
38503	CA38503	S68G	X3TC	1.7
38503	CA38503	S68G	ABC	1
38503	CA38503	S68G	AZT	0.4
38503	CA38503	S68G	D4T	0.7
38503	CA38503	S68G	DDI	0.9
38503	CA38503	S68G	TDF	0.6
3798	CA3798	D67N, K70R, T215I, K219E	X3TC	1.8
3798	CA3798	D67N, K70R, T215I, K219E	ABC	1.5
3798	CA3798	D67N, K70R, T215I, K219E	AZT	7.1
3798	CA3798	D67N, K70R, T215I, K219E	D4T	1.2
3798	CA3798	D67N, K70R, T215I, K219E	DDI	1.1
3798	CA3798	D67N, K70R, T215I, K219E	TDF	1.1
34677	CA34677		X3TC	1.3
34677	CA34677		ABC	1
34677	CA34677		AZT	0.7
34677	CA34677		D4T	0.9
34677	CA34677		DDI	1
34677	CA34677		TDF	0.7
14139	CA14139	M41L, D67N, F116Y, Q151M, T215F, K219Q	X3TC	6.6
14139	CA14139	M41L, D67N, F116Y, Q151M, T215F, K219Q	ABC	8
14139	CA14139	M41L, D67N, F116Y, Q151M, T215F, K219Q	AZT	39
14139	CA14139	M41L, D67N, F116Y, Q151M, T215F, K219Q	D4T	8.9
14139	CA14139	M41L, D67N, F116Y, Q151M, T215F, K219Q	DDI	6.4
14139	CA14139	M41L, D67N, F116Y, Q151M, T215F, K219Q	TDF	NA
192066	CA192066		X3TC	1
192066	CA192066		ABC	0.7
192066	CA192066		AZT	0.3
192066	CA192066		D4T	0.7
192066	CA192066		DDI	0.7
192066	CA192066		TDF	0.6
4919	CA4919	M41L, D67N, L210W, T215Y	X3TC	6.2
4919	CA4919	M41L, D67N, L210W, T215Y	ABC	4.5
4919	CA4919	M41L, D67N, L210W, T215Y	AZT	NA
4919	CA4919	M41L, D67N, L210W, T215Y	D4T	2.4
4919	CA4919	M41L, D67N, L210W, T215Y	DDI	1.6
4919	CA4919	M41L, D67N, L210W, T215Y	TDF	5
37989	CA37989	K65R	X3TC	7.8
37989	CA37989	K65R	ABC	1.7
37989	CA37989	K65R	AZT	0.4
37989	CA37989	K65R	D4T	1.6
37989	CA37989	K65R	DDI	2.8
37989	CA37989	K65R	TDF	1.6
34751	CA34751	M184V	X3TC	200
34751	CA34751	M184V	ABC	3.2
34751	CA34751	M184V	AZT	0.2
34751	CA34751	M184V	D4T	0.6
34751	CA34751	M184V	DDI	1.6
34751	CA34751	M184V	TDF	0.4
9078	CA9078	M184V	X3TC	200
9078	CA9078	M184V	ABC	2.7
9078	CA9078	M184V	AZT	0.4
9078	CA9078	M184V	D4T	0.8
9078	CA9078	M184V	DDI	1.3
9078	CA9078	M184V	TDF	NA
34623	CA34623	S68G, M184V, L210LW, T215Y	X3TC	200
34623	CA34623	S68G, M184V, L210LW, T215Y	ABC	4.8
34623	CA34623	S68G, M184V, L210LW, T215Y	AZT	16
34623	CA34623	S68G, M184V, L210LW, T215Y	D4T	1.6
34623	CA34623	S68G, M184V, L210LW, T215Y	DDI	1.8
34623	CA34623	S68G, M184V, L210LW, T215Y	TDF	1
19952	CA19952	A62V, D67E, T69S_SS, T215Y	X3TC	11
19952	CA19952	A62V, D67E, T69S_SS, T215Y	ABC	15
19952	CA19952	A62V, D67E, T69S_SS, T215Y	AZT	NA
19952	CA19952	A62V, D67E, T69S_SS, T215Y	D4T	9.1
19952	CA19952	A62V, D67E, T69S_SS, T215Y	DDI	3.2
19952	CA19952	A62V, D67E, T69S_SS, T215Y	TDF	18
236569	A070		X3TC	1.2
236569	A070		ABC	0.9
236569	A070		AZT	0.9
236569	A070		D4T	0.9
236569	A070		DDI	1
236569	A070		TDF	0.8
14681	CA14681	M41L, L210W, T215Y	X3TC	1.4
14681	CA14681	M41L, L210W, T215Y	ABC	2
14681	CA14681	M41L, L210W, T215Y	AZT	13
14681	CA14681	M41L, L210W, T215Y	D4T	1.9
14681	CA14681	M41L, L210W, T215Y	DDI	1.1
14681	CA14681	M41L, L210W, T215Y	TDF	NA
214383	4535-71206	A62V, D67E, T69S_SS, L210W, T215Y	X3TC	12
214383	4535-71206	A62V, D67E, T69S_SS, L210W, T215Y	ABC	20
214383	4535-71206	A62V, D67E, T69S_SS, L210W, T215Y	AZT	200
214383	4535-71206	A62V, D67E, T69S_SS, L210W, T215Y	D4T	15
214383	4535-71206	A62V, D67E, T69S_SS, L210W, T215Y	DDI	4.2
214383	4535-71206	A62V, D67E, T69S_SS, L210W, T215Y	TDF	20
10948	CA10948	L74V	X3TC	2.9
10948	CA10948	L74V	ABC	2.5
10948	CA10948	L74V	AZT	0.2
10948	CA10948	L74V	D4T	0.9
10948	CA10948	L74V	DDI	2.1
10948	CA10948	L74V	TDF	0.5
42021	KSC-4	M41L, M184V, L210W, T215Y	X3TC	200
42021	KSC-4	M41L, M184V, L210W, T215Y	ABC	5.9
42021	KSC-4	M41L, M184V, L210W, T215Y	AZT	26
42021	KSC-4	M41L, M184V, L210W, T215Y	D4T	2
42021	KSC-4	M41L, M184V, L210W, T215Y	DDI	1.9
42021	KSC-4	M41L, M184V, L210W, T215Y	TDF	1.1
11970	CA11970	D67N, T69D, K70R, M184V, T215F, K219Q	X3TC	200
11970	CA11970	D67N, T69D, K70R, M184V, T215F, K219Q	ABC	5.1
11970	CA11970	D67N, T69D, K70R, M184V, T215F, K219Q	AZT	18
11970	CA11970	D67N, T69D, K70R, M184V, T215F, K219Q	D4T	1.9
11970	CA11970	D67N, T69D, K70R, M184V, T215F, K219Q	DDI	1.9
11970	CA11970	D67N, T69D, K70R, M184V, T215F, K219Q	TDF	NA
23687	CA23687	M41L, D67N, M184V, T215F, K219Q	X3TC	200
23687	CA23687	M41L, D67N, M184V, T215F, K219Q	ABC	6.6
23687	CA23687	M41L, D67N, M184V, T215F, K219Q	AZT	18
23687	CA23687	M41L, D67N, M184V, T215F, K219Q	D4T	1.8
23687	CA23687	M41L, D67N, M184V, T215F, K219Q	DDI	1.7
23687	CA23687	M41L, D67N, M184V, T215F, K219Q	TDF	1.4
11722	CA11722		X3TC	1.1
11722	CA11722		ABC	0.8
11722	CA11722		AZT	0.9
11722	CA11722		D4T	0.8
11722	CA11722		DDI	0.9
11722	CA11722		TDF	NA
14471	CA14471		X3TC	1.1
14471	CA14471		ABC	1
14471	CA14471		AZT	0.5
14471	CA14471		D4T	1.1
14471	CA14471		DDI	0.8
14471	CA14471		TDF	NA
37772	CA37772	M41L, D67N, T69D, K70R, M184V, L210W, T215Y, K219Q	X3TC	200
37772	CA37772	M41L, D67N, T69D, K70R, M184V, L210W, T215Y, K219Q	ABC	9.4
37772	CA37772	M41L, D67N, T69D, K70R, M184V, L210W, T215Y, K219Q	AZT	14
37772	CA37772	M41L, D67N, T69D, K70R, M184V, L210W, T215Y, K219Q	D4T	2.7
37772	CA37772	M41L, D67N, T69D, K70R, M184V, L210W, T215Y, K219Q	DDI	2
37772	CA37772	M41L, D67N, T69D, K70R, M184V, L210W, T215Y, K219Q	TDF	1.3
11204	CA11204	M41L, E44D, D67DN, T69D, M184V, L210W, T215Y, K219R	X3TC	200
11204	CA11204	M41L, E44D, D67DN, T69D, M184V, L210W, T215Y, K219R	ABC	7.4
11204	CA11204	M41L, E44D, D67DN, T69D, M184V, L210W, T215Y, K219R	AZT	50
11204	CA11204	M41L, E44D, D67DN, T69D, M184V, L210W, T215Y, K219R	D4T	3.9
11204	CA11204	M41L, E44D, D67DN, T69D, M184V, L210W, T215Y, K219R	DDI	2.2
11204	CA11204	M41L, E44D, D67DN, T69D, M184V, L210W, T215Y, K219R	TDF	NA
214355	1939-1706		X3TC	1
214355	1939-1706		ABC	0.8
214355	1939-1706		AZT	0.6
214355	1939-1706		D4T	0.8
214355	1939-1706		DDI	1.2
214355	1939-1706		TDF	0.6
214337	10571917		X3TC	1.6
214337	10571917		ABC	1.1
214337	10571917		AZT	0.9
214337	10571917		D4T	0.9
214337	10571917		DDI	1.2
214337	10571917		TDF	1.1
13682	CA13682	M41L, L74V, M184V, T215Y	X3TC	200
13682	CA13682	M41L, L74V, M184V, T215Y	ABC	8.5
13682	CA13682	M41L, L74V, M184V, T215Y	AZT	2.6
13682	CA13682	M41L, L74V, M184V, T215Y	D4T	1.6
13682	CA13682	M41L, L74V, M184V, T215Y	DDI	2.8
13682	CA13682	M41L, L74V, M184V, T215Y	TDF	0.6
9355	CA9355	M41L, E44D, D67N, T69D, L210W, T215Y	X3TC	7.1
9355	CA9355	M41L, E44D, D67N, T69D, L210W, T215Y	ABC	7
9355	CA9355	M41L, E44D, D67N, T69D, L210W, T215Y	AZT	259
9355	CA9355	M41L, E44D, D67N, T69D, L210W, T215Y	D4T	4.4
9355	CA9355	M41L, E44D, D67N, T69D, L210W, T215Y	DDI	2.4
9355	CA9355	M41L, E44D, D67N, T69D, L210W, T215Y	TDF	NA
237825	12-159534		X3TC	1
237825	12-159534		ABC	0.8
237825	12-159534		AZT	0.5
237825	12-159534		D4T	0.8
237825	12-159534		DDI	0.9
237825	12-159534		TDF	0.6
214363	1939-5310	M184MV	X3TC	1.9
214363	1939-5310	M184MV	ABC	1.4
214363	1939-5310	M184MV	AZT	0.7
214363	1939-5310	M184MV	D4T	0.9
214363	1939-5310	M184MV	DDI	1.3
214363	1939-5310	M184MV	TDF	0.7
214373	25330616	M184V	X3TC	200
214373	25330616	M184V	ABC	2.7
214373	25330616	M184V	AZT	0.3
214373	25330616	M184V	D4T	0.8
214373	25330616	M184V	DDI	2
214373	25330616	M184V	TDF	0.5
34844	CA34844	M41ML, T69DN, K70KR, M184V, T215F	X3TC	200
34844	CA34844	M41ML, T69DN, K70KR, M184V, T215F	ABC	3.5
34844	CA34844	M41ML, T69DN, K70KR, M184V, T215F	AZT	4.3
34844	CA34844	M41ML, T69DN, K70KR, M184V, T215F	D4T	2.5
34844	CA34844	M41ML, T69DN, K70KR, M184V, T215F	DDI	2.6
34844	CA34844	M41ML, T69DN, K70KR, M184V, T215F	TDF	1.4
34877	CA34877	M41L, T69S_SA, L210W, T215Y	X3TC	25
34877	CA34877	M41L, T69S_SA, L210W, T215Y	ABC	18
34877	CA34877	M41L, T69S_SA, L210W, T215Y	AZT	NA
34877	CA34877	M41L, T69S_SA, L210W, T215Y	D4T	8.6
34877	CA34877	M41L, T69S_SA, L210W, T215Y	DDI	3.7
34877	CA34877	M41L, T69S_SA, L210W, T215Y	TDF	7.1
9268	CA9268		X3TC	0.9
9268	CA9268		ABC	0.8
9268	CA9268		AZT	0.5
9268	CA9268		D4T	0.8
9268	CA9268		DDI	1
9268	CA9268		TDF	0.7
10555	CA10555	M41L, D67N, T69D, K70R, M184V, T215F	X3TC	200
10555	CA10555	M41L, D67N, T69D, K70R, M184V, T215F	ABC	3.7
10555	CA10555	M41L, D67N, T69D, K70R, M184V, T215F	AZT	12
10555	CA10555	M41L, D67N, T69D, K70R, M184V, T215F	D4T	1.5
10555	CA10555	M41L, D67N, T69D, K70R, M184V, T215F	DDI	1.4
10555	CA10555	M41L, D67N, T69D, K70R, M184V, T215F	TDF	1.3
9128	CA9128	M41L, E44A, D67N, L210W, T215Y, K219N	X3TC	3.9
9128	CA9128	M41L, E44A, D67N, L210W, T215Y, K219N	ABC	5.3
9128	CA9128	M41L, E44A, D67N, L210W, T215Y, K219N	AZT	216
9128	CA9128	M41L, E44A, D67N, L210W, T215Y, K219N	D4T	4.2
9128	CA9128	M41L, E44A, D67N, L210W, T215Y, K219N	DDI	1.8
9128	CA9128	M41L, E44A, D67N, L210W, T215Y, K219N	TDF	NA
8046	CA8046	E40F, M41L, D67N, V75M, M184V, L210W, T215Y, K219Q	X3TC	200
8046	CA8046	E40F, M41L, D67N, V75M, M184V, L210W, T215Y, K219Q	ABC	12
8046	CA8046	E40F, M41L, D67N, V75M, M184V, L210W, T215Y, K219Q	AZT	NA
8046	CA8046	E40F, M41L, D67N, V75M, M184V, L210W, T215Y, K219Q	D4T	7.2
8046	CA8046	E40F, M41L, D67N, V75M, M184V, L210W, T215Y, K219Q	DDI	2.4
8046	CA8046	E40F, M41L, D67N, V75M, M184V, L210W, T215Y, K219Q	TDF	3.7
4256	CA4256	M41L, E44D, V75M, M184V, L210W, T215Y	X3TC	200
4256	CA4256	M41L, E44D, V75M, M184V, L210W, T215Y	ABC	3.7
4256	CA4256	M41L, E44D, V75M, M184V, L210W, T215Y	AZT	4.5
4256	CA4256	M41L, E44D, V75M, M184V, L210W, T215Y	D4T	2
4256	CA4256	M41L, E44D, V75M, M184V, L210W, T215Y	DDI	1.3
4256	CA4256	M41L, E44D, V75M, M184V, L210W, T215Y	TDF	NA
236573	A089	M41L, L210W, T215Y	X3TC	2.4
236573	A089	M41L, L210W, T215Y	ABC	3.1
236573	A089	M41L, L210W, T215Y	AZT	88
236573	A089	M41L, L210W, T215Y	D4T	3.2
236573	A089	M41L, L210W, T215Y	DDI	1.3
236573	A089	M41L, L210W, T215Y	TDF	3.1
23844	CA23844	M41L, K65R, D67N, S68G, V75I, F77L, Y115F, F116Y, Q151M, M184I, K219Q	X3TC	200
23844	CA23844	M41L, K65R, D67N, S68G, V75I, F77L, Y115F, F116Y, Q151M, M184I, K219Q	ABC	20
23844	CA23844	M41L, K65R, D67N, S68G, V75I, F77L, Y115F, F116Y, Q151M, M184I, K219Q	AZT	NA
23844	CA23844	M41L, K65R, D67N, S68G, V75I, F77L, Y115F, F116Y, Q151M, M184I, K219Q	D4T	26
23844	CA23844	M41L, K65R, D67N, S68G, V75I, F77L, Y115F, F116Y, Q151M, M184I, K219Q	DDI	45
23844	CA23844	M41L, K65R, D67N, S68G, V75I, F77L, Y115F, F116Y, Q151M, M184I, K219Q	TDF	5.2
41193	WAEN_F		X3TC	1
41193	WAEN_F		ABC	0.8
41193	WAEN_F		AZT	0.4
41193	WAEN_F		D4T	0.9
41193	WAEN_F		DDI	0.7
41193	WAEN_F		TDF	0.7
38175	CA38175		X3TC	1.1
38175	CA38175		ABC	0.9
38175	CA38175		AZT	0.9
38175	CA38175		D4T	1.1
38175	CA38175		DDI	1
38175	CA38175		TDF	0.9
38213	CA38213	K65R	X3TC	9.6
38213	CA38213	K65R	ABC	2.5
38213	CA38213	K65R	AZT	0.7
38213	CA38213	K65R	D4T	2.1
38213	CA38213	K65R	DDI	3.1
38213	CA38213	K65R	TDF	2
24256	CA24256	D67G, K70R, M184V, K219E	X3TC	200
24256	CA24256	D67G, K70R, M184V, K219E	ABC	3.8
24256	CA24256	D67G, K70R, M184V, K219E	AZT	0.5
24256	CA24256	D67G, K70R, M184V, K219E	D4T	0.8
24256	CA24256	D67G, K70R, M184V, K219E	DDI	2.3
24256	CA24256	D67G, K70R, M184V, K219E	TDF	0.5
5025	CA5025	M41L, D67N, T69D, K70R, L74V, M184V, T215F, K219Q	X3TC	200
5025	CA5025	M41L, D67N, T69D, K70R, L74V, M184V, T215F, K219Q	ABC	6.3
5025	CA5025	M41L, D67N, T69D, K70R, L74V, M184V, T215F, K219Q	AZT	5.2
5025	CA5025	M41L, D67N, T69D, K70R, L74V, M184V, T215F, K219Q	D4T	1.4
5025	CA5025	M41L, D67N, T69D, K70R, L74V, M184V, T215F, K219Q	DDI	1.9
5025	CA5025	M41L, D67N, T69D, K70R, L74V, M184V, T215F, K219Q	TDF	0.9
214387	8423-61709		X3TC	1.2
214387	8423-61709		ABC	1
214387	8423-61709		AZT	0.6
214387	8423-61709		D4T	1.1
214387	8423-61709		DDI	0.9
214387	8423-61709		TDF	0.6
35206	CA35206	D67N, K70R, M184V	X3TC	200
35206	CA35206	D67N, K70R, M184V	ABC	2
35206	CA35206	D67N, K70R, M184V	AZT	1
35206	CA35206	D67N, K70R, M184V	D4T	0.9
35206	CA35206	D67N, K70R, M184V	DDI	1.1
35206	CA35206	D67N, K70R, M184V	TDF	0.7
236593	A080	M41L, E44D, D67N, L74I, M184V, L210W, T215Y, K219R	X3TC	200
236593	A080	M41L, E44D, D67N, L74I, M184V, L210W, T215Y, K219R	ABC	14
236593	A080	M41L, E44D, D67N, L74I, M184V, L210W, T215Y, K219R	AZT	303
236593	A080	M41L, E44D, D67N, L74I, M184V, L210W, T215Y, K219R	D4T	6.3
236593	A080	M41L, E44D, D67N, L74I, M184V, L210W, T215Y, K219R	DDI	2.9
236593	A080	M41L, E44D, D67N, L74I, M184V, L210W, T215Y, K219R	TDF	2.7
16876	CA16876	M41L, L74V, L210W, T215Y	X3TC	2.7
16876	CA16876	M41L, L74V, L210W, T215Y	ABC	3.4
16876	CA16876	M41L, L74V, L210W, T215Y	AZT	57
16876	CA16876	M41L, L74V, L210W, T215Y	D4T	2.4
16876	CA16876	M41L, L74V, L210W, T215Y	DDI	1.7
16876	CA16876	M41L, L74V, L210W, T215Y	TDF	2.2
35226	CA35226	M41L, E44EA, D67N, L74V, M184V, L210W, T215Y, K219N	X3TC	200
35226	CA35226	M41L, E44EA, D67N, L74V, M184V, L210W, T215Y, K219N	ABC	9.3
35226	CA35226	M41L, E44EA, D67N, L74V, M184V, L210W, T215Y, K219N	AZT	9.4
35226	CA35226	M41L, E44EA, D67N, L74V, M184V, L210W, T215Y, K219N	D4T	2.9
35226	CA35226	M41L, E44EA, D67N, L74V, M184V, L210W, T215Y, K219N	DDI	3.1
35226	CA35226	M41L, E44EA, D67N, L74V, M184V, L210W, T215Y, K219N	TDF	1
38099	CA38099	M41L, M184V, L210W, T215Y	X3TC	200
38099	CA38099	M41L, M184V, L210W, T215Y	ABC	5.5
38099	CA38099	M41L, M184V, L210W, T215Y	AZT	18
38099	CA38099	M41L, M184V, L210W, T215Y	D4T	2.4
38099	CA38099	M41L, M184V, L210W, T215Y	DDI	1.6
38099	CA38099	M41L, M184V, L210W, T215Y	TDF	2
23876	CA23876	D67N, K70R, M184V, K219Q	X3TC	200
23876	CA23876	D67N, K70R, M184V, K219Q	ABC	6.6
23876	CA23876	D67N, K70R, M184V, K219Q	AZT	31
23876	CA23876	D67N, K70R, M184V, K219Q	D4T	2.4
23876	CA23876	D67N, K70R, M184V, K219Q	DDI	2.1
23876	CA23876	D67N, K70R, M184V, K219Q	TDF	2
23708	CA23708	K70KR, M184V, T215F	X3TC	200
23708	CA23708	K70KR, M184V, T215F	ABC	6.2
23708	CA23708	K70KR, M184V, T215F	AZT	4.1
23708	CA23708	K70KR, M184V, T215F	D4T	1.4
23708	CA23708	K70KR, M184V, T215F	DDI	2.2
23708	CA23708	K70KR, M184V, T215F	TDF	1.2
24457	CA24457	M41L, D67DN, M184V, L210W, T215Y	X3TC	200
24457	CA24457	M41L, D67DN, M184V, L210W, T215Y	ABC	5.5
24457	CA24457	M41L, D67DN, M184V, L210W, T215Y	AZT	33
24457	CA24457	M41L, D67DN, M184V, L210W, T215Y	D4T	2.4
24457	CA24457	M41L, D67DN, M184V, L210W, T215Y	DDI	1.7
24457	CA24457	M41L, D67DN, M184V, L210W, T215Y	TDF	1.5
35230	CA35230	M41L, D67N, T215CY	X3TC	4.1
35230	CA35230	M41L, D67N, T215CY	ABC	2.1
35230	CA35230	M41L, D67N, T215CY	AZT	7.2
35230	CA35230	M41L, D67N, T215CY	D4T	1.7
35230	CA35230	M41L, D67N, T215CY	DDI	1.5
35230	CA35230	M41L, D67N, T215CY	TDF	1.8
38069	CA38069	D67N, M184V, K219Q	X3TC	200
38069	CA38069	D67N, M184V, K219Q	ABC	2.3
38069	CA38069	D67N, M184V, K219Q	AZT	0.4
38069	CA38069	D67N, M184V, K219Q	D4T	0.6
38069	CA38069	D67N, M184V, K219Q	DDI	1.2
38069	CA38069	D67N, M184V, K219Q	TDF	0.4
34963	CA34963	D67N, M184V, K219Q	X3TC	200
34963	CA34963	D67N, M184V, K219Q	ABC	2.7
34963	CA34963	D67N, M184V, K219Q	AZT	1
34963	CA34963	D67N, M184V, K219Q	D4T	0.7
34963	CA34963	D67N, M184V, K219Q	DDI	1.3
34963	CA34963	D67N, M184V, K219Q	TDF	0.6
214351	12-156698	M41L, E44A, D67N, V75M, M184V, L210W, T215Y, K219E	X3TC	200
214351	12-156698	M41L, E44A, D67N, V75M, M184V, L210W, T215Y, K219E	ABC	7.9
214351	12-156698	M41L, E44A, D67N, V75M, M184V, L210W, T215Y, K219E	AZT	229
214351	12-156698	M41L, E44A, D67N, V75M, M184V, L210W, T215Y, K219E	D4T	4.3
214351	12-156698	M41L, E44A, D67N, V75M, M184V, L210W, T215Y, K219E	DDI	2.1
214351	12-156698	M41L, E44A, D67N, V75M, M184V, L210W, T215Y, K219E	TDF	2.5
27643	SRW4-27643	M184V	X3TC	200
27643	SRW4-27643	M184V	ABC	1.9
27643	SRW4-27643	M184V	AZT	0.8
27643	SRW4-27643	M184V	D4T	0.7
27643	SRW4-27643	M184V	DDI	1.7
27643	SRW4-27643	M184V	TDF	NA
214333	0342-72105	M41L, D67N, K70R, L74I, V75T, T215F, K219Q	X3TC	3.6
214333	0342-72105	M41L, D67N, K70R, L74I, V75T, T215F, K219Q	ABC	3.6
214333	0342-72105	M41L, D67N, K70R, L74I, V75T, T215F, K219Q	AZT	57
214333	0342-72105	M41L, D67N, K70R, L74I, V75T, T215F, K219Q	D4T	3.4
214333	0342-72105	M41L, D67N, K70R, L74I, V75T, T215F, K219Q	DDI	2.1
214333	0342-72105	M41L, D67N, K70R, L74I, V75T, T215F, K219Q	TDF	2
214375	4047128	M41L, E44D, L74LI, M184V, L210W, T215Y	X3TC	200
214375	4047128	M41L, E44D, L74LI, M184V, L210W, T215Y	ABC	9.8
214375	4047128	M41L, E44D, L74LI, M184V, L210W, T215Y	AZT	77
214375	4047128	M41L, E44D, L74LI, M184V, L210W, T215Y	D4T	2.5
214375	4047128	M41L, E44D, L74LI, M184V, L210W, T215Y	DDI	2.7
214375	4047128	M41L, E44D, L74LI, M184V, L210W, T215Y	TDF	2.3
34971	CA34971	D67N, K70R, M184V, K219Q	X3TC	200
34971	CA34971	D67N, K70R, M184V, K219Q	ABC	3.5
34971	CA34971	D67N, K70R, M184V, K219Q	AZT	1.6
34971	CA34971	D67N, K70R, M184V, K219Q	D4T	1.3
34971	CA34971	D67N, K70R, M184V, K219Q	DDI	1.4
34971	CA34971	D67N, K70R, M184V, K219Q	TDF	0.7
12349	CA12349	M184V, K219KR	X3TC	200
12349	CA12349	M184V, K219KR	ABC	4.3
12349	CA12349	M184V, K219KR	AZT	0.2
12349	CA12349	M184V, K219KR	D4T	0.7
12349	CA12349	M184V, K219KR	DDI	1.6
12349	CA12349	M184V, K219KR	TDF	NA
13058	CA13058	M41L, D67N, K70R, V75VM, T215F, K219Q	X3TC	2.5
13058	CA13058	M41L, D67N, K70R, V75VM, T215F, K219Q	ABC	2.3
13058	CA13058	M41L, D67N, K70R, V75VM, T215F, K219Q	AZT	95
13058	CA13058	M41L, D67N, K70R, V75VM, T215F, K219Q	D4T	2
13058	CA13058	M41L, D67N, K70R, V75VM, T215F, K219Q	DDI	1.2
13058	CA13058	M41L, D67N, K70R, V75VM, T215F, K219Q	TDF	NA
23922	CA23922	M41L, M184V, L210W, T215Y	X3TC	200
23922	CA23922	M41L, M184V, L210W, T215Y	ABC	6.9
23922	CA23922	M41L, M184V, L210W, T215Y	AZT	69
23922	CA23922	M41L, M184V, L210W, T215Y	D4T	1.5
23922	CA23922	M41L, M184V, L210W, T215Y	DDI	2.2
23922	CA23922	M41L, M184V, L210W, T215Y	TDF	2
9418	CA9418	D67N, K70R, K219Q	X3TC	1.4
9418	CA9418	D67N, K70R, K219Q	ABC	2.3
9418	CA9418	D67N, K70R, K219Q	AZT	42
9418	CA9418	D67N, K70R, K219Q	D4T	2
9418	CA9418	D67N, K70R, K219Q	DDI	1
9418	CA9418	D67N, K70R, K219Q	TDF	NA
9379	CA9379	M41L, D67N, T215Y	X3TC	4.8
9379	CA9379	M41L, D67N, T215Y	ABC	1.6
9379	CA9379	M41L, D67N, T215Y	AZT	24
9379	CA9379	M41L, D67N, T215Y	D4T	1.8
9379	CA9379	M41L, D67N, T215Y	DDI	1.4
9379	CA9379	M41L, D67N, T215Y	TDF	NA
20144	CA20144	M41L, M184V, L210LW, T215Y	X3TC	NA
20144	CA20144	M41L, M184V, L210LW, T215Y	ABC	3.5
20144	CA20144	M41L, M184V, L210LW, T215Y	AZT	227
20144	CA20144	M41L, M184V, L210LW, T215Y	D4T	2
20144	CA20144	M41L, M184V, L210LW, T215Y	DDI	1.4
20144	CA20144	M41L, M184V, L210LW, T215Y	TDF	NA
237813	13-104467		X3TC	1.1
237813	13-104467		ABC	0.9
237813	13-104467		AZT	0.8
237813	13-104467		D4T	0.8
237813	13-104467		DDI	1.1
237813	13-104467		TDF	0.9
3861	CA3861	M41L, D67N, L74V, L210W, T215Y	X3TC	3
3861	CA3861	M41L, D67N, L74V, L210W, T215Y	ABC	2.2
3861	CA3861	M41L, D67N, L74V, L210W, T215Y	AZT	5.1
3861	CA3861	M41L, D67N, L74V, L210W, T215Y	D4T	2.1
3861	CA3861	M41L, D67N, L74V, L210W, T215Y	DDI	1.3
3861	CA3861	M41L, D67N, L74V, L210W, T215Y	TDF	NA
11659	CA11659	M41L, D67DN, M184V, L210W, T215Y	X3TC	200
11659	CA11659	M41L, D67DN, M184V, L210W, T215Y	ABC	6.9
11659	CA11659	M41L, D67DN, M184V, L210W, T215Y	AZT	16
11659	CA11659	M41L, D67DN, M184V, L210W, T215Y	D4T	2.3
11659	CA11659	M41L, D67DN, M184V, L210W, T215Y	DDI	1.9
11659	CA11659	M41L, D67DN, M184V, L210W, T215Y	TDF	NA
57862	CA57862	A62AV, S68SG, K70KN, V75T	X3TC	2.2
57862	CA57862	A62AV, S68SG, K70KN, V75T	ABC	3.6
57862	CA57862	A62AV, S68SG, K70KN, V75T	AZT	0.5
57862	CA57862	A62AV, S68SG, K70KN, V75T	D4T	2.3
57862	CA57862	A62AV, S68SG, K70KN, V75T	DDI	2.8
57862	CA57862	A62AV, S68SG, K70KN, V75T	TDF	1.4
10496	CA10496		X3TC	1
10496	CA10496		ABC	0.9
10496	CA10496		AZT	0.9
10496	CA10496		D4T	1
10496	CA10496		DDI	1.1
10496	CA10496		TDF	NA
236561	A087	M184MV	X3TC	9.4
236561	A087	M184MV	ABC	1.9
236561	A087	M184MV	AZT	0.6
236561	A087	M184MV	D4T	1
236561	A087	M184MV	DDI	1.1
236561	A087	M184MV	TDF	0.6
38209	CA38209	D67N, K70R, M184V, K219E	X3TC	200
38209	CA38209	D67N, K70R, M184V, K219E	ABC	3.7
38209	CA38209	D67N, K70R, M184V, K219E	AZT	9.2
38209	CA38209	D67N, K70R, M184V, K219E	D4T	1.2
38209	CA38209	D67N, K70R, M184V, K219E	DDI	1.5
38209	CA38209	D67N, K70R, M184V, K219E	TDF	1.2
17397	CA17397	M41L, E44A, D67N, L74V, L210W, T215Y, K219N	X3TC	6.2
17397	CA17397	M41L, E44A, D67N, L74V, L210W, T215Y, K219N	ABC	2.7
17397	CA17397	M41L, E44A, D67N, L74V, L210W, T215Y, K219N	AZT	25
17397	CA17397	M41L, E44A, D67N, L74V, L210W, T215Y, K219N	D4T	2
17397	CA17397	M41L, E44A, D67N, L74V, L210W, T215Y, K219N	DDI	1.2
17397	CA17397	M41L, E44A, D67N, L74V, L210W, T215Y, K219N	TDF	2.3
9099	CA9099		X3TC	1.1
9099	CA9099		ABC	1
9099	CA9099		AZT	0.3
9099	CA9099		D4T	0.8
9099	CA9099		DDI	1
9099	CA9099		TDF	0.7
237819	13-114636	T69D	X3TC	2.6
237819	13-114636	T69D	ABC	1.3
237819	13-114636	T69D	AZT	0.4
237819	13-114636	T69D	D4T	0.9
237819	13-114636	T69D	DDI	1.2
237819	13-114636	T69D	TDF	0.8
214385	4536-70706	M41L, E44D, D67N, M184V, L210W, T215Y	X3TC	200
214385	4536-70706	M41L, E44D, D67N, M184V, L210W, T215Y	ABC	12
214385	4536-70706	M41L, E44D, D67N, M184V, L210W, T215Y	AZT	261
214385	4536-70706	M41L, E44D, D67N, M184V, L210W, T215Y	D4T	5.1
214385	4536-70706	M41L, E44D, D67N, M184V, L210W, T215Y	DDI	2.9
214385	4536-70706	M41L, E44D, D67N, M184V, L210W, T215Y	TDF	3.3
34497	CA34497	M184IV	X3TC	200
34497	CA34497	M184IV	ABC	1.3
34497	CA34497	M184IV	AZT	1.3
34497	CA34497	M184IV	D4T	0.6
34497	CA34497	M184IV	DDI	0.9
34497	CA34497	M184IV	TDF	0.7
17425	CA17425	M184V	X3TC	200
17425	CA17425	M184V	ABC	3.8
17425	CA17425	M184V	AZT	0.5
17425	CA17425	M184V	D4T	0.8
17425	CA17425	M184V	DDI	1.5
17425	CA17425	M184V	TDF	NA
37875	CA37875	M41L, E44D, D67DN, M184V, L210W, T215Y	X3TC	54
37875	CA37875	M41L, E44D, D67DN, M184V, L210W, T215Y	ABC	6.7
37875	CA37875	M41L, E44D, D67DN, M184V, L210W, T215Y	AZT	90
37875	CA37875	M41L, E44D, D67DN, M184V, L210W, T215Y	D4T	3.3
37875	CA37875	M41L, E44D, D67DN, M184V, L210W, T215Y	DDI	2.2
37875	CA37875	M41L, E44D, D67DN, M184V, L210W, T215Y	TDF	2.6
11723	CA11723	M41L, D67N, T69D, L210W, T215Y	X3TC	4.4
11723	CA11723	M41L, D67N, T69D, L210W, T215Y	ABC	3.5
11723	CA11723	M41L, D67N, T69D, L210W, T215Y	AZT	745
11723	CA11723	M41L, D67N, T69D, L210W, T215Y	D4T	2.7
11723	CA11723	M41L, D67N, T69D, L210W, T215Y	DDI	1.5
11723	CA11723	M41L, D67N, T69D, L210W, T215Y	TDF	3.9
10630	CA10630	M41L, D67N, K70R, L74V, T215F, K219Q	X3TC	4.1
10630	CA10630	M41L, D67N, K70R, L74V, T215F, K219Q	ABC	4.7
10630	CA10630	M41L, D67N, K70R, L74V, T215F, K219Q	AZT	86
10630	CA10630	M41L, D67N, K70R, L74V, T215F, K219Q	D4T	2.9
10630	CA10630	M41L, D67N, K70R, L74V, T215F, K219Q	DDI	1.5
10630	CA10630	M41L, D67N, K70R, L74V, T215F, K219Q	TDF	NA
35193	CA35193	M41L, A62AV, V75I, M184V, T215Y	X3TC	200
35193	CA35193	M41L, A62AV, V75I, M184V, T215Y	ABC	4.8
35193	CA35193	M41L, A62AV, V75I, M184V, T215Y	AZT	7.6
35193	CA35193	M41L, A62AV, V75I, M184V, T215Y	D4T	1.5
35193	CA35193	M41L, A62AV, V75I, M184V, T215Y	DDI	1.7
35193	CA35193	M41L, A62AV, V75I, M184V, T215Y	TDF	1
34922	CA34922		X3TC	1.2
34922	CA34922		ABC	1.2
34922	CA34922		AZT	0.3
34922	CA34922		D4T	0.7
34922	CA34922		DDI	0.8
34922	CA34922		TDF	0.5
37949	CA37949	M41L, D67N, K70R, T215F, K219Q	X3TC	7.5
37949	CA37949	M41L, D67N, K70R, T215F, K219Q	ABC	4.6
37949	CA37949	M41L, D67N, K70R, T215F, K219Q	AZT	328
37949	CA37949	M41L, D67N, K70R, T215F, K219Q	D4T	3.1
37949	CA37949	M41L, D67N, K70R, T215F, K219Q	DDI	1.5
37949	CA37949	M41L, D67N, K70R, T215F, K219Q	TDF	3.8
34501	CA34501		X3TC	1.5
34501	CA34501		ABC	1.1
34501	CA34501		AZT	0.9
34501	CA34501		D4T	1.2
34501	CA34501		DDI	1.2
34501	CA34501		TDF	0.8
9173	CA9173		X3TC	0.8
9173	CA9173		ABC	0.8
9173	CA9173		AZT	1.4
9173	CA9173		D4T	1
9173	CA9173		DDI	0.9
9173	CA9173		TDF	NA
38265	CA38265	M184I	X3TC	200
38265	CA38265	M184I	ABC	1.7
38265	CA38265	M184I	AZT	0.2
38265	CA38265	M184I	D4T	0.7
38265	CA38265	M184I	DDI	1.3
38265	CA38265	M184I	TDF	0.3
214377	4080852	M41L, T215D	X3TC	1.5
214377	4080852	M41L, T215D	ABC	0.9
214377	4080852	M41L, T215D	AZT	0.8
214377	4080852	M41L, T215D	D4T	0.7
214377	4080852	M41L, T215D	DDI	0.9
214377	4080852	M41L, T215D	TDF	1
237145	13-102227	K219E	X3TC	1
237145	13-102227	K219E	ABC	0.7
237145	13-102227	K219E	AZT	0.4
237145	13-102227	K219E	D4T	0.8
237145	13-102227	K219E	DDI	0.9
237145	13-102227	K219E	TDF	0.8
11587	CA11587	M41L, E44D, D67N, T69D, M184V, L210W, T215Y	X3TC	200
11587	CA11587	M41L, E44D, D67N, T69D, M184V, L210W, T215Y	ABC	8
11587	CA11587	M41L, E44D, D67N, T69D, M184V, L210W, T215Y	AZT	76
11587	CA11587	M41L, E44D, D67N, T69D, M184V, L210W, T215Y	D4T	3.3
11587	CA11587	M41L, E44D, D67N, T69D, M184V, L210W, T215Y	DDI	2.1
11587	CA11587	M41L, E44D, D67N, T69D, M184V, L210W, T215Y	TDF	NA
10532	CA10532		X3TC	1.5
10532	CA10532		ABC	1.1
10532	CA10532		AZT	1.4
10532	CA10532		D4T	0.8
10532	CA10532		DDI	1.2
10532	CA10532		TDF	1.2
34849	CA34849	D67G, S68G, K70R, K219Q	X3TC	3
34849	CA34849	D67G, S68G, K70R, K219Q	ABC	1.9
34849	CA34849	D67G, S68G, K70R, K219Q	AZT	3.6
34849	CA34849	D67G, S68G, K70R, K219Q	D4T	1.7
34849	CA34849	D67G, S68G, K70R, K219Q	DDI	1.3
34849	CA34849	D67G, S68G, K70R, K219Q	TDF	1.1
236587	A079		X3TC	1.3
236587	A079		ABC	0.9
236587	A079		AZT	0.8
236587	A079		D4T	1
236587	A079		DDI	1.1
236587	A079		TDF	0.7
23667	CA23667	K70R	X3TC	1.2
23667	CA23667	K70R	ABC	1.3
23667	CA23667	K70R	AZT	3.1
23667	CA23667	K70R	D4T	1.2
23667	CA23667	K70R	DDI	1.2
23667	CA23667	K70R	TDF	1.4
38123	CA38123	D67N, K70R, L74IV, T215I, K219E	X3TC	2.8
38123	CA38123	D67N, K70R, L74IV, T215I, K219E	ABC	2.2
38123	CA38123	D67N, K70R, L74IV, T215I, K219E	AZT	18
38123	CA38123	D67N, K70R, L74IV, T215I, K219E	D4T	1.5
38123	CA38123	D67N, K70R, L74IV, T215I, K219E	DDI	1.5
38123	CA38123	D67N, K70R, L74IV, T215I, K219E	TDF	1.3
236559	A082	T215D	X3TC	1.5
236559	A082	T215D	ABC	0.8
236559	A082	T215D	AZT	0.8
236559	A082	T215D	D4T	1
236559	A082	T215D	DDI	0.9
236559	A082	T215D	TDF	0.7
17408	CA17408	M41L, S68G, L210W, T215Y	X3TC	2.1
17408	CA17408	M41L, S68G, L210W, T215Y	ABC	3
17408	CA17408	M41L, S68G, L210W, T215Y	AZT	213
17408	CA17408	M41L, S68G, L210W, T215Y	D4T	1.9
17408	CA17408	M41L, S68G, L210W, T215Y	DDI	1.1
17408	CA17408	M41L, S68G, L210W, T215Y	TDF	2.9
23192	CA23192	M41L, D67N, M184V, L210W, T215Y	X3TC	200
23192	CA23192	M41L, D67N, M184V, L210W, T215Y	ABC	4
23192	CA23192	M41L, D67N, M184V, L210W, T215Y	AZT	3.5
23192	CA23192	M41L, D67N, M184V, L210W, T215Y	D4T	1.5
23192	CA23192	M41L, D67N, M184V, L210W, T215Y	DDI	1.6
23192	CA23192	M41L, D67N, M184V, L210W, T215Y	TDF	0.9
23543	CA23543	M41L, D67N, V75M, L210W, T215Y	X3TC	9.5
23543	CA23543	M41L, D67N, V75M, L210W, T215Y	ABC	4.9
23543	CA23543	M41L, D67N, V75M, L210W, T215Y	AZT	200
23543	CA23543	M41L, D67N, V75M, L210W, T215Y	D4T	6.1
23543	CA23543	M41L, D67N, V75M, L210W, T215Y	DDI	2.2
23543	CA23543	M41L, D67N, V75M, L210W, T215Y	TDF	3.4
58186	CA58186	D67G, M184V	X3TC	200
58186	CA58186	D67G, M184V	ABC	2.2
58186	CA58186	D67G, M184V	AZT	0.5
58186	CA58186	D67G, M184V	D4T	0.8
58186	CA58186	D67G, M184V	DDI	1.4
58186	CA58186	D67G, M184V	TDF	0.5
14788	CA14788	D67N, K70R	X3TC	1.3
14788	CA14788	D67N, K70R	ABC	0.9
14788	CA14788	D67N, K70R	AZT	6.6
14788	CA14788	D67N, K70R	D4T	0.8
14788	CA14788	D67N, K70R	DDI	0.9
14788	CA14788	D67N, K70R	TDF	1.1
37914	CA37914	M41L, E44D, V75M, M184V, L210W, T215Y, K219N	X3TC	200
37914	CA37914	M41L, E44D, V75M, M184V, L210W, T215Y, K219N	ABC	7
37914	CA37914	M41L, E44D, V75M, M184V, L210W, T215Y, K219N	AZT	20
37914	CA37914	M41L, E44D, V75M, M184V, L210W, T215Y, K219N	D4T	3.3
37914	CA37914	M41L, E44D, V75M, M184V, L210W, T215Y, K219N	DDI	2.2
37914	CA37914	M41L, E44D, V75M, M184V, L210W, T215Y, K219N	TDF	2.3
237821	12-163061		X3TC	1.4
237821	12-163061		ABC	1
237821	12-163061		AZT	0.5
237821	12-163061		D4T	1
237821	12-163061		DDI	1.5
237821	12-163061		TDF	0.8
40821	CA40821	M41L, L210W, T215Y	X3TC	1.8
40821	CA40821	M41L, L210W, T215Y	ABC	2.7
40821	CA40821	M41L, L210W, T215Y	AZT	303
40821	CA40821	M41L, L210W, T215Y	D4T	2
40821	CA40821	M41L, L210W, T215Y	DDI	1.1
40821	CA40821	M41L, L210W, T215Y	TDF	3.1
214367	1939-72612	M184I, T215D	X3TC	200
214367	1939-72612	M184I, T215D	ABC	1.8
214367	1939-72612	M184I, T215D	AZT	0.4
214367	1939-72612	M184I, T215D	D4T	0.8
214367	1939-72612	M184I, T215D	DDI	1.7
214367	1939-72612	M184I, T215D	TDF	0.6
236565	A072	M184V	X3TC	200
236565	A072	M184V	ABC	2.5
236565	A072	M184V	AZT	0.3
236565	A072	M184V	D4T	0.6
236565	A072	M184V	DDI	1.2
236565	A072	M184V	TDF	0.5
14784	CA14784	M184V	X3TC	200
14784	CA14784	M184V	ABC	2.4
14784	CA14784	M184V	AZT	0.7
14784	CA14784	M184V	D4T	0.7
14784	CA14784	M184V	DDI	1.5
14784	CA14784	M184V	TDF	NA
15990	CA15990	K70R	X3TC	0.9
15990	CA15990	K70R	ABC	0.9
15990	CA15990	K70R	AZT	3.5
15990	CA15990	K70R	D4T	1.2
15990	CA15990	K70R	DDI	1
15990	CA15990	K70R	TDF	1.1
236601	A067		X3TC	1
236601	A067		ABC	0.9
236601	A067		AZT	1
236601	A067		D4T	1
236601	A067		DDI	1
236601	A067		TDF	1
39039	CA39039	M184V	X3TC	200
39039	CA39039	M184V	ABC	2.8
39039	CA39039	M184V	AZT	0.9
39039	CA39039	M184V	D4T	0.8
39039	CA39039	M184V	DDI	1.3
39039	CA39039	M184V	TDF	0.7
236589	A090		X3TC	0.9
236589	A090		ABC	1
236589	A090		AZT	0.8
236589	A090		D4T	0.9
236589	A090		DDI	0.9
236589	A090		TDF	0.9
38147	CA38147	T215Y	X3TC	2
38147	CA38147	T215Y	ABC	1.7
38147	CA38147	T215Y	AZT	8.1
38147	CA38147	T215Y	D4T	0.9
38147	CA38147	T215Y	DDI	1.1
38147	CA38147	T215Y	TDF	1.2
34456	CA34456		X3TC	1.4
34456	CA34456		ABC	1.2
34456	CA34456		AZT	0.4
34456	CA34456		D4T	0.9
34456	CA34456		DDI	1
34456	CA34456		TDF	0.7
214349	12-155411	E44ED, D67N, T69D	X3TC	2.1
214349	12-155411	E44ED, D67N, T69D	ABC	0.9
214349	12-155411	E44ED, D67N, T69D	AZT	0.6
214349	12-155411	E44ED, D67N, T69D	D4T	0.7
214349	12-155411	E44ED, D67N, T69D	DDI	0.8
214349	12-155411	E44ED, D67N, T69D	TDF	0.6
37881	CA37881	M41L, E44D, D67N, K70R, V75VA, L210W, T215Y, K219E	X3TC	5
37881	CA37881	M41L, E44D, D67N, K70R, V75VA, L210W, T215Y, K219E	ABC	4
37881	CA37881	M41L, E44D, D67N, K70R, V75VA, L210W, T215Y, K219E	AZT	151
37881	CA37881	M41L, E44D, D67N, K70R, V75VA, L210W, T215Y, K219E	D4T	4.3
37881	CA37881	M41L, E44D, D67N, K70R, V75VA, L210W, T215Y, K219E	DDI	1.7
37881	CA37881	M41L, E44D, D67N, K70R, V75VA, L210W, T215Y, K219E	TDF	2.3
37687	CA37687	M41L, M184V, L210W, T215Y	X3TC	200
37687	CA37687	M41L, M184V, L210W, T215Y	ABC	6.3
37687	CA37687	M41L, M184V, L210W, T215Y	AZT	15
37687	CA37687	M41L, M184V, L210W, T215Y	D4T	1.8
37687	CA37687	M41L, M184V, L210W, T215Y	DDI	1.9
37687	CA37687	M41L, M184V, L210W, T215Y	TDF	1.2
14704	CA14704		X3TC	0.9
14704	CA14704		ABC	1
14704	CA14704		AZT	1
14704	CA14704		D4T	0.9
14704	CA14704		DDI	1
14704	CA14704		TDF	NA
12831	CA12831	M184V	X3TC	200
12831	CA12831	M184V	ABC	3.8
12831	CA12831	M184V	AZT	0.5
12831	CA12831	M184V	D4T	0.7
12831	CA12831	M184V	DDI	1.5
12831	CA12831	M184V	TDF	NA
10564	CA10564	D67N, T69D, K70R, M184V, T215F, K219Q	X3TC	200
10564	CA10564	D67N, T69D, K70R, M184V, T215F, K219Q	ABC	4
10564	CA10564	D67N, T69D, K70R, M184V, T215F, K219Q	AZT	2.6
10564	CA10564	D67N, T69D, K70R, M184V, T215F, K219Q	D4T	1.2
10564	CA10564	D67N, T69D, K70R, M184V, T215F, K219Q	DDI	1.4
10564	CA10564	D67N, T69D, K70R, M184V, T215F, K219Q	TDF	0.7
38623	CA38623		X3TC	0.9
38623	CA38623		ABC	0.8
38623	CA38623		AZT	0.7
38623	CA38623		D4T	0.7
38623	CA38623		DDI	0.8
38623	CA38623		TDF	1
33151	SHNY-3-RT		X3TC	1.2
33151	SHNY-3-RT		ABC	0.8
33151	SHNY-3-RT		AZT	0.5
33151	SHNY-3-RT		D4T	1
33151	SHNY-3-RT		DDI	1
33151	SHNY-3-RT		TDF	NA
12326	CA12326	M184V	X3TC	200
12326	CA12326	M184V	ABC	3.5
12326	CA12326	M184V	AZT	0.6
12326	CA12326	M184V	D4T	0.8
12326	CA12326	M184V	DDI	1.6
12326	CA12326	M184V	TDF	NA
214339	11-165250		X3TC	1
214339	11-165250		ABC	0.7
214339	11-165250		AZT	1
214339	11-165250		D4T	0.9
214339	11-165250		DDI	0.8
214339	11-165250		TDF	0.9
23806	CA23806	M41L, E44D, D67N, L210W, T215Y, K219R	X3TC	12
23806	CA23806	M41L, E44D, D67N, L210W, T215Y, K219R	ABC	6.7
23806	CA23806	M41L, E44D, D67N, L210W, T215Y, K219R	AZT	200
23806	CA23806	M41L, E44D, D67N, L210W, T215Y, K219R	D4T	5.2
23806	CA23806	M41L, E44D, D67N, L210W, T215Y, K219R	DDI	2.3
23806	CA23806	M41L, E44D, D67N, L210W, T215Y, K219R	TDF	7.1
11979	CA11979	M184V	X3TC	200
11979	CA11979	M184V	ABC	3
11979	CA11979	M184V	AZT	0.4
11979	CA11979	M184V	D4T	0.6
11979	CA11979	M184V	DDI	1.4
11979	CA11979	M184V	TDF	NA
68561	CA68561	D67G, T69DN, K70R, M184V, K219Q	X3TC	200
68561	CA68561	D67G, T69DN, K70R, M184V, K219Q	ABC	4.6
68561	CA68561	D67G, T69DN, K70R, M184V, K219Q	AZT	18
68561	CA68561	D67G, T69DN, K70R, M184V, K219Q	D4T	1.2
68561	CA68561	D67G, T69DN, K70R, M184V, K219Q	DDI	1.6
68561	CA68561	D67G, T69DN, K70R, M184V, K219Q	TDF	2.4
236583	A069		X3TC	1.4
236583	A069		ABC	1.3
236583	A069		AZT	1.9
236583	A069		D4T	1
236583	A069		DDI	1.1
236583	A069		TDF	1.3
236579	A071		X3TC	0.7
236579	A071		ABC	0.9
236579	A071		AZT	1
236579	A071		D4T	0.7
236579	A071		DDI	0.7
236579	A071		TDF	1
15932	CA15932	D67N, K70R, M184V, T215Y, K219Q	X3TC	200
15932	CA15932	D67N, K70R, M184V, T215Y, K219Q	ABC	4.6
15932	CA15932	D67N, K70R, M184V, T215Y, K219Q	AZT	4.7
15932	CA15932	D67N, K70R, M184V, T215Y, K219Q	D4T	1.7
15932	CA15932	D67N, K70R, M184V, T215Y, K219Q	DDI	1.8
15932	CA15932	D67N, K70R, M184V, T215Y, K219Q	TDF	0.7
10989	CA10989	M184V	X3TC	200
10989	CA10989	M184V	ABC	3.8
10989	CA10989	M184V	AZT	0.6
10989	CA10989	M184V	D4T	0.9
10989	CA10989	M184V	DDI	1.6
10989	CA10989	M184V	TDF	NA
13679	CA13679	M41L, E44ED, D67N, L74I, M184V, L210W, T215Y	X3TC	200
13679	CA13679	M41L, E44ED, D67N, L74I, M184V, L210W, T215Y	ABC	7.7
13679	CA13679	M41L, E44ED, D67N, L74I, M184V, L210W, T215Y	AZT	2.7
13679	CA13679	M41L, E44ED, D67N, L74I, M184V, L210W, T215Y	D4T	2.4
13679	CA13679	M41L, E44ED, D67N, L74I, M184V, L210W, T215Y	DDI	2.2
13679	CA13679	M41L, E44ED, D67N, L74I, M184V, L210W, T215Y	TDF	NA
24615	CA24615		X3TC	1.1
24615	CA24615		ABC	0.7
24615	CA24615		AZT	0.5
24615	CA24615		D4T	0.8
24615	CA24615		DDI	1
24615	CA24615		TDF	0.5
236577	A074	M184V	X3TC	200
236577	A074	M184V	ABC	3.4
236577	A074	M184V	AZT	0.2
236577	A074	M184V	D4T	0.6
236577	A074	M184V	DDI	1.2
236577	A074	M184V	TDF	0.4
34910	CA34910		X3TC	1.1
34910	CA34910		ABC	0.9
34910	CA34910		AZT	1.1
34910	CA34910		D4T	0.9
34910	CA34910		DDI	1
34910	CA34910		TDF	0.9
214345	12-142865		X3TC	1.1
214345	12-142865		ABC	0.7
214345	12-142865		AZT	0.8
214345	12-142865		D4T	0.8
214345	12-142865		DDI	0.9
214345	12-142865		TDF	0.9
237865	STaR1_WK12	M184V	X3TC	92
237865	STaR1_WK12	M184V	ABC	3
237865	STaR1_WK12	M184V	AZT	0.2
237865	STaR1_WK12	M184V	D4T	0.5
237865	STaR1_WK12	M184V	DDI	1.2
237865	STaR1_WK12	M184V	TDF	0.2
237855	STaR12_B		X3TC	1.2
237855	STaR12_B		ABC	0.7
237855	STaR12_B		AZT	0.4
237855	STaR12_B		D4T	0.8
237855	STaR12_B		DDI	0.9
237855	STaR12_B		TDF	0.7
237895	STaR14_WK21	Y115YF, M184I, K219KE	X3TC	106
237895	STaR14_WK21	Y115YF, M184I, K219KE	ABC	4.4
237895	STaR14_WK21	Y115YF, M184I, K219KE	AZT	0.6
237895	STaR14_WK21	Y115YF, M184I, K219KE	D4T	0.7
237895	STaR14_WK21	Y115YF, M184I, K219KE	DDI	1.9
237895	STaR14_WK21	Y115YF, M184I, K219KE	TDF	0.8
237899	STaR16_WK48	S68G	X3TC	4
237899	STaR16_WK48	S68G	ABC	1.3
237899	STaR16_WK48	S68G	AZT	0.2
237899	STaR16_WK48	S68G	D4T	0.9
237899	STaR16_WK48	S68G	DDI	1.5
237899	STaR16_WK48	S68G	TDF	0.7
237869	STaR15_B		X3TC	1.1
237869	STaR15_B		ABC	1
237869	STaR15_B		AZT	0.8
237869	STaR15_B		D4T	1.1
237869	STaR15_B		DDI	1.3
237869	STaR15_B		TDF	1
237859	STaR3_B		X3TC	1.4
237859	STaR3_B		ABC	1
237859	STaR3_B		AZT	0.6
237859	STaR3_B		D4T	0.9
237859	STaR3_B		DDI	1
237859	STaR3_B		TDF	0.9
237875	STaR17_WK48	K70KE, M184I	X3TC	72
237875	STaR17_WK48	K70KE, M184I	ABC	3
237875	STaR17_WK48	K70KE, M184I	AZT	0.4
237875	STaR17_WK48	K70KE, M184I	D4T	0.8
237875	STaR17_WK48	K70KE, M184I	DDI	1.4
237875	STaR17_WK48	K70KE, M184I	TDF	0.6
237901	STaR2_B		X3TC	1.1
237901	STaR2_B		ABC	0.7
237901	STaR2_B		AZT	0.3
237901	STaR2_B		D4T	0.8
237901	STaR2_B		DDI	0.8
237901	STaR2_B		TDF	0.6
237843	STaR7_B		X3TC	1.2
237843	STaR7_B		ABC	1
237843	STaR7_B		AZT	0.6
237843	STaR7_B		D4T	0.9
237843	STaR7_B		DDI	1
237843	STaR7_B		TDF	0.9
237891	STaR11_WK12	M184V	X3TC	92
237891	STaR11_WK12	M184V	ABC	3
237891	STaR11_WK12	M184V	AZT	0.2
237891	STaR11_WK12	M184V	D4T	0.6
237891	STaR11_WK12	M184V	DDI	1.1
237891	STaR11_WK12	M184V	TDF	0.2
237885	STaR8_B		X3TC	1.2
237885	STaR8_B		ABC	0.9
237885	STaR8_B		AZT	0.6
237885	STaR8_B		D4T	0.9
237885	STaR8_B		DDI	1.2
237885	STaR8_B		TDF	0.8
237851	STaR9_B	S68G	X3TC	1.1
237851	STaR9_B	S68G	ABC	0.9
237851	STaR9_B	S68G	AZT	0.8
237851	STaR9_B	S68G	D4T	1.2
237851	STaR9_B	S68G	DDI	1.3
237851	STaR9_B	S68G	TDF	0.9
237889	STaR11_B		X3TC	1.5
237889	STaR11_B		ABC	0.9
237889	STaR11_B		AZT	0.6
237889	STaR11_B		D4T	0.9
237889	STaR11_B		DDI	0.8
237889	STaR11_B		TDF	0.8
237837	STaR5_WK16	M184V	X3TC	124
237837	STaR5_WK16	M184V	ABC	3.3
237837	STaR5_WK16	M184V	AZT	0.2
237837	STaR5_WK16	M184V	D4T	0.6
237837	STaR5_WK16	M184V	DDI	1.5
237837	STaR5_WK16	M184V	TDF	0.4
237871	STaR15_WK48	A62AV, K65KN, M184MIV	X3TC	115
237871	STaR15_WK48	A62AV, K65KN, M184MIV	ABC	2.2
237871	STaR15_WK48	A62AV, K65KN, M184MIV	AZT	0.1
237871	STaR15_WK48	A62AV, K65KN, M184MIV	D4T	0.6
237871	STaR15_WK48	A62AV, K65KN, M184MIV	DDI	1
237871	STaR15_WK48	A62AV, K65KN, M184MIV	TDF	0.7
237847	STaR13_B		X3TC	1
237847	STaR13_B		ABC	0.7
237847	STaR13_B		AZT	0.4
237847	STaR13_B		D4T	0.8
237847	STaR13_B		DDI	0.8
237847	STaR13_B		TDF	0.7
237839	STaR6_B		X3TC	1.5
237839	STaR6_B		ABC	1
237839	STaR6_B		AZT	0.5
237839	STaR6_B		D4T	0.8
237839	STaR6_B		DDI	0.9
237839	STaR6_B		TDF	0.8
237879	STaR10_WK24	L74V, M184V	X3TC	73
237879	STaR10_WK24	L74V, M184V	ABC	5.2
237879	STaR10_WK24	L74V, M184V	AZT	0.2
237879	STaR10_WK24	L74V, M184V	D4T	0.6
237879	STaR10_WK24	L74V, M184V	DDI	2
237879	STaR10_WK24	L74V, M184V	TDF	0.3
237893	STaR14_B		X3TC	1.2
237893	STaR14_B		ABC	0.9
237893	STaR14_B		AZT	0.8
237893	STaR14_B		D4T	1.2
237893	STaR14_B		DDI	1.3
237893	STaR14_B		TDF	1
237887	STaR8_WK12	M184I	X3TC	76
237887	STaR8_WK12	M184I	ABC	3.8
237887	STaR8_WK12	M184I	AZT	0.4
237887	STaR8_WK12	M184I	D4T	0.9
237887	STaR8_WK12	M184I	DDI	1.9
237887	STaR8_WK12	M184I	TDF	0.7
237853	STaR9_WK37	K65KR, S68SG, M184MIV	X3TC	40
237853	STaR9_WK37	K65KR, S68SG, M184MIV	ABC	3
237853	STaR9_WK37	K65KR, S68SG, M184MIV	AZT	0.4
237853	STaR9_WK37	K65KR, S68SG, M184MIV	D4T	0.9
237853	STaR9_WK37	K65KR, S68SG, M184MIV	DDI	2.1
237853	STaR9_WK37	K65KR, S68SG, M184MIV	TDF	0.8
237863	STaR1_B		X3TC	1.4
237863	STaR1_B		ABC	0.9
237863	STaR1_B		AZT	0.5
237863	STaR1_B		D4T	0.7
237863	STaR1_B		DDI	0.7
237863	STaR1_B		TDF	0.8
237841	STaR6_WK40	D67G, M184I, K219E	X3TC	98
237841	STaR6_WK40	D67G, M184I, K219E	ABC	1.6
237841	STaR6_WK40	D67G, M184I, K219E	AZT	0.5
237841	STaR6_WK40	D67G, M184I, K219E	D4T	0.7
237841	STaR6_WK40	D67G, M184I, K219E	DDI	1.3
237841	STaR6_WK40	D67G, M184I, K219E	TDF	0.5
237903	STaR2_WK8	M184V	X3TC	131
237903	STaR2_WK8	M184V	ABC	2.9
237903	STaR2_WK8	M184V	AZT	0.2
237903	STaR2_WK8	M184V	D4T	0.7
237903	STaR2_WK8	M184V	DDI	1.2
237903	STaR2_WK8	M184V	TDF	0.4
237867	STaR1_WK24	M184V	X3TC	95
237867	STaR1_WK24	M184V	ABC	2.8
237867	STaR1_WK24	M184V	AZT	0.1
237867	STaR1_WK24	M184V	D4T	0.5
237867	STaR1_WK24	M184V	DDI	1.8
237867	STaR1_WK24	M184V	TDF	0.4
237897	STaR16_B	S68G	X3TC	1
237897	STaR16_B	S68G	ABC	1
237897	STaR16_B	S68G	AZT	0.5
237897	STaR16_B	S68G	D4T	0.8
237897	STaR16_B	S68G	DDI	0.8
237897	STaR16_B	S68G	TDF	0.7
237873	STaR17_B		X3TC	1.3
237873	STaR17_B		ABC	1
237873	STaR17_B		AZT	0.6
237873	STaR17_B		D4T	0.9
237873	STaR17_B		DDI	1.2
237873	STaR17_B		TDF	0.9
237857	STaR12_WK40	K65R, T69T_X, K219KE	X3TC	26
237857	STaR12_WK40	K65R, T69T_X, K219KE	ABC	3.6
237857	STaR12_WK40	K65R, T69T_X, K219KE	AZT	0.4
237857	STaR12_WK40	K65R, T69T_X, K219KE	D4T	1.2
237857	STaR12_WK40	K65R, T69T_X, K219KE	DDI	1.7
237857	STaR12_WK40	K65R, T69T_X, K219KE	TDF	2
237881	STaR4_B		X3TC	1.2
237881	STaR4_B		ABC	0.8
237881	STaR4_B		AZT	0.8
237881	STaR4_B		D4T	1.1
237881	STaR4_B		DDI	1.3
237881	STaR4_B		TDF	0.9
237883	STaR4_WK16	M184I	X3TC	76
237883	STaR4_WK16	M184I	ABC	1.9
237883	STaR4_WK16	M184I	AZT	0.3
237883	STaR4_WK16	M184I	D4T	0.8
237883	STaR4_WK16	M184I	DDI	1.6
237883	STaR4_WK16	M184I	TDF	0.5
237845	STaR7_WK16	M184I	X3TC	92
237845	STaR7_WK16	M184I	ABC	1.6
237845	STaR7_WK16	M184I	AZT	0.2
237845	STaR7_WK16	M184I	D4T	0.6
237845	STaR7_WK16	M184I	DDI	1.6
237845	STaR7_WK16	M184I	TDF	0.3
237835	STaR5_B		X3TC	1.3
237835	STaR5_B		ABC	0.8
237835	STaR5_B		AZT	0.4
237835	STaR5_B		D4T	1
237835	STaR5_B		DDI	1.1
237835	STaR5_B		TDF	0.7
237861	STaR3_WK24	M184I	X3TC	99
237861	STaR3_WK24	M184I	ABC	1.8
237861	STaR3_WK24	M184I	AZT	0.2
237861	STaR3_WK24	M184I	D4T	0.8
237861	STaR3_WK24	M184I	DDI	1.6
237861	STaR3_WK24	M184I	TDF	0.5
237849	STar13_WK8	M184I	X3TC	70
237849	STar13_WK8	M184I	ABC	1.5
237849	STar13_WK8	M184I	AZT	0.2
237849	STar13_WK8	M184I	D4T	0.7
237849	STar13_WK8	M184I	DDI	1.4
237849	STar13_WK8	M184I	TDF	0.4
237877	STaR10_B		X3TC	0.9
237877	STaR10_B		ABC	0.8
237877	STaR10_B		AZT	0.7
237877	STaR10_B		D4T	0.9
237877	STaR10_B		DDI	0.9
237877	STaR10_B		TDF	0.9
248973	pNLSDM1		X3TC	0.7
248973	pNLSDM1		ABC	0.8
248973	pNLSDM1		AZT	0.4
248973	pNLSDM1		D4T	1
248973	pNLSDM1		DDI	0.8
248973	pNLSDM1		TDF	0.7
248970	pNLSDM4	M184I	X3TC	104
248970	pNLSDM4	M184I	ABC	3.2
248970	pNLSDM4	M184I	AZT	0.8
248970	pNLSDM4	M184I	D4T	1.6
248970	pNLSDM4	M184I	DDI	2.4
248970	pNLSDM4	M184I	TDF	0.8
248971	pNLSDM5	M184I	X3TC	104
248971	pNLSDM5	M184I	ABC	2.8
248971	pNLSDM5	M184I	AZT	0.5
248971	pNLSDM5	M184I	D4T	1.4
248971	pNLSDM5	M184I	DDI	2.2
248971	pNLSDM5	M184I	TDF	0.6
248969	pNLSDM3		X3TC	1.2
248969	pNLSDM3		ABC	1.4
248969	pNLSDM3		AZT	1.2
248969	pNLSDM3		D4T	1.4
248969	pNLSDM3		DDI	1.2
248969	pNLSDM3		TDF	1.1
248972	pNLSDM2		X3TC	1.3
248972	pNLSDM2		ABC	1.4
248972	pNLSDM2		AZT	1.8
248972	pNLSDM2		D4T	1.4
248972	pNLSDM2		DDI	1.2
248972	pNLSDM2		TDF	1.2
575464	65R	K65R	X3TC	11
575464	65R	K65R	ABC	NA
575464	65R	K65R	AZT	0.4
575464	65R	K65R	D4T	NA
575464	65R	K65R	DDI	NA
575464	65R	K65R	TDF	1.7
575461	151M_184IV	Q151M, M184IV	X3TC	69
575461	151M_184IV	Q151M, M184IV	ABC	NA
575461	151M_184IV	Q151M, M184IV	AZT	71
575461	151M_184IV	Q151M, M184IV	D4T	NA
575461	151M_184IV	Q151M, M184IV	DDI	NA
575461	151M_184IV	Q151M, M184IV	TDF	1.1
575462	69ins	T69S_SS	X3TC	25
575462	69ins	T69S_SS	ABC	NA
575462	69ins	T69S_SS	AZT	895
575462	69ins	T69S_SS	D4T	NA
575462	69ins	T69S_SS	DDI	NA
575462	69ins	T69S_SS	TDF	17
575469	65R69I151M184V	K65R, Q151M, M184V	X3TC	123
575469	65R69I151M184V	K65R, Q151M, M184V	ABC	NA
575469	65R69I151M184V	K65R, Q151M, M184V	AZT	NA
575469	65R69I151M184V	K65R, Q151M, M184V	D4T	NA
575469	65R69I151M184V	K65R, Q151M, M184V	DDI	NA
575469	65R69I151M184V	K65R, Q151M, M184V	TDF	5.9
575456	184I	M184I	X3TC	123
575456	184I	M184I	ABC	NA
575456	184I	M184I	AZT	0.4
575456	184I	M184I	D4T	NA
575456	184I	M184I	DDI	NA
575456	184I	M184I	TDF	0.6
575463	69ins_184IV	T69S_SS, M184IV	X3TC	79
575463	69ins_184IV	T69S_SS, M184IV	ABC	NA
575463	69ins_184IV	T69S_SS, M184IV	AZT	158
575463	69ins_184IV	T69S_SS, M184IV	D4T	NA
575463	69ins_184IV	T69S_SS, M184IV	DDI	NA
575463	69ins_184IV	T69S_SS, M184IV	TDF	5.1
575468	65R_69I_151M	K65R, Q151M	X3TC	123
575468	65R_69I_151M	K65R, Q151M	ABC	NA
575468	65R_69I_151M	K65R, Q151M	AZT	790
575468	65R_69I_151M	K65R, Q151M	D4T	NA
575468	65R_69I_151M	K65R, Q151M	DDI	NA
575468	65R_69I_151M	K65R, Q151M	TDF	9.8
575470	70E_184IV	K70E, M184IV	X3TC	123
575470	70E_184IV	K70E, M184IV	ABC	NA
575470	70E_184IV	K70E, M184IV	AZT	0.2
575470	70E_184IV	K70E, M184IV	D4T	NA
575470	70E_184IV	K70E, M184IV	DDI	NA
575470	70E_184IV	K70E, M184IV	TDF	0.7
575457	184V	M184V	X3TC	79
575457	184V	M184V	ABC	NA
575457	184V	M184V	AZT	0.4
575457	184V	M184V	D4T	NA
575457	184V	M184V	DDI	NA
575457	184V	M184V	TDF	0.6
575459	74V_184V	L74V, M184V	X3TC	69
575459	74V_184V	L74V, M184V	ABC	NA
575459	74V_184V	L74V, M184V	AZT	0.2
575459	74V_184V	L74V, M184V	D4T	NA
575459	74V_184V	L74V, M184V	DDI	NA
575459	74V_184V	L74V, M184V	TDF	0.4
575467	65R74V115F184V	K65R, L74V, Y115F, M184V	X3TC	123
575467	65R74V115F184V	K65R, L74V, Y115F, M184V	ABC	NA
575467	65R74V115F184V	K65R, L74V, Y115F, M184V	AZT	0.6
575467	65R74V115F184V	K65R, L74V, Y115F, M184V	D4T	NA
575467	65R74V115F184V	K65R, L74V, Y115F, M184V	DDI	NA
575467	65R74V115F184V	K65R, L74V, Y115F, M184V	TDF	1.9
575466	65R_74I_184V	K65R, L74I, M184V	X3TC	123
575466	65R_74I_184V	K65R, L74I, M184V	ABC	NA
575466	65R_74I_184V	K65R, L74I, M184V	AZT	0.4
575466	65R_74I_184V	K65R, L74I, M184V	D4T	NA
575466	65R_74I_184V	K65R, L74I, M184V	DDI	NA
575466	65R_74I_184V	K65R, L74I, M184V	TDF	1.4
575458	74V	L74V	X3TC	1.6
575458	74V	L74V	ABC	NA
575458	74V	L74V	AZT	0.4
575458	74V	L74V	D4T	NA
575458	74V	L74V	DDI	NA
575458	74V	L74V	TDF	0.5
575460	151M	Q151M	X3TC	11
575460	151M	Q151M	ABC	NA
575460	151M	Q151M	AZT	84
575460	151M	Q151M	D4T	NA
575460	151M	Q151M	DDI	NA
575460	151M	Q151M	TDF	1.9
575465	65R_184IV	K65R, M184IV	X3TC	69
575465	65R_184IV	K65R, M184IV	ABC	NA
575465	65R_184IV	K65R, M184IV	AZT	0.4
575465	65R_184IV	K65R, M184IV	D4T	NA
575465	65R_184IV	K65R, M184IV	DDI	NA
575465	65R_184IV	K65R, M184IV	TDF	1.3
575455	WT		X3TC	1
575455	WT		ABC	NA
575455	WT		AZT	1
575455	WT		D4T	NA
575455	WT		DDI	NA
575455	WT		TDF	1
592190	323_-84	M41L, S68SG, M184V, L210W, T215Y	X3TC	200
592190	323_-84	M41L, S68SG, M184V, L210W, T215Y	ABC	8.6
592190	323_-84	M41L, S68SG, M184V, L210W, T215Y	AZT	45
592190	323_-84	M41L, S68SG, M184V, L210W, T215Y	D4T	1.9
592190	323_-84	M41L, S68SG, M184V, L210W, T215Y	DDI	2
592190	323_-84	M41L, S68SG, M184V, L210W, T215Y	TDF	2.5
592218	334_-46	M184V	X3TC	200
592218	334_-46	M184V	ABC	1.2
592218	334_-46	M184V	AZT	0.4
592218	334_-46	M184V	D4T	0.8
592218	334_-46	M184V	DDI	1.2
592218	334_-46	M184V	TDF	0.5
591678	122_336		X3TC	0.8
591678	122_336		ABC	0.9
591678	122_336		AZT	0.6
591678	122_336		D4T	1.1
591678	122_336		DDI	0.8
591678	122_336		TDF	0.8
591822	180_206		X3TC	1
591822	180_206		ABC	0.9
591822	180_206		AZT	0.8
591822	180_206		D4T	1
591822	180_206		DDI	0.9
591822	180_206		TDF	1.1
591480	47_-62	M41L, L210W, T215Y	X3TC	8.1
591480	47_-62	M41L, L210W, T215Y	ABC	22
591480	47_-62	M41L, L210W, T215Y	AZT	357
591480	47_-62	M41L, L210W, T215Y	D4T	4.9
591480	47_-62	M41L, L210W, T215Y	DDI	2.6
591480	47_-62	M41L, L210W, T215Y	TDF	13
592096	285_-84	M41L, D67N, S68G, K70R, M184V, T215Y, K219E	X3TC	200
592096	285_-84	M41L, D67N, S68G, K70R, M184V, T215Y, K219E	ABC	5.2
592096	285_-84	M41L, D67N, S68G, K70R, M184V, T215Y, K219E	AZT	46
592096	285_-84	M41L, D67N, S68G, K70R, M184V, T215Y, K219E	D4T	1.8
592096	285_-84	M41L, D67N, S68G, K70R, M184V, T215Y, K219E	DDI	1.8
592096	285_-84	M41L, D67N, S68G, K70R, M184V, T215Y, K219E	TDF	1.9
591504	55_104	L210LW	X3TC	2.1
591504	55_104	L210LW	ABC	1.2
591504	55_104	L210LW	AZT	0.7
591504	55_104	L210LW	D4T	1.1
591504	55_104	L210LW	DDI	1.1
591504	55_104	L210LW	TDF	0.8
591436	27_84	D67G, S68G, K70R, V75I, Y115YF, F116Y, Q151M, M184V, T215V, K219E	X3TC	200
591436	27_84	D67G, S68G, K70R, V75I, Y115YF, F116Y, Q151M, M184V, T215V, K219E	ABC	24
591436	27_84	D67G, S68G, K70R, V75I, Y115YF, F116Y, Q151M, M184V, T215V, K219E	AZT	96
591436	27_84	D67G, S68G, K70R, V75I, Y115YF, F116Y, Q151M, M184V, T215V, K219E	D4T	13
591436	27_84	D67G, S68G, K70R, V75I, Y115YF, F116Y, Q151M, M184V, T215V, K219E	DDI	18
591436	27_84	D67G, S68G, K70R, V75I, Y115YF, F116Y, Q151M, M184V, T215V, K219E	TDF	1.2
592010	254_150		X3TC	1.3
592010	254_150		ABC	0.9
592010	254_150		AZT	1
592010	254_150		D4T	1
592010	254_150		DDI	0.9
592010	254_150		TDF	1.1
591712	138_-77	M41L, E44D, D67N, T69D, M184V, L210W, T215Y, K219KN	X3TC	200
591712	138_-77	M41L, E44D, D67N, T69D, M184V, L210W, T215Y, K219KN	ABC	5.9
591712	138_-77	M41L, E44D, D67N, T69D, M184V, L210W, T215Y, K219KN	AZT	8.8
591712	138_-77	M41L, E44D, D67N, T69D, M184V, L210W, T215Y, K219KN	D4T	2.4
591712	138_-77	M41L, E44D, D67N, T69D, M184V, L210W, T215Y, K219KN	DDI	2.8
591712	138_-77	M41L, E44D, D67N, T69D, M184V, L210W, T215Y, K219KN	TDF	1.3
591368	5_-83	M41L, L74V, M184V, T215F	X3TC	200
591368	5_-83	M41L, L74V, M184V, T215F	ABC	9.7
591368	5_-83	M41L, L74V, M184V, T215F	AZT	1.7
591368	5_-83	M41L, L74V, M184V, T215F	D4T	1.3
591368	5_-83	M41L, L74V, M184V, T215F	DDI	3.2
591368	5_-83	M41L, L74V, M184V, T215F	TDF	0.8
591748	150_-46	M41L, S68G, M184V, T215Y	X3TC	200
591748	150_-46	M41L, S68G, M184V, T215Y	ABC	4.5
591748	150_-46	M41L, S68G, M184V, T215Y	AZT	2.8
591748	150_-46	M41L, S68G, M184V, T215Y	D4T	1.5
591748	150_-46	M41L, S68G, M184V, T215Y	DDI	1.4
591748	150_-46	M41L, S68G, M184V, T215Y	TDF	0.9
591884	201_-66	D67N, K70R, M184V, T215I, K219E	X3TC	200
591884	201_-66	D67N, K70R, M184V, T215I, K219E	ABC	3.8
591884	201_-66	D67N, K70R, M184V, T215I, K219E	AZT	2.9
591884	201_-66	D67N, K70R, M184V, T215I, K219E	D4T	1.6
591884	201_-66	D67N, K70R, M184V, T215I, K219E	DDI	2.1
591884	201_-66	D67N, K70R, M184V, T215I, K219E	TDF	1.1
591702	133_-85	D67N, K70R, M184MI, K219E	X3TC	4
591702	133_-85	D67N, K70R, M184MI, K219E	ABC	2.5
591702	133_-85	D67N, K70R, M184MI, K219E	AZT	16
591702	133_-85	D67N, K70R, M184MI, K219E	D4T	2.2
591702	133_-85	D67N, K70R, M184MI, K219E	DDI	1.6
591702	133_-85	D67N, K70R, M184MI, K219E	TDF	1.6
592354	379_125		X3TC	1.2
592354	379_125		ABC	1
592354	379_125		AZT	0.5
592354	379_125		D4T	1
592354	379_125		DDI	0.9
592354	379_125		TDF	0.8
592312	364_-73	M41L, D67N, T69D, L74I, M184V, L210W, T215Y	X3TC	200
592312	364_-73	M41L, D67N, T69D, L74I, M184V, L210W, T215Y	ABC	5.6
592312	364_-73	M41L, D67N, T69D, L74I, M184V, L210W, T215Y	AZT	2.5
592312	364_-73	M41L, D67N, T69D, L74I, M184V, L210W, T215Y	D4T	1.6
592312	364_-73	M41L, D67N, T69D, L74I, M184V, L210W, T215Y	DDI	2.2
592312	364_-73	M41L, D67N, T69D, L74I, M184V, L210W, T215Y	TDF	0.8
592056	269_-84	V75M, F77L, M184V, T215Y	X3TC	200
592056	269_-84	V75M, F77L, M184V, T215Y	ABC	4
592056	269_-84	V75M, F77L, M184V, T215Y	AZT	4.6
592056	269_-84	V75M, F77L, M184V, T215Y	D4T	1.3
592056	269_-84	V75M, F77L, M184V, T215Y	DDI	1.9
592056	269_-84	V75M, F77L, M184V, T215Y	TDF	0.9
592092	283_-50	D67N, T69D, K70KR, M184V, T215FIL, K219Q	X3TC	200
592092	283_-50	D67N, T69D, K70KR, M184V, T215FIL, K219Q	ABC	2.8
592092	283_-50	D67N, T69D, K70KR, M184V, T215FIL, K219Q	AZT	0.4
592092	283_-50	D67N, T69D, K70KR, M184V, T215FIL, K219Q	D4T	1.1
592092	283_-50	D67N, T69D, K70KR, M184V, T215FIL, K219Q	DDI	1
592092	283_-50	D67N, T69D, K70KR, M184V, T215FIL, K219Q	TDF	0.4
592118	294_-53	D67N, T69D, T215C, K219Q	X3TC	2.3
592118	294_-53	D67N, T69D, T215C, K219Q	ABC	1
592118	294_-53	D67N, T69D, T215C, K219Q	AZT	0.8
592118	294_-53	D67N, T69D, T215C, K219Q	D4T	1.2
592118	294_-53	D67N, T69D, T215C, K219Q	DDI	1.3
592118	294_-53	D67N, T69D, T215C, K219Q	TDF	0.8
591730	145_-63	M41L, D67DN, T69D, L210W, T215CY	X3TC	3.3
591730	145_-63	M41L, D67DN, T69D, L210W, T215CY	ABC	1.5
591730	145_-63	M41L, D67DN, T69D, L210W, T215CY	AZT	9
591730	145_-63	M41L, D67DN, T69D, L210W, T215CY	D4T	1.3
591730	145_-63	M41L, D67DN, T69D, L210W, T215CY	DDI	1.2
591730	145_-63	M41L, D67DN, T69D, L210W, T215CY	TDF	2.6
592430	407_119		X3TC	1.2
592430	407_119		ABC	0.7
592430	407_119		AZT	0.3
592430	407_119		D4T	0.7
592430	407_119		DDI	0.7
592430	407_119		TDF	0.7
591922	218_-57	M41L, E44D, D67N, L74LV, L210W, T215Y, K219R	X3TC	6.2
591922	218_-57	M41L, E44D, D67N, L74LV, L210W, T215Y, K219R	ABC	5.5
591922	218_-57	M41L, E44D, D67N, L74LV, L210W, T215Y, K219R	AZT	626
591922	218_-57	M41L, E44D, D67N, L74LV, L210W, T215Y, K219R	D4T	2.4
591922	218_-57	M41L, E44D, D67N, L74LV, L210W, T215Y, K219R	DDI	1.8
591922	218_-57	M41L, E44D, D67N, L74LV, L210W, T215Y, K219R	TDF	3.8
592348	377_-48	M41L, E44D, D67N, M184V, L210W, T215Y	X3TC	200
592348	377_-48	M41L, E44D, D67N, M184V, L210W, T215Y	ABC	4.7
592348	377_-48	M41L, E44D, D67N, M184V, L210W, T215Y	AZT	1
592348	377_-48	M41L, E44D, D67N, M184V, L210W, T215Y	D4T	1.4
592348	377_-48	M41L, E44D, D67N, M184V, L210W, T215Y	DDI	1.3
592348	377_-48	M41L, E44D, D67N, M184V, L210W, T215Y	TDF	0.7
591966	238_-85	M41L, D67N, M184V, L210W, T215Y, K219N	X3TC	200
591966	238_-85	M41L, D67N, M184V, L210W, T215Y, K219N	ABC	7.3
591966	238_-85	M41L, D67N, M184V, L210W, T215Y, K219N	AZT	51
591966	238_-85	M41L, D67N, M184V, L210W, T215Y, K219N	D4T	3.7
591966	238_-85	M41L, D67N, M184V, L210W, T215Y, K219N	DDI	2
591966	238_-85	M41L, D67N, M184V, L210W, T215Y, K219N	TDF	1.7
591964	237_-84	M41L, D67DN, L74V, M184V, T215Y	X3TC	200
591964	237_-84	M41L, D67DN, L74V, M184V, T215Y	ABC	7
591964	237_-84	M41L, D67DN, L74V, M184V, T215Y	AZT	4.3
591964	237_-84	M41L, D67DN, L74V, M184V, T215Y	D4T	2.2
591964	237_-84	M41L, D67DN, L74V, M184V, T215Y	DDI	3.4
591964	237_-84	M41L, D67DN, L74V, M184V, T215Y	TDF	0.7
591554	76_124	S68G	X3TC	1.1
591554	76_124	S68G	ABC	1.1
591554	76_124	S68G	AZT	1.4
591554	76_124	S68G	D4T	0.8
591554	76_124	S68G	DDI	1.1
591554	76_124	S68G	TDF	0.9
592402	397_-70		X3TC	1.3
592402	397_-70		ABC	0.9
592402	397_-70		AZT	1.4
592402	397_-70		D4T	1.3
592402	397_-70		DDI	1.1
592402	397_-70		TDF	1
592390	393_-81	M41L, E44D, D67E, S68G, V75M, M184V, L210W, T215Y	X3TC	200
592390	393_-81	M41L, E44D, D67E, S68G, V75M, M184V, L210W, T215Y	ABC	6
592390	393_-81	M41L, E44D, D67E, S68G, V75M, M184V, L210W, T215Y	AZT	24
592390	393_-81	M41L, E44D, D67E, S68G, V75M, M184V, L210W, T215Y	D4T	3.8
592390	393_-81	M41L, E44D, D67E, S68G, V75M, M184V, L210W, T215Y	DDI	3.4
592390	393_-81	M41L, E44D, D67E, S68G, V75M, M184V, L210W, T215Y	TDF	2.7
591380	9_-71	M41L, D67N, T69D, K70R, M184V, T215F, K219Q	X3TC	200
591380	9_-71	M41L, D67N, T69D, K70R, M184V, T215F, K219Q	ABC	5
591380	9_-71	M41L, D67N, T69D, K70R, M184V, T215F, K219Q	AZT	3.5
591380	9_-71	M41L, D67N, T69D, K70R, M184V, T215F, K219Q	D4T	1.4
591380	9_-71	M41L, D67N, T69D, K70R, M184V, T215F, K219Q	DDI	1.9
591380	9_-71	M41L, D67N, T69D, K70R, M184V, T215F, K219Q	TDF	1
592002	252_-59	M41L, E44A, D67N, V75M, F77L, M184V, L210W, T215Y, K219KR	X3TC	200
592002	252_-59	M41L, E44A, D67N, V75M, F77L, M184V, L210W, T215Y, K219KR	ABC	11
592002	252_-59	M41L, E44A, D67N, V75M, F77L, M184V, L210W, T215Y, K219KR	AZT	235
592002	252_-59	M41L, E44A, D67N, V75M, F77L, M184V, L210W, T215Y, K219KR	D4T	5.7
592002	252_-59	M41L, E44A, D67N, V75M, F77L, M184V, L210W, T215Y, K219KR	DDI	2.8
592002	252_-59	M41L, E44A, D67N, V75M, F77L, M184V, L210W, T215Y, K219KR	TDF	2.4
591416	21_-56	M41L, E44D, T69D, M184V, L210W, T215Y, K219R	X3TC	200
591416	21_-56	M41L, E44D, T69D, M184V, L210W, T215Y, K219R	ABC	4.6
591416	21_-56	M41L, E44D, T69D, M184V, L210W, T215Y, K219R	AZT	12
591416	21_-56	M41L, E44D, T69D, M184V, L210W, T215Y, K219R	D4T	2.4
591416	21_-56	M41L, E44D, T69D, M184V, L210W, T215Y, K219R	DDI	1.5
591416	21_-56	M41L, E44D, T69D, M184V, L210W, T215Y, K219R	TDF	1.2
591378	8_-40	D67DN	X3TC	1.5
591378	8_-40	D67DN	ABC	1.1
591378	8_-40	D67DN	AZT	0.6
591378	8_-40	D67DN	D4T	1
591378	8_-40	D67DN	DDI	1.1
591378	8_-40	D67DN	TDF	0.8
592250	344_-43	M41L, E44D, D67N, T69D, L74V, M184V, L210W, T215Y, K219R	X3TC	200
592250	344_-43	M41L, E44D, D67N, T69D, L74V, M184V, L210W, T215Y, K219R	ABC	13
592250	344_-43	M41L, E44D, D67N, T69D, L74V, M184V, L210W, T215Y, K219R	AZT	407
592250	344_-43	M41L, E44D, D67N, T69D, L74V, M184V, L210W, T215Y, K219R	D4T	7
592250	344_-43	M41L, E44D, D67N, T69D, L74V, M184V, L210W, T215Y, K219R	DDI	2.8
592250	344_-43	M41L, E44D, D67N, T69D, L74V, M184V, L210W, T215Y, K219R	TDF	4.1
591772	160_-43		X3TC	1.3
591772	160_-43		ABC	0.6
591772	160_-43		AZT	0.6
591772	160_-43		D4T	1
591772	160_-43		DDI	0.9
591772	160_-43		TDF	0.7
591688	126_-54	M41L, A62AV, D67DN, V75I, L210W, T215Y	X3TC	3.6
591688	126_-54	M41L, A62AV, D67DN, V75I, L210W, T215Y	ABC	3.9
591688	126_-54	M41L, A62AV, D67DN, V75I, L210W, T215Y	AZT	57
591688	126_-54	M41L, A62AV, D67DN, V75I, L210W, T215Y	D4T	1.5
591688	126_-54	M41L, A62AV, D67DN, V75I, L210W, T215Y	DDI	1.2
591688	126_-54	M41L, A62AV, D67DN, V75I, L210W, T215Y	TDF	2.4
592252	345_-59	D67N, K70R, L74V, V75A, K219Q	X3TC	4.4
592252	345_-59	D67N, K70R, L74V, V75A, K219Q	ABC	7.1
592252	345_-59	D67N, K70R, L74V, V75A, K219Q	AZT	199
592252	345_-59	D67N, K70R, L74V, V75A, K219Q	D4T	6
592252	345_-59	D67N, K70R, L74V, V75A, K219Q	DDI	3
592252	345_-59	D67N, K70R, L74V, V75A, K219Q	TDF	4.5
592388	392_-64	D67N, K70R, M184V, K219Q	X3TC	200
592388	392_-64	D67N, K70R, M184V, K219Q	ABC	4.1
592388	392_-64	D67N, K70R, M184V, K219Q	AZT	5.9
592388	392_-64	D67N, K70R, M184V, K219Q	D4T	1.6
592388	392_-64	D67N, K70R, M184V, K219Q	DDI	1.7
592388	392_-64	D67N, K70R, M184V, K219Q	TDF	1.2
592392	394_-61		X3TC	1
592392	394_-61		ABC	0.8
592392	394_-61		AZT	0.3
592392	394_-61		D4T	0.6
592392	394_-61		DDI	0.7
592392	394_-61		TDF	0.6
591660	115_-56	D67N, T69D, K70R, M184V, L210W, T215F, K219Q	X3TC	200
591660	115_-56	D67N, T69D, K70R, M184V, L210W, T215F, K219Q	ABC	4.9
591660	115_-56	D67N, T69D, K70R, M184V, L210W, T215F, K219Q	AZT	2.6
591660	115_-56	D67N, T69D, K70R, M184V, L210W, T215F, K219Q	D4T	1.8
591660	115_-56	D67N, T69D, K70R, M184V, L210W, T215F, K219Q	DDI	1.9
591660	115_-56	D67N, T69D, K70R, M184V, L210W, T215F, K219Q	TDF	1
592186	321_-42	M41L, D67N, M184V, L210W, T215Y, K219E	X3TC	200
592186	321_-42	M41L, D67N, M184V, L210W, T215Y, K219E	ABC	4.4
592186	321_-42	M41L, D67N, M184V, L210W, T215Y, K219E	AZT	4.7
592186	321_-42	M41L, D67N, M184V, L210W, T215Y, K219E	D4T	1.4
592186	321_-42	M41L, D67N, M184V, L210W, T215Y, K219E	DDI	1.2
592186	321_-42	M41L, D67N, M184V, L210W, T215Y, K219E	TDF	1.3
592308	363_-56	M41L, D67G, S68G, K70R, M184V, T215F, K219E	X3TC	200
592308	363_-56	M41L, D67G, S68G, K70R, M184V, T215F, K219E	ABC	4.3
592308	363_-56	M41L, D67G, S68G, K70R, M184V, T215F, K219E	AZT	163
592308	363_-56	M41L, D67G, S68G, K70R, M184V, T215F, K219E	D4T	2
592308	363_-56	M41L, D67G, S68G, K70R, M184V, T215F, K219E	DDI	1.8
592308	363_-56	M41L, D67G, S68G, K70R, M184V, T215F, K219E	TDF	2.5
592280	355_-70		X3TC	1.1
592280	355_-70		ABC	1.1
592280	355_-70		AZT	1
592280	355_-70		D4T	1
592280	355_-70		DDI	1.2
592280	355_-70		TDF	0.6
591934	223_502		X3TC	1.4
591934	223_502		ABC	1
591934	223_502		AZT	1
591934	223_502		D4T	1
591934	223_502		DDI	1.3
591934	223_502		TDF	0.9
591356	1_-60	M41L, D67N, V75M, M184V, L210W, T215Y, K219E	X3TC	200
591356	1_-60	M41L, D67N, V75M, M184V, L210W, T215Y, K219E	ABC	4.2
591356	1_-60	M41L, D67N, V75M, M184V, L210W, T215Y, K219E	AZT	1.8
591356	1_-60	M41L, D67N, V75M, M184V, L210W, T215Y, K219E	D4T	1.7
591356	1_-60	M41L, D67N, V75M, M184V, L210W, T215Y, K219E	DDI	1.6
591356	1_-60	M41L, D67N, V75M, M184V, L210W, T215Y, K219E	TDF	0.7
591456	36_-51	E40F, M41L, D67N, L74V, M184V, L210W, T215Y, K219N	X3TC	200
591456	36_-51	E40F, M41L, D67N, L74V, M184V, L210W, T215Y, K219N	ABC	15
591456	36_-51	E40F, M41L, D67N, L74V, M184V, L210W, T215Y, K219N	AZT	182
591456	36_-51	E40F, M41L, D67N, L74V, M184V, L210W, T215Y, K219N	D4T	14
591456	36_-51	E40F, M41L, D67N, L74V, M184V, L210W, T215Y, K219N	DDI	4.4
591456	36_-51	E40F, M41L, D67N, L74V, M184V, L210W, T215Y, K219N	TDF	2.1
591650	112_105	T215Y	X3TC	1.6
591650	112_105	T215Y	ABC	2.2
591650	112_105	T215Y	AZT	12
591650	112_105	T215Y	D4T	1.6
591650	112_105	T215Y	DDI	1.1
591650	112_105	T215Y	TDF	1.6
592160	310_-33	M184V	X3TC	200
592160	310_-33	M184V	ABC	2.9
592160	310_-33	M184V	AZT	0.5
592160	310_-33	M184V	D4T	0.8
592160	310_-33	M184V	DDI	1.6
592160	310_-33	M184V	TDF	0.7
592074	274_163		X3TC	1.9
592074	274_163		ABC	1
592074	274_163		AZT	1
592074	274_163		D4T	1.1
592074	274_163		DDI	0.9
592074	274_163		TDF	1.2
592246	343_-43		X3TC	1.5
592246	343_-43		ABC	1.2
592246	343_-43		AZT	1.8
592246	343_-43		D4T	1.2
592246	343_-43		DDI	1.1
592246	343_-43		TDF	1.1
591878	199_175	M41L, D67N, K70R, M184V, T215F, K219Q	X3TC	200
591878	199_175	M41L, D67N, K70R, M184V, T215F, K219Q	ABC	4.3
591878	199_175	M41L, D67N, K70R, M184V, T215F, K219Q	AZT	9.5
591878	199_175	M41L, D67N, K70R, M184V, T215F, K219Q	D4T	1.3
591878	199_175	M41L, D67N, K70R, M184V, T215F, K219Q	DDI	1.7
591878	199_175	M41L, D67N, K70R, M184V, T215F, K219Q	TDF	1.1
591780	162_-51	M41L, E44D, D67N, M184V, L210W, T215Y, K219N	X3TC	200
591780	162_-51	M41L, E44D, D67N, M184V, L210W, T215Y, K219N	ABC	12
591780	162_-51	M41L, E44D, D67N, M184V, L210W, T215Y, K219N	AZT	699
591780	162_-51	M41L, E44D, D67N, M184V, L210W, T215Y, K219N	D4T	5.5
591780	162_-51	M41L, E44D, D67N, M184V, L210W, T215Y, K219N	DDI	3.5
591780	162_-51	M41L, E44D, D67N, M184V, L210W, T215Y, K219N	TDF	3.2
592374	386_110	M41L, M184MV, L210LW, T215Y	X3TC	23
592374	386_110	M41L, M184MV, L210LW, T215Y	ABC	4.2
592374	386_110	M41L, M184MV, L210LW, T215Y	AZT	47
592374	386_110	M41L, M184MV, L210LW, T215Y	D4T	2
592374	386_110	M41L, M184MV, L210LW, T215Y	DDI	1.8
592374	386_110	M41L, M184MV, L210LW, T215Y	TDF	1.9
592412	400_-59	M41L, M184V, L210W, T215Y	X3TC	200
592412	400_-59	M41L, M184V, L210W, T215Y	ABC	3.3
592412	400_-59	M41L, M184V, L210W, T215Y	AZT	3.2
592412	400_-59	M41L, M184V, L210W, T215Y	D4T	1.6
592412	400_-59	M41L, M184V, L210W, T215Y	DDI	1.8
592412	400_-59	M41L, M184V, L210W, T215Y	TDF	0.7
591638	108_351		X3TC	1.2
591638	108_351		ABC	1
591638	108_351		AZT	0.8
591638	108_351		D4T	1
591638	108_351		DDI	1.7
591638	108_351		TDF	1.1
591610	98_158	M41ML, E44A, D67N, V75M, F77L, L210W, T215D	X3TC	2.4
591610	98_158	M41ML, E44A, D67N, V75M, F77L, L210W, T215D	ABC	0.6
591610	98_158	M41ML, E44A, D67N, V75M, F77L, L210W, T215D	AZT	0.7
591610	98_158	M41ML, E44A, D67N, V75M, F77L, L210W, T215D	D4T	1.2
591610	98_158	M41ML, E44A, D67N, V75M, F77L, L210W, T215D	DDI	0.9
591610	98_158	M41ML, E44A, D67N, V75M, F77L, L210W, T215D	TDF	0.6
591586	88_353		X3TC	1.4
591586	88_353		ABC	0.8
591586	88_353		AZT	0.6
591586	88_353		D4T	0.8
591586	88_353		DDI	0.9
591586	88_353		TDF	0.9
591628	104_135		X3TC	0.8
591628	104_135		ABC	0.7
591628	104_135		AZT	0.4
591628	104_135		D4T	0.9
591628	104_135		DDI	0.8
591628	104_135		TDF	0.6
591412	19_684		X3TC	1.3
591412	19_684		ABC	1.5
591412	19_684		AZT	0.9
591412	19_684		D4T	1.2
591412	19_684		DDI	1.2
591412	19_684		TDF	1.2
592224	335_259		X3TC	2.8
592224	335_259		ABC	1.7
592224	335_259		AZT	0.8
592224	335_259		D4T	1.6
592224	335_259		DDI	1.6
592224	335_259		TDF	1
591758	155_-69		X3TC	1.2
591758	155_-69		ABC	0.7
591758	155_-69		AZT	0.6
591758	155_-69		D4T	0.8
591758	155_-69		DDI	0.9
591758	155_-69		TDF	0.6
591566	81_-73		X3TC	1
591566	81_-73		ABC	0.8
591566	81_-73		AZT	1
591566	81_-73		D4T	0.8
591566	81_-73		DDI	1
591566	81_-73		TDF	1.1
591446	32_-83	M41L, E44D, D67N, L210W, T215Y, K219KR	X3TC	4.3
591446	32_-83	M41L, E44D, D67N, L210W, T215Y, K219KR	ABC	3.2
591446	32_-83	M41L, E44D, D67N, L210W, T215Y, K219KR	AZT	202
591446	32_-83	M41L, E44D, D67N, L210W, T215Y, K219KR	D4T	3.8
591446	32_-83	M41L, E44D, D67N, L210W, T215Y, K219KR	DDI	1.3
591446	32_-83	M41L, E44D, D67N, L210W, T215Y, K219KR	TDF	2.6
592048	266_-61		X3TC	1.5
592048	266_-61		ABC	0.8
592048	266_-61		AZT	0.7
592048	266_-61		D4T	0.8
592048	266_-61		DDI	1
592048	266_-61		TDF	0.7
591756	154_-71	M41L, D67N, T69D, K70R, L74LI, M184V, T215F, K219Q	X3TC	200
591756	154_-71	M41L, D67N, T69D, K70R, L74LI, M184V, T215F, K219Q	ABC	6.3
591756	154_-71	M41L, D67N, T69D, K70R, L74LI, M184V, T215F, K219Q	AZT	19
591756	154_-71	M41L, D67N, T69D, K70R, L74LI, M184V, T215F, K219Q	D4T	1.8
591756	154_-71	M41L, D67N, T69D, K70R, L74LI, M184V, T215F, K219Q	DDI	2.4
591756	154_-71	M41L, D67N, T69D, K70R, L74LI, M184V, T215F, K219Q	TDF	1.8
591466	40_-61	E40F, M41L, A62V, T69D, L74I, M184V, L210W, T215Y, K219R	X3TC	200
591466	40_-61	E40F, M41L, A62V, T69D, L74I, M184V, L210W, T215Y, K219R	ABC	17
591466	40_-61	E40F, M41L, A62V, T69D, L74I, M184V, L210W, T215Y, K219R	AZT	200
591466	40_-61	E40F, M41L, A62V, T69D, L74I, M184V, L210W, T215Y, K219R	D4T	4.3
591466	40_-61	E40F, M41L, A62V, T69D, L74I, M184V, L210W, T215Y, K219R	DDI	4.8
591466	40_-61	E40F, M41L, A62V, T69D, L74I, M184V, L210W, T215Y, K219R	TDF	6.6
591492	51_113		X3TC	1
591492	51_113		ABC	0.8
591492	51_113		AZT	0.9
591492	51_113		D4T	0.9
591492	51_113		DDI	1
591492	51_113		TDF	1
592164	311_337		X3TC	1
592164	311_337		ABC	0.6
592164	311_337		AZT	0.5
592164	311_337		D4T	0.7
592164	311_337		DDI	0.8
592164	311_337		TDF	0.7
591574	84_-90	M41ML, K70KR, T215Y	X3TC	6.1
591574	84_-90	M41ML, K70KR, T215Y	ABC	13
591574	84_-90	M41ML, K70KR, T215Y	AZT	965
591574	84_-90	M41ML, K70KR, T215Y	D4T	7.4
591574	84_-90	M41ML, K70KR, T215Y	DDI	2.6
591574	84_-90	M41ML, K70KR, T215Y	TDF	6.4
592194	325_-70	D67N, T69D, K70R, M184V, T215F, K219Q	X3TC	200
592194	325_-70	D67N, T69D, K70R, M184V, T215F, K219Q	ABC	5.6
592194	325_-70	D67N, T69D, K70R, M184V, T215F, K219Q	AZT	2.5
592194	325_-70	D67N, T69D, K70R, M184V, T215F, K219Q	D4T	1.7
592194	325_-70	D67N, T69D, K70R, M184V, T215F, K219Q	DDI	2.5
592194	325_-70	D67N, T69D, K70R, M184V, T215F, K219Q	TDF	0.8
592040	263_-64	D67N, T69D, K70R, M184V	X3TC	200
592040	263_-64	D67N, T69D, K70R, M184V	ABC	9.1
592040	263_-64	D67N, T69D, K70R, M184V	AZT	29
592040	263_-64	D67N, T69D, K70R, M184V	D4T	2.5
592040	263_-64	D67N, T69D, K70R, M184V	DDI	2.2
592040	263_-64	D67N, T69D, K70R, M184V	TDF	1.8
592018	256_138		X3TC	0.8
592018	256_138		ABC	0.8
592018	256_138		AZT	0.4
592018	256_138		D4T	0.7
592018	256_138		DDI	0.9
592018	256_138		TDF	0.8
591624	103_185	M41L, M184V, T215Y	X3TC	200
591624	103_185	M41L, M184V, T215Y	ABC	5.5
591624	103_185	M41L, M184V, T215Y	AZT	8
591624	103_185	M41L, M184V, T215Y	D4T	1.8
591624	103_185	M41L, M184V, T215Y	DDI	2.1
591624	103_185	M41L, M184V, T215Y	TDF	1.6
591360	2_433		X3TC	2.1
591360	2_433		ABC	1.6
591360	2_433		AZT	13
591360	2_433		D4T	2
591360	2_433		DDI	1.7
591360	2_433		TDF	2.2
592140	302_-49	D67N, K70R, M184V, T215F, K219Q	X3TC	200
592140	302_-49	D67N, K70R, M184V, T215F, K219Q	ABC	8.6
592140	302_-49	D67N, K70R, M184V, T215F, K219Q	AZT	386
592140	302_-49	D67N, K70R, M184V, T215F, K219Q	D4T	2.7
592140	302_-49	D67N, K70R, M184V, T215F, K219Q	DDI	3.7
592140	302_-49	D67N, K70R, M184V, T215F, K219Q	TDF	2.5
591744	149_-71		X3TC	0.9
591744	149_-71		ABC	0.7
591744	149_-71		AZT	0.7
591744	149_-71		D4T	0.8
591744	149_-71		DDI	1
591744	149_-71		TDF	0.8
591608	98_-73	M41L, E44A, D67N, V75M, F77L, L210W	X3TC	2.5
591608	98_-73	M41L, E44A, D67N, V75M, F77L, L210W	ABC	0.6
591608	98_-73	M41L, E44A, D67N, V75M, F77L, L210W	AZT	1
591608	98_-73	M41L, E44A, D67N, V75M, F77L, L210W	D4T	0.9
591608	98_-73	M41L, E44A, D67N, V75M, F77L, L210W	DDI	0.7
591608	98_-73	M41L, E44A, D67N, V75M, F77L, L210W	TDF	0.7
591742	148_196	D67N, K70R, M184V, T215Y, K219E	X3TC	200
591742	148_196	D67N, K70R, M184V, T215Y, K219E	ABC	4.3
591742	148_196	D67N, K70R, M184V, T215Y, K219E	AZT	14
591742	148_196	D67N, K70R, M184V, T215Y, K219E	D4T	1.3
591742	148_196	D67N, K70R, M184V, T215Y, K219E	DDI	1.5
591742	148_196	D67N, K70R, M184V, T215Y, K219E	TDF	1.1
592006	253_-82	K70N, M184V, T215Y	X3TC	200
592006	253_-82	K70N, M184V, T215Y	ABC	3
592006	253_-82	K70N, M184V, T215Y	AZT	0.6
592006	253_-82	K70N, M184V, T215Y	D4T	0.7
592006	253_-82	K70N, M184V, T215Y	DDI	1
592006	253_-82	K70N, M184V, T215Y	TDF	0.6
591370	6_-49	T215D	X3TC	1.8
591370	6_-49	T215D	ABC	0.8
591370	6_-49	T215D	AZT	0.3
591370	6_-49	T215D	D4T	0.8
591370	6_-49	T215D	DDI	1.1
591370	6_-49	T215D	TDF	0.5
591632	106_-57	D67NS, K70R, M184V, L210LW, K219E	X3TC	200
591632	106_-57	D67NS, K70R, M184V, L210LW, K219E	ABC	3.6
591632	106_-57	D67NS, K70R, M184V, L210LW, K219E	AZT	4.6
591632	106_-57	D67NS, K70R, M184V, L210LW, K219E	D4T	1.2
591632	106_-57	D67NS, K70R, M184V, L210LW, K219E	DDI	2.2
591632	106_-57	D67NS, K70R, M184V, L210LW, K219E	TDF	1.1
592284	357_-50	D67N, T69DN, K70R, M184V, T215F, K219Q	X3TC	200
592284	357_-50	D67N, T69DN, K70R, M184V, T215F, K219Q	ABC	4
592284	357_-50	D67N, T69DN, K70R, M184V, T215F, K219Q	AZT	3.1
592284	357_-50	D67N, T69DN, K70R, M184V, T215F, K219Q	D4T	1
592284	357_-50	D67N, T69DN, K70R, M184V, T215F, K219Q	DDI	1.5
592284	357_-50	D67N, T69DN, K70R, M184V, T215F, K219Q	TDF	0.6
592344	375_110	A62AV	X3TC	1
592344	375_110	A62AV	ABC	0.8
592344	375_110	A62AV	AZT	0.8
592344	375_110	A62AV	D4T	0.8
592344	375_110	A62AV	DDI	0.9
592344	375_110	A62AV	TDF	0.8
592380	388_-63	M41L, D67N, T69D, M184V, L210W, T215CY	X3TC	200
592380	388_-63	M41L, D67N, T69D, M184V, L210W, T215CY	ABC	3.8
592380	388_-63	M41L, D67N, T69D, M184V, L210W, T215CY	AZT	0.4
592380	388_-63	M41L, D67N, T69D, M184V, L210W, T215CY	D4T	0.7
592380	388_-63	M41L, D67N, T69D, M184V, L210W, T215CY	DDI	1.6
592380	388_-63	M41L, D67N, T69D, M184V, L210W, T215CY	TDF	0.5
591828	182_-70	M41L, D67N, M184V, L210W, T215Y, K219E	X3TC	200
591828	182_-70	M41L, D67N, M184V, L210W, T215Y, K219E	ABC	4.8
591828	182_-70	M41L, D67N, M184V, L210W, T215Y, K219E	AZT	1.4
591828	182_-70	M41L, D67N, M184V, L210W, T215Y, K219E	D4T	1.7
591828	182_-70	M41L, D67N, M184V, L210W, T215Y, K219E	DDI	2.2
591828	182_-70	M41L, D67N, M184V, L210W, T215Y, K219E	TDF	0.8
591536	68_-84	M41L, D67G, S68G, K70R, M184AV, T215Y, K219E	X3TC	200
591536	68_-84	M41L, D67G, S68G, K70R, M184AV, T215Y, K219E	ABC	6.3
591536	68_-84	M41L, D67G, S68G, K70R, M184AV, T215Y, K219E	AZT	44
591536	68_-84	M41L, D67G, S68G, K70R, M184AV, T215Y, K219E	D4T	2.1
591536	68_-84	M41L, D67G, S68G, K70R, M184AV, T215Y, K219E	DDI	2.2
591536	68_-84	M41L, D67G, S68G, K70R, M184AV, T215Y, K219E	TDF	2.7
592336	373_-57	M41L, D67N, T69D, K70R, T215F, K219Q	X3TC	5
592336	373_-57	M41L, D67N, T69D, K70R, T215F, K219Q	ABC	3.3
592336	373_-57	M41L, D67N, T69D, K70R, T215F, K219Q	AZT	315
592336	373_-57	M41L, D67N, T69D, K70R, T215F, K219Q	D4T	2.2
592336	373_-57	M41L, D67N, T69D, K70R, T215F, K219Q	DDI	1.6
592336	373_-57	M41L, D67N, T69D, K70R, T215F, K219Q	TDF	3.9
591786	165_-44	M41L, D67N, K70R, M184V, T215Y, K219Q	X3TC	200
591786	165_-44	M41L, D67N, K70R, M184V, T215Y, K219Q	ABC	4.4
591786	165_-44	M41L, D67N, K70R, M184V, T215Y, K219Q	AZT	5.7
591786	165_-44	M41L, D67N, K70R, M184V, T215Y, K219Q	D4T	1.8
591786	165_-44	M41L, D67N, K70R, M184V, T215Y, K219Q	DDI	1.7
591786	165_-44	M41L, D67N, K70R, M184V, T215Y, K219Q	TDF	1.4
591594	92_-67	D67DN	X3TC	1.6
591594	92_-67	D67DN	ABC	1
591594	92_-67	D67DN	AZT	0.8
591594	92_-67	D67DN	D4T	1
591594	92_-67	D67DN	DDI	1.5
591594	92_-67	D67DN	TDF	1.1
591734	146_-71	S68SG, L74V, Y115F, M184V, T215Y	X3TC	200
591734	146_-71	S68SG, L74V, Y115F, M184V, T215Y	ABC	18
591734	146_-71	S68SG, L74V, Y115F, M184V, T215Y	AZT	0.7
591734	146_-71	S68SG, L74V, Y115F, M184V, T215Y	D4T	0.8
591734	146_-71	S68SG, L74V, Y115F, M184V, T215Y	DDI	2.1
591734	146_-71	S68SG, L74V, Y115F, M184V, T215Y	TDF	0.5
591674	121_-46	D67N, K70KE, M184V, L210W, T215Y	X3TC	200
591674	121_-46	D67N, K70KE, M184V, L210W, T215Y	ABC	6
591674	121_-46	D67N, K70KE, M184V, L210W, T215Y	AZT	1.8
591674	121_-46	D67N, K70KE, M184V, L210W, T215Y	D4T	1.6
591674	121_-46	D67N, K70KE, M184V, L210W, T215Y	DDI	2.2
591674	121_-46	D67N, K70KE, M184V, L210W, T215Y	TDF	1.1
591538	69_-84	M41L, E44EA, L74LI, M184V, L210W, T215Y	X3TC	200
591538	69_-84	M41L, E44EA, L74LI, M184V, L210W, T215Y	ABC	5.7
591538	69_-84	M41L, E44EA, L74LI, M184V, L210W, T215Y	AZT	59
591538	69_-84	M41L, E44EA, L74LI, M184V, L210W, T215Y	D4T	1.8
591538	69_-84	M41L, E44EA, L74LI, M184V, L210W, T215Y	DDI	1.8
591538	69_-84	M41L, E44EA, L74LI, M184V, L210W, T215Y	TDF	1.5
591432	26_-63	D67N, K70R, M184V, K219Q	X3TC	200
591432	26_-63	D67N, K70R, M184V, K219Q	ABC	3.5
591432	26_-63	D67N, K70R, M184V, K219Q	AZT	2.8
591432	26_-63	D67N, K70R, M184V, K219Q	D4T	1.6
591432	26_-63	D67N, K70R, M184V, K219Q	DDI	1.2
591432	26_-63	D67N, K70R, M184V, K219Q	TDF	0.9
592278	354_274		X3TC	0.9
592278	354_274		ABC	0.7
592278	354_274		AZT	0.7
592278	354_274		D4T	0.6
592278	354_274		DDI	0.8
592278	354_274		TDF	0.7
591970	239_149	D67N, V75VA, M184V	X3TC	200
591970	239_149	D67N, V75VA, M184V	ABC	4.4
591970	239_149	D67N, V75VA, M184V	AZT	0.4
591970	239_149	D67N, V75VA, M184V	D4T	0.8
591970	239_149	D67N, V75VA, M184V	DDI	1.9
591970	239_149	D67N, V75VA, M184V	TDF	0.4
591846	189_-71		X3TC	0.7
591846	189_-71		ABC	1
591846	189_-71		AZT	0.5
591846	189_-71		D4T	0.8
591846	189_-71		DDI	0.8
591846	189_-71		TDF	0.8
592316	366_-52		X3TC	1.4
592316	366_-52		ABC	0.9
592316	366_-52		AZT	0.9
592316	366_-52		D4T	1.1
592316	366_-52		DDI	1
592316	366_-52		TDF	1.1
592156	308_-19	M41L, L74V, M184V, L210W, T215Y	X3TC	200
592156	308_-19	M41L, L74V, M184V, L210W, T215Y	ABC	5.8
592156	308_-19	M41L, L74V, M184V, L210W, T215Y	AZT	1.1
592156	308_-19	M41L, L74V, M184V, L210W, T215Y	D4T	1.3
592156	308_-19	M41L, L74V, M184V, L210W, T215Y	DDI	2.2
592156	308_-19	M41L, L74V, M184V, L210W, T215Y	TDF	0.4
591500	54_-76	M41L, M184V, T215F	X3TC	200
591500	54_-76	M41L, M184V, T215F	ABC	3.9
591500	54_-76	M41L, M184V, T215F	AZT	0.9
591500	54_-76	M41L, M184V, T215F	D4T	1.2
591500	54_-76	M41L, M184V, T215F	DDI	1.9
591500	54_-76	M41L, M184V, T215F	TDF	0.7
591706	135_-56	D67N, M184V, L210W, T215Y	X3TC	200
591706	135_-56	D67N, M184V, L210W, T215Y	ABC	6.3
591706	135_-56	D67N, M184V, L210W, T215Y	AZT	3
591706	135_-56	D67N, M184V, L210W, T215Y	D4T	1.3
591706	135_-56	D67N, M184V, L210W, T215Y	DDI	1.3
591706	135_-56	D67N, M184V, L210W, T215Y	TDF	0.8
591510	57_83	M41L, D67N, T69D, K70R, V75M, M184V, L210W, T215F, K219Q	X3TC	200
591510	57_83	M41L, D67N, T69D, K70R, V75M, M184V, L210W, T215F, K219Q	ABC	6.1
591510	57_83	M41L, D67N, T69D, K70R, V75M, M184V, L210W, T215F, K219Q	AZT	61
591510	57_83	M41L, D67N, T69D, K70R, V75M, M184V, L210W, T215F, K219Q	D4T	2.5
591510	57_83	M41L, D67N, T69D, K70R, V75M, M184V, L210W, T215F, K219Q	DDI	1.9
591510	57_83	M41L, D67N, T69D, K70R, V75M, M184V, L210W, T215F, K219Q	TDF	2.7
591578	85_680	M41ML	X3TC	1.1
591578	85_680	M41ML	ABC	0.9
591578	85_680	M41ML	AZT	0.7
591578	85_680	M41ML	D4T	0.8
591578	85_680	M41ML	DDI	1
591578	85_680	M41ML	TDF	1
592132	299_-51	M41L, E44ED, S68G, M184V, L210W, T215Y	X3TC	200
592132	299_-51	M41L, E44ED, S68G, M184V, L210W, T215Y	ABC	5.4
592132	299_-51	M41L, E44ED, S68G, M184V, L210W, T215Y	AZT	3.5
592132	299_-51	M41L, E44ED, S68G, M184V, L210W, T215Y	D4T	1.8
592132	299_-51	M41L, E44ED, S68G, M184V, L210W, T215Y	DDI	2.1
592132	299_-51	M41L, E44ED, S68G, M184V, L210W, T215Y	TDF	1
591440	29_-63		X3TC	1
591440	29_-63		ABC	1.2
591440	29_-63		AZT	1.2
591440	29_-63		D4T	1.3
591440	29_-63		DDI	1.2
591440	29_-63		TDF	1.2
591986	245_-96	M41L, D67DN, K70KR, M184V, T215Y	X3TC	200
591986	245_-96	M41L, D67DN, K70KR, M184V, T215Y	ABC	4.8
591986	245_-96	M41L, D67DN, K70KR, M184V, T215Y	AZT	4.8
591986	245_-96	M41L, D67DN, K70KR, M184V, T215Y	D4T	2
591986	245_-96	M41L, D67DN, K70KR, M184V, T215Y	DDI	1.6
591986	245_-96	M41L, D67DN, K70KR, M184V, T215Y	TDF	1.1
591992	248_-46	M41L, D67N, M184V, L210W, T215Y	X3TC	200
591992	248_-46	M41L, D67N, M184V, L210W, T215Y	ABC	8.3
591992	248_-46	M41L, D67N, M184V, L210W, T215Y	AZT	44
591992	248_-46	M41L, D67N, M184V, L210W, T215Y	D4T	3.5
591992	248_-46	M41L, D67N, M184V, L210W, T215Y	DDI	2.3
591992	248_-46	M41L, D67N, M184V, L210W, T215Y	TDF	2
592176	316_305		X3TC	1
592176	316_305		ABC	0.9
592176	316_305		AZT	0.2
592176	316_305		D4T	0.8
592176	316_305		DDI	1.1
592176	316_305		TDF	0.7
592080	277_-76	M41L, L74V, M184V, T215Y	X3TC	200
592080	277_-76	M41L, L74V, M184V, T215Y	ABC	6.9
592080	277_-76	M41L, L74V, M184V, T215Y	AZT	1.5
592080	277_-76	M41L, L74V, M184V, T215Y	D4T	1.2
592080	277_-76	M41L, L74V, M184V, T215Y	DDI	3.2
592080	277_-76	M41L, L74V, M184V, T215Y	TDF	0.5
591462	38_681		X3TC	1.5
591462	38_681		ABC	0.9
591462	38_681		AZT	0.8
591462	38_681		D4T	1.1
591462	38_681		DDI	1.2
591462	38_681		TDF	1
591400	15_-89	M41L, E44D, D67N, K70R, V75M, F77L, M184V, L210W, T215Y, K219E	X3TC	200
591400	15_-89	M41L, E44D, D67N, K70R, V75M, F77L, M184V, L210W, T215Y, K219E	ABC	4.7
591400	15_-89	M41L, E44D, D67N, K70R, V75M, F77L, M184V, L210W, T215Y, K219E	AZT	9.3
591400	15_-89	M41L, E44D, D67N, K70R, V75M, F77L, M184V, L210W, T215Y, K219E	D4T	2.1
591400	15_-89	M41L, E44D, D67N, K70R, V75M, F77L, M184V, L210W, T215Y, K219E	DDI	1.7
591400	15_-89	M41L, E44D, D67N, K70R, V75M, F77L, M184V, L210W, T215Y, K219E	TDF	1.3
592170	314_-57	M41L, D67N, T69D, K70R, T215F, K219Q	X3TC	5.7
592170	314_-57	M41L, D67N, T69D, K70R, T215F, K219Q	ABC	5
592170	314_-57	M41L, D67N, T69D, K70R, T215F, K219Q	AZT	456
592170	314_-57	M41L, D67N, T69D, K70R, T215F, K219Q	D4T	2.5
592170	314_-57	M41L, D67N, T69D, K70R, T215F, K219Q	DDI	1.9
592170	314_-57	M41L, D67N, T69D, K70R, T215F, K219Q	TDF	4.4
592404	397_140		X3TC	1
592404	397_140		ABC	0.8
592404	397_140		AZT	1.1
592404	397_140		D4T	1.1
592404	397_140		DDI	1.1
592404	397_140		TDF	0.9
592396	395_-66	S68G, M184V, L210W, T215Y	X3TC	200
592396	395_-66	S68G, M184V, L210W, T215Y	ABC	3.8
592396	395_-66	S68G, M184V, L210W, T215Y	AZT	3.9
592396	395_-66	S68G, M184V, L210W, T215Y	D4T	1.4
592396	395_-66	S68G, M184V, L210W, T215Y	DDI	1.7
592396	395_-66	S68G, M184V, L210W, T215Y	TDF	0.9
591856	191_136		X3TC	0.8
591856	191_136		ABC	0.9
591856	191_136		AZT	0.6
591856	191_136		D4T	0.8
591856	191_136		DDI	0.8
591856	191_136		TDF	0.8
592444	412_-60	A62V, S68G, K70S, V75I, F77L, Y115F, F116Y, Q151M, M184V, T215D	X3TC	200
592444	412_-60	A62V, S68G, K70S, V75I, F77L, Y115F, F116Y, Q151M, M184V, T215D	ABC	200
592444	412_-60	A62V, S68G, K70S, V75I, F77L, Y115F, F116Y, Q151M, M184V, T215D	AZT	252
592444	412_-60	A62V, S68G, K70S, V75I, F77L, Y115F, F116Y, Q151M, M184V, T215D	D4T	9.8
592444	412_-60	A62V, S68G, K70S, V75I, F77L, Y115F, F116Y, Q151M, M184V, T215D	DDI	22
592444	412_-60	A62V, S68G, K70S, V75I, F77L, Y115F, F116Y, Q151M, M184V, T215D	TDF	2
592364	383_-76	M41L, E44A, D67N, M184V, L210W, T215Y	X3TC	200
592364	383_-76	M41L, E44A, D67N, M184V, L210W, T215Y	ABC	7.3
592364	383_-76	M41L, E44A, D67N, M184V, L210W, T215Y	AZT	43
592364	383_-76	M41L, E44A, D67N, M184V, L210W, T215Y	D4T	7.8
592364	383_-76	M41L, E44A, D67N, M184V, L210W, T215Y	DDI	4.1
592364	383_-76	M41L, E44A, D67N, M184V, L210W, T215Y	TDF	2.2
591684	124_-62	M41L, D67N, M184V, L210LW, T215Y	X3TC	200
591684	124_-62	M41L, D67N, M184V, L210LW, T215Y	ABC	5
591684	124_-62	M41L, D67N, M184V, L210LW, T215Y	AZT	9.6
591684	124_-62	M41L, D67N, M184V, L210LW, T215Y	D4T	2.1
591684	124_-62	M41L, D67N, M184V, L210LW, T215Y	DDI	1.7
591684	124_-62	M41L, D67N, M184V, L210LW, T215Y	TDF	1.2
591522	63_-76	L74LV, Y115YF, M184MV	X3TC	3.3
591522	63_-76	L74LV, Y115YF, M184MV	ABC	3.2
591522	63_-76	L74LV, Y115YF, M184MV	AZT	0.4
591522	63_-76	L74LV, Y115YF, M184MV	D4T	0.7
591522	63_-76	L74LV, Y115YF, M184MV	DDI	1.7
591522	63_-76	L74LV, Y115YF, M184MV	TDF	0.6
591886	202_-84	S68SG, L74LI, M184V	X3TC	200
591886	202_-84	S68SG, L74LI, M184V	ABC	2.7
591886	202_-84	S68SG, L74LI, M184V	AZT	0.3
591886	202_-84	S68SG, L74LI, M184V	D4T	0.6
591886	202_-84	S68SG, L74LI, M184V	DDI	1.2
591886	202_-84	S68SG, L74LI, M184V	TDF	0.5
592228	337_-57	M41L, E44D, D67N, M184V, L210W, T215Y, K219N	X3TC	200
592228	337_-57	M41L, E44D, D67N, M184V, L210W, T215Y, K219N	ABC	9.7
592228	337_-57	M41L, E44D, D67N, M184V, L210W, T215Y, K219N	AZT	146
592228	337_-57	M41L, E44D, D67N, M184V, L210W, T215Y, K219N	D4T	4.3
592228	337_-57	M41L, E44D, D67N, M184V, L210W, T215Y, K219N	DDI	1.6
592228	337_-57	M41L, E44D, D67N, M184V, L210W, T215Y, K219N	TDF	2.2
592034	260_162		X3TC	1.4
592034	260_162		ABC	1.1
592034	260_162		AZT	0.8
592034	260_162		D4T	1.1
592034	260_162		DDI	1
592034	260_162		TDF	1.1
591978	243_-42	A62V, M184V, T215Y	X3TC	200
591978	243_-42	A62V, M184V, T215Y	ABC	5.6
591978	243_-42	A62V, M184V, T215Y	AZT	5.1
591978	243_-42	A62V, M184V, T215Y	D4T	1.2
591978	243_-42	A62V, M184V, T215Y	DDI	1.9
591978	243_-42	A62V, M184V, T215Y	TDF	1.4
591614	99_60	D67DN, L210LW, K219KN	X3TC	2
591614	99_60	D67DN, L210LW, K219KN	ABC	0.9
591614	99_60	D67DN, L210LW, K219KN	AZT	1.2
591614	99_60	D67DN, L210LW, K219KN	D4T	1.2
591614	99_60	D67DN, L210LW, K219KN	DDI	1.1
591614	99_60	D67DN, L210LW, K219KN	TDF	0.8
592124	296_-76	M41L, E44A, D67N, L74I, M184V, L210W, T215Y, K219N	X3TC	200
592124	296_-76	M41L, E44A, D67N, L74I, M184V, L210W, T215Y, K219N	ABC	8.3
592124	296_-76	M41L, E44A, D67N, L74I, M184V, L210W, T215Y, K219N	AZT	49
592124	296_-76	M41L, E44A, D67N, L74I, M184V, L210W, T215Y, K219N	D4T	3.6
592124	296_-76	M41L, E44A, D67N, L74I, M184V, L210W, T215Y, K219N	DDI	2.1
592124	296_-76	M41L, E44A, D67N, L74I, M184V, L210W, T215Y, K219N	TDF	1.3
591838	186_-64	K70KR	X3TC	1.2
591838	186_-64	K70KR	ABC	0.9
591838	186_-64	K70KR	AZT	1.2
591838	186_-64	K70KR	D4T	2
591838	186_-64	K70KR	DDI	1.9
591838	186_-64	K70KR	TDF	1.5
591402	15_106	M41L, E44D, D67N, K70R, V75M, F77L, M184V, L210W, T215Y, K219E	X3TC	200
591402	15_106	M41L, E44D, D67N, K70R, V75M, F77L, M184V, L210W, T215Y, K219E	ABC	7.4
591402	15_106	M41L, E44D, D67N, K70R, V75M, F77L, M184V, L210W, T215Y, K219E	AZT	15
591402	15_106	M41L, E44D, D67N, K70R, V75M, F77L, M184V, L210W, T215Y, K219E	D4T	1.5
591402	15_106	M41L, E44D, D67N, K70R, V75M, F77L, M184V, L210W, T215Y, K219E	DDI	2.5
591402	15_106	M41L, E44D, D67N, K70R, V75M, F77L, M184V, L210W, T215Y, K219E	TDF	1.1
591662	116_-59	M41L, M184MV, L210W, T215Y, K219R	X3TC	6.2
591662	116_-59	M41L, M184MV, L210W, T215Y, K219R	ABC	5.2
591662	116_-59	M41L, M184MV, L210W, T215Y, K219R	AZT	623
591662	116_-59	M41L, M184MV, L210W, T215Y, K219R	D4T	2.8
591662	116_-59	M41L, M184MV, L210W, T215Y, K219R	DDI	1.4
591662	116_-59	M41L, M184MV, L210W, T215Y, K219R	TDF	6.3
591374	6_147	T215D	X3TC	2.1
591374	6_147	T215D	ABC	0.9
591374	6_147	T215D	AZT	0.3
591374	6_147	T215D	D4T	0.7
591374	6_147	T215D	DDI	1
591374	6_147	T215D	TDF	0.5
591642	109_280	M41L	X3TC	2
591642	109_280	M41L	ABC	1.1
591642	109_280	M41L	AZT	0.8
591642	109_280	M41L	D4T	1.1
591642	109_280	M41L	DDI	1.1
591642	109_280	M41L	TDF	1
591640	109_-60	M41L, T215Y	X3TC	3.2
591640	109_-60	M41L, T215Y	ABC	2.3
591640	109_-60	M41L, T215Y	AZT	7.7
591640	109_-60	M41L, T215Y	D4T	2.1
591640	109_-60	M41L, T215Y	DDI	1.1
591640	109_-60	M41L, T215Y	TDF	1.3
591634	107_-57	M41L, E44A, A62V, D67DG, S68SGR, K70KT, L74LV, M184V, L210W, T215Y, K219KN	X3TC	200
591634	107_-57	M41L, E44A, A62V, D67DG, S68SGR, K70KT, L74LV, M184V, L210W, T215Y, K219KN	ABC	9.2
591634	107_-57	M41L, E44A, A62V, D67DG, S68SGR, K70KT, L74LV, M184V, L210W, T215Y, K219KN	AZT	59
591634	107_-57	M41L, E44A, A62V, D67DG, S68SGR, K70KT, L74LV, M184V, L210W, T215Y, K219KN	D4T	2.7
591634	107_-57	M41L, E44A, A62V, D67DG, S68SGR, K70KT, L74LV, M184V, L210W, T215Y, K219KN	DDI	3.1
591634	107_-57	M41L, E44A, A62V, D67DG, S68SGR, K70KT, L74LV, M184V, L210W, T215Y, K219KN	TDF	1.8
591752	152_-76	M41L, D67N, L74V, M184V, L210W, T215Y, K219KN	X3TC	200
591752	152_-76	M41L, D67N, L74V, M184V, L210W, T215Y, K219KN	ABC	12
591752	152_-76	M41L, D67N, L74V, M184V, L210W, T215Y, K219KN	AZT	59
591752	152_-76	M41L, D67N, L74V, M184V, L210W, T215Y, K219KN	D4T	3.2
591752	152_-76	M41L, D67N, L74V, M184V, L210W, T215Y, K219KN	DDI	3.1
591752	152_-76	M41L, D67N, L74V, M184V, L210W, T215Y, K219KN	TDF	1.5
591880	199_187	M41L, D67N, K70R, M184V, T215F, K219Q	X3TC	200
591880	199_187	M41L, D67N, K70R, M184V, T215F, K219Q	ABC	3.9
591880	199_187	M41L, D67N, K70R, M184V, T215F, K219Q	AZT	6.3
591880	199_187	M41L, D67N, K70R, M184V, T215F, K219Q	D4T	1.3
591880	199_187	M41L, D67N, K70R, M184V, T215F, K219Q	DDI	1.3
591880	199_187	M41L, D67N, K70R, M184V, T215F, K219Q	TDF	1.1
592060	270_-66	M41L, D67N, T69D, K70R, L210W, T215FS, K219Q	X3TC	3.1
592060	270_-66	M41L, D67N, T69D, K70R, L210W, T215FS, K219Q	ABC	1.2
592060	270_-66	M41L, D67N, T69D, K70R, L210W, T215FS, K219Q	AZT	3.1
592060	270_-66	M41L, D67N, T69D, K70R, L210W, T215FS, K219Q	D4T	1.2
592060	270_-66	M41L, D67N, T69D, K70R, L210W, T215FS, K219Q	DDI	0.9
592060	270_-66	M41L, D67N, T69D, K70R, L210W, T215FS, K219Q	TDF	1.2
591582	87_-58	E40F, M41L, D67N, K70Q, L210W, T215Y, K219R	X3TC	10
591582	87_-58	E40F, M41L, D67N, K70Q, L210W, T215Y, K219R	ABC	8.6
591582	87_-58	E40F, M41L, D67N, K70Q, L210W, T215Y, K219R	AZT	200
591582	87_-58	E40F, M41L, D67N, K70Q, L210W, T215Y, K219R	D4T	7.3
591582	87_-58	E40F, M41L, D67N, K70Q, L210W, T215Y, K219R	DDI	2.9
591582	87_-58	E40F, M41L, D67N, K70Q, L210W, T215Y, K219R	TDF	5.7
592376	387_-50	M41L, E44ED, V75VIM, L210W	X3TC	2.1
592376	387_-50	M41L, E44ED, V75VIM, L210W	ABC	1.4
592376	387_-50	M41L, E44ED, V75VIM, L210W	AZT	3.1
592376	387_-50	M41L, E44ED, V75VIM, L210W	D4T	1.1
592376	387_-50	M41L, E44ED, V75VIM, L210W	DDI	0.8
592376	387_-50	M41L, E44ED, V75VIM, L210W	TDF	1.2
592290	358_200	M41ML, T215Y	X3TC	2.3
592290	358_200	M41ML, T215Y	ABC	2.5
592290	358_200	M41ML, T215Y	AZT	58
592290	358_200	M41ML, T215Y	D4T	1.9
592290	358_200	M41ML, T215Y	DDI	1.2
592290	358_200	M41ML, T215Y	TDF	2.7
591474	44_-43	M41L, M184V, L210W, T215Y	X3TC	200
591474	44_-43	M41L, M184V, L210W, T215Y	ABC	6.4
591474	44_-43	M41L, M184V, L210W, T215Y	AZT	5.5
591474	44_-43	M41L, M184V, L210W, T215Y	D4T	1.9
591474	44_-43	M41L, M184V, L210W, T215Y	DDI	1.7
591474	44_-43	M41L, M184V, L210W, T215Y	TDF	1.1
591868	195_120	M41L, E44D, D67N, L74V, L210W, T215Y, K219NS	X3TC	8
591868	195_120	M41L, E44D, D67N, L74V, L210W, T215Y, K219NS	ABC	5.8
591868	195_120	M41L, E44D, D67N, L74V, L210W, T215Y, K219NS	AZT	102
591868	195_120	M41L, E44D, D67N, L74V, L210W, T215Y, K219NS	D4T	6.8
591868	195_120	M41L, E44D, D67N, L74V, L210W, T215Y, K219NS	DDI	3.7
591868	195_120	M41L, E44D, D67N, L74V, L210W, T215Y, K219NS	TDF	2.9
592398	396_-55		X3TC	1.1
592398	396_-55		ABC	1
592398	396_-55		AZT	0.7
592398	396_-55		D4T	0.8
592398	396_-55		DDI	1.1
592398	396_-55		TDF	1
591892	204_185		X3TC	1.5
591892	204_185		ABC	1.2
591892	204_185		AZT	0.9
591892	204_185		D4T	1.2
591892	204_185		DDI	1
591892	204_185		TDF	0.9
591982	244_-74		X3TC	1.4
591982	244_-74		ABC	0.7
591982	244_-74		AZT	0.8
591982	244_-74		D4T	0.6
591982	244_-74		DDI	0.9
591982	244_-74		TDF	1
591450	33_393		X3TC	1.1
591450	33_393		ABC	1.2
591450	33_393		AZT	0.6
591450	33_393		D4T	1
591450	33_393		DDI	1.2
591450	33_393		TDF	0.8
591904	210_-49	M41L, E44D, D67N, M184V, L210W, T215Y, K219DN	X3TC	200
591904	210_-49	M41L, E44D, D67N, M184V, L210W, T215Y, K219DN	ABC	6.1
591904	210_-49	M41L, E44D, D67N, M184V, L210W, T215Y, K219DN	AZT	24
591904	210_-49	M41L, E44D, D67N, M184V, L210W, T215Y, K219DN	D4T	2.4
591904	210_-49	M41L, E44D, D67N, M184V, L210W, T215Y, K219DN	DDI	2.6
591904	210_-49	M41L, E44D, D67N, M184V, L210W, T215Y, K219DN	TDF	1.1
592110	291_-63	M41L, E44A, L74I, M184V, L210W, T215Y, K219R	X3TC	200
592110	291_-63	M41L, E44A, L74I, M184V, L210W, T215Y, K219R	ABC	8.7
592110	291_-63	M41L, E44A, L74I, M184V, L210W, T215Y, K219R	AZT	25
592110	291_-63	M41L, E44A, L74I, M184V, L210W, T215Y, K219R	D4T	3.4
592110	291_-63	M41L, E44A, L74I, M184V, L210W, T215Y, K219R	DDI	1.9
592110	291_-63	M41L, E44A, L74I, M184V, L210W, T215Y, K219R	TDF	1.1
591598	93_-49	M41L, D67N, K70R, L74I, M184V, L210W, T215Y, K219E	X3TC	200
591598	93_-49	M41L, D67N, K70R, L74I, M184V, L210W, T215Y, K219E	ABC	8.5
591598	93_-49	M41L, D67N, K70R, L74I, M184V, L210W, T215Y, K219E	AZT	17
591598	93_-49	M41L, D67N, K70R, L74I, M184V, L210W, T215Y, K219E	D4T	3.4
591598	93_-49	M41L, D67N, K70R, L74I, M184V, L210W, T215Y, K219E	DDI	2.3
591598	93_-49	M41L, D67N, K70R, L74I, M184V, L210W, T215Y, K219E	TDF	1.4
592044	265_-54	M41L, L74V, L210W, T215Y	X3TC	2.8
592044	265_-54	M41L, L74V, L210W, T215Y	ABC	2.6
592044	265_-54	M41L, L74V, L210W, T215Y	AZT	2.8
592044	265_-54	M41L, L74V, L210W, T215Y	D4T	2.1
592044	265_-54	M41L, L74V, L210W, T215Y	DDI	1.7
592044	265_-54	M41L, L74V, L210W, T215Y	TDF	0.8
591768	158_-50	M41L, T69ADV, L74LI, M184V, L210W, T215Y, K219R	X3TC	200
591768	158_-50	M41L, T69ADV, L74LI, M184V, L210W, T215Y, K219R	ABC	11
591768	158_-50	M41L, T69ADV, L74LI, M184V, L210W, T215Y, K219R	AZT	283
591768	158_-50	M41L, T69ADV, L74LI, M184V, L210W, T215Y, K219R	D4T	4
591768	158_-50	M41L, T69ADV, L74LI, M184V, L210W, T215Y, K219R	DDI	3
591768	158_-50	M41L, T69ADV, L74LI, M184V, L210W, T215Y, K219R	TDF	2.6
591420	22_197	S68G, L210W, T215Y	X3TC	2.5
591420	22_197	S68G, L210W, T215Y	ABC	2.4
591420	22_197	S68G, L210W, T215Y	AZT	52
591420	22_197	S68G, L210W, T215Y	D4T	1.5
591420	22_197	S68G, L210W, T215Y	DDI	1.1
591420	22_197	S68G, L210W, T215Y	TDF	2.8
591488	50_-54	M41L, D67N, T69D, M184V, L210W, T215F, K219R	X3TC	200
591488	50_-54	M41L, D67N, T69D, M184V, L210W, T215F, K219R	ABC	9.3
591488	50_-54	M41L, D67N, T69D, M184V, L210W, T215F, K219R	AZT	97
591488	50_-54	M41L, D67N, T69D, M184V, L210W, T215F, K219R	D4T	3.9
591488	50_-54	M41L, D67N, T69D, M184V, L210W, T215F, K219R	DDI	2.3
591488	50_-54	M41L, D67N, T69D, M184V, L210W, T215F, K219R	TDF	2.3
592442	411_-70	M41ML, L74LV	X3TC	1
592442	411_-70	M41ML, L74LV	ABC	0.8
592442	411_-70	M41ML, L74LV	AZT	0.4
592442	411_-70	M41ML, L74LV	D4T	0.7
592442	411_-70	M41ML, L74LV	DDI	0.8
592442	411_-70	M41ML, L74LV	TDF	0.6
592050	266_149		X3TC	1.6
592050	266_149		ABC	0.9
592050	266_149		AZT	0.4
592050	266_149		D4T	1
592050	266_149		DDI	1
592050	266_149		TDF	0.6
591524	63_-47	L74LV, Y115YF, M184MV	X3TC	3.5
591524	63_-47	L74LV, Y115YF, M184MV	ABC	4.2
591524	63_-47	L74LV, Y115YF, M184MV	AZT	0.5
591524	63_-47	L74LV, Y115YF, M184MV	D4T	0.7
591524	63_-47	L74LV, Y115YF, M184MV	DDI	1.6
591524	63_-47	L74LV, Y115YF, M184MV	TDF	0.9
592138	301_584	M41L, E44A, D67G, S68G, M184V, L210W, T215Y	X3TC	200
592138	301_584	M41L, E44A, D67G, S68G, M184V, L210W, T215Y	ABC	7.9
592138	301_584	M41L, E44A, D67G, S68G, M184V, L210W, T215Y	AZT	93
592138	301_584	M41L, E44A, D67G, S68G, M184V, L210W, T215Y	D4T	3
592138	301_584	M41L, E44A, D67G, S68G, M184V, L210W, T215Y	DDI	2.6
592138	301_584	M41L, E44A, D67G, S68G, M184V, L210W, T215Y	TDF	2.5
592146	304_-45	T215F	X3TC	1.1
592146	304_-45	T215F	ABC	1
592146	304_-45	T215F	AZT	3.5
592146	304_-45	T215F	D4T	1.2
592146	304_-45	T215F	DDI	0.9
592146	304_-45	T215F	TDF	0.9
592064	271_-64	M41L, E44ED, D67N, T69D, M184V, L210W, T215Y	X3TC	200
592064	271_-64	M41L, E44ED, D67N, T69D, M184V, L210W, T215Y	ABC	8.2
592064	271_-64	M41L, E44ED, D67N, T69D, M184V, L210W, T215Y	AZT	40
592064	271_-64	M41L, E44ED, D67N, T69D, M184V, L210W, T215Y	D4T	2
592064	271_-64	M41L, E44ED, D67N, T69D, M184V, L210W, T215Y	DDI	2.9
592064	271_-64	M41L, E44ED, D67N, T69D, M184V, L210W, T215Y	TDF	1.9
591394	13_-57	K70KE, M184V	X3TC	200
591394	13_-57	K70KE, M184V	ABC	4
591394	13_-57	K70KE, M184V	AZT	0.1
591394	13_-57	K70KE, M184V	D4T	0.5
591394	13_-57	K70KE, M184V	DDI	1
591394	13_-57	K70KE, M184V	TDF	0.4
591612	99_-61	M41ML, E44ED, D67DN, L210LW, K219KN	X3TC	1.3
591612	99_-61	M41ML, E44ED, D67DN, L210LW, K219KN	ABC	1.1
591612	99_-61	M41ML, E44ED, D67DN, L210LW, K219KN	AZT	0.8
591612	99_-61	M41ML, E44ED, D67DN, L210LW, K219KN	D4T	1
591612	99_-61	M41ML, E44ED, D67DN, L210LW, K219KN	DDI	0.6
591612	99_-61	M41ML, E44ED, D67DN, L210LW, K219KN	TDF	0.6
592382	389_-55	M41L, D67DN, M184V, L210W, T215Y, K219KN	X3TC	200
592382	389_-55	M41L, D67DN, M184V, L210W, T215Y, K219KN	ABC	6.7
592382	389_-55	M41L, D67DN, M184V, L210W, T215Y, K219KN	AZT	21
592382	389_-55	M41L, D67DN, M184V, L210W, T215Y, K219KN	D4T	1.7
592382	389_-55	M41L, D67DN, M184V, L210W, T215Y, K219KN	DDI	1.9
592382	389_-55	M41L, D67DN, M184V, L210W, T215Y, K219KN	TDF	1.7
591726	143_-55	M41L, E44D, S68G, M184V, L210W, T215Y	X3TC	200
591726	143_-55	M41L, E44D, S68G, M184V, L210W, T215Y	ABC	9.8
591726	143_-55	M41L, E44D, S68G, M184V, L210W, T215Y	AZT	43
591726	143_-55	M41L, E44D, S68G, M184V, L210W, T215Y	D4T	3
591726	143_-55	M41L, E44D, S68G, M184V, L210W, T215Y	DDI	2.2
591726	143_-55	M41L, E44D, S68G, M184V, L210W, T215Y	TDF	2
592258	347_440	T69D, K70R	X3TC	2.2
592258	347_440	T69D, K70R	ABC	1.3
592258	347_440	T69D, K70R	AZT	1.8
592258	347_440	T69D, K70R	D4T	1.4
592258	347_440	T69D, K70R	DDI	1.1
592258	347_440	T69D, K70R	TDF	1.1
591464	39_-77	D67N, K70R, M184V, K219Q	X3TC	200
591464	39_-77	D67N, K70R, M184V, K219Q	ABC	3.5
591464	39_-77	D67N, K70R, M184V, K219Q	AZT	2.3
591464	39_-77	D67N, K70R, M184V, K219Q	D4T	1.4
591464	39_-77	D67N, K70R, M184V, K219Q	DDI	1.5
591464	39_-77	D67N, K70R, M184V, K219Q	TDF	1
591490	51_-67		X3TC	1
591490	51_-67		ABC	0.8
591490	51_-67		AZT	0.9
591490	51_-67		D4T	1.4
591490	51_-67		DDI	1.4
591490	51_-67		TDF	1.1
591672	120_-69	D67G, T69D, K70R, M184V, K219Q	X3TC	200
591672	120_-69	D67G, T69D, K70R, M184V, K219Q	ABC	3.5
591672	120_-69	D67G, T69D, K70R, M184V, K219Q	AZT	1.4
591672	120_-69	D67G, T69D, K70R, M184V, K219Q	D4T	1.3
591672	120_-69	D67G, T69D, K70R, M184V, K219Q	DDI	2.5
591672	120_-69	D67G, T69D, K70R, M184V, K219Q	TDF	0.8
591818	179_-55	M41L, E44D, M184V, T215F	X3TC	200
591818	179_-55	M41L, E44D, M184V, T215F	ABC	6.2
591818	179_-55	M41L, E44D, M184V, T215F	AZT	28
591818	179_-55	M41L, E44D, M184V, T215F	D4T	1.4
591818	179_-55	M41L, E44D, M184V, T215F	DDI	1
591818	179_-55	M41L, E44D, M184V, T215F	TDF	1.8
591974	241_-56	M41L, E44D, D67N, L74V, M184V, L210W, T215Y, K219R	X3TC	200
591974	241_-56	M41L, E44D, D67N, L74V, M184V, L210W, T215Y, K219R	ABC	7.6
591974	241_-56	M41L, E44D, D67N, L74V, M184V, L210W, T215Y, K219R	AZT	4.3
591974	241_-56	M41L, E44D, D67N, L74V, M184V, L210W, T215Y, K219R	D4T	3
591974	241_-56	M41L, E44D, D67N, L74V, M184V, L210W, T215Y, K219R	DDI	2.6
591974	241_-56	M41L, E44D, D67N, L74V, M184V, L210W, T215Y, K219R	TDF	0.8
591908	212_-69	M41L, D67DG, S68SG, M184MV, L210LW, T215Y, K219E	X3TC	200
591908	212_-69	M41L, D67DG, S68SG, M184MV, L210LW, T215Y, K219E	ABC	7.3
591908	212_-69	M41L, D67DG, S68SG, M184MV, L210LW, T215Y, K219E	AZT	3.2
591908	212_-69	M41L, D67DG, S68SG, M184MV, L210LW, T215Y, K219E	D4T	2.1
591908	212_-69	M41L, D67DG, S68SG, M184MV, L210LW, T215Y, K219E	DDI	2.2
591908	212_-69	M41L, D67DG, S68SG, M184MV, L210LW, T215Y, K219E	TDF	1.3
591666	117_-63	D67N, T69D, L74V, K219Q	X3TC	2.6
591666	117_-63	D67N, T69D, L74V, K219Q	ABC	1.7
591666	117_-63	D67N, T69D, L74V, K219Q	AZT	0.3
591666	117_-63	D67N, T69D, L74V, K219Q	D4T	0.8
591666	117_-63	D67N, T69D, L74V, K219Q	DDI	1.5
591666	117_-63	D67N, T69D, L74V, K219Q	TDF	0.4
591428	24_99		X3TC	1.6
591428	24_99		ABC	1.1
591428	24_99		AZT	0.9
591428	24_99		D4T	1.1
591428	24_99		DDI	1.3
591428	24_99		TDF	1
592154	307_-89	M41L, D67N, V75M, F77L, T215F	X3TC	3.4
592154	307_-89	M41L, D67N, V75M, F77L, T215F	ABC	2
592154	307_-89	M41L, D67N, V75M, F77L, T215F	AZT	38
592154	307_-89	M41L, D67N, V75M, F77L, T215F	D4T	2.7
592154	307_-89	M41L, D67N, V75M, F77L, T215F	DDI	1.3
592154	307_-89	M41L, D67N, V75M, F77L, T215F	TDF	2.1
591514	59_288	M184MV	X3TC	2.7
591514	59_288	M184MV	ABC	1.4
591514	59_288	M184MV	AZT	0.4
591514	59_288	M184MV	D4T	0.9
591514	59_288	M184MV	DDI	1.2
591514	59_288	M184MV	TDF	0.6
591604	96_-61	M41L, E44D, D67N, T69D, L210W	X3TC	3.5
591604	96_-61	M41L, E44D, D67N, T69D, L210W	ABC	1.2
591604	96_-61	M41L, E44D, D67N, T69D, L210W	AZT	1.9
591604	96_-61	M41L, E44D, D67N, T69D, L210W	D4T	1.3
591604	96_-61	M41L, E44D, D67N, T69D, L210W	DDI	0.9
591604	96_-61	M41L, E44D, D67N, T69D, L210W	TDF	1.1
592360	381_-46	M41ML, T215C	X3TC	0.8
592360	381_-46	M41ML, T215C	ABC	0.7
592360	381_-46	M41ML, T215C	AZT	1.5
592360	381_-46	M41ML, T215C	D4T	0.9
592360	381_-46	M41ML, T215C	DDI	1
592360	381_-46	M41ML, T215C	TDF	1.2
592084	279_-57	D67N, K70R, L74I, M184V, T215F, K219E	X3TC	200
592084	279_-57	D67N, K70R, L74I, M184V, T215F, K219E	ABC	5.2
592084	279_-57	D67N, K70R, L74I, M184V, T215F, K219E	AZT	2.8
592084	279_-57	D67N, K70R, L74I, M184V, T215F, K219E	D4T	1.3
592084	279_-57	D67N, K70R, L74I, M184V, T215F, K219E	DDI	1.4
592084	279_-57	D67N, K70R, L74I, M184V, T215F, K219E	TDF	0.8
591866	195_-61	M41L, E44D, D67N, L74V, L210W, T215Y, K219N	X3TC	11
591866	195_-61	M41L, E44D, D67N, L74V, L210W, T215Y, K219N	ABC	5.7
591866	195_-61	M41L, E44D, D67N, L74V, L210W, T215Y, K219N	AZT	205
591866	195_-61	M41L, E44D, D67N, L74V, L210W, T215Y, K219N	D4T	5.6
591866	195_-61	M41L, E44D, D67N, L74V, L210W, T215Y, K219N	DDI	2
591866	195_-61	M41L, E44D, D67N, L74V, L210W, T215Y, K219N	TDF	1.7
592204	330_-72	M41MIL, M184MV, T215L	X3TC	2.2
592204	330_-72	M41MIL, M184MV, T215L	ABC	1.3
592204	330_-72	M41MIL, M184MV, T215L	AZT	0.5
592204	330_-72	M41MIL, M184MV, T215L	D4T	1
592204	330_-72	M41MIL, M184MV, T215L	DDI	1.1
592204	330_-72	M41MIL, M184MV, T215L	TDF	0.6
591948	229_-62	M41L, D67N, K70KR, T215F, K219E	X3TC	5.8
591948	229_-62	M41L, D67N, K70KR, T215F, K219E	ABC	2.9
591948	229_-62	M41L, D67N, K70KR, T215F, K219E	AZT	42
591948	229_-62	M41L, D67N, K70KR, T215F, K219E	D4T	2.1
591948	229_-62	M41L, D67N, K70KR, T215F, K219E	DDI	1.5
591948	229_-62	M41L, D67N, K70KR, T215F, K219E	TDF	2.7
591622	103_-53	M41L, M184V, T215Y	X3TC	200
591622	103_-53	M41L, M184V, T215Y	ABC	5.2
591622	103_-53	M41L, M184V, T215Y	AZT	11
591622	103_-53	M41L, M184V, T215Y	D4T	1.2
591622	103_-53	M41L, M184V, T215Y	DDI	1.2
591622	103_-53	M41L, M184V, T215Y	TDF	1.5
592260	348_-53	D67N, K70R, M184V, K219Q	X3TC	200
592260	348_-53	D67N, K70R, M184V, K219Q	ABC	3.3
592260	348_-53	D67N, K70R, M184V, K219Q	AZT	1.1
592260	348_-53	D67N, K70R, M184V, K219Q	D4T	1.1
592260	348_-53	D67N, K70R, M184V, K219Q	DDI	1.9
592260	348_-53	D67N, K70R, M184V, K219Q	TDF	0.7
591996	249_90		X3TC	1.1
591996	249_90		ABC	0.9
591996	249_90		AZT	0.7
591996	249_90		D4T	1
591996	249_90		DDI	0.7
591996	249_90		TDF	0.7
591762	156_-57		X3TC	0.8
591762	156_-57		ABC	0.8
591762	156_-57		AZT	0.6
591762	156_-57		D4T	0.8
591762	156_-57		DDI	0.8
591762	156_-57		TDF	0.8
592334	372_686	M41ML, D67DN, L74LV, M184MV, L210LW, K219KN	X3TC	2
592334	372_686	M41ML, D67DN, L74LV, M184MV, L210LW, K219KN	ABC	1.2
592334	372_686	M41ML, D67DN, L74LV, M184MV, L210LW, K219KN	AZT	1.7
592334	372_686	M41ML, D67DN, L74LV, M184MV, L210LW, K219KN	D4T	1
592334	372_686	M41ML, D67DN, L74LV, M184MV, L210LW, K219KN	DDI	1
592334	372_686	M41ML, D67DN, L74LV, M184MV, L210LW, K219KN	TDF	1.2
592012	255_-70	M41L, D67G, S68G, M184V, T215Y, K219E	X3TC	200
592012	255_-70	M41L, D67G, S68G, M184V, T215Y, K219E	ABC	4.9
592012	255_-70	M41L, D67G, S68G, M184V, T215Y, K219E	AZT	5.7
592012	255_-70	M41L, D67G, S68G, M184V, T215Y, K219E	D4T	1.3
592012	255_-70	M41L, D67G, S68G, M184V, T215Y, K219E	DDI	2
592012	255_-70	M41L, D67G, S68G, M184V, T215Y, K219E	TDF	1.2
591720	141_-86		X3TC	200
591720	141_-86		ABC	4.9
591720	141_-86		AZT	2.1
591720	141_-86		D4T	1.6
591720	141_-86		DDI	1.7
591720	141_-86		TDF	0.8
591390	12_-77	M41L, A62V, D67N, T69D, K70R, V75I, L210W, T215F, K219Q	X3TC	12
591390	12_-77	M41L, A62V, D67N, T69D, K70R, V75I, L210W, T215F, K219Q	ABC	4
591390	12_-77	M41L, A62V, D67N, T69D, K70R, V75I, L210W, T215F, K219Q	AZT	128
591390	12_-77	M41L, A62V, D67N, T69D, K70R, V75I, L210W, T215F, K219Q	D4T	5.4
591390	12_-77	M41L, A62V, D67N, T69D, K70R, V75I, L210W, T215F, K219Q	DDI	1.6
591390	12_-77	M41L, A62V, D67N, T69D, K70R, V75I, L210W, T215F, K219Q	TDF	2.8
591842	187_378		X3TC	1.5
591842	187_378		ABC	1.2
591842	187_378		AZT	0.4
591842	187_378		D4T	0.8
591842	187_378		DDI	1.2
591842	187_378		TDF	0.7
591914	215_-37	M41L, L74I, M184V, L210W, T215Y	X3TC	200
591914	215_-37	M41L, L74I, M184V, L210W, T215Y	ABC	7.6
591914	215_-37	M41L, L74I, M184V, L210W, T215Y	AZT	25
591914	215_-37	M41L, L74I, M184V, L210W, T215Y	D4T	2.1
591914	215_-37	M41L, L74I, M184V, L210W, T215Y	DDI	1.7
591914	215_-37	M41L, L74I, M184V, L210W, T215Y	TDF	1.6
592300	360_115	M41L, E44D, D67N, T69D, V75M, M184V, L210W, T215Y	X3TC	200
592300	360_115	M41L, E44D, D67N, T69D, V75M, M184V, L210W, T215Y	ABC	8.1
592300	360_115	M41L, E44D, D67N, T69D, V75M, M184V, L210W, T215Y	AZT	105
592300	360_115	M41L, E44D, D67N, T69D, V75M, M184V, L210W, T215Y	D4T	6.3
592300	360_115	M41L, E44D, D67N, T69D, V75M, M184V, L210W, T215Y	DDI	2.1
592300	360_115	M41L, E44D, D67N, T69D, V75M, M184V, L210W, T215Y	TDF	1.7
591534	67_-40	D67DN, M184V, T215TI	X3TC	200
591534	67_-40	D67DN, M184V, T215TI	ABC	5
591534	67_-40	D67DN, M184V, T215TI	AZT	0.6
591534	67_-40	D67DN, M184V, T215TI	D4T	1.2
591534	67_-40	D67DN, M184V, T215TI	DDI	1.3
591534	67_-40	D67DN, M184V, T215TI	TDF	0.8
592052	267_-71	M41L, S68G, L74I, M184V, L210W, T215Y	X3TC	200
592052	267_-71	M41L, S68G, L74I, M184V, L210W, T215Y	ABC	3.1
592052	267_-71	M41L, S68G, L74I, M184V, L210W, T215Y	AZT	0.4
592052	267_-71	M41L, S68G, L74I, M184V, L210W, T215Y	D4T	1
592052	267_-71	M41L, S68G, L74I, M184V, L210W, T215Y	DDI	1
592052	267_-71	M41L, S68G, L74I, M184V, L210W, T215Y	TDF	0.4
591956	233_-59	A62AV, K65R, M184V, L210W	X3TC	200
591956	233_-59	A62AV, K65R, M184V, L210W	ABC	8.6
591956	233_-59	A62AV, K65R, M184V, L210W	AZT	0.4
591956	233_-59	A62AV, K65R, M184V, L210W	D4T	1.3
591956	233_-59	A62AV, K65R, M184V, L210W	DDI	3.2
591956	233_-59	A62AV, K65R, M184V, L210W	TDF	1.4
591776	161_-67		X3TC	0.9
591776	161_-67		ABC	0.9
591776	161_-67		AZT	0.9
591776	161_-67		D4T	1.2
591776	161_-67		DDI	0.9
591776	161_-67		TDF	0.8
592326	369_501	D67DN, K70R, K219EQ	X3TC	1.9
592326	369_501	D67DN, K70R, K219EQ	ABC	1.4
592326	369_501	D67DN, K70R, K219EQ	AZT	39
592326	369_501	D67DN, K70R, K219EQ	D4T	1.6
592326	369_501	D67DN, K70R, K219EQ	DDI	1.7
592326	369_501	D67DN, K70R, K219EQ	TDF	1.9
591848	189_490		X3TC	1
591848	189_490		ABC	0.8
591848	189_490		AZT	0.9
591848	189_490		D4T	0.6
591848	189_490		DDI	1
591848	189_490		TDF	0.7
592238	340_168	D67N, K70R, V75I, K219E	X3TC	2.4
592238	340_168	D67N, K70R, V75I, K219E	ABC	1.8
592238	340_168	D67N, K70R, V75I, K219E	AZT	14
592238	340_168	D67N, K70R, V75I, K219E	D4T	1.7
592238	340_168	D67N, K70R, V75I, K219E	DDI	1.5
592238	340_168	D67N, K70R, V75I, K219E	TDF	1.9
592036	261_-62	M41L, S68G, L74V, M184V, L210W, T215Y	X3TC	200
592036	261_-62	M41L, S68G, L74V, M184V, L210W, T215Y	ABC	7.8
592036	261_-62	M41L, S68G, L74V, M184V, L210W, T215Y	AZT	2.2
592036	261_-62	M41L, S68G, L74V, M184V, L210W, T215Y	D4T	1.8
592036	261_-62	M41L, S68G, L74V, M184V, L210W, T215Y	DDI	4.1
592036	261_-62	M41L, S68G, L74V, M184V, L210W, T215Y	TDF	0.8
591646	111_-65	M41L, E44D, D67H, S68N, T69DN, K70KR, M184V, T215F, K219Q	X3TC	200
591646	111_-65	M41L, E44D, D67H, S68N, T69DN, K70KR, M184V, T215F, K219Q	ABC	6
591646	111_-65	M41L, E44D, D67H, S68N, T69DN, K70KR, M184V, T215F, K219Q	AZT	2.8
591646	111_-65	M41L, E44D, D67H, S68N, T69DN, K70KR, M184V, T215F, K219Q	D4T	1.7
591646	111_-65	M41L, E44D, D67H, S68N, T69DN, K70KR, M184V, T215F, K219Q	DDI	1.8
591646	111_-65	M41L, E44D, D67H, S68N, T69DN, K70KR, M184V, T215F, K219Q	TDF	0.9
591546	73_-70	M41L, D67G, T69DE, K70T, L74V, M184V, L210W, T215Y	X3TC	200
591546	73_-70	M41L, D67G, T69DE, K70T, L74V, M184V, L210W, T215Y	ABC	11
591546	73_-70	M41L, D67G, T69DE, K70T, L74V, M184V, L210W, T215Y	AZT	5.7
591546	73_-70	M41L, D67G, T69DE, K70T, L74V, M184V, L210W, T215Y	D4T	3.5
591546	73_-70	M41L, D67G, T69DE, K70T, L74V, M184V, L210W, T215Y	DDI	4.7
591546	73_-70	M41L, D67G, T69DE, K70T, L74V, M184V, L210W, T215Y	TDF	1.1
592128	298_-64	M41L, D67N, T69D, K70R, L74I, V75M, M184V, T215F, K219Q	X3TC	200
592128	298_-64	M41L, D67N, T69D, K70R, L74I, V75M, M184V, T215F, K219Q	ABC	9.4
592128	298_-64	M41L, D67N, T69D, K70R, L74I, V75M, M184V, T215F, K219Q	AZT	12
592128	298_-64	M41L, D67N, T69D, K70R, L74I, V75M, M184V, T215F, K219Q	D4T	2.8
592128	298_-64	M41L, D67N, T69D, K70R, L74I, V75M, M184V, T215F, K219Q	DDI	3
592128	298_-64	M41L, D67N, T69D, K70R, L74I, V75M, M184V, T215F, K219Q	TDF	2
591916	216_-56	M41L, V75I, L210W, T215Y	X3TC	2.9
591916	216_-56	M41L, V75I, L210W, T215Y	ABC	2.5
591916	216_-56	M41L, V75I, L210W, T215Y	AZT	14
591916	216_-56	M41L, V75I, L210W, T215Y	D4T	2.6
591916	216_-56	M41L, V75I, L210W, T215Y	DDI	1.7
591916	216_-56	M41L, V75I, L210W, T215Y	TDF	1
592198	327_-81	M41L, E44D, D67N, K70KR, L74IV, M184V, T215Y, K219Q	X3TC	200
592198	327_-81	M41L, E44D, D67N, K70KR, L74IV, M184V, T215Y, K219Q	ABC	8.2
592198	327_-81	M41L, E44D, D67N, K70KR, L74IV, M184V, T215Y, K219Q	AZT	5.4
592198	327_-81	M41L, E44D, D67N, K70KR, L74IV, M184V, T215Y, K219Q	D4T	2.6
592198	327_-81	M41L, E44D, D67N, K70KR, L74IV, M184V, T215Y, K219Q	DDI	3.4
592198	327_-81	M41L, E44D, D67N, K70KR, L74IV, M184V, T215Y, K219Q	TDF	1.1
591478	46_-78	M41L, E44A, D67N, V75M, L210W, T215FY, K219N	X3TC	200
591478	46_-78	M41L, E44A, D67N, V75M, L210W, T215FY, K219N	ABC	10
591478	46_-78	M41L, E44A, D67N, V75M, L210W, T215FY, K219N	AZT	45
591478	46_-78	M41L, E44A, D67N, V75M, L210W, T215FY, K219N	D4T	3.3
591478	46_-78	M41L, E44A, D67N, V75M, L210W, T215FY, K219N	DDI	5
591478	46_-78	M41L, E44A, D67N, V75M, L210W, T215FY, K219N	TDF	2.1
592292	359_-65		X3TC	1
592292	359_-65		ABC	1
592292	359_-65		AZT	0.6
592292	359_-65		D4T	1.2
592292	359_-65		DDI	1
592292	359_-65		TDF	0.8
591802	172_-36	D67N, K70KR, M184MV, K219Q	X3TC	2.7
591802	172_-36	D67N, K70KR, M184MV, K219Q	ABC	1.7
591802	172_-36	D67N, K70KR, M184MV, K219Q	AZT	11
591802	172_-36	D67N, K70KR, M184MV, K219Q	D4T	1.7
591802	172_-36	D67N, K70KR, M184MV, K219Q	DDI	1.9
591802	172_-36	D67N, K70KR, M184MV, K219Q	TDF	1.9
591470	42_-75	S68G, L74V, V75S, K219KN	X3TC	2.1
591470	42_-75	S68G, L74V, V75S, K219KN	ABC	2.5
591470	42_-75	S68G, L74V, V75S, K219KN	AZT	0.2
591470	42_-75	S68G, L74V, V75S, K219KN	D4T	1
591470	42_-75	S68G, L74V, V75S, K219KN	DDI	1.9
591470	42_-75	S68G, L74V, V75S, K219KN	TDF	0.4
592234	339_-54	M41L, S68G, K70KN, L74I, V75T, M184V, L210W, T215Y	X3TC	200
592234	339_-54	M41L, S68G, K70KN, L74I, V75T, M184V, L210W, T215Y	ABC	8.2
592234	339_-54	M41L, S68G, K70KN, L74I, V75T, M184V, L210W, T215Y	AZT	0.8
592234	339_-54	M41L, S68G, K70KN, L74I, V75T, M184V, L210W, T215Y	D4T	1.3
592234	339_-54	M41L, S68G, K70KN, L74I, V75T, M184V, L210W, T215Y	DDI	2.4
592234	339_-54	M41L, S68G, K70KN, L74I, V75T, M184V, L210W, T215Y	TDF	0.8
591406	17_-50	M41L, L74LV, M184V, T215Y	X3TC	200
591406	17_-50	M41L, L74LV, M184V, T215Y	ABC	6.5
591406	17_-50	M41L, L74LV, M184V, T215Y	AZT	3.6
591406	17_-50	M41L, L74LV, M184V, T215Y	D4T	1.1
591406	17_-50	M41L, L74LV, M184V, T215Y	DDI	1.8
591406	17_-50	M41L, L74LV, M184V, T215Y	TDF	1.1
591716	140_-58	L74V, Y115F, M184V	X3TC	200
591716	140_-58	L74V, Y115F, M184V	ABC	15
591716	140_-58	L74V, Y115F, M184V	AZT	0.2
591716	140_-58	L74V, Y115F, M184V	D4T	1
591716	140_-58	L74V, Y115F, M184V	DDI	2.7
591716	140_-58	L74V, Y115F, M184V	TDF	0.5
592324	369_-77	K70R, K219KQ	X3TC	1.2
592324	369_-77	K70R, K219KQ	ABC	1
592324	369_-77	K70R, K219KQ	AZT	5.3
592324	369_-77	K70R, K219KQ	D4T	0.9
592324	369_-77	K70R, K219KQ	DDI	0.8
592324	369_-77	K70R, K219KQ	TDF	1.2
591616	100_-66	M41L, D67N, L74LI, L210W, T215Y, K219R	X3TC	4.2
591616	100_-66	M41L, D67N, L74LI, L210W, T215Y, K219R	ABC	4.2
591616	100_-66	M41L, D67N, L74LI, L210W, T215Y, K219R	AZT	100
591616	100_-66	M41L, D67N, L74LI, L210W, T215Y, K219R	D4T	2.1
591616	100_-66	M41L, D67N, L74LI, L210W, T215Y, K219R	DDI	1.5
591616	100_-66	M41L, D67N, L74LI, L210W, T215Y, K219R	TDF	3.6
591364	4_-44	L210W, T215Y	X3TC	2.5
591364	4_-44	L210W, T215Y	ABC	2
591364	4_-44	L210W, T215Y	AZT	4
591364	4_-44	L210W, T215Y	D4T	2.1
591364	4_-44	L210W, T215Y	DDI	1
591364	4_-44	L210W, T215Y	TDF	1.2
591778	161_646		X3TC	1.2
591778	161_646		ABC	0.9
591778	161_646		AZT	0.8
591778	161_646		D4T	1
591778	161_646		DDI	1.4
591778	161_646		TDF	0.9
591424	23_57	K219KR	X3TC	1.9
591424	23_57	K219KR	ABC	1.7
591424	23_57	K219KR	AZT	0.9
591424	23_57	K219KR	D4T	1.1
591424	23_57	K219KR	DDI	1
591424	23_57	K219KR	TDF	1
592134	300_-76	M184V	X3TC	200
592134	300_-76	M184V	ABC	3.2
592134	300_-76	M184V	AZT	0.5
592134	300_-76	M184V	D4T	0.7
592134	300_-76	M184V	DDI	1.5
592134	300_-76	M184V	TDF	0.5
591498	53_367	M41L, D67N, V75I, L210W, T215Y, K219KR	X3TC	3.8
591498	53_367	M41L, D67N, V75I, L210W, T215Y, K219KR	ABC	4.2
591498	53_367	M41L, D67N, V75I, L210W, T215Y, K219KR	AZT	59
591498	53_367	M41L, D67N, V75I, L210W, T215Y, K219KR	D4T	3.3
591498	53_367	M41L, D67N, V75I, L210W, T215Y, K219KR	DDI	2.3
591498	53_367	M41L, D67N, V75I, L210W, T215Y, K219KR	TDF	2.7
592106	289_-97	M41ML, D67N, K70R, M184V, K219Q	X3TC	200
592106	289_-97	M41ML, D67N, K70R, M184V, K219Q	ABC	3
592106	289_-97	M41ML, D67N, K70R, M184V, K219Q	AZT	2.7
592106	289_-97	M41ML, D67N, K70R, M184V, K219Q	D4T	1
592106	289_-97	M41ML, D67N, K70R, M184V, K219Q	DDI	1.1
592106	289_-97	M41ML, D67N, K70R, M184V, K219Q	TDF	1
592108	290_-63	M41L, E44D, D67N, L74V, M184V, L210W, T215Y	X3TC	200
592108	290_-63	M41L, E44D, D67N, L74V, M184V, L210W, T215Y	ABC	13
592108	290_-63	M41L, E44D, D67N, L74V, M184V, L210W, T215Y	AZT	21
592108	290_-63	M41L, E44D, D67N, L74V, M184V, L210W, T215Y	D4T	4.1
592108	290_-63	M41L, E44D, D67N, L74V, M184V, L210W, T215Y	DDI	3.2
592108	290_-63	M41L, E44D, D67N, L74V, M184V, L210W, T215Y	TDF	1.1
591454	35_-63		X3TC	1.1
591454	35_-63		ABC	1
591454	35_-63		AZT	0.8
591454	35_-63		D4T	0.9
591454	35_-63		DDI	0.9
591454	35_-63		TDF	0.9
591398	14_97	S68G	X3TC	1.9
591398	14_97	S68G	ABC	1.3
591398	14_97	S68G	AZT	0.6
591398	14_97	S68G	D4T	0.8
591398	14_97	S68G	DDI	1.1
591398	14_97	S68G	TDF	1.2
591936	224_-77	M41L, E44A, D67N, K70R, V75M, M184V, T215Y, K219E	X3TC	200
591936	224_-77	M41L, E44A, D67N, K70R, V75M, M184V, T215Y, K219E	ABC	11
591936	224_-77	M41L, E44A, D67N, K70R, V75M, M184V, T215Y, K219E	AZT	53
591936	224_-77	M41L, E44A, D67N, K70R, V75M, M184V, T215Y, K219E	D4T	3.5
591936	224_-77	M41L, E44A, D67N, K70R, V75M, M184V, T215Y, K219E	DDI	2.7
591936	224_-77	M41L, E44A, D67N, K70R, V75M, M184V, T215Y, K219E	TDF	3
591820	180_-77		X3TC	1.1
591820	180_-77		ABC	0.7
591820	180_-77		AZT	1.1
591820	180_-77		D4T	0.7
591820	180_-77		DDI	0.7
591820	180_-77		TDF	0.9
591530	65_-59	D67N, K70R, M184MV, K219E	X3TC	34
591530	65_-59	D67N, K70R, M184MV, K219E	ABC	2.6
591530	65_-59	D67N, K70R, M184MV, K219E	AZT	3
591530	65_-59	D67N, K70R, M184MV, K219E	D4T	1.2
591530	65_-59	D67N, K70R, M184MV, K219E	DDI	1.2
591530	65_-59	D67N, K70R, M184MV, K219E	TDF	0.8
592150	305_-63	M41L, K70R, L74I, Y115F, M184V, T215F, K219Q	X3TC	200
592150	305_-63	M41L, K70R, L74I, Y115F, M184V, T215F, K219Q	ABC	8.2
592150	305_-63	M41L, K70R, L74I, Y115F, M184V, T215F, K219Q	AZT	28
592150	305_-63	M41L, K70R, L74I, Y115F, M184V, T215F, K219Q	D4T	1.7
592150	305_-63	M41L, K70R, L74I, Y115F, M184V, T215F, K219Q	DDI	2.1
592150	305_-63	M41L, K70R, L74I, Y115F, M184V, T215F, K219Q	TDF	1.2
592264	349_-62	M41L, E44D, D67N, M184V, L210L*W, T215Y	X3TC	200
592264	349_-62	M41L, E44D, D67N, M184V, L210L*W, T215Y	ABC	7.9
592264	349_-62	M41L, E44D, D67N, M184V, L210L*W, T215Y	AZT	10
592264	349_-62	M41L, E44D, D67N, M184V, L210L*W, T215Y	D4T	1.9
592264	349_-62	M41L, E44D, D67N, M184V, L210L*W, T215Y	DDI	2
592264	349_-62	M41L, E44D, D67N, M184V, L210L*W, T215Y	TDF	1.4
592436	409_-97	M41L, D67N, T69D, L74V, M184V, T215F, K219Q	X3TC	200
592436	409_-97	M41L, D67N, T69D, L74V, M184V, T215F, K219Q	ABC	6.9
592436	409_-97	M41L, D67N, T69D, L74V, M184V, T215F, K219Q	AZT	1.4
592436	409_-97	M41L, D67N, T69D, L74V, M184V, T215F, K219Q	D4T	3
592436	409_-97	M41L, D67N, T69D, L74V, M184V, T215F, K219Q	DDI	4.6
592436	409_-97	M41L, D67N, T69D, L74V, M184V, T215F, K219Q	TDF	0.8
591926	220_-41	D67DN	X3TC	1.8
591926	220_-41	D67DN	ABC	1
591926	220_-41	D67DN	AZT	1
591926	220_-41	D67DN	D4T	1.1
591926	220_-41	D67DN	DDI	0.9
591926	220_-41	D67DN	TDF	1
592240	341_-89	M41L, T215Y	X3TC	12
592240	341_-89	M41L, T215Y	ABC	5.8
592240	341_-89	M41L, T215Y	AZT	96
592240	341_-89	M41L, T215Y	D4T	5.3
592240	341_-89	M41L, T215Y	DDI	3.1
592240	341_-89	M41L, T215Y	TDF	7.8
591656	114_-63	D67G, S68G, K70R, T215I, K219E	X3TC	2.8
591656	114_-63	D67G, S68G, K70R, T215I, K219E	ABC	2.2
591656	114_-63	D67G, S68G, K70R, T215I, K219E	AZT	68
591656	114_-63	D67G, S68G, K70R, T215I, K219E	D4T	1.3
591656	114_-63	D67G, S68G, K70R, T215I, K219E	DDI	1.2
591656	114_-63	D67G, S68G, K70R, T215I, K219E	TDF	2.5
591872	197_-80	D67N, K70R, K219Q	X3TC	1.9
591872	197_-80	D67N, K70R, K219Q	ABC	1.8
591872	197_-80	D67N, K70R, K219Q	AZT	43
591872	197_-80	D67N, K70R, K219Q	D4T	1.2
591872	197_-80	D67N, K70R, K219Q	DDI	1.1
591872	197_-80	D67N, K70R, K219Q	TDF	2.3
591832	184_-57	M184V	X3TC	200
591832	184_-57	M184V	ABC	3
591832	184_-57	M184V	AZT	0.3
591832	184_-57	M184V	D4T	0.7
591832	184_-57	M184V	DDI	2.1
591832	184_-57	M184V	TDF	0.4
591952	231_-78	M184MIV	X3TC	1.6
591952	231_-78	M184MIV	ABC	1.4
591952	231_-78	M184MIV	AZT	0.7
591952	231_-78	M184MIV	D4T	0.8
591952	231_-78	M184MIV	DDI	1.4
591952	231_-78	M184MIV	TDF	0.8
592408	399_-81		X3TC	1.1
592408	399_-81		ABC	0.9
592408	399_-81		AZT	0.8
592408	399_-81		D4T	0.8
592408	399_-81		DDI	0.9
592408	399_-81		TDF	0.9
591388	11_84	M41L, D67N, K70R, V75T, L210W, T215Y, K219E	X3TC	6.8
591388	11_84	M41L, D67N, K70R, V75T, L210W, T215Y, K219E	ABC	4.1
591388	11_84	M41L, D67N, K70R, V75T, L210W, T215Y, K219E	AZT	19
591388	11_84	M41L, D67N, K70R, V75T, L210W, T215Y, K219E	D4T	4.3
591388	11_84	M41L, D67N, K70R, V75T, L210W, T215Y, K219E	DDI	2.4
591388	11_84	M41L, D67N, K70R, V75T, L210W, T215Y, K219E	TDF	1.6
592068	272_203		X3TC	0.8
592068	272_203		ABC	0.7
592068	272_203		AZT	1.1
592068	272_203		D4T	1.3
592068	272_203		DDI	1.1
592068	272_203		TDF	0.9
591806	174_-52	M41L, E44A, A62V, T215FY	X3TC	9.8
591806	174_-52	M41L, E44A, A62V, T215FY	ABC	8.7
591806	174_-52	M41L, E44A, A62V, T215FY	AZT	161
591806	174_-52	M41L, E44A, A62V, T215FY	D4T	14
591806	174_-52	M41L, E44A, A62V, T215FY	DDI	3.2
591806	174_-52	M41L, E44A, A62V, T215FY	TDF	6.2
592208	331_-42	M41L, E44D, D67N, T69D, M184V, L210W, T215Y	X3TC	200
592208	331_-42	M41L, E44D, D67N, T69D, M184V, L210W, T215Y	ABC	5.3
592208	331_-42	M41L, E44D, D67N, T69D, M184V, L210W, T215Y	AZT	9
592208	331_-42	M41L, E44D, D67N, T69D, M184V, L210W, T215Y	D4T	2.3
592208	331_-42	M41L, E44D, D67N, T69D, M184V, L210W, T215Y	DDI	2
592208	331_-42	M41L, E44D, D67N, T69D, M184V, L210W, T215Y	TDF	1.2
592254	346_-54	E44D, D67N, T69D, M184V, L210W, T215Y	X3TC	200
592254	346_-54	E44D, D67N, T69D, M184V, L210W, T215Y	ABC	5.6
592254	346_-54	E44D, D67N, T69D, M184V, L210W, T215Y	AZT	10
592254	346_-54	E44D, D67N, T69D, M184V, L210W, T215Y	D4T	2.6
592254	346_-54	E44D, D67N, T69D, M184V, L210W, T215Y	DDI	1.8
592254	346_-54	E44D, D67N, T69D, M184V, L210W, T215Y	TDF	1.2
592330	371_-57	A62V	X3TC	2.3
592330	371_-57	A62V	ABC	1.1
592330	371_-57	A62V	AZT	0.3
592330	371_-57	A62V	D4T	0.8
592330	371_-57	A62V	DDI	0.9
592330	371_-57	A62V	TDF	0.8
592078	276_-63	M41L, L74V, M184V, L210W, T215Y	X3TC	200
592078	276_-63	M41L, L74V, M184V, L210W, T215Y	ABC	8.5
592078	276_-63	M41L, L74V, M184V, L210W, T215Y	AZT	1.6
592078	276_-63	M41L, L74V, M184V, L210W, T215Y	D4T	1.7
592078	276_-63	M41L, L74V, M184V, L210W, T215Y	DDI	3.5
592078	276_-63	M41L, L74V, M184V, L210W, T215Y	TDF	0.7
592072	274_-51		X3TC	1.4
592072	274_-51		ABC	1
592072	274_-51		AZT	0.9
592072	274_-51		D4T	0.9
592072	274_-51		DDI	1
592072	274_-51		TDF	0.8
591542	71_-68	M41L, E44D, D67N, L74V, M184V, L210W, T215Y, K219R	X3TC	200
591542	71_-68	M41L, E44D, D67N, L74V, M184V, L210W, T215Y, K219R	ABC	11
591542	71_-68	M41L, E44D, D67N, L74V, M184V, L210W, T215Y, K219R	AZT	7.7
591542	71_-68	M41L, E44D, D67N, L74V, M184V, L210W, T215Y, K219R	D4T	2.5
591542	71_-68	M41L, E44D, D67N, L74V, M184V, L210W, T215Y, K219R	DDI	2.2
591542	71_-68	M41L, E44D, D67N, L74V, M184V, L210W, T215Y, K219R	TDF	1.1
591552	76_-33	S68G	X3TC	1
591552	76_-33	S68G	ABC	1.1
591552	76_-33	S68G	AZT	0.7
591552	76_-33	S68G	D4T	0.8
591552	76_-33	S68G	DDI	1
591552	76_-33	S68G	TDF	0.9
592122	295_-45	M41L, D67N, L74V, M184V, T215F, K219Q	X3TC	200
592122	295_-45	M41L, D67N, L74V, M184V, T215F, K219Q	ABC	5.9
592122	295_-45	M41L, D67N, L74V, M184V, T215F, K219Q	AZT	1.6
592122	295_-45	M41L, D67N, L74V, M184V, T215F, K219Q	D4T	1.4
592122	295_-45	M41L, D67N, L74V, M184V, T215F, K219Q	DDI	2.5
592122	295_-45	M41L, D67N, L74V, M184V, T215F, K219Q	TDF	0.4
591796	169_-83		X3TC	1.4
591796	169_-83		ABC	1
591796	169_-83		AZT	1.2
591796	169_-83		D4T	1.4
591796	169_-83		DDI	1.1
591796	169_-83		TDF	1.1
591506	56_-56		X3TC	0.9
591506	56_-56		ABC	0.8
591506	56_-56		AZT	0.6
591506	56_-56		D4T	0.8
591506	56_-56		DDI	0.8
591506	56_-56		TDF	0.8
591560	78_132	A62V, L74I	X3TC	0.8
591560	78_132	A62V, L74I	ABC	0.8
591560	78_132	A62V, L74I	AZT	1
591560	78_132	A62V, L74I	D4T	0.9
591560	78_132	A62V, L74I	DDI	0.9
591560	78_132	A62V, L74I	TDF	1
592420	403_-42	M41L, E44D, D67N, T69D, M184V, L210W, T215Y	X3TC	200
592420	403_-42	M41L, E44D, D67N, T69D, M184V, L210W, T215Y	ABC	8.4
592420	403_-42	M41L, E44D, D67N, T69D, M184V, L210W, T215Y	AZT	58
592420	403_-42	M41L, E44D, D67N, T69D, M184V, L210W, T215Y	D4T	3.2
592420	403_-42	M41L, E44D, D67N, T69D, M184V, L210W, T215Y	DDI	4.4
592420	403_-42	M41L, E44D, D67N, T69D, M184V, L210W, T215Y	TDF	1.6
591812	177_-44	M41L, E44A, D67N, V75M, F77L, M184V, L210W, T215Y, K219N	X3TC	200
591812	177_-44	M41L, E44A, D67N, V75M, F77L, M184V, L210W, T215Y, K219N	ABC	9.6
591812	177_-44	M41L, E44A, D67N, V75M, F77L, M184V, L210W, T215Y, K219N	AZT	510
591812	177_-44	M41L, E44A, D67N, V75M, F77L, M184V, L210W, T215Y, K219N	D4T	4.2
591812	177_-44	M41L, E44A, D67N, V75M, F77L, M184V, L210W, T215Y, K219N	DDI	5.4
591812	177_-44	M41L, E44A, D67N, V75M, F77L, M184V, L210W, T215Y, K219N	TDF	2.1
592410	399_445		X3TC	1.2
592410	399_445		ABC	1.1
592410	399_445		AZT	1.2
592410	399_445		D4T	1
592410	399_445		DDI	1.1
592410	399_445		TDF	0.8
591686	125_437	T215TS	X3TC	1.2
591686	125_437	T215TS	ABC	0.7
591686	125_437	T215TS	AZT	0.8
591686	125_437	T215TS	D4T	0.8
591686	125_437	T215TS	DDI	1
591686	125_437	T215TS	TDF	0.7
592242	342_-56	M41L, S68G, L74LV, M184V, L210W, T215F	X3TC	200
592242	342_-56	M41L, S68G, L74LV, M184V, L210W, T215F	ABC	5.9
592242	342_-56	M41L, S68G, L74LV, M184V, L210W, T215F	AZT	3
592242	342_-56	M41L, S68G, L74LV, M184V, L210W, T215F	D4T	1.1
592242	342_-56	M41L, S68G, L74LV, M184V, L210W, T215F	DDI	1.6
592242	342_-56	M41L, S68G, L74LV, M184V, L210W, T215F	TDF	0.7
592416	402_-88		X3TC	0.8
592416	402_-88		ABC	1.1
592416	402_-88		AZT	2.8
592416	402_-88		D4T	1
592416	402_-88		DDI	0.7
592416	402_-88		TDF	1.3
591600	94_-49	D67N, K70R, L74I, M184V, T215F, K219Q	X3TC	200
591600	94_-49	D67N, K70R, L74I, M184V, T215F, K219Q	ABC	7.4
591600	94_-49	D67N, K70R, L74I, M184V, T215F, K219Q	AZT	33
591600	94_-49	D67N, K70R, L74I, M184V, T215F, K219Q	D4T	2.8
591600	94_-49	D67N, K70R, L74I, M184V, T215F, K219Q	DDI	2.4
591600	94_-49	D67N, K70R, L74I, M184V, T215F, K219Q	TDF	1.6
592182	319_-63	D67N, T69D, K70R, L74I, M184V, K219Q	X3TC	200
592182	319_-63	D67N, T69D, K70R, L74I, M184V, K219Q	ABC	4.6
592182	319_-63	D67N, T69D, K70R, L74I, M184V, K219Q	AZT	0.7
592182	319_-63	D67N, T69D, K70R, L74I, M184V, K219Q	D4T	0.8
592182	319_-63	D67N, T69D, K70R, L74I, M184V, K219Q	DDI	1.3
592182	319_-63	D67N, T69D, K70R, L74I, M184V, K219Q	TDF	0.6
592274	353_-64	M41L, E44D, S68G, K70S, L74LI, M184V, L210W, T215Y	X3TC	200
592274	353_-64	M41L, E44D, S68G, K70S, L74LI, M184V, L210W, T215Y	ABC	5.4
592274	353_-64	M41L, E44D, S68G, K70S, L74LI, M184V, L210W, T215Y	AZT	2.4
592274	353_-64	M41L, E44D, S68G, K70S, L74LI, M184V, L210W, T215Y	D4T	1
592274	353_-64	M41L, E44D, S68G, K70S, L74LI, M184V, L210W, T215Y	DDI	1.8
592274	353_-64	M41L, E44D, S68G, K70S, L74LI, M184V, L210W, T215Y	TDF	1.4
591852	190_525		X3TC	1.1
591852	190_525		ABC	0.9
591852	190_525		AZT	0.6
591852	190_525		D4T	0.8
591852	190_525		DDI	0.7
591852	190_525		TDF	0.7
592304	361_154	M41L, L74IV, M184MV, T215Y	X3TC	7.5
592304	361_154	M41L, L74IV, M184MV, T215Y	ABC	3.7
592304	361_154	M41L, L74IV, M184MV, T215Y	AZT	5.7
592304	361_154	M41L, L74IV, M184MV, T215Y	D4T	1.6
592304	361_154	M41L, L74IV, M184MV, T215Y	DDI	1.7
592304	361_154	M41L, L74IV, M184MV, T215Y	TDF	1.1
592296	360_-147	M41L, E44D, D67N, T69D, V75M, M184V, L210W, T215Y	X3TC	200
592296	360_-147	M41L, E44D, D67N, T69D, V75M, M184V, L210W, T215Y	ABC	7.1
592296	360_-147	M41L, E44D, D67N, T69D, V75M, M184V, L210W, T215Y	AZT	30
592296	360_-147	M41L, E44D, D67N, T69D, V75M, M184V, L210W, T215Y	D4T	3
592296	360_-147	M41L, E44D, D67N, T69D, V75M, M184V, L210W, T215Y	DDI	2.2
592296	360_-147	M41L, E44D, D67N, T69D, V75M, M184V, L210W, T215Y	TDF	1.1
591460	38_434	K65R, S68G, V75I, F77L, F116Y, Q151M	X3TC	62
591460	38_434	K65R, S68G, V75I, F77L, F116Y, Q151M	ABC	21
591460	38_434	K65R, S68G, V75I, F77L, F116Y, Q151M	AZT	400
591460	38_434	K65R, S68G, V75I, F77L, F116Y, Q151M	D4T	38
591460	38_434	K65R, S68G, V75I, F77L, F116Y, Q151M	DDI	200
591460	38_434	K65R, S68G, V75I, F77L, F116Y, Q151M	TDF	7.7
592426	406_-71	M41L, E44A, D67N, M184V, L210W, T215Y, K219DN	X3TC	200
592426	406_-71	M41L, E44A, D67N, M184V, L210W, T215Y, K219DN	ABC	6.5
592426	406_-71	M41L, E44A, D67N, M184V, L210W, T215Y, K219DN	AZT	5.5
592426	406_-71	M41L, E44A, D67N, M184V, L210W, T215Y, K219DN	D4T	2.3
592426	406_-71	M41L, E44A, D67N, M184V, L210W, T215Y, K219DN	DDI	2.1
592426	406_-71	M41L, E44A, D67N, M184V, L210W, T215Y, K219DN	TDF	0.9
591508	57_-57	M41L, D67N, T69D, K70R, V75M, M184V, L210W, T215F, K219Q	X3TC	200
591508	57_-57	M41L, D67N, T69D, K70R, V75M, M184V, L210W, T215F, K219Q	ABC	5
591508	57_-57	M41L, D67N, T69D, K70R, V75M, M184V, L210W, T215F, K219Q	AZT	78
591508	57_-57	M41L, D67N, T69D, K70R, V75M, M184V, L210W, T215F, K219Q	D4T	2.8
591508	57_-57	M41L, D67N, T69D, K70R, V75M, M184V, L210W, T215F, K219Q	DDI	2
591508	57_-57	M41L, D67N, T69D, K70R, V75M, M184V, L210W, T215F, K219Q	TDF	2.8
591484	48_216	M41L, D67E, S68G, V75M, M184V, L210W, T215C	X3TC	200
591484	48_216	M41L, D67E, S68G, V75M, M184V, L210W, T215C	ABC	13
591484	48_216	M41L, D67E, S68G, V75M, M184V, L210W, T215C	AZT	5
591484	48_216	M41L, D67E, S68G, V75M, M184V, L210W, T215C	D4T	8.5
591484	48_216	M41L, D67E, S68G, V75M, M184V, L210W, T215C	DDI	4.9
591484	48_216	M41L, D67E, S68G, V75M, M184V, L210W, T215C	TDF	8.3
592102	287_147		X3TC	1.2
592102	287_147		ABC	1.2
592102	287_147		AZT	1.3
592102	287_147		D4T	1
592102	287_147		DDI	1
592102	287_147		TDF	1.3
591698	131_-70		X3TC	1.2
591698	131_-70		ABC	1
591698	131_-70		AZT	0.8
591698	131_-70		D4T	1
591698	131_-70		DDI	1.1
591698	131_-70		TDF	1
591694	129_-69	M41L, D67DG, M184MIV, T215Y	X3TC	49
591694	129_-69	M41L, D67DG, M184MIV, T215Y	ABC	4.1
591694	129_-69	M41L, D67DG, M184MIV, T215Y	AZT	6.1
591694	129_-69	M41L, D67DG, M184MIV, T215Y	D4T	1.5
591694	129_-69	M41L, D67DG, M184MIV, T215Y	DDI	1.9
591694	129_-69	M41L, D67DG, M184MIV, T215Y	TDF	1.5
591738	147_82	S68G, T69D	X3TC	1.4
591738	147_82	S68G, T69D	ABC	0.9
591738	147_82	S68G, T69D	AZT	0.5
591738	147_82	S68G, T69D	D4T	1.1
591738	147_82	S68G, T69D	DDI	1.3
591738	147_82	S68G, T69D	TDF	0.8
591442	30_-84	M41L, E44D, M184V, L210W, T215Y	X3TC	200
591442	30_-84	M41L, E44D, M184V, L210W, T215Y	ABC	6.5
591442	30_-84	M41L, E44D, M184V, L210W, T215Y	AZT	27
591442	30_-84	M41L, E44D, M184V, L210W, T215Y	D4T	2.5
591442	30_-84	M41L, E44D, M184V, L210W, T215Y	DDI	1.7
591442	30_-84	M41L, E44D, M184V, L210W, T215Y	TDF	1.8
591764	156_496		X3TC	0.9
591764	156_496		ABC	0.7
591764	156_496		AZT	1.1
591764	156_496		D4T	1
591764	156_496		DDI	1.3
591764	156_496		TDF	0.5
592022	257_-30	K65R, S68G	X3TC	6.5
592022	257_-30	K65R, S68G	ABC	2.8
592022	257_-30	K65R, S68G	AZT	1.2
592022	257_-30	K65R, S68G	D4T	1.5
592022	257_-30	K65R, S68G	DDI	2.1
592022	257_-30	K65R, S68G	TDF	3.4
592212	333_-56		X3TC	0.8
592212	333_-56		ABC	0.9
592212	333_-56		AZT	0.8
592212	333_-56		D4T	0.7
592212	333_-56		DDI	1
592212	333_-56		TDF	1
591418	22_-69	M41ML, S68G, M184MV, L210W, T215Y	X3TC	15
591418	22_-69	M41ML, S68G, M184MV, L210W, T215Y	ABC	3.5
591418	22_-69	M41ML, S68G, M184MV, L210W, T215Y	AZT	43
591418	22_-69	M41ML, S68G, M184MV, L210W, T215Y	D4T	1.6
591418	22_-69	M41ML, S68G, M184MV, L210W, T215Y	DDI	1.4
591418	22_-69	M41ML, S68G, M184MV, L210W, T215Y	TDF	2.1
592386	391_-72	M41L, E44D, S68G, M184V, L210W, T215Y	X3TC	200
592386	391_-72	M41L, E44D, S68G, M184V, L210W, T215Y	ABC	5.7
592386	391_-72	M41L, E44D, S68G, M184V, L210W, T215Y	AZT	20
592386	391_-72	M41L, E44D, S68G, M184V, L210W, T215Y	D4T	2.9
592386	391_-72	M41L, E44D, S68G, M184V, L210W, T215Y	DDI	3.4
592386	391_-72	M41L, E44D, S68G, M184V, L210W, T215Y	TDF	1.5
592028	259_-64	M41L, A62V, V75I	X3TC	1.9
592028	259_-64	M41L, A62V, V75I	ABC	1.2
592028	259_-64	M41L, A62V, V75I	AZT	1.6
592028	259_-64	M41L, A62V, V75I	D4T	1.7
592028	259_-64	M41L, A62V, V75I	DDI	2
592028	259_-64	M41L, A62V, V75I	TDF	1.6
592320	367_672	M184V	X3TC	200
592320	367_672	M184V	ABC	2.9
592320	367_672	M184V	AZT	0.4
592320	367_672	M184V	D4T	0.7
592320	367_672	M184V	DDI	1.8
592320	367_672	M184V	TDF	0.6
592358	380_105	M41L, D67N, T69D, V75M, T215S, K219Q	X3TC	5.4
592358	380_105	M41L, D67N, T69D, V75M, T215S, K219Q	ABC	1
592358	380_105	M41L, D67N, T69D, V75M, T215S, K219Q	AZT	1.3
592358	380_105	M41L, D67N, T69D, V75M, T215S, K219Q	D4T	1.3
592358	380_105	M41L, D67N, T69D, V75M, T215S, K219Q	DDI	1.1
592358	380_105	M41L, D67N, T69D, V75M, T215S, K219Q	TDF	0.9
591358	2_-43	T215TS	X3TC	1.5
591358	2_-43	T215TS	ABC	1
591358	2_-43	T215TS	AZT	2.5
591358	2_-43	T215TS	D4T	0.8
591358	2_-43	T215TS	DDI	0.9
591358	2_-43	T215TS	TDF	1.2
592270	351_-77	M41L, K70R, L74I, M184V, T215F, K219Q	X3TC	200
592270	351_-77	M41L, K70R, L74I, M184V, T215F, K219Q	ABC	5.6
592270	351_-77	M41L, K70R, L74I, M184V, T215F, K219Q	AZT	3.5
592270	351_-77	M41L, K70R, L74I, M184V, T215F, K219Q	D4T	1.5
592270	351_-77	M41L, K70R, L74I, M184V, T215F, K219Q	DDI	1.5
592270	351_-77	M41L, K70R, L74I, M184V, T215F, K219Q	TDF	0.8
592282	356_-83	D67N, K70R, M184V, L210LW, K219Q	X3TC	200
592282	356_-83	D67N, K70R, M184V, L210LW, K219Q	ABC	2.7
592282	356_-83	D67N, K70R, M184V, L210LW, K219Q	AZT	3.4
592282	356_-83	D67N, K70R, M184V, L210LW, K219Q	D4T	1.3
592282	356_-83	D67N, K70R, M184V, L210LW, K219Q	DDI	1.3
592282	356_-83	D67N, K70R, M184V, L210LW, K219Q	TDF	1
592162	310_445	M184V	X3TC	200
592162	310_445	M184V	ABC	3.4
592162	310_445	M184V	AZT	0.6
592162	310_445	M184V	D4T	0.8
592162	310_445	M184V	DDI	1.4
592162	310_445	M184V	TDF	0.8
592302	361_-73	M41L, L74I, M184V, T215Y	X3TC	200
592302	361_-73	M41L, L74I, M184V, T215Y	ABC	7.2
592302	361_-73	M41L, L74I, M184V, T215Y	AZT	7.2
592302	361_-73	M41L, L74I, M184V, T215Y	D4T	1.6
592302	361_-73	M41L, L74I, M184V, T215Y	DDI	1.9
592302	361_-73	M41L, L74I, M184V, T215Y	TDF	1.1
591888	202_124	L74I, M184V	X3TC	200
591888	202_124	L74I, M184V	ABC	2.7
591888	202_124	L74I, M184V	AZT	0.3
591888	202_124	L74I, M184V	D4T	0.6
591888	202_124	L74I, M184V	DDI	1.4
591888	202_124	L74I, M184V	TDF	0.5
591592	91_-46	L74V, Y115F, M184V	X3TC	200
591592	91_-46	L74V, Y115F, M184V	ABC	12
591592	91_-46	L74V, Y115F, M184V	AZT	0.2
591592	91_-46	L74V, Y115F, M184V	D4T	0.6
591592	91_-46	L74V, Y115F, M184V	DDI	1.7
591592	91_-46	L74V, Y115F, M184V	TDF	0.3
591728	144_-57	D67N, K70R, M184V, T215Y, K219E	X3TC	200
591728	144_-57	D67N, K70R, M184V, T215Y, K219E	ABC	4.5
591728	144_-57	D67N, K70R, M184V, T215Y, K219E	AZT	4.3
591728	144_-57	D67N, K70R, M184V, T215Y, K219E	D4T	1.2
591728	144_-57	D67N, K70R, M184V, T215Y, K219E	DDI	1.4
591728	144_-57	D67N, K70R, M184V, T215Y, K219E	TDF	1
591458	37_-54	M41L, E44EAD, D67N, T69D, V75M, F77L, M184V, L210W, T215Y	X3TC	200
591458	37_-54	M41L, E44EAD, D67N, T69D, V75M, F77L, M184V, L210W, T215Y	ABC	6
591458	37_-54	M41L, E44EAD, D67N, T69D, V75M, F77L, M184V, L210W, T215Y	AZT	10
591458	37_-54	M41L, E44EAD, D67N, T69D, V75M, F77L, M184V, L210W, T215Y	D4T	3.4
591458	37_-54	M41L, E44EAD, D67N, T69D, V75M, F77L, M184V, L210W, T215Y	DDI	2.5
591458	37_-54	M41L, E44EAD, D67N, T69D, V75M, F77L, M184V, L210W, T215Y	TDF	1.2
592032	260_126		X3TC	0.8
592032	260_126		ABC	0.8
592032	260_126		AZT	0.7
592032	260_126		D4T	0.9
592032	260_126		DDI	1
592032	260_126		TDF	1.1
591792	167_105	S68G, V75I, F77L, F116Y, Q151M	X3TC	1.8
591792	167_105	S68G, V75I, F77L, F116Y, Q151M	ABC	7.8
591792	167_105	S68G, V75I, F77L, F116Y, Q151M	AZT	89
591792	167_105	S68G, V75I, F77L, F116Y, Q151M	D4T	17
591792	167_105	S68G, V75I, F77L, F116Y, Q151M	DDI	10
591792	167_105	S68G, V75I, F77L, F116Y, Q151M	TDF	2
592172	315_-87	M41L, K65KR, S68G, K70RS, V75I, F116Y, Q151M, T215C	X3TC	4.9
592172	315_-87	M41L, K65KR, S68G, K70RS, V75I, F116Y, Q151M, T215C	ABC	5.5
592172	315_-87	M41L, K65KR, S68G, K70RS, V75I, F116Y, Q151M, T215C	AZT	13
592172	315_-87	M41L, K65KR, S68G, K70RS, V75I, F116Y, Q151M, T215C	D4T	7.5
592172	315_-87	M41L, K65KR, S68G, K70RS, V75I, F116Y, Q151M, T215C	DDI	6.6
592172	315_-87	M41L, K65KR, S68G, K70RS, V75I, F116Y, Q151M, T215C	TDF	2
592424	405_-49	A62AV, D67G, K70R, M184V, K219Q	X3TC	200
592424	405_-49	A62AV, D67G, K70R, M184V, K219Q	ABC	5.4
592424	405_-49	A62AV, D67G, K70R, M184V, K219Q	AZT	11
592424	405_-49	A62AV, D67G, K70R, M184V, K219Q	D4T	2.5
592424	405_-49	A62AV, D67G, K70R, M184V, K219Q	DDI	2.9
592424	405_-49	A62AV, D67G, K70R, M184V, K219Q	TDF	1.9
591448	33_-75		X3TC	0.8
591448	33_-75		ABC	1
591448	33_-75		AZT	0.3
591448	33_-75		D4T	0.6
591448	33_-75		DDI	0.7
591448	33_-75		TDF	0.7
592220	334_145	S68SN, M184MV	X3TC	1.4
592220	334_145	S68SN, M184MV	ABC	1.3
592220	334_145	S68SN, M184MV	AZT	0.3
592220	334_145	S68SN, M184MV	D4T	0.6
592220	334_145	S68SN, M184MV	DDI	1
592220	334_145	S68SN, M184MV	TDF	0.6
592088	281_-82	M41L, M184V, L210W, T215Y	X3TC	200
592088	281_-82	M41L, M184V, L210W, T215Y	ABC	5
592088	281_-82	M41L, M184V, L210W, T215Y	AZT	5.1
592088	281_-82	M41L, M184V, L210W, T215Y	D4T	2
592088	281_-82	M41L, M184V, L210W, T215Y	DDI	1.4
592088	281_-82	M41L, M184V, L210W, T215Y	TDF	1
592244	342_115	M41L, S68G, L210W, T215S	X3TC	0.8
592244	342_115	M41L, S68G, L210W, T215S	ABC	0.6
592244	342_115	M41L, S68G, L210W, T215S	AZT	1.4
592244	342_115	M41L, S68G, L210W, T215S	D4T	0.7
592244	342_115	M41L, S68G, L210W, T215S	DDI	0.8
592244	342_115	M41L, S68G, L210W, T215S	TDF	1
591754	153_-98	M41L, T69G, K70R, M184V, T215Y, K219E	X3TC	200
591754	153_-98	M41L, T69G, K70R, M184V, T215Y, K219E	ABC	7.6
591754	153_-98	M41L, T69G, K70R, M184V, T215Y, K219E	AZT	135
591754	153_-98	M41L, T69G, K70R, M184V, T215Y, K219E	D4T	2.4
591754	153_-98	M41L, T69G, K70R, M184V, T215Y, K219E	DDI	2.5
591754	153_-98	M41L, T69G, K70R, M184V, T215Y, K219E	TDF	4.2
591636	108_-82		X3TC	0.9
591636	108_-82		ABC	0.9
591636	108_-82		AZT	0.9
591636	108_-82		D4T	1
591636	108_-82		DDI	1.1
591636	108_-82		TDF	1.1
591572	83_-50		X3TC	0.9
591572	83_-50		ABC	0.8
591572	83_-50		AZT	0.7
591572	83_-50		D4T	0.7
591572	83_-50		DDI	0.8
591572	83_-50		TDF	0.6
591496	53_-63	M41L, D67DN, M184V, L210W, T215Y	X3TC	200
591496	53_-63	M41L, D67DN, M184V, L210W, T215Y	ABC	7.4
591496	53_-63	M41L, D67DN, M184V, L210W, T215Y	AZT	41
591496	53_-63	M41L, D67DN, M184V, L210W, T215Y	D4T	3.1
591496	53_-63	M41L, D67DN, M184V, L210W, T215Y	DDI	2.5
591496	53_-63	M41L, D67DN, M184V, L210W, T215Y	TDF	1.6
591810	176_-62	M41L, E44A, D67N, T69D, L74V, M184V, L210W, T215Y	X3TC	200
591810	176_-62	M41L, E44A, D67N, T69D, L74V, M184V, L210W, T215Y	ABC	8.1
591810	176_-62	M41L, E44A, D67N, T69D, L74V, M184V, L210W, T215Y	AZT	2.1
591810	176_-62	M41L, E44A, D67N, T69D, L74V, M184V, L210W, T215Y	D4T	3.1
591810	176_-62	M41L, E44A, D67N, T69D, L74V, M184V, L210W, T215Y	DDI	2.8
591810	176_-62	M41L, E44A, D67N, T69D, L74V, M184V, L210W, T215Y	TDF	0.7
591564	80_-54		X3TC	1
591564	80_-54		ABC	0.9
591564	80_-54		AZT	0.8
591564	80_-54		D4T	0.8
591564	80_-54		DDI	1
591564	80_-54		TDF	0.8
591864	194_-51	D67N, K70E, M184V	X3TC	200
591864	194_-51	D67N, K70E, M184V	ABC	7.2
591864	194_-51	D67N, K70E, M184V	AZT	0.3
591864	194_-51	D67N, K70E, M184V	D4T	0.8
591864	194_-51	D67N, K70E, M184V	DDI	2.2
591864	194_-51	D67N, K70E, M184V	TDF	0.8
591626	104_-49		X3TC	1.7
591626	104_-49		ABC	1.1
591626	104_-49		AZT	0.7
591626	104_-49		D4T	2.1
591626	104_-49		DDI	2.1
591626	104_-49		TDF	1.3
591494	52_-56	M41L, D67N, K70R, M184V, T215Y, K219E	X3TC	200
591494	52_-56	M41L, D67N, K70R, M184V, T215Y, K219E	ABC	4.3
591494	52_-56	M41L, D67N, K70R, M184V, T215Y, K219E	AZT	5.5
591494	52_-56	M41L, D67N, K70R, M184V, T215Y, K219E	D4T	1.6
591494	52_-56	M41L, D67N, K70R, M184V, T215Y, K219E	DDI	1.8
591494	52_-56	M41L, D67N, K70R, M184V, T215Y, K219E	TDF	1.2
591932	223_-60	M184MIV, T215FS	X3TC	9.1
591932	223_-60	M184MIV, T215FS	ABC	2.9
591932	223_-60	M184MIV, T215FS	AZT	4.6
591932	223_-60	M184MIV, T215FS	D4T	1.4
591932	223_-60	M184MIV, T215FS	DDI	1.6
591932	223_-60	M184MIV, T215FS	TDF	1
591924	219_-69	K65R	X3TC	9.5
591924	219_-69	K65R	ABC	2.5
591924	219_-69	K65R	AZT	0.8
591924	219_-69	K65R	D4T	1.7
591924	219_-69	K65R	DDI	2.8
591924	219_-69	K65R	TDF	3
591826	181_-28	D67N, T69D, K219N	X3TC	2.8
591826	181_-28	D67N, T69D, K219N	ABC	0.5
591826	181_-28	D67N, T69D, K219N	AZT	1.1
591826	181_-28	D67N, T69D, K219N	D4T	1
591826	181_-28	D67N, T69D, K219N	DDI	1
591826	181_-28	D67N, T69D, K219N	TDF	0.7
592158	309_-68	M41L, E44D, D67N, V75I, L210W, T215Y, K219R	X3TC	6.5
592158	309_-68	M41L, E44D, D67N, V75I, L210W, T215Y, K219R	ABC	7.2
592158	309_-68	M41L, E44D, D67N, V75I, L210W, T215Y, K219R	AZT	200
592158	309_-68	M41L, E44D, D67N, V75I, L210W, T215Y, K219R	D4T	4.3
592158	309_-68	M41L, E44D, D67N, V75I, L210W, T215Y, K219R	DDI	1.9
592158	309_-68	M41L, E44D, D67N, V75I, L210W, T215Y, K219R	TDF	3.4
591502	55_-40	L210LW, T215AD	X3TC	1.7
591502	55_-40	L210LW, T215AD	ABC	1.2
591502	55_-40	L210LW, T215AD	AZT	0.4
591502	55_-40	L210LW, T215AD	D4T	0.9
591502	55_-40	L210LW, T215AD	DDI	1
591502	55_-40	L210LW, T215AD	TDF	0.7
592196	326_-70	M41L, T69DN, K70R, V75M, M184V, L210W, T215C	X3TC	200
592196	326_-70	M41L, T69DN, K70R, V75M, M184V, L210W, T215C	ABC	6.6
592196	326_-70	M41L, T69DN, K70R, V75M, M184V, L210W, T215C	AZT	2.7
592196	326_-70	M41L, T69DN, K70R, V75M, M184V, L210W, T215C	D4T	2.1
592196	326_-70	M41L, T69DN, K70R, V75M, M184V, L210W, T215C	DDI	2.6
592196	326_-70	M41L, T69DN, K70R, V75M, M184V, L210W, T215C	TDF	1.1
592352	379_-79		X3TC	1
592352	379_-79		ABC	0.9
592352	379_-79		AZT	0.9
592352	379_-79		D4T	1.1
592352	379_-79		DDI	1.7
592352	379_-79		TDF	1.2
591910	213_-54	D67HN, K70R, L74LI, M184V, T215Y, K219E	X3TC	200
591910	213_-54	D67HN, K70R, L74LI, M184V, T215Y, K219E	ABC	4.9
591910	213_-54	D67HN, K70R, L74LI, M184V, T215Y, K219E	AZT	2.9
591910	213_-54	D67HN, K70R, L74LI, M184V, T215Y, K219E	D4T	1.4
591910	213_-54	D67HN, K70R, L74LI, M184V, T215Y, K219E	DDI	2.2
591910	213_-54	D67HN, K70R, L74LI, M184V, T215Y, K219E	TDF	0.7
591732	145_532	M41L, D67DN, L210W, T215D	X3TC	5
591732	145_532	M41L, D67DN, L210W, T215D	ABC	1.5
591732	145_532	M41L, D67DN, L210W, T215D	AZT	2.6
591732	145_532	M41L, D67DN, L210W, T215D	D4T	1.3
591732	145_532	M41L, D67DN, L210W, T215D	DDI	1.8
591732	145_532	M41L, D67DN, L210W, T215D	TDF	1.8
591800	171_551	M41MIL	X3TC	1.1
591800	171_551	M41MIL	ABC	1.1
591800	171_551	M41MIL	AZT	1.3
591800	171_551	M41MIL	D4T	1
591800	171_551	M41MIL	DDI	0.9
591800	171_551	M41MIL	TDF	0.8
591606	97_-75	A62AV, K65R, S68G, M184V	X3TC	200
591606	97_-75	A62AV, K65R, S68G, M184V	ABC	6.7
591606	97_-75	A62AV, K65R, S68G, M184V	AZT	0.4
591606	97_-75	A62AV, K65R, S68G, M184V	D4T	0.8
591606	97_-75	A62AV, K65R, S68G, M184V	DDI	2.4
591606	97_-75	A62AV, K65R, S68G, M184V	TDF	1.4
592378	387_249	M41L, L210W, T215C	X3TC	1.4
592378	387_249	M41L, L210W, T215C	ABC	1.1
592378	387_249	M41L, L210W, T215C	AZT	1.1
592378	387_249	M41L, L210W, T215C	D4T	1.3
592378	387_249	M41L, L210W, T215C	DDI	0.9
592378	387_249	M41L, L210W, T215C	TDF	1.1
592104	288_-48	M41L, D67NT, L210W, T215F, K219KR	X3TC	8
592104	288_-48	M41L, D67NT, L210W, T215F, K219KR	ABC	4.1
592104	288_-48	M41L, D67NT, L210W, T215F, K219KR	AZT	200
592104	288_-48	M41L, D67NT, L210W, T215F, K219KR	D4T	3.6
592104	288_-48	M41L, D67NT, L210W, T215F, K219KR	DDI	1.7
592104	288_-48	M41L, D67NT, L210W, T215F, K219KR	TDF	5.3
592432	408_-46		X3TC	1.2
592432	408_-46		ABC	0.9
592432	408_-46		AZT	0.7
592432	408_-46		D4T	1
592432	408_-46		DDI	1.1
592432	408_-46		TDF	0.9
592268	350_106	D67DN, K219KR	X3TC	2.3
592268	350_106	D67DN, K219KR	ABC	1.6
592268	350_106	D67DN, K219KR	AZT	3.6
592268	350_106	D67DN, K219KR	D4T	1.4
592268	350_106	D67DN, K219KR	DDI	1.1
592268	350_106	D67DN, K219KR	TDF	1.4
591746	149_272		X3TC	1.1
591746	149_272		ABC	1
591746	149_272		AZT	1.7
591746	149_272		D4T	1
591746	149_272		DDI	1
591746	149_272		TDF	0.9
591376	7_-50	M41L, D67N, K70R, T215F, K219Q	X3TC	5.5
591376	7_-50	M41L, D67N, K70R, T215F, K219Q	ABC	4.9
591376	7_-50	M41L, D67N, K70R, T215F, K219Q	AZT	240
591376	7_-50	M41L, D67N, K70R, T215F, K219Q	D4T	3.1
591376	7_-50	M41L, D67N, K70R, T215F, K219Q	DDI	2.2
591376	7_-50	M41L, D67N, K70R, T215F, K219Q	TDF	3.9
592126	297_-48	M41ML, S68SG, K70KR, M184V	X3TC	200
592126	297_-48	M41ML, S68SG, K70KR, M184V	ABC	3
592126	297_-48	M41ML, S68SG, K70KR, M184V	AZT	0.8
592126	297_-48	M41ML, S68SG, K70KR, M184V	D4T	0.9
592126	297_-48	M41ML, S68SG, K70KR, M184V	DDI	1.5
592126	297_-48	M41ML, S68SG, K70KR, M184V	TDF	0.7
591556	77_-57	D67N, K70G, M184V, T215F, K219Q	X3TC	200
591556	77_-57	D67N, K70G, M184V, T215F, K219Q	ABC	4.7
591556	77_-57	D67N, K70G, M184V, T215F, K219Q	AZT	0.6
591556	77_-57	D67N, K70G, M184V, T215F, K219Q	D4T	1
591556	77_-57	D67N, K70G, M184V, T215F, K219Q	DDI	1.7
591556	77_-57	D67N, K70G, M184V, T215F, K219Q	TDF	0.8
591434	27_-69	D67G, S68G, K70R, V75I, F116Y, Q151M, M184V, T215V, K219E	X3TC	200
591434	27_-69	D67G, S68G, K70R, V75I, F116Y, Q151M, M184V, T215V, K219E	ABC	18
591434	27_-69	D67G, S68G, K70R, V75I, F116Y, Q151M, M184V, T215V, K219E	AZT	33
591434	27_-69	D67G, S68G, K70R, V75I, F116Y, Q151M, M184V, T215V, K219E	D4T	6.6
591434	27_-69	D67G, S68G, K70R, V75I, F116Y, Q151M, M184V, T215V, K219E	DDI	18
591434	27_-69	D67G, S68G, K70R, V75I, F116Y, Q151M, M184V, T215V, K219E	TDF	0.8
591962	236_272		X3TC	1
591962	236_272		ABC	0.9
591962	236_272		AZT	0.6
591962	236_272		D4T	0.8
591962	236_272		DDI	1
591962	236_272		TDF	0.7
591682	123_98	M41ML, L74LI, M184MIV, L210LW	X3TC	3.2
591682	123_98	M41ML, L74LI, M184MIV, L210LW	ABC	2.1
591682	123_98	M41ML, L74LI, M184MIV, L210LW	AZT	0.7
591682	123_98	M41ML, L74LI, M184MIV, L210LW	D4T	1
591682	123_98	M41ML, L74LI, M184MIV, L210LW	DDI	1.4
591682	123_98	M41ML, L74LI, M184MIV, L210LW	TDF	0.9
592346	376_-50	M41L, D67N, K70R, T215F, K219Q	X3TC	7.2
592346	376_-50	M41L, D67N, K70R, T215F, K219Q	ABC	5.2
592346	376_-50	M41L, D67N, K70R, T215F, K219Q	AZT	200
592346	376_-50	M41L, D67N, K70R, T215F, K219Q	D4T	3.8
592346	376_-50	M41L, D67N, K70R, T215F, K219Q	DDI	2.2
592346	376_-50	M41L, D67N, K70R, T215F, K219Q	TDF	4
591840	187_-63		X3TC	1.2
591840	187_-63		ABC	0.9
591840	187_-63		AZT	0.8
591840	187_-63		D4T	1.4
591840	187_-63		DDI	0.9
591840	187_-63		TDF	0.8
592174	316_-51		X3TC	2.6
592174	316_-51		ABC	1.1
592174	316_-51		AZT	0.6
592174	316_-51		D4T	1.1
592174	316_-51		DDI	1.1
592174	316_-51		TDF	0.8
591700	132_-69	D67N, K70R, T215F, K219Q	X3TC	4.6
591700	132_-69	D67N, K70R, T215F, K219Q	ABC	2.8
591700	132_-69	D67N, K70R, T215F, K219Q	AZT	324
591700	132_-69	D67N, K70R, T215F, K219Q	D4T	1.9
591700	132_-69	D67N, K70R, T215F, K219Q	DDI	1.2
591700	132_-69	D67N, K70R, T215F, K219Q	TDF	3
592400	396_536		X3TC	1.4
592400	396_536		ABC	0.9
592400	396_536		AZT	1
592400	396_536		D4T	0.9
592400	396_536		DDI	1.1
592400	396_536		TDF	0.9
591870	196_-50		X3TC	0.9
591870	196_-50		ABC	0.8
591870	196_-50		AZT	0.6
591870	196_-50		D4T	1.1
591870	196_-50		DDI	1
591870	196_-50		TDF	0.8
592130	298_110	M41L, D67N, T69D, K70R, L74I, V75M, M184V, T215F, K219Q	X3TC	200
592130	298_110	M41L, D67N, T69D, K70R, L74I, V75M, M184V, T215F, K219Q	ABC	6.8
592130	298_110	M41L, D67N, T69D, K70R, L74I, V75M, M184V, T215F, K219Q	AZT	65
592130	298_110	M41L, D67N, T69D, K70R, L74I, V75M, M184V, T215F, K219Q	D4T	2.5
592130	298_110	M41L, D67N, T69D, K70R, L74I, V75M, M184V, T215F, K219Q	DDI	2.6
592130	298_110	M41L, D67N, T69D, K70R, L74I, V75M, M184V, T215F, K219Q	TDF	2.3
592216	333_113		X3TC	0.8
592216	333_113		ABC	1.1
592216	333_113		AZT	0.9
592216	333_113		D4T	1.1
592216	333_113		DDI	0.9
592216	333_113		TDF	1
592310	363_133	M41L, D67G, S68G, K70R, M184V, T215F, K219E	X3TC	200
592310	363_133	M41L, D67G, S68G, K70R, M184V, T215F, K219E	ABC	4.2
592310	363_133	M41L, D67G, S68G, K70R, M184V, T215F, K219E	AZT	46
592310	363_133	M41L, D67G, S68G, K70R, M184V, T215F, K219E	D4T	2.4
592310	363_133	M41L, D67G, S68G, K70R, M184V, T215F, K219E	DDI	1.8
592310	363_133	M41L, D67G, S68G, K70R, M184V, T215F, K219E	TDF	3
592166	312_-56	M41L, D67N, T69D, M184V, L210W, T215Y	X3TC	200
592166	312_-56	M41L, D67N, T69D, M184V, L210W, T215Y	ABC	5.7
592166	312_-56	M41L, D67N, T69D, M184V, L210W, T215Y	AZT	14
592166	312_-56	M41L, D67N, T69D, M184V, L210W, T215Y	D4T	2.2
592166	312_-56	M41L, D67N, T69D, M184V, L210W, T215Y	DDI	2
592166	312_-56	M41L, D67N, T69D, M184V, L210W, T215Y	TDF	1.5
591588	89_-58	D67N, K70R, M184V, T215I, K219E	X3TC	200
591588	89_-58	D67N, K70R, M184V, T215I, K219E	ABC	5.3
591588	89_-58	D67N, K70R, M184V, T215I, K219E	AZT	4.1
591588	89_-58	D67N, K70R, M184V, T215I, K219E	D4T	1.1
591588	89_-58	D67N, K70R, M184V, T215I, K219E	DDI	1.8
591588	89_-58	D67N, K70R, M184V, T215I, K219E	TDF	1
591896	206_-47	M41L, D67N, M184V, T215Y	X3TC	200
591896	206_-47	M41L, D67N, M184V, T215Y	ABC	5.8
591896	206_-47	M41L, D67N, M184V, T215Y	AZT	3.9
591896	206_-47	M41L, D67N, M184V, T215Y	D4T	2.1
591896	206_-47	M41L, D67N, M184V, T215Y	DDI	1.9
591896	206_-47	M41L, D67N, M184V, T215Y	TDF	1.1
592434	408_684		X3TC	1.6
592434	408_684		ABC	1.1
592434	408_684		AZT	0.6
592434	408_684		D4T	1
592434	408_684		DDI	1.3
592434	408_684		TDF	0.9
592004	252_131	M41L, E44A, D67N, V75M, F77L, M184V, L210W, T215Y, K219KR	X3TC	200
592004	252_131	M41L, E44A, D67N, V75M, F77L, M184V, L210W, T215Y, K219KR	ABC	11
592004	252_131	M41L, E44A, D67N, V75M, F77L, M184V, L210W, T215Y, K219KR	AZT	301
592004	252_131	M41L, E44A, D67N, V75M, F77L, M184V, L210W, T215Y, K219KR	D4T	5.6
592004	252_131	M41L, E44A, D67N, V75M, F77L, M184V, L210W, T215Y, K219KR	DDI	2.6
592004	252_131	M41L, E44A, D67N, V75M, F77L, M184V, L210W, T215Y, K219KR	TDF	3
591968	239_-64	D67N, M184V	X3TC	200
591968	239_-64	D67N, M184V	ABC	3.9
591968	239_-64	D67N, M184V	AZT	0.2
591968	239_-64	D67N, M184V	D4T	0.7
591968	239_-64	D67N, M184V	DDI	1.8
591968	239_-64	D67N, M184V	TDF	0.4
591710	137_-70	D67N, K70R, K219Q	X3TC	2.1
591710	137_-70	D67N, K70R, K219Q	ABC	1.9
591710	137_-70	D67N, K70R, K219Q	AZT	56
591710	137_-70	D67N, K70R, K219Q	D4T	2.9
591710	137_-70	D67N, K70R, K219Q	DDI	2.2
591710	137_-70	D67N, K70R, K219Q	TDF	3.6
592248	343_131	M41ML	X3TC	1.6
592248	343_131	M41ML	ABC	1.4
592248	343_131	M41ML	AZT	2.5
592248	343_131	M41ML	D4T	1.1
592248	343_131	M41ML	DDI	1.1
592248	343_131	M41ML	TDF	1.2
592372	386_-71	M41L, M184V, L210W, T215Y	X3TC	200
592372	386_-71	M41L, M184V, L210W, T215Y	ABC	6.1
592372	386_-71	M41L, M184V, L210W, T215Y	AZT	13
592372	386_-71	M41L, M184V, L210W, T215Y	D4T	3.2
592372	386_-71	M41L, M184V, L210W, T215Y	DDI	2.1
592372	386_-71	M41L, M184V, L210W, T215Y	TDF	1.5
591930	222_-59	M41L, T215Y	X3TC	1.8
591930	222_-59	M41L, T215Y	ABC	2.5
591930	222_-59	M41L, T215Y	AZT	28
591930	222_-59	M41L, T215Y	D4T	2.5
591930	222_-59	M41L, T215Y	DDI	1.4
591930	222_-59	M41L, T215Y	TDF	2
591548	74_-66	M41L, D67N, T215Y, K219KR	X3TC	4.9
591548	74_-66	M41L, D67N, T215Y, K219KR	ABC	4.7
591548	74_-66	M41L, D67N, T215Y, K219KR	AZT	382
591548	74_-66	M41L, D67N, T215Y, K219KR	D4T	2
591548	74_-66	M41L, D67N, T215Y, K219KR	DDI	1.5
591548	74_-66	M41L, D67N, T215Y, K219KR	TDF	5.7
592294	359_112		X3TC	1.5
592294	359_112		ABC	1
592294	359_112		AZT	0.6
592294	359_112		D4T	0.9
592294	359_112		DDI	1
592294	359_112		TDF	0.9
592418	402_364		X3TC	1
592418	402_364		ABC	0.8
592418	402_364		AZT	1.6
592418	402_364		D4T	1
592418	402_364		DDI	1.2
592418	402_364		TDF	1.4
591990	247_-59	D67N, K70KR, L74V, M184V, K219E	X3TC	200
591990	247_-59	D67N, K70KR, L74V, M184V, K219E	ABC	6
591990	247_-59	D67N, K70KR, L74V, M184V, K219E	AZT	0.5
591990	247_-59	D67N, K70KR, L74V, M184V, K219E	D4T	0.9
591990	247_-59	D67N, K70KR, L74V, M184V, K219E	DDI	2
591990	247_-59	D67N, K70KR, L74V, M184V, K219E	TDF	0.4
592394	394_57		X3TC	1.1
592394	394_57		ABC	0.9
592394	394_57		AZT	0.3
592394	394_57		D4T	0.6
592394	394_57		DDI	0.8
592394	394_57		TDF	0.6
591692	128_-57		X3TC	1.3
591692	128_-57		ABC	0.8
591692	128_-57		AZT	0.7
591692	128_-57		D4T	0.8
591692	128_-57		DDI	0.9
591692	128_-57		TDF	0.8
591652	113_-86	M41L, M184V, T215C	X3TC	200
591652	113_-86	M41L, M184V, T215C	ABC	4.6
591652	113_-86	M41L, M184V, T215C	AZT	0.4
591652	113_-86	M41L, M184V, T215C	D4T	0.8
591652	113_-86	M41L, M184V, T215C	DDI	1.4
591652	113_-86	M41L, M184V, T215C	TDF	0.5
591654	113_371	M41L, M184MV, T215C	X3TC	57
591654	113_371	M41L, M184MV, T215C	ABC	2.6
591654	113_371	M41L, M184MV, T215C	AZT	0.5
591654	113_371	M41L, M184MV, T215C	D4T	0.9
591654	113_371	M41L, M184MV, T215C	DDI	1.2
591654	113_371	M41L, M184MV, T215C	TDF	0.4
591414	20_-68		X3TC	1
591414	20_-68		ABC	0.8
591414	20_-68		AZT	1.4
591414	20_-68		D4T	0.9
591414	20_-68		DDI	1.1
591414	20_-68		TDF	1
591942	227_-66	M41L, E44D, D67N, T69D, L210W	X3TC	3.5
591942	227_-66	M41L, E44D, D67N, T69D, L210W	ABC	1.2
591942	227_-66	M41L, E44D, D67N, T69D, L210W	AZT	0.7
591942	227_-66	M41L, E44D, D67N, T69D, L210W	D4T	1
591942	227_-66	M41L, E44D, D67N, T69D, L210W	DDI	1.1
591942	227_-66	M41L, E44D, D67N, T69D, L210W	TDF	0.7
592222	335_-38		X3TC	1.7
592222	335_-38		ABC	1.3
592222	335_-38		AZT	0.9
592222	335_-38		D4T	1
592222	335_-38		DDI	1
592222	335_-38		TDF	0.7
591976	242_-54	M41L, E44EA, T69G, K70R, L74I, V75A, M184V, T215F, K219E	X3TC	200
591976	242_-54	M41L, E44EA, T69G, K70R, L74I, V75A, M184V, T215F, K219E	ABC	11
591976	242_-54	M41L, E44EA, T69G, K70R, L74I, V75A, M184V, T215F, K219E	AZT	541
591976	242_-54	M41L, E44EA, T69G, K70R, L74I, V75A, M184V, T215F, K219E	D4T	4.2
591976	242_-54	M41L, E44EA, T69G, K70R, L74I, V75A, M184V, T215F, K219E	DDI	2.5
591976	242_-54	M41L, E44EA, T69G, K70R, L74I, V75A, M184V, T215F, K219E	TDF	3.4
591404	16_-84	M41L, E44D, D67N, M184V, L210W, T215Y, K219N	X3TC	200
591404	16_-84	M41L, E44D, D67N, M184V, L210W, T215Y, K219N	ABC	9.1
591404	16_-84	M41L, E44D, D67N, M184V, L210W, T215Y, K219N	AZT	22
591404	16_-84	M41L, E44D, D67N, M184V, L210W, T215Y, K219N	D4T	5.1
591404	16_-84	M41L, E44D, D67N, M184V, L210W, T215Y, K219N	DDI	2.5
591404	16_-84	M41L, E44D, D67N, M184V, L210W, T215Y, K219N	TDF	1.5
591988	246_-49	K65R, M184MV	X3TC	13
591988	246_-49	K65R, M184MV	ABC	2.8
591988	246_-49	K65R, M184MV	AZT	0.3
591988	246_-49	K65R, M184MV	D4T	1.1
591988	246_-49	K65R, M184MV	DDI	1.8
591988	246_-49	K65R, M184MV	TDF	1.7
591860	193_-38	M41ML, L74LV	X3TC	2
591860	193_-38	M41ML, L74LV	ABC	1.7
591860	193_-38	M41ML, L74LV	AZT	3.2
591860	193_-38	M41ML, L74LV	D4T	1.4
591860	193_-38	M41ML, L74LV	DDI	1.5
591860	193_-38	M41ML, L74LV	TDF	1.4
592236	340_-104	D67N, K70R, V75IT, M184V, K219E	X3TC	200
592236	340_-104	D67N, K70R, V75IT, M184V, K219E	ABC	3.7
592236	340_-104	D67N, K70R, V75IT, M184V, K219E	AZT	2.4
592236	340_-104	D67N, K70R, V75IT, M184V, K219E	D4T	1.6
592236	340_-104	D67N, K70R, V75IT, M184V, K219E	DDI	1.9
592236	340_-104	D67N, K70R, V75IT, M184V, K219E	TDF	1
592090	282_-65	K65R, S68G, M184V	X3TC	200
592090	282_-65	K65R, S68G, M184V	ABC	12
592090	282_-65	K65R, S68G, M184V	AZT	0.7
592090	282_-65	K65R, S68G, M184V	D4T	1.1
592090	282_-65	K65R, S68G, M184V	DDI	5.2
592090	282_-65	K65R, S68G, M184V	TDF	1.6
592020	257_-58	A62AV, K65KR, S68G	X3TC	3.8
592020	257_-58	A62AV, K65KR, S68G	ABC	2.6
592020	257_-58	A62AV, K65KR, S68G	AZT	1.3
592020	257_-58	A62AV, K65KR, S68G	D4T	1.5
592020	257_-58	A62AV, K65KR, S68G	DDI	1.9
592020	257_-58	A62AV, K65KR, S68G	TDF	2.1
591472	43_-60	M41L, E44D, D67N, L210W, T215Y, K219N	X3TC	7.2
591472	43_-60	M41L, E44D, D67N, L210W, T215Y, K219N	ABC	5.8
591472	43_-60	M41L, E44D, D67N, L210W, T215Y, K219N	AZT	200
591472	43_-60	M41L, E44D, D67N, L210W, T215Y, K219N	D4T	8
591472	43_-60	M41L, E44D, D67N, L210W, T215Y, K219N	DDI	3.1
591472	43_-60	M41L, E44D, D67N, L210W, T215Y, K219N	TDF	5.5
591858	192_-64	M41L, L210W, T215Y	X3TC	33
591858	192_-64	M41L, L210W, T215Y	ABC	22
591858	192_-64	M41L, L210W, T215Y	AZT	200
591858	192_-64	M41L, L210W, T215Y	D4T	6.6
591858	192_-64	M41L, L210W, T215Y	DDI	3.7
591858	192_-64	M41L, L210W, T215Y	TDF	18
591836	185_194		X3TC	1.1
591836	185_194		ABC	1.1
591836	185_194		AZT	0.8
591836	185_194		D4T	0.9
591836	185_194		DDI	1
591836	185_194		TDF	0.8
591890	203_112		X3TC	0.9
591890	203_112		ABC	0.7
591890	203_112		AZT	0.4
591890	203_112		D4T	1.2
591890	203_112		DDI	1
591890	203_112		TDF	0.7
591882	200_-86	M41L, D67N, K70R, Q151M, T215V, K219E	X3TC	3.2
591882	200_-86	M41L, D67N, K70R, Q151M, T215V, K219E	ABC	2.6
591882	200_-86	M41L, D67N, K70R, Q151M, T215V, K219E	AZT	47
591882	200_-86	M41L, D67N, K70R, Q151M, T215V, K219E	D4T	4.2
591882	200_-86	M41L, D67N, K70R, Q151M, T215V, K219E	DDI	3.3
591882	200_-86	M41L, D67N, K70R, Q151M, T215V, K219E	TDF	1.3
592082	278_-74	M41L, E44DG, A62V, D67N, T69D, V75I, L210W, T215F, K219QR	X3TC	7.4
592082	278_-74	M41L, E44DG, A62V, D67N, T69D, V75I, L210W, T215F, K219QR	ABC	3.6
592082	278_-74	M41L, E44DG, A62V, D67N, T69D, V75I, L210W, T215F, K219QR	AZT	36
592082	278_-74	M41L, E44DG, A62V, D67N, T69D, V75I, L210W, T215F, K219QR	D4T	3.1
592082	278_-74	M41L, E44DG, A62V, D67N, T69D, V75I, L210W, T215F, K219QR	DDI	1.4
592082	278_-74	M41L, E44DG, A62V, D67N, T69D, V75I, L210W, T215F, K219QR	TDF	1.9
592298	360_-88	M41L, E44D, D67N, T69D, V75M, M184V, L210W, T215Y	X3TC	200
592298	360_-88	M41L, E44D, D67N, T69D, V75M, M184V, L210W, T215Y	ABC	6.9
592298	360_-88	M41L, E44D, D67N, T69D, V75M, M184V, L210W, T215Y	AZT	37
592298	360_-88	M41L, E44D, D67N, T69D, V75M, M184V, L210W, T215Y	D4T	3.9
592298	360_-88	M41L, E44D, D67N, T69D, V75M, M184V, L210W, T215Y	DDI	3
592298	360_-88	M41L, E44D, D67N, T69D, V75M, M184V, L210W, T215Y	TDF	2
592200	328_-50	M41L, D67DN, L74I, M184V, L210W, T215Y	X3TC	200
592200	328_-50	M41L, D67DN, L74I, M184V, L210W, T215Y	ABC	9
592200	328_-50	M41L, D67DN, L74I, M184V, L210W, T215Y	AZT	31
592200	328_-50	M41L, D67DN, L74I, M184V, L210W, T215Y	D4T	2.6
592200	328_-50	M41L, D67DN, L74I, M184V, L210W, T215Y	DDI	3.2
592200	328_-50	M41L, D67DN, L74I, M184V, L210W, T215Y	TDF	1.4
591520	62_-63	M41L, S68SG, L74V, M184V, L210W, T215Y	X3TC	200
591520	62_-63	M41L, S68SG, L74V, M184V, L210W, T215Y	ABC	7.6
591520	62_-63	M41L, S68SG, L74V, M184V, L210W, T215Y	AZT	7.3
591520	62_-63	M41L, S68SG, L74V, M184V, L210W, T215Y	D4T	1.7
591520	62_-63	M41L, S68SG, L74V, M184V, L210W, T215Y	DDI	2.6
591520	62_-63	M41L, S68SG, L74V, M184V, L210W, T215Y	TDF	1
591584	88_-43	M184MV	X3TC	1.4
591584	88_-43	M184MV	ABC	0.8
591584	88_-43	M184MV	AZT	0.4
591584	88_-43	M184MV	D4T	0.9
591584	88_-43	M184MV	DDI	0.8
591584	88_-43	M184MV	TDF	0.6
592016	256_-56		X3TC	0.9
592016	256_-56		ABC	0.8
592016	256_-56		AZT	0.6
592016	256_-56		D4T	0.8
592016	256_-56		DDI	0.9
592016	256_-56		TDF	0.7
591740	148_-78	D67N, K70R, M184V, T215Y, K219E	X3TC	200
591740	148_-78	D67N, K70R, M184V, T215Y, K219E	ABC	4.6
591740	148_-78	D67N, K70R, M184V, T215Y, K219E	AZT	4.2
591740	148_-78	D67N, K70R, M184V, T215Y, K219E	D4T	2
591740	148_-78	D67N, K70R, M184V, T215Y, K219E	DDI	2.7
591740	148_-78	D67N, K70R, M184V, T215Y, K219E	TDF	1.2
591384	10_-85	M41L, M184V, L210W, T215Y, K219R	X3TC	200
591384	10_-85	M41L, M184V, L210W, T215Y, K219R	ABC	4.1
591384	10_-85	M41L, M184V, L210W, T215Y, K219R	AZT	9.5
591384	10_-85	M41L, M184V, L210W, T215Y, K219R	D4T	2.6
591384	10_-85	M41L, M184V, L210W, T215Y, K219R	DDI	2.7
591384	10_-85	M41L, M184V, L210W, T215Y, K219R	TDF	1.3
591486	49_-61	D67N, K70R, L74I, M184V, T215F, K219Q	X3TC	200
591486	49_-61	D67N, K70R, L74I, M184V, T215F, K219Q	ABC	7.5
591486	49_-61	D67N, K70R, L74I, M184V, T215F, K219Q	AZT	6.5
591486	49_-61	D67N, K70R, L74I, M184V, T215F, K219Q	D4T	2.5
591486	49_-61	D67N, K70R, L74I, M184V, T215F, K219Q	DDI	2.4
591486	49_-61	D67N, K70R, L74I, M184V, T215F, K219Q	TDF	1.1
592178	317_-55	M41L, E44A, D67N, L74V, M184V, L210W, T215Y	X3TC	200
592178	317_-55	M41L, E44A, D67N, L74V, M184V, L210W, T215Y	ABC	7.9
592178	317_-55	M41L, E44A, D67N, L74V, M184V, L210W, T215Y	AZT	5.8
592178	317_-55	M41L, E44A, D67N, L74V, M184V, L210W, T215Y	D4T	3.5
592178	317_-55	M41L, E44A, D67N, L74V, M184V, L210W, T215Y	DDI	3.6
592178	317_-55	M41L, E44A, D67N, L74V, M184V, L210W, T215Y	TDF	1
592276	354_-60		X3TC	0.8
592276	354_-60		ABC	0.7
592276	354_-60		AZT	0.9
592276	354_-60		D4T	0.9
592276	354_-60		DDI	1
592276	354_-60		TDF	0.9
591468	41_-49	S68SG	X3TC	1
591468	41_-49	S68SG	ABC	0.9
591468	41_-49	S68SG	AZT	0.9
591468	41_-49	S68SG	D4T	0.8
591468	41_-49	S68SG	DDI	0.8
591468	41_-49	S68SG	TDF	0.9
591736	147_-64	S68G, T69D	X3TC	1.2
591736	147_-64	S68G, T69D	ABC	0.9
591736	147_-64	S68G, T69D	AZT	0.4
591736	147_-64	S68G, T69D	D4T	1.1
591736	147_-64	S68G, T69D	DDI	0.7
591736	147_-64	S68G, T69D	TDF	0.7
592342	375_-64		X3TC	0.9
592342	375_-64		ABC	0.8
592342	375_-64		AZT	0.7
592342	375_-64		D4T	0.6
592342	375_-64		DDI	0.7
592342	375_-64		TDF	0.6
591392	12_742	M41L, A62V, D67N, T69D, K70R, V75I, L210W, T215F, K219Q	X3TC	15
591392	12_742	M41L, A62V, D67N, T69D, K70R, V75I, L210W, T215F, K219Q	ABC	4.7
591392	12_742	M41L, A62V, D67N, T69D, K70R, V75I, L210W, T215F, K219Q	AZT	130
591392	12_742	M41L, A62V, D67N, T69D, K70R, V75I, L210W, T215F, K219Q	D4T	5.1
591392	12_742	M41L, A62V, D67N, T69D, K70R, V75I, L210W, T215F, K219Q	DDI	1.5
591392	12_742	M41L, A62V, D67N, T69D, K70R, V75I, L210W, T215F, K219Q	TDF	2.6
591362	3_-77	M41L, E44ED, M184V, L210W, T215Y	X3TC	200
591362	3_-77	M41L, E44ED, M184V, L210W, T215Y	ABC	7.3
591362	3_-77	M41L, E44ED, M184V, L210W, T215Y	AZT	52
591362	3_-77	M41L, E44ED, M184V, L210W, T215Y	D4T	2.5
591362	3_-77	M41L, E44ED, M184V, L210W, T215Y	DDI	2
591362	3_-77	M41L, E44ED, M184V, L210W, T215Y	TDF	2
592362	382_-51	D67N, T69D, K70R, M184V, K219Q	X3TC	200
592362	382_-51	D67N, T69D, K70R, M184V, K219Q	ABC	4.1
592362	382_-51	D67N, T69D, K70R, M184V, K219Q	AZT	1
592362	382_-51	D67N, T69D, K70R, M184V, K219Q	D4T	1.3
592362	382_-51	D67N, T69D, K70R, M184V, K219Q	DDI	1.6
592362	382_-51	D67N, T69D, K70R, M184V, K219Q	TDF	0.6
592286	358_-63	M184MV, L210LW, T215Y	X3TC	200
592286	358_-63	M184MV, L210LW, T215Y	ABC	4.3
592286	358_-63	M184MV, L210LW, T215Y	AZT	4.7
592286	358_-63	M184MV, L210LW, T215Y	D4T	1.1
592286	358_-63	M184MV, L210LW, T215Y	DDI	1.6
592286	358_-63	M184MV, L210LW, T215Y	TDF	1
591830	183_-64	M41L, D67N, K70R, M184V, L210W, T215Y, K219E	X3TC	200
591830	183_-64	M41L, D67N, K70R, M184V, L210W, T215Y, K219E	ABC	4.3
591830	183_-64	M41L, D67N, K70R, M184V, L210W, T215Y, K219E	AZT	26
591830	183_-64	M41L, D67N, K70R, M184V, L210W, T215Y, K219E	D4T	2.1
591830	183_-64	M41L, D67N, K70R, M184V, L210W, T215Y, K219E	DDI	1.7
591830	183_-64	M41L, D67N, K70R, M184V, L210W, T215Y, K219E	TDF	2
591596	92_675	D67DN	X3TC	2.2
591596	92_675	D67DN	ABC	1.3
591596	92_675	D67DN	AZT	0.8
591596	92_675	D67DN	D4T	1.6
591596	92_675	D67DN	DDI	1.6
591596	92_675	D67DN	TDF	1.5
592338	374_-70	M41L, D67N, M184V, T215Y	X3TC	200
592338	374_-70	M41L, D67N, M184V, T215Y	ABC	4.3
592338	374_-70	M41L, D67N, M184V, T215Y	AZT	5.6
592338	374_-70	M41L, D67N, M184V, T215Y	D4T	1.6
592338	374_-70	M41L, D67N, M184V, T215Y	DDI	1.5
592338	374_-70	M41L, D67N, M184V, T215Y	TDF	1.1
592114	292_112	K219N	X3TC	2.4
592114	292_112	K219N	ABC	1.3
592114	292_112	K219N	AZT	0.5
592114	292_112	K219N	D4T	1
592114	292_112	K219N	DDI	1.5
592114	292_112	K219N	TDF	0.7
591784	164_-57	D67DN	X3TC	1.3
591784	164_-57	D67DN	ABC	1
591784	164_-57	D67DN	AZT	0.5
591784	164_-57	D67DN	D4T	1.4
591784	164_-57	D67DN	DDI	1.2
591784	164_-57	D67DN	TDF	0.9
591912	214_-87	M41L, E44D, D67N, M184V, L210W, T215Y	X3TC	200
591912	214_-87	M41L, E44D, D67N, M184V, L210W, T215Y	ABC	7.8
591912	214_-87	M41L, E44D, D67N, M184V, L210W, T215Y	AZT	79
591912	214_-87	M41L, E44D, D67N, M184V, L210W, T215Y	D4T	4.6
591912	214_-87	M41L, E44D, D67N, M184V, L210W, T215Y	DDI	2.3
591912	214_-87	M41L, E44D, D67N, M184V, L210W, T215Y	TDF	1.7
592008	254_-68		X3TC	1
592008	254_-68		ABC	0.8
592008	254_-68		AZT	1.1
592008	254_-68		D4T	0.9
592008	254_-68		DDI	1.1
592008	254_-68		TDF	0.9
592314	365_-79	M184V	X3TC	200
592314	365_-79	M184V	ABC	3.3
592314	365_-79	M184V	AZT	0.4
592314	365_-79	M184V	D4T	0.7
592314	365_-79	M184V	DDI	1.5
592314	365_-79	M184V	TDF	0.6
591782	163_-64	M41L, D67N, T69D, L74I, M184V, L210W, T215Y, K219R	X3TC	200
591782	163_-64	M41L, D67N, T69D, L74I, M184V, L210W, T215Y, K219R	ABC	5.8
591782	163_-64	M41L, D67N, T69D, L74I, M184V, L210W, T215Y, K219R	AZT	43
591782	163_-64	M41L, D67N, T69D, L74I, M184V, L210W, T215Y, K219R	D4T	2.6
591782	163_-64	M41L, D67N, T69D, L74I, M184V, L210W, T215Y, K219R	DDI	2
591782	163_-64	M41L, D67N, T69D, L74I, M184V, L210W, T215Y, K219R	TDF	2.5
591900	208_-50	M41ML, T69G, K70R, M184V, T215F, K219EQ	X3TC	200
591900	208_-50	M41ML, T69G, K70R, M184V, T215F, K219EQ	ABC	9.2
591900	208_-50	M41ML, T69G, K70R, M184V, T215F, K219EQ	AZT	370
591900	208_-50	M41ML, T69G, K70R, M184V, T215F, K219EQ	D4T	1.8
591900	208_-50	M41ML, T69G, K70R, M184V, T215F, K219EQ	DDI	2
591900	208_-50	M41ML, T69G, K70R, M184V, T215F, K219EQ	TDF	6.2
592142	303_-62	M41L, E44D, L74V, M184MV, L210L*W	X3TC	19
592142	303_-62	M41L, E44D, L74V, M184MV, L210L*W	ABC	5.8
592142	303_-62	M41L, E44D, L74V, M184MV, L210L*W	AZT	4.4
592142	303_-62	M41L, E44D, L74V, M184MV, L210L*W	D4T	1.9
592142	303_-62	M41L, E44D, L74V, M184MV, L210L*W	DDI	2.6
592142	303_-62	M41L, E44D, L74V, M184MV, L210L*W	TDF	0.9
591576	85_-47	M41L, M184MV, T215Y	X3TC	33
591576	85_-47	M41L, M184MV, T215Y	ABC	2.8
591576	85_-47	M41L, M184MV, T215Y	AZT	5
591576	85_-47	M41L, M184MV, T215Y	D4T	1.1
591576	85_-47	M41L, M184MV, T215Y	DDI	1.4
591576	85_-47	M41L, M184MV, T215Y	TDF	1.1
592440	410_-67	K65R, S68G, M184V	X3TC	200
592440	410_-67	K65R, S68G, M184V	ABC	7.6
592440	410_-67	K65R, S68G, M184V	AZT	0.3
592440	410_-67	K65R, S68G, M184V	D4T	1.5
592440	410_-67	K65R, S68G, M184V	DDI	4.5
592440	410_-67	K65R, S68G, M184V	TDF	1.2
591512	58_-63	M41L, D67N, M184V, T215Y	X3TC	200
591512	58_-63	M41L, D67N, M184V, T215Y	ABC	5.6
591512	58_-63	M41L, D67N, M184V, T215Y	AZT	9.7
591512	58_-63	M41L, D67N, M184V, T215Y	D4T	1.3
591512	58_-63	M41L, D67N, M184V, T215Y	DDI	1.5
591512	58_-63	M41L, D67N, M184V, T215Y	TDF	1.4
591704	134_-57	D67N, K70E, M184V, T215F, K219Q	X3TC	200
591704	134_-57	D67N, K70E, M184V, T215F, K219Q	ABC	5.3
591704	134_-57	D67N, K70E, M184V, T215F, K219Q	AZT	0.9
591704	134_-57	D67N, K70E, M184V, T215F, K219Q	D4T	1.6
591704	134_-57	D67N, K70E, M184V, T215F, K219Q	DDI	1.6
591704	134_-57	D67N, K70E, M184V, T215F, K219Q	TDF	1
591724	142_-78	M184MV	X3TC	29
591724	142_-78	M184MV	ABC	1.9
591724	142_-78	M184MV	AZT	0.4
591724	142_-78	M184MV	D4T	0.8
591724	142_-78	M184MV	DDI	1.2
591724	142_-78	M184MV	TDF	0.5
592306	362_-53	M184V	X3TC	200
592306	362_-53	M184V	ABC	2.2
592306	362_-53	M184V	AZT	0.2
592306	362_-53	M184V	D4T	0.7
592306	362_-53	M184V	DDI	1.4
592306	362_-53	M184V	TDF	0.4
592350	378_-58	M41L, E44D, D67N, T69D, M184V, L210W, T215Y	X3TC	200
592350	378_-58	M41L, E44D, D67N, T69D, M184V, L210W, T215Y	ABC	4.5
592350	378_-58	M41L, E44D, D67N, T69D, M184V, L210W, T215Y	AZT	2.4
592350	378_-58	M41L, E44D, D67N, T69D, M184V, L210W, T215Y	D4T	3.3
592350	378_-58	M41L, E44D, D67N, T69D, M184V, L210W, T215Y	DDI	1.5
592350	378_-58	M41L, E44D, D67N, T69D, M184V, L210W, T215Y	TDF	0.8
591430	25_-30	M41L, M184V, L210W, T215Y	X3TC	200
591430	25_-30	M41L, M184V, L210W, T215Y	ABC	5.9
591430	25_-30	M41L, M184V, L210W, T215Y	AZT	167
591430	25_-30	M41L, M184V, L210W, T215Y	D4T	2.1
591430	25_-30	M41L, M184V, L210W, T215Y	DDI	1.9
591430	25_-30	M41L, M184V, L210W, T215Y	TDF	2.3
592184	320_-66	M41L, T69G, K70R, M184V, T215F, K219E	X3TC	200
592184	320_-66	M41L, T69G, K70R, M184V, T215F, K219E	ABC	7
592184	320_-66	M41L, T69G, K70R, M184V, T215F, K219E	AZT	322
592184	320_-66	M41L, T69G, K70R, M184V, T215F, K219E	D4T	2.6
592184	320_-66	M41L, T69G, K70R, M184V, T215F, K219E	DDI	2.6
592184	320_-66	M41L, T69G, K70R, M184V, T215F, K219E	TDF	3.4
591372	6_112	T215D	X3TC	2.9
591372	6_112	T215D	ABC	1
591372	6_112	T215D	AZT	0.3
591372	6_112	T215D	D4T	0.9
591372	6_112	T215D	DDI	1.1
591372	6_112	T215D	TDF	0.5
591770	159_-80	M41L, S68G, M184V, L210W, T215Y	X3TC	200
591770	159_-80	M41L, S68G, M184V, L210W, T215Y	ABC	7.7
591770	159_-80	M41L, S68G, M184V, L210W, T215Y	AZT	9.5
591770	159_-80	M41L, S68G, M184V, L210W, T215Y	D4T	2.2
591770	159_-80	M41L, S68G, M184V, L210W, T215Y	DDI	1.7
591770	159_-80	M41L, S68G, M184V, L210W, T215Y	TDF	1.6
591620	102_-54	T215Y	X3TC	2.6
591620	102_-54	T215Y	ABC	1.6
591620	102_-54	T215Y	AZT	5.2
591620	102_-54	T215Y	D4T	1.5
591620	102_-54	T215Y	DDI	1.2
591620	102_-54	T215Y	TDF	1.2
592014	255_422	S68G	X3TC	1.1
592014	255_422	S68G	ABC	0.8
592014	255_422	S68G	AZT	0.7
592014	255_422	S68G	D4T	0.8
592014	255_422	S68G	DDI	0.8
592014	255_422	S68G	TDF	0.8
592226	336_-84	D67N, K70R, L74LI, M184V, T215I, K219Q	X3TC	200
592226	336_-84	D67N, K70R, L74LI, M184V, T215I, K219Q	ABC	5.5
592226	336_-84	D67N, K70R, L74LI, M184V, T215I, K219Q	AZT	8.9
592226	336_-84	D67N, K70R, L74LI, M184V, T215I, K219Q	D4T	3.1
592226	336_-84	D67N, K70R, L74LI, M184V, T215I, K219Q	DDI	3.2
592226	336_-84	D67N, K70R, L74LI, M184V, T215I, K219Q	TDF	1.9
591602	95_-64	D67N, K70KR, M184V, T215Y, K219E	X3TC	200
591602	95_-64	D67N, K70KR, M184V, T215Y, K219E	ABC	3.5
591602	95_-64	D67N, K70KR, M184V, T215Y, K219E	AZT	1.6
591602	95_-64	D67N, K70KR, M184V, T215Y, K219E	D4T	1.3
591602	95_-64	D67N, K70KR, M184V, T215Y, K219E	DDI	1.4
591602	95_-64	D67N, K70KR, M184V, T215Y, K219E	TDF	0.8
591994	249_-71		X3TC	0.9
591994	249_-71		ABC	0.8
591994	249_-71		AZT	0.5
591994	249_-71		D4T	0.8
591994	249_-71		DDI	1
591994	249_-71		TDF	0.7
591946	228_-68	M41ML, D67N, V75VIM, M184V, T215Y	X3TC	200
591946	228_-68	M41ML, D67N, V75VIM, M184V, T215Y	ABC	4.8
591946	228_-68	M41ML, D67N, V75VIM, M184V, T215Y	AZT	16
591946	228_-68	M41ML, D67N, V75VIM, M184V, T215Y	D4T	1
591946	228_-68	M41ML, D67N, V75VIM, M184V, T215Y	DDI	1.3
591946	228_-68	M41ML, D67N, V75VIM, M184V, T215Y	TDF	1.6
592332	372_-63	M41L, D67N, L74V, M184V, L210W, T215Y, K219DN	X3TC	200
592332	372_-63	M41L, D67N, L74V, M184V, L210W, T215Y, K219DN	ABC	5.3
592332	372_-63	M41L, D67N, L74V, M184V, L210W, T215Y, K219DN	AZT	5.5
592332	372_-63	M41L, D67N, L74V, M184V, L210W, T215Y, K219DN	D4T	2.7
592332	372_-63	M41L, D67N, L74V, M184V, L210W, T215Y, K219DN	DDI	2.1
592332	372_-63	M41L, D67N, L74V, M184V, L210W, T215Y, K219DN	TDF	0.8
591850	190_-76		X3TC	1.1
591850	190_-76		ABC	0.8
591850	190_-76		AZT	0.3
591850	190_-76		D4T	0.8
591850	190_-76		DDI	1
591850	190_-76		TDF	0.7
591570	82_176	D67N, K70R, L74I, M184V, T215F, K219E	X3TC	200
591570	82_176	D67N, K70R, L74I, M184V, T215F, K219E	ABC	7.2
591570	82_176	D67N, K70R, L74I, M184V, T215F, K219E	AZT	82
591570	82_176	D67N, K70R, L74I, M184V, T215F, K219E	D4T	2.3
591570	82_176	D67N, K70R, L74I, M184V, T215F, K219E	DDI	1.5
591570	82_176	D67N, K70R, L74I, M184V, T215F, K219E	TDF	2
591580	86_-21	K70Q, M184V	X3TC	200
591580	86_-21	K70Q, M184V	ABC	4
591580	86_-21	K70Q, M184V	AZT	0.2
591580	86_-21	K70Q, M184V	D4T	0.9
591580	86_-21	K70Q, M184V	DDI	1.3
591580	86_-21	K70Q, M184V	TDF	0.6
591558	78_-77	A62V, L74I	X3TC	0.9
591558	78_-77	A62V, L74I	ABC	1.1
591558	78_-77	A62V, L74I	AZT	0.8
591558	78_-77	A62V, L74I	D4T	0.7
591558	78_-77	A62V, L74I	DDI	1.2
591558	78_-77	A62V, L74I	TDF	1
592288	358_174	M41ML, T215Y	X3TC	2.4
592288	358_174	M41ML, T215Y	ABC	1.8
592288	358_174	M41ML, T215Y	AZT	10
592288	358_174	M41ML, T215Y	D4T	1.4
592288	358_174	M41ML, T215Y	DDI	1.2
592288	358_174	M41ML, T215Y	TDF	1.6
591958	234_-39	M41L, D67N, T69D, K70R, L74I, V75T, M184V, T215F, K219Q	X3TC	200
591958	234_-39	M41L, D67N, T69D, K70R, L74I, V75T, M184V, T215F, K219Q	ABC	15
591958	234_-39	M41L, D67N, T69D, K70R, L74I, V75T, M184V, T215F, K219Q	AZT	4.4
591958	234_-39	M41L, D67N, T69D, K70R, L74I, V75T, M184V, T215F, K219Q	D4T	3.7
591958	234_-39	M41L, D67N, T69D, K70R, L74I, V75T, M184V, T215F, K219Q	DDI	3
591958	234_-39	M41L, D67N, T69D, K70R, L74I, V75T, M184V, T215F, K219Q	TDF	1.3
592262	348_480	M184MV, K219KQ	X3TC	1.3
592262	348_480	M184MV, K219KQ	ABC	1
592262	348_480	M184MV, K219KQ	AZT	0.4
592262	348_480	M184MV, K219KQ	D4T	1
592262	348_480	M184MV, K219KQ	DDI	1.1
592262	348_480	M184MV, K219KQ	TDF	0.6
591426	24_-63	M184MV	X3TC	13
591426	24_-63	M184MV	ABC	2.4
591426	24_-63	M184MV	AZT	1.5
591426	24_-63	M184MV	D4T	0.9
591426	24_-63	M184MV	DDI	1.6
591426	24_-63	M184MV	TDF	0.7
591760	155_265		X3TC	1.5
591760	155_265		ABC	1
591760	155_265		AZT	0.7
591760	155_265		D4T	1.5
591760	155_265		DDI	1.3
591760	155_265		TDF	0.7
592086	280_-70	M41L, M184V, L210W, T215Y	X3TC	200
592086	280_-70	M41L, M184V, L210W, T215Y	ABC	5.5
592086	280_-70	M41L, M184V, L210W, T215Y	AZT	6.5
592086	280_-70	M41L, M184V, L210W, T215Y	D4T	1.8
592086	280_-70	M41L, M184V, L210W, T215Y	DDI	1.7
592086	280_-70	M41L, M184V, L210W, T215Y	TDF	1.1
592070	273_-84	M41L, D67N, T69D, M184V, L210W, T215Y, K219R	X3TC	200
592070	273_-84	M41L, D67N, T69D, M184V, L210W, T215Y, K219R	ABC	10
592070	273_-84	M41L, D67N, T69D, M184V, L210W, T215Y, K219R	AZT	50
592070	273_-84	M41L, D67N, T69D, M184V, L210W, T215Y, K219R	D4T	2.7
592070	273_-84	M41L, D67N, T69D, M184V, L210W, T215Y, K219R	DDI	1.8
592070	273_-84	M41L, D67N, T69D, M184V, L210W, T215Y, K219R	TDF	2.4
591410	19_-49		X3TC	1.3
591410	19_-49		ABC	1.2
591410	19_-49		AZT	0.6
591410	19_-49		D4T	0.9
591410	19_-49		DDI	1
591410	19_-49		TDF	0.9
592272	352_-55	M41L, D67E, T69G, T215Y	X3TC	25
592272	352_-55	M41L, D67E, T69G, T215Y	ABC	28
592272	352_-55	M41L, D67E, T69G, T215Y	AZT	200
592272	352_-55	M41L, D67E, T69G, T215Y	D4T	200
592272	352_-55	M41L, D67E, T69G, T215Y	DDI	7.6
592272	352_-55	M41L, D67E, T69G, T215Y	TDF	20
591918	216_146	M41L, V75I, L210W, T215Y	X3TC	3.2
591918	216_146	M41L, V75I, L210W, T215Y	ABC	2.5
591918	216_146	M41L, V75I, L210W, T215Y	AZT	12
591918	216_146	M41L, V75I, L210W, T215Y	D4T	1.9
591918	216_146	M41L, V75I, L210W, T215Y	DDI	1.3
591918	216_146	M41L, V75I, L210W, T215Y	TDF	0.9
592202	329_-62	M41L, E44ED, D67G, S68G, K70KT, L74LV, M184V, L210W, T215Y, K219KN	X3TC	200
592202	329_-62	M41L, E44ED, D67G, S68G, K70KT, L74LV, M184V, L210W, T215Y, K219KN	ABC	9.8
592202	329_-62	M41L, E44ED, D67G, S68G, K70KT, L74LV, M184V, L210W, T215Y, K219KN	AZT	224
592202	329_-62	M41L, E44ED, D67G, S68G, K70KT, L74LV, M184V, L210W, T215Y, K219KN	D4T	5.7
592202	329_-62	M41L, E44ED, D67G, S68G, K70KT, L74LV, M184V, L210W, T215Y, K219KN	DDI	2
592202	329_-62	M41L, E44ED, D67G, S68G, K70KT, L74LV, M184V, L210W, T215Y, K219KN	TDF	3
592414	401_-56	D67N, K70R, T215F, K219Q	X3TC	6.2
592414	401_-56	D67N, K70R, T215F, K219Q	ABC	2.7
592414	401_-56	D67N, K70R, T215F, K219Q	AZT	93
592414	401_-56	D67N, K70R, T215F, K219Q	D4T	1.5
592414	401_-56	D67N, K70R, T215F, K219Q	DDI	0.8
592414	401_-56	D67N, K70R, T215F, K219Q	TDF	2.2
592024	257_468	S68G	X3TC	1.1
592024	257_468	S68G	ABC	0.9
592024	257_468	S68G	AZT	0.8
592024	257_468	S68G	D4T	1
592024	257_468	S68G	DDI	1
592024	257_468	S68G	TDF	0.8
592100	287_-67		X3TC	1.1
592100	287_-67		ABC	0.9
592100	287_-67		AZT	0.7
592100	287_-67		D4T	0.8
592100	287_-67		DDI	1
592100	287_-67		TDF	1
592116	293_-76	M184V, T215F	X3TC	200
592116	293_-76	M184V, T215F	ABC	8.2
592116	293_-76	M184V, T215F	AZT	2.2
592116	293_-76	M184V, T215F	D4T	1.4
592116	293_-76	M184V, T215F	DDI	2.5
592116	293_-76	M184V, T215F	TDF	0.7
592038	262_-62	M41L, E44ED, D67N, L74LI, M184V, L210W, T215Y	X3TC	200
592038	262_-62	M41L, E44ED, D67N, L74LI, M184V, L210W, T215Y	ABC	7.4
592038	262_-62	M41L, E44ED, D67N, L74LI, M184V, L210W, T215Y	AZT	42
592038	262_-62	M41L, E44ED, D67N, L74LI, M184V, L210W, T215Y	D4T	2.7
592038	262_-62	M41L, E44ED, D67N, L74LI, M184V, L210W, T215Y	DDI	1.8
592038	262_-62	M41L, E44ED, D67N, L74LI, M184V, L210W, T215Y	TDF	1.6
591696	130_-60	M41L, E44A, D67N, T69D, M184V, L210W, T215Y	X3TC	200
591696	130_-60	M41L, E44A, D67N, T69D, M184V, L210W, T215Y	ABC	10
591696	130_-60	M41L, E44A, D67N, T69D, M184V, L210W, T215Y	AZT	626
591696	130_-60	M41L, E44A, D67N, T69D, M184V, L210W, T215Y	D4T	3.6
591696	130_-60	M41L, E44A, D67N, T69D, M184V, L210W, T215Y	DDI	2.8
591696	130_-60	M41L, E44A, D67N, T69D, M184V, L210W, T215Y	TDF	3.8
591722	141_96	M41L, M184V, L210W, T215Y, K219E	X3TC	200
591722	141_96	M41L, M184V, L210W, T215Y, K219E	ABC	4.6
591722	141_96	M41L, M184V, L210W, T215Y, K219E	AZT	1.3
591722	141_96	M41L, M184V, L210W, T215Y, K219E	D4T	1
591722	141_96	M41L, M184V, L210W, T215Y, K219E	DDI	1.8
591722	141_96	M41L, M184V, L210W, T215Y, K219E	TDF	0.7
591476	45_-84	M41L, D67N, M184V, L210LW, T215Y	X3TC	200
591476	45_-84	M41L, D67N, M184V, L210LW, T215Y	ABC	3.1
591476	45_-84	M41L, D67N, M184V, L210LW, T215Y	AZT	9.5
591476	45_-84	M41L, D67N, M184V, L210LW, T215Y	D4T	1.1
591476	45_-84	M41L, D67N, M184V, L210LW, T215Y	DDI	0.8
591476	45_-84	M41L, D67N, M184V, L210LW, T215Y	TDF	1
591644	110_-67	M41L, S68G, L74V, M184V, T215Y	X3TC	200
591644	110_-67	M41L, S68G, L74V, M184V, T215Y	ABC	6.5
591644	110_-67	M41L, S68G, L74V, M184V, T215Y	AZT	3.2
591644	110_-67	M41L, S68G, L74V, M184V, T215Y	D4T	1.6
591644	110_-67	M41L, S68G, L74V, M184V, T215Y	DDI	2.5
591644	110_-67	M41L, S68G, L74V, M184V, T215Y	TDF	0.6
591690	127_-82	M41L, S68SG, M184V, L210W, T215Y	X3TC	200
591690	127_-82	M41L, S68SG, M184V, L210W, T215Y	ABC	4.6
591690	127_-82	M41L, S68SG, M184V, L210W, T215Y	AZT	1.1
591690	127_-82	M41L, S68SG, M184V, L210W, T215Y	D4T	1.4
591690	127_-82	M41L, S68SG, M184V, L210W, T215Y	DDI	1.2
591690	127_-82	M41L, S68SG, M184V, L210W, T215Y	TDF	0.6
592328	370_-42	M41L, M184V, L210W, T215Y	X3TC	200
592328	370_-42	M41L, M184V, L210W, T215Y	ABC	6.2
592328	370_-42	M41L, M184V, L210W, T215Y	AZT	6
592328	370_-42	M41L, M184V, L210W, T215Y	D4T	1.6
592328	370_-42	M41L, M184V, L210W, T215Y	DDI	2.8
592328	370_-42	M41L, M184V, L210W, T215Y	TDF	1
591568	82_-64	D67NT, T69DN, K70R, M184V, T215F, K219E	X3TC	200
591568	82_-64	D67NT, T69DN, K70R, M184V, T215F, K219E	ABC	6.8
591568	82_-64	D67NT, T69DN, K70R, M184V, T215F, K219E	AZT	17
591568	82_-64	D67NT, T69DN, K70R, M184V, T215F, K219E	D4T	2.2
591568	82_-64	D67NT, T69DN, K70R, M184V, T215F, K219E	DDI	1.7
591568	82_-64	D67NT, T69DN, K70R, M184V, T215F, K219E	TDF	1.6
591544	72_-50	M41L, E44D, D67N, L210W, K219E	X3TC	3.4
591544	72_-50	M41L, E44D, D67N, L210W, K219E	ABC	1.1
591544	72_-50	M41L, E44D, D67N, L210W, K219E	AZT	1.8
591544	72_-50	M41L, E44D, D67N, L210W, K219E	D4T	1
591544	72_-50	M41L, E44D, D67N, L210W, K219E	DDI	0.9
591544	72_-50	M41L, E44D, D67N, L210W, K219E	TDF	1.1
591844	188_-64	M41L, L74LI, M184V, T215Y	X3TC	200
591844	188_-64	M41L, L74LI, M184V, T215Y	ABC	5.6
591844	188_-64	M41L, L74LI, M184V, T215Y	AZT	1.6
591844	188_-64	M41L, L74LI, M184V, T215Y	D4T	1.6
591844	188_-64	M41L, L74LI, M184V, T215Y	DDI	2.4
591844	188_-64	M41L, L74LI, M184V, T215Y	TDF	0.7
591774	160_290		X3TC	0.8
591774	160_290		ABC	0.7
591774	160_290		AZT	0.4
591774	160_290		D4T	0.7
591774	160_290		DDI	1
591774	160_290		TDF	0.7
591386	11_-81	M41L, D67N, K70KR, V75T, L210W, T215Y, K219E	X3TC	5.2
591386	11_-81	M41L, D67N, K70KR, V75T, L210W, T215Y, K219E	ABC	2.5
591386	11_-81	M41L, D67N, K70KR, V75T, L210W, T215Y, K219E	AZT	8.6
591386	11_-81	M41L, D67N, K70KR, V75T, L210W, T215Y, K219E	D4T	2.9
591386	11_-81	M41L, D67N, K70KR, V75T, L210W, T215Y, K219E	DDI	2
591386	11_-81	M41L, D67N, K70KR, V75T, L210W, T215Y, K219E	TDF	1.2
592232	338_252	S68SG	X3TC	1
592232	338_252	S68SG	ABC	1
592232	338_252	S68SG	AZT	0.9
592232	338_252	S68SG	D4T	1.5
592232	338_252	S68SG	DDI	1.2
592232	338_252	S68SG	TDF	1
591366	4_679	M41L, L210W, T215S	X3TC	1.2
591366	4_679	M41L, L210W, T215S	ABC	0.8
591366	4_679	M41L, L210W, T215S	AZT	0.9
591366	4_679	M41L, L210W, T215S	D4T	0.8
591366	4_679	M41L, L210W, T215S	DDI	0.7
591366	4_679	M41L, L210W, T215S	TDF	0.7
592030	260_-49		X3TC	1
592030	260_-49		ABC	1.3
592030	260_-49		AZT	1.4
592030	260_-49		D4T	2
592030	260_-49		DDI	1.8
592030	260_-49		TDF	1.7
591516	60_-39	M184MV	X3TC	6.3
591516	60_-39	M184MV	ABC	1.7
591516	60_-39	M184MV	AZT	0.6
591516	60_-39	M184MV	D4T	1
591516	60_-39	M184MV	DDI	1.8
591516	60_-39	M184MV	TDF	0.9
592144	303_150	M41L, E44D, L74V, L210LW	X3TC	3.1
592144	303_150	M41L, E44D, L74V, L210LW	ABC	2.4
592144	303_150	M41L, E44D, L74V, L210LW	AZT	1.6
592144	303_150	M41L, E44D, L74V, L210LW	D4T	1.4
592144	303_150	M41L, E44D, L74V, L210LW	DDI	1.7
592144	303_150	M41L, E44D, L74V, L210LW	TDF	1
592318	367_-68	M184V	X3TC	200
592318	367_-68	M184V	ABC	2.7
592318	367_-68	M184V	AZT	0.3
592318	367_-68	M184V	D4T	0.8
592318	367_-68	M184V	DDI	1.5
592318	367_-68	M184V	TDF	0.6
591526	64_-57		X3TC	1.9
591526	64_-57		ABC	1.2
591526	64_-57		AZT	1
591526	64_-57		D4T	1.1
591526	64_-57		DDI	1.3
591526	64_-57		TDF	1
591618	101_-86	M41L, T69D, M184V, L210W, T215Y, K219KR	X3TC	200
591618	101_-86	M41L, T69D, M184V, L210W, T215Y, K219KR	ABC	8.6
591618	101_-86	M41L, T69D, M184V, L210W, T215Y, K219KR	AZT	78
591618	101_-86	M41L, T69D, M184V, L210W, T215Y, K219KR	D4T	2.1
591618	101_-86	M41L, T69D, M184V, L210W, T215Y, K219KR	DDI	2.4
591618	101_-86	M41L, T69D, M184V, L210W, T215Y, K219KR	TDF	2.2
591920	217_-70		X3TC	1.4
591920	217_-70		ABC	1.1
591920	217_-70		AZT	0.9
591920	217_-70		D4T	1.1
591920	217_-70		DDI	1.1
591920	217_-70		TDF	0.9
591894	205_-62	M41L, D67N, L74V, V75T, Y115F, M184V, K219KQ	X3TC	200
591894	205_-62	M41L, D67N, L74V, V75T, Y115F, M184V, K219KQ	ABC	24
591894	205_-62	M41L, D67N, L74V, V75T, Y115F, M184V, K219KQ	AZT	0.3
591894	205_-62	M41L, D67N, L74V, V75T, Y115F, M184V, K219KQ	D4T	1.1
591894	205_-62	M41L, D67N, L74V, V75T, Y115F, M184V, K219KQ	DDI	3.2
591894	205_-62	M41L, D67N, L74V, V75T, Y115F, M184V, K219KQ	TDF	0.7
591518	61_-51		X3TC	1
591518	61_-51		ABC	0.8
591518	61_-51		AZT	0.9
591518	61_-51		D4T	0.8
591518	61_-51		DDI	0.7
591518	61_-51		TDF	0.9
591396	14_-58	S68G	X3TC	1.4
591396	14_-58	S68G	ABC	1.3
591396	14_-58	S68G	AZT	1.1
591396	14_-58	S68G	D4T	1
591396	14_-58	S68G	DDI	1.2
591396	14_-58	S68G	TDF	0.9
591834	185_-46		X3TC	1.3
591834	185_-46		ABC	1.1
591834	185_-46		AZT	0.6
591834	185_-46		D4T	0.8
591834	185_-46		DDI	0.9
591834	185_-46		TDF	0.7
591664	116_448	M41ML	X3TC	1.6
591664	116_448	M41ML	ABC	1.1
591664	116_448	M41ML	AZT	1.4
591664	116_448	M41ML	D4T	0.9
591664	116_448	M41ML	DDI	1.2
591664	116_448	M41ML	TDF	1.2
591630	105_-50	M41L, D67DN, V75VA, M184V, L210W, T215Y	X3TC	200
591630	105_-50	M41L, D67DN, V75VA, M184V, L210W, T215Y	ABC	7.1
591630	105_-50	M41L, D67DN, V75VA, M184V, L210W, T215Y	AZT	8.4
591630	105_-50	M41L, D67DN, V75VA, M184V, L210W, T215Y	D4T	1.9
591630	105_-50	M41L, D67DN, V75VA, M184V, L210W, T215Y	DDI	2
591630	105_-50	M41L, D67DN, V75VA, M184V, L210W, T215Y	TDF	1.4
591794	168_-55	M41L, E44A, V75M, M184V, L210W, T215Y, K219N	X3TC	200
591794	168_-55	M41L, E44A, V75M, M184V, L210W, T215Y, K219N	ABC	9.8
591794	168_-55	M41L, E44A, V75M, M184V, L210W, T215Y, K219N	AZT	26
591794	168_-55	M41L, E44A, V75M, M184V, L210W, T215Y, K219N	D4T	3.8
591794	168_-55	M41L, E44A, V75M, M184V, L210W, T215Y, K219N	DDI	2.3
591794	168_-55	M41L, E44A, V75M, M184V, L210W, T215Y, K219N	TDF	1.7
591766	157_-64	D67DN, M184V, T215L, K219Q	X3TC	200
591766	157_-64	D67DN, M184V, T215L, K219Q	ABC	2.1
591766	157_-64	D67DN, M184V, T215L, K219Q	AZT	0.5
591766	157_-64	D67DN, M184V, T215L, K219Q	D4T	0.8
591766	157_-64	D67DN, M184V, T215L, K219Q	DDI	1.6
591766	157_-64	D67DN, M184V, T215L, K219Q	TDF	0.4
591902	209_-73	M41L, T215Y	X3TC	1.7
591902	209_-73	M41L, T215Y	ABC	1.5
591902	209_-73	M41L, T215Y	AZT	12
591902	209_-73	M41L, T215Y	D4T	1.7
591902	209_-73	M41L, T215Y	DDI	1
591902	209_-73	M41L, T215Y	TDF	1.6
591680	123_-73	M41L, L74LI, M184V, L210LW, T215Y	X3TC	200
591680	123_-73	M41L, L74LI, M184V, L210LW, T215Y	ABC	7.3
591680	123_-73	M41L, L74LI, M184V, L210LW, T215Y	AZT	3.3
591680	123_-73	M41L, L74LI, M184V, L210LW, T215Y	D4T	1.7
591680	123_-73	M41L, L74LI, M184V, L210LW, T215Y	DDI	1.8
591680	123_-73	M41L, L74LI, M184V, L210LW, T215Y	TDF	1
591408	18_-69	K70KR	X3TC	0.9
591408	18_-69	K70KR	ABC	0.9
591408	18_-69	K70KR	AZT	1.6
591408	18_-69	K70KR	D4T	0.9
591408	18_-69	K70KR	DDI	1
591408	18_-69	K70KR	TDF	1.1
591482	48_-58	M41L, D67E, S68G, V75M, M184V, L210W, T215C	X3TC	200
591482	48_-58	M41L, D67E, S68G, V75M, M184V, L210W, T215C	ABC	19
591482	48_-58	M41L, D67E, S68G, V75M, M184V, L210W, T215C	AZT	2.9
591482	48_-58	M41L, D67E, S68G, V75M, M184V, L210W, T215C	D4T	7.3
591482	48_-58	M41L, D67E, S68G, V75M, M184V, L210W, T215C	DDI	4.5
591482	48_-58	M41L, D67E, S68G, V75M, M184V, L210W, T215C	TDF	5
592000	251_-62	M41L, D67N, K70KR, T215F, K219Q	X3TC	3
592000	251_-62	M41L, D67N, K70KR, T215F, K219Q	ABC	2.3
592000	251_-62	M41L, D67N, K70KR, T215F, K219Q	AZT	46
592000	251_-62	M41L, D67N, K70KR, T215F, K219Q	D4T	2.8
592000	251_-62	M41L, D67N, K70KR, T215F, K219Q	DDI	1.2
592000	251_-62	M41L, D67N, K70KR, T215F, K219Q	TDF	2.1
591676	122_-49		X3TC	1
591676	122_-49		ABC	0.9
591676	122_-49		AZT	0.7
591676	122_-49		D4T	1.1
591676	122_-49		DDI	1
591676	122_-49		TDF	0.8
592368	384_-27	K70E, M184V	X3TC	200
592368	384_-27	K70E, M184V	ABC	3.9
592368	384_-27	K70E, M184V	AZT	0.2
592368	384_-27	K70E, M184V	D4T	0.8
592368	384_-27	K70E, M184V	DDI	1.6
592368	384_-27	K70E, M184V	TDF	0.7
591816	178_167		X3TC	0.8
591816	178_167		ABC	0.9
591816	178_167		AZT	1.2
591816	178_167		D4T	0.9
591816	178_167		DDI	1.1
591816	178_167		TDF	0.9
591906	211_-56	M41L, M184V, T215Y	X3TC	200
591906	211_-56	M41L, M184V, T215Y	ABC	5
591906	211_-56	M41L, M184V, T215Y	AZT	3.2
591906	211_-56	M41L, M184V, T215Y	D4T	1
591906	211_-56	M41L, M184V, T215Y	DDI	1.1
591906	211_-56	M41L, M184V, T215Y	TDF	0.7
591814	178_-55		X3TC	1
591814	178_-55		ABC	0.8
591814	178_-55		AZT	1
591814	178_-55		D4T	0.8
591814	178_-55		DDI	1.1
591814	178_-55		TDF	0.8
592098	286_-58	D67N, K70R, L74LI, Y115YF, M184MV, K219HQ	X3TC	200
592098	286_-58	D67N, K70R, L74LI, Y115YF, M184MV, K219HQ	ABC	11
592098	286_-58	D67N, K70R, L74LI, Y115YF, M184MV, K219HQ	AZT	2.4
592098	286_-58	D67N, K70R, L74LI, Y115YF, M184MV, K219HQ	D4T	1
592098	286_-58	D67N, K70R, L74LI, Y115YF, M184MV, K219HQ	DDI	1.6
592098	286_-58	D67N, K70R, L74LI, Y115YF, M184MV, K219HQ	TDF	1.2
591984	244_171		X3TC	1.4
591984	244_171		ABC	1
591984	244_171		AZT	0.8
591984	244_171		D4T	1.1
591984	244_171		DDI	1.1
591984	244_171		TDF	1
591750	151_-48	M184V	X3TC	200
591750	151_-48	M184V	ABC	4.5
591750	151_-48	M184V	AZT	0.6
591750	151_-48	M184V	D4T	1.1
591750	151_-48	M184V	DDI	2.2
591750	151_-48	M184V	TDF	0.6
592406	398_-48	M41L, M184V, L210W, T215Y, K219KN	X3TC	200
592406	398_-48	M41L, M184V, L210W, T215Y, K219KN	ABC	4.8
592406	398_-48	M41L, M184V, L210W, T215Y, K219KN	AZT	8.9
592406	398_-48	M41L, M184V, L210W, T215Y, K219KN	D4T	1.5
592406	398_-48	M41L, M184V, L210W, T215Y, K219KN	DDI	1.6
592406	398_-48	M41L, M184V, L210W, T215Y, K219KN	TDF	1.1
592152	306_-63		X3TC	0.6
592152	306_-63		ABC	0.7
592152	306_-63		AZT	0.7
592152	306_-63		D4T	1
592152	306_-63		DDI	0.9
592152	306_-63		TDF	0.8
591788	166_-68	M41L, E44D, A62AV, D67N, K70R, V75I, M184V, L210W, T215F, K219EQ	X3TC	200
591788	166_-68	M41L, E44D, A62AV, D67N, K70R, V75I, M184V, L210W, T215F, K219EQ	ABC	7.3
591788	166_-68	M41L, E44D, A62AV, D67N, K70R, V75I, M184V, L210W, T215F, K219EQ	AZT	65
591788	166_-68	M41L, E44D, A62AV, D67N, K70R, V75I, M184V, L210W, T215F, K219EQ	D4T	2
591788	166_-68	M41L, E44D, A62AV, D67N, K70R, V75I, M184V, L210W, T215F, K219EQ	DDI	2.8
591788	166_-68	M41L, E44D, A62AV, D67N, K70R, V75I, M184V, L210W, T215F, K219EQ	TDF	1.7
591998	250_-57	M41L, E44D, D67N, T69D, L210W, T215CSY, K219KR	X3TC	4.2
591998	250_-57	M41L, E44D, D67N, T69D, L210W, T215CSY, K219KR	ABC	2.1
591998	250_-57	M41L, E44D, D67N, T69D, L210W, T215CSY, K219KR	AZT	12
591998	250_-57	M41L, E44D, D67N, T69D, L210W, T215CSY, K219KR	D4T	2
591998	250_-57	M41L, E44D, D67N, T69D, L210W, T215CSY, K219KR	DDI	1.3
591998	250_-57	M41L, E44D, D67N, T69D, L210W, T215CSY, K219KR	TDF	2
592180	318_-83	K70R, M184V, T215F, K219E	X3TC	200
592180	318_-83	K70R, M184V, T215F, K219E	ABC	5.9
592180	318_-83	K70R, M184V, T215F, K219E	AZT	11
592180	318_-83	K70R, M184V, T215F, K219E	D4T	1.6
592180	318_-83	K70R, M184V, T215F, K219E	DDI	1.8
592180	318_-83	K70R, M184V, T215F, K219E	TDF	1.4
592214	333_28		X3TC	1.5
592214	333_28		ABC	1.1
592214	333_28		AZT	0.7
592214	333_28		D4T	1
592214	333_28		DDI	1
592214	333_28		TDF	1
592206	330_309	M41MIL, T215L	X3TC	1.6
592206	330_309	M41MIL, T215L	ABC	1.1
592206	330_309	M41MIL, T215L	AZT	0.9
592206	330_309	M41MIL, T215L	D4T	0.6
592206	330_309	M41MIL, T215L	DDI	1
592206	330_309	M41MIL, T215L	TDF	0.8
592112	292_-63	K219N	X3TC	3.2
592112	292_-63	K219N	ABC	1.3
592112	292_-63	K219N	AZT	0.6
592112	292_-63	K219N	D4T	1
592112	292_-63	K219N	DDI	1.3
592112	292_-63	K219N	TDF	0.6
591862	193_66	M41L, L74LV	X3TC	2.8
591862	193_66	M41L, L74LV	ABC	3
591862	193_66	M41L, L74LV	AZT	5.1
591862	193_66	M41L, L74LV	D4T	1.4
591862	193_66	M41L, L74LV	DDI	1.6
591862	193_66	M41L, L74LV	TDF	1.2
591876	199_-46	K219KQ	X3TC	1.1
591876	199_-46	K219KQ	ABC	1
591876	199_-46	K219KQ	AZT	1.5
591876	199_-46	K219KQ	D4T	1
591876	199_-46	K219KQ	DDI	1
591876	199_-46	K219KQ	TDF	0.8
591540	70_-83	M41L, E44D, D67GS, T69DE, L210W, T215Y, K219R	X3TC	13
591540	70_-83	M41L, E44D, D67GS, T69DE, L210W, T215Y, K219R	ABC	6.8
591540	70_-83	M41L, E44D, D67GS, T69DE, L210W, T215Y, K219R	AZT	200
591540	70_-83	M41L, E44D, D67GS, T69DE, L210W, T215Y, K219R	D4T	4.8
591540	70_-83	M41L, E44D, D67GS, T69DE, L210W, T215Y, K219R	DDI	1.8
591540	70_-83	M41L, E44D, D67GS, T69DE, L210W, T215Y, K219R	TDF	7.7
591708	136_-39	D67N, K70R, T215F, K219Q	X3TC	5.8
591708	136_-39	D67N, K70R, T215F, K219Q	ABC	3.4
591708	136_-39	D67N, K70R, T215F, K219Q	AZT	419
591708	136_-39	D67N, K70R, T215F, K219Q	D4T	2.7
591708	136_-39	D67N, K70R, T215F, K219Q	DDI	1.4
591708	136_-39	D67N, K70R, T215F, K219Q	TDF	3.1
591940	226_-79	M41L, E44ED, T69D, V75M, M184V, L210W, T215Y, K219R	X3TC	200
591940	226_-79	M41L, E44ED, T69D, V75M, M184V, L210W, T215Y, K219R	ABC	5
591940	226_-79	M41L, E44ED, T69D, V75M, M184V, L210W, T215Y, K219R	AZT	6.6
591940	226_-79	M41L, E44ED, T69D, V75M, M184V, L210W, T215Y, K219R	D4T	2.1
591940	226_-79	M41L, E44ED, T69D, V75M, M184V, L210W, T215Y, K219R	DDI	1.5
591940	226_-79	M41L, E44ED, T69D, V75M, M184V, L210W, T215Y, K219R	TDF	1.1
592076	275_-40	M41L, S68G, M184V, T215Y	X3TC	200
592076	275_-40	M41L, S68G, M184V, T215Y	ABC	4.6
592076	275_-40	M41L, S68G, M184V, T215Y	AZT	4.6
592076	275_-40	M41L, S68G, M184V, T215Y	D4T	1.4
592076	275_-40	M41L, S68G, M184V, T215Y	DDI	1.5
592076	275_-40	M41L, S68G, M184V, T215Y	TDF	1.1
591562	79_-95	M41L, D67N, M184V, L210W, T215Y, K219KN	X3TC	200
591562	79_-95	M41L, D67N, M184V, L210W, T215Y, K219KN	ABC	6
591562	79_-95	M41L, D67N, M184V, L210W, T215Y, K219KN	AZT	144
591562	79_-95	M41L, D67N, M184V, L210W, T215Y, K219KN	D4T	3.6
591562	79_-95	M41L, D67N, M184V, L210W, T215Y, K219KN	DDI	2.8
591562	79_-95	M41L, D67N, M184V, L210W, T215Y, K219KN	TDF	2.1
591954	232_-69	D67G, K70R, L74V, Y115F, M184V, K219Q	X3TC	200
591954	232_-69	D67G, K70R, L74V, Y115F, M184V, K219Q	ABC	12
591954	232_-69	D67G, K70R, L74V, Y115F, M184V, K219Q	AZT	0.7
591954	232_-69	D67G, K70R, L74V, Y115F, M184V, K219Q	D4T	1.4
591954	232_-69	D67G, K70R, L74V, Y115F, M184V, K219Q	DDI	2.3
591954	232_-69	D67G, K70R, L74V, Y115F, M184V, K219Q	TDF	0.7
592384	390_-88	D67H, K70R, L74I, M184V, T215I, K219E	X3TC	200
592384	390_-88	D67H, K70R, L74I, M184V, T215I, K219E	ABC	3.9
592384	390_-88	D67H, K70R, L74I, M184V, T215I, K219E	AZT	2.3
592384	390_-88	D67H, K70R, L74I, M184V, T215I, K219E	D4T	1
592384	390_-88	D67H, K70R, L74I, M184V, T215I, K219E	DDI	1.2
592384	390_-88	D67H, K70R, L74I, M184V, T215I, K219E	TDF	1.1
591444	31_-54	M41L, D67N, T215Y	X3TC	3.7
591444	31_-54	M41L, D67N, T215Y	ABC	2.8
591444	31_-54	M41L, D67N, T215Y	AZT	165
591444	31_-54	M41L, D67N, T215Y	D4T	3.3
591444	31_-54	M41L, D67N, T215Y	DDI	2.1
591444	31_-54	M41L, D67N, T215Y	TDF	4.7
592428	407_-57		X3TC	0.8
592428	407_-57		ABC	0.8
592428	407_-57		AZT	0.4
592428	407_-57		D4T	0.8
592428	407_-57		DDI	0.8
592428	407_-57		TDF	0.7
592192	324_-56	D67G, S68G, K70R, V75M, M184V, K219Q	X3TC	200
592192	324_-56	D67G, S68G, K70R, V75M, M184V, K219Q	ABC	7.4
592192	324_-56	D67G, S68G, K70R, V75M, M184V, K219Q	AZT	11
592192	324_-56	D67G, S68G, K70R, V75M, M184V, K219Q	D4T	1.9
592192	324_-56	D67G, S68G, K70R, V75M, M184V, K219Q	DDI	2
592192	324_-56	D67G, S68G, K70R, V75M, M184V, K219Q	TDF	2.5
591854	191_-60		X3TC	0.7
591854	191_-60		ABC	0.6
591854	191_-60		AZT	0.3
591854	191_-60		D4T	0.8
591854	191_-60		DDI	0.8
591854	191_-60		TDF	0.7
592054	268_-80	M41L, E44ED, D67N, T69D, K70R, M184V, T215FY, K219Q	X3TC	200
592054	268_-80	M41L, E44ED, D67N, T69D, K70R, M184V, T215FY, K219Q	ABC	4.6
592054	268_-80	M41L, E44ED, D67N, T69D, K70R, M184V, T215FY, K219Q	AZT	2.6
592054	268_-80	M41L, E44ED, D67N, T69D, K70R, M184V, T215FY, K219Q	D4T	1.4
592054	268_-80	M41L, E44ED, D67N, T69D, K70R, M184V, T215FY, K219Q	DDI	1.3
592054	268_-80	M41L, E44ED, D67N, T69D, K70R, M184V, T215FY, K219Q	TDF	0.9
591960	235_-42	M41L, D67N, S68G, L74V, M184V, L210W, T215Y, K219N	X3TC	200
591960	235_-42	M41L, D67N, S68G, L74V, M184V, L210W, T215Y, K219N	ABC	6.8
591960	235_-42	M41L, D67N, S68G, L74V, M184V, L210W, T215Y, K219N	AZT	4.5
591960	235_-42	M41L, D67N, S68G, L74V, M184V, L210W, T215Y, K219N	D4T	3.1
591960	235_-42	M41L, D67N, S68G, L74V, M184V, L210W, T215Y, K219N	DDI	2.5
591960	235_-42	M41L, D67N, S68G, L74V, M184V, L210W, T215Y, K219N	TDF	0.6
591648	112_-71	M41ML, M184V, T215Y	X3TC	200
591648	112_-71	M41ML, M184V, T215Y	ABC	4
591648	112_-71	M41ML, M184V, T215Y	AZT	1.8
591648	112_-71	M41ML, M184V, T215Y	D4T	0.8
591648	112_-71	M41ML, M184V, T215Y	DDI	1.4
591648	112_-71	M41ML, M184V, T215Y	TDF	0.5
592210	332_-63	L74V, Y115F, M184V, T215Y	X3TC	200
592210	332_-63	L74V, Y115F, M184V, T215Y	ABC	17
592210	332_-63	L74V, Y115F, M184V, T215Y	AZT	0.4
592210	332_-63	L74V, Y115F, M184V, T215Y	D4T	0.7
592210	332_-63	L74V, Y115F, M184V, T215Y	DDI	1.4
592210	332_-63	L74V, Y115F, M184V, T215Y	TDF	0.4
591528	64_218		X3TC	1.3
591528	64_218		ABC	0.7
591528	64_218		AZT	0.4
591528	64_218		D4T	0.7
591528	64_218		DDI	1
591528	64_218		TDF	0.8
592046	265_203	M41L, L74V, L210W, T215Y	X3TC	3.1
592046	265_203	M41L, L74V, L210W, T215Y	ABC	2.5
592046	265_203	M41L, L74V, L210W, T215Y	AZT	3
592046	265_203	M41L, L74V, L210W, T215Y	D4T	3.1
592046	265_203	M41L, L74V, L210W, T215Y	DDI	3
592046	265_203	M41L, L74V, L210W, T215Y	TDF	1.2
592266	350_-69	D67N, K70KN, T215Y, K219KR	X3TC	3.7
592266	350_-69	D67N, K70KN, T215Y, K219KR	ABC	2.3
592266	350_-69	D67N, K70KN, T215Y, K219KR	AZT	10
592266	350_-69	D67N, K70KN, T215Y, K219KR	D4T	1.6
592266	350_-69	D67N, K70KN, T215Y, K219KR	DDI	1.1
592266	350_-69	D67N, K70KN, T215Y, K219KR	TDF	1.7
591550	75_-86	K70KR, M184V	X3TC	200
591550	75_-86	K70KR, M184V	ABC	3
591550	75_-86	K70KR, M184V	AZT	0.7
591550	75_-86	K70KR, M184V	D4T	1
591550	75_-86	K70KR, M184V	DDI	1.5
591550	75_-86	K70KR, M184V	TDF	0.8
592026	258_-49	M41L, D67N, M184V, L210W, T215Y	X3TC	200
592026	258_-49	M41L, D67N, M184V, L210W, T215Y	ABC	4.2
592026	258_-49	M41L, D67N, M184V, L210W, T215Y	AZT	10
592026	258_-49	M41L, D67N, M184V, L210W, T215Y	D4T	1.6
592026	258_-49	M41L, D67N, M184V, L210W, T215Y	DDI	1.3
592026	258_-49	M41L, D67N, M184V, L210W, T215Y	TDF	1.1
592230	338_-60	M184V, K219E	X3TC	200
592230	338_-60	M184V, K219E	ABC	2.6
592230	338_-60	M184V, K219E	AZT	0.2
592230	338_-60	M184V, K219E	D4T	1.4
592230	338_-60	M184V, K219E	DDI	2.8
592230	338_-60	M184V, K219E	TDF	0.5
591898	207_-61	M184V, T215E	X3TC	200
591898	207_-61	M184V, T215E	ABC	2.5
591898	207_-61	M184V, T215E	AZT	0.2
591898	207_-61	M184V, T215E	D4T	0.5
591898	207_-61	M184V, T215E	DDI	1.1
591898	207_-61	M184V, T215E	TDF	0.3
591798	170_-58	M41L, L74I, L210W, T215Y	X3TC	4.9
591798	170_-58	M41L, L74I, L210W, T215Y	ABC	3.4
591798	170_-58	M41L, L74I, L210W, T215Y	AZT	123
591798	170_-58	M41L, L74I, L210W, T215Y	D4T	3.2
591798	170_-58	M41L, L74I, L210W, T215Y	DDI	1.5
591798	170_-58	M41L, L74I, L210W, T215Y	TDF	2.3
592322	368_-58	M41L, S68G, L74I, M184V, L210W, T215Y, K219N	X3TC	200
592322	368_-58	M41L, S68G, L74I, M184V, L210W, T215Y, K219N	ABC	6
592322	368_-58	M41L, S68G, L74I, M184V, L210W, T215Y, K219N	AZT	1.8
592322	368_-58	M41L, S68G, L74I, M184V, L210W, T215Y, K219N	D4T	1.7
592322	368_-58	M41L, S68G, L74I, M184V, L210W, T215Y, K219N	DDI	1.8
592322	368_-58	M41L, S68G, L74I, M184V, L210W, T215Y, K219N	TDF	0.6
592136	301_-64	M41L, E44EA, D67G, S68G, L74LI, M184V, L210W, T215Y	X3TC	200
592136	301_-64	M41L, E44EA, D67G, S68G, L74LI, M184V, L210W, T215Y	ABC	15
592136	301_-64	M41L, E44EA, D67G, S68G, L74LI, M184V, L210W, T215Y	AZT	200
592136	301_-64	M41L, E44EA, D67G, S68G, L74LI, M184V, L210W, T215Y	D4T	6
592136	301_-64	M41L, E44EA, D67G, S68G, L74LI, M184V, L210W, T215Y	DDI	3.5
592136	301_-64	M41L, E44EA, D67G, S68G, L74LI, M184V, L210W, T215Y	TDF	2.8
591804	173_-42	M41L, L74I, M184V, T215Y	X3TC	200
591804	173_-42	M41L, L74I, M184V, T215Y	ABC	4.7
591804	173_-42	M41L, L74I, M184V, T215Y	AZT	3.3
591804	173_-42	M41L, L74I, M184V, T215Y	D4T	1.1
591804	173_-42	M41L, L74I, M184V, T215Y	DDI	2
591804	173_-42	M41L, L74I, M184V, T215Y	TDF	0.7
592438	409_105	M41L, D67N, T69D, L74V, M184V, T215F, K219Q	X3TC	200
592438	409_105	M41L, D67N, T69D, L74V, M184V, T215F, K219Q	ABC	5.5
592438	409_105	M41L, D67N, T69D, L74V, M184V, T215F, K219Q	AZT	1.6
592438	409_105	M41L, D67N, T69D, L74V, M184V, T215F, K219Q	D4T	1.7
592438	409_105	M41L, D67N, T69D, L74V, M184V, T215F, K219Q	DDI	2.6
592438	409_105	M41L, D67N, T69D, L74V, M184V, T215F, K219Q	TDF	0.7
591590	90_-39		X3TC	0.8
591590	90_-39		ABC	0.6
591590	90_-39		AZT	0.5
591590	90_-39		D4T	1.1
591590	90_-39		DDI	0.9
591590	90_-39		TDF	0.7
592370	385_-66	M41L, M184V, L210W, T215Y	X3TC	200
592370	385_-66	M41L, M184V, L210W, T215Y	ABC	5.1
592370	385_-66	M41L, M184V, L210W, T215Y	AZT	13
592370	385_-66	M41L, M184V, L210W, T215Y	D4T	1.9
592370	385_-66	M41L, M184V, L210W, T215Y	DDI	1.8
592370	385_-66	M41L, M184V, L210W, T215Y	TDF	1.3
592042	264_-51	M41L, E44D, D67N, K70R, M184V, L210W, T215Y, K219E	X3TC	200
592042	264_-51	M41L, E44D, D67N, K70R, M184V, L210W, T215Y, K219E	ABC	5.5
592042	264_-51	M41L, E44D, D67N, K70R, M184V, L210W, T215Y, K219E	AZT	82
592042	264_-51	M41L, E44D, D67N, K70R, M184V, L210W, T215Y, K219E	D4T	3.3
592042	264_-51	M41L, E44D, D67N, K70R, M184V, L210W, T215Y, K219E	DDI	2
592042	264_-51	M41L, E44D, D67N, K70R, M184V, L210W, T215Y, K219E	TDF	2.6
592356	380_-75	M41L, D67N, T69D, V75M, T215S, K219Q	X3TC	4.8
592356	380_-75	M41L, D67N, T69D, V75M, T215S, K219Q	ABC	1.1
592356	380_-75	M41L, D67N, T69D, V75M, T215S, K219Q	AZT	0.8
592356	380_-75	M41L, D67N, T69D, V75M, T215S, K219Q	D4T	1.2
592356	380_-75	M41L, D67N, T69D, V75M, T215S, K219Q	DDI	1.3
592356	380_-75	M41L, D67N, T69D, V75M, T215S, K219Q	TDF	0.8
591668	118_-86	D67N, K70R, M184V, L210W, T215E, K219Q	X3TC	200
591668	118_-86	D67N, K70R, M184V, L210W, T215E, K219Q	ABC	14
591668	118_-86	D67N, K70R, M184V, L210W, T215E, K219Q	AZT	21
591668	118_-86	D67N, K70R, M184V, L210W, T215E, K219Q	D4T	3.7
591668	118_-86	D67N, K70R, M184V, L210W, T215E, K219Q	DDI	2.6
591668	118_-86	D67N, K70R, M184V, L210W, T215E, K219Q	TDF	2
592066	272_-70		X3TC	0.7
592066	272_-70		ABC	0.7
592066	272_-70		AZT	0.7
592066	272_-70		D4T	1.2
592066	272_-70		DDI	0.8
592066	272_-70		TDF	0.6
592094	284_-62	M41L, M184V, T215Y	X3TC	200
592094	284_-62	M41L, M184V, T215Y	ABC	3.7
592094	284_-62	M41L, M184V, T215Y	AZT	1.1
592094	284_-62	M41L, M184V, T215Y	D4T	1.1
592094	284_-62	M41L, M184V, T215Y	DDI	1.5
592094	284_-62	M41L, M184V, T215Y	TDF	0.7
591938	225_-57	M41L, L74V, M184V, L210W, T215Y	X3TC	200
591938	225_-57	M41L, L74V, M184V, L210W, T215Y	ABC	9.3
591938	225_-57	M41L, L74V, M184V, L210W, T215Y	AZT	35
591938	225_-57	M41L, L74V, M184V, L210W, T215Y	D4T	2
591938	225_-57	M41L, L74V, M184V, L210W, T215Y	DDI	3.4
591938	225_-57	M41L, L74V, M184V, L210W, T215Y	TDF	1.5
591452	34_-105	M41L, D67N, K70KR, L74LV, M184V, T215F, K219Q	X3TC	200
591452	34_-105	M41L, D67N, K70KR, L74LV, M184V, T215F, K219Q	ABC	6.3
591452	34_-105	M41L, D67N, K70KR, L74LV, M184V, T215F, K219Q	AZT	6
591452	34_-105	M41L, D67N, K70KR, L74LV, M184V, T215F, K219Q	D4T	2.4
591452	34_-105	M41L, D67N, K70KR, L74LV, M184V, T215F, K219Q	DDI	2
591452	34_-105	M41L, D67N, K70KR, L74LV, M184V, T215F, K219Q	TDF	0.8
592120	294_98	D67N, T69D, T215C, K219Q	X3TC	1.8
592120	294_98	D67N, T69D, T215C, K219Q	ABC	1
592120	294_98	D67N, T69D, T215C, K219Q	AZT	0.8
592120	294_98	D67N, T69D, T215C, K219Q	D4T	1.1
592120	294_98	D67N, T69D, T215C, K219Q	DDI	0.8
592120	294_98	D67N, T69D, T215C, K219Q	TDF	0.8
592058	269_175	V75M, F77L, M184V, T215Y	X3TC	200
592058	269_175	V75M, F77L, M184V, T215Y	ABC	5
592058	269_175	V75M, F77L, M184V, T215Y	AZT	5.1
592058	269_175	V75M, F77L, M184V, T215Y	D4T	1.7
592058	269_175	V75M, F77L, M184V, T215Y	DDI	1.6
592058	269_175	V75M, F77L, M184V, T215Y	TDF	1
591790	167_-63	S68G, V75I, F77L, F116Y, Q151M	X3TC	2.3
591790	167_-63	S68G, V75I, F77L, F116Y, Q151M	ABC	6.2
591790	167_-63	S68G, V75I, F77L, F116Y, Q151M	AZT	54
591790	167_-63	S68G, V75I, F77L, F116Y, Q151M	D4T	12
591790	167_-63	S68G, V75I, F77L, F116Y, Q151M	DDI	10
591790	167_-63	S68G, V75I, F77L, F116Y, Q151M	TDF	1.6
592148	304_75	T215F	X3TC	0.7
592148	304_75	T215F	ABC	1
592148	304_75	T215F	AZT	1.9
592148	304_75	T215F	D4T	1.1
592148	304_75	T215F	DDI	0.7
592148	304_75	T215F	TDF	0.8
592168	313_-62	A62V, D67N, K70R, V75I, F77L, Y115F, F116Y, Q151M, M184V, T215I, K219E	X3TC	200
592168	313_-62	A62V, D67N, K70R, V75I, F77L, Y115F, F116Y, Q151M, M184V, T215I, K219E	ABC	200
592168	313_-62	A62V, D67N, K70R, V75I, F77L, Y115F, F116Y, Q151M, M184V, T215I, K219E	AZT	802
592168	313_-62	A62V, D67N, K70R, V75I, F77L, Y115F, F116Y, Q151M, M184V, T215I, K219E	D4T	11
592168	313_-62	A62V, D67N, K70R, V75I, F77L, Y115F, F116Y, Q151M, M184V, T215I, K219E	DDI	13
592168	313_-62	A62V, D67N, K70R, V75I, F77L, Y115F, F116Y, Q151M, M184V, T215I, K219E	TDF	1.8
591718	140_307	L74LV, Y115YF, M184MV	X3TC	1.4
591718	140_307	L74LV, Y115YF, M184MV	ABC	1.1
591718	140_307	L74LV, Y115YF, M184MV	AZT	0.4
591718	140_307	L74LV, Y115YF, M184MV	D4T	0.9
591718	140_307	L74LV, Y115YF, M184MV	DDI	1.1
591718	140_307	L74LV, Y115YF, M184MV	TDF	0.6
591950	230_-98	M41L, E44D, A62V, L74LV, M184V, L210W, T215Y	X3TC	200
591950	230_-98	M41L, E44D, A62V, L74LV, M184V, L210W, T215Y	ABC	7.4
591950	230_-98	M41L, E44D, A62V, L74LV, M184V, L210W, T215Y	AZT	8.4
591950	230_-98	M41L, E44D, A62V, L74LV, M184V, L210W, T215Y	D4T	2.4
591950	230_-98	M41L, E44D, A62V, L74LV, M184V, L210W, T215Y	DDI	2.4
591950	230_-98	M41L, E44D, A62V, L74LV, M184V, L210W, T215Y	TDF	1.6
591422	23_-68		X3TC	2.3
591422	23_-68		ABC	1.6
591422	23_-68		AZT	0.5
591422	23_-68		D4T	1.1
591422	23_-68		DDI	0.9
591422	23_-68		TDF	0.8
591980	244_-125		X3TC	0.9
591980	244_-125		ABC	0.8
591980	244_-125		AZT	0.7
591980	244_-125		D4T	0.8
591980	244_-125		DDI	0.8
591980	244_-125		TDF	0.8
591944	227_557	M41L, E44D, D67N, T69D, L210W, T215D	X3TC	4.9
591944	227_557	M41L, E44D, D67N, T69D, L210W, T215D	ABC	1.3
591944	227_557	M41L, E44D, D67N, T69D, L210W, T215D	AZT	0.4
591944	227_557	M41L, E44D, D67N, T69D, L210W, T215D	D4T	1.1
591944	227_557	M41L, E44D, D67N, T69D, L210W, T215D	DDI	1.2
591944	227_557	M41L, E44D, D67N, T69D, L210W, T215D	TDF	0.7
591438	28_-57		X3TC	1
591438	28_-57		ABC	0.8
591438	28_-57		AZT	0.8
591438	28_-57		D4T	1
591438	28_-57		DDI	1.1
591438	28_-57		TDF	0.9
592188	322_-76	A62V, S68G, K70T, V75I, F116Y, Q151M, M184V	X3TC	200
592188	322_-76	A62V, S68G, K70T, V75I, F116Y, Q151M, M184V	ABC	11
592188	322_-76	A62V, S68G, K70T, V75I, F116Y, Q151M, M184V	AZT	42
592188	322_-76	A62V, S68G, K70T, V75I, F116Y, Q151M, M184V	D4T	10
592188	322_-76	A62V, S68G, K70T, V75I, F116Y, Q151M, M184V	DDI	17
592188	322_-76	A62V, S68G, K70T, V75I, F116Y, Q151M, M184V	TDF	1
592340	374_436		X3TC	1.1
592340	374_436		ABC	0.8
592340	374_436		AZT	1.1
592340	374_436		D4T	1
592340	374_436		DDI	1
592340	374_436		TDF	1
591714	139_-49		X3TC	1.1
591714	139_-49		ABC	0.9
591714	139_-49		AZT	0.7
591714	139_-49		D4T	1
591714	139_-49		DDI	0.9
591714	139_-49		TDF	0.7
591928	221_-65	M41L, E44D, T69D, M184V, L210W, T215Y, K219R	X3TC	200
591928	221_-65	M41L, E44D, T69D, M184V, L210W, T215Y, K219R	ABC	7.2
591928	221_-65	M41L, E44D, T69D, M184V, L210W, T215Y, K219R	AZT	6.9
591928	221_-65	M41L, E44D, T69D, M184V, L210W, T215Y, K219R	D4T	2.1
591928	221_-65	M41L, E44D, T69D, M184V, L210W, T215Y, K219R	DDI	2.2
591928	221_-65	M41L, E44D, T69D, M184V, L210W, T215Y, K219R	TDF	1.2
591874	198_-57	M41L, E44D, D67N, M184V, L210W, T215Y, K219N	X3TC	200
591874	198_-57	M41L, E44D, D67N, M184V, L210W, T215Y, K219N	ABC	9.2
591874	198_-57	M41L, E44D, D67N, M184V, L210W, T215Y, K219N	AZT	344
591874	198_-57	M41L, E44D, D67N, M184V, L210W, T215Y, K219N	D4T	5
591874	198_-57	M41L, E44D, D67N, M184V, L210W, T215Y, K219N	DDI	4.3
591874	198_-57	M41L, E44D, D67N, M184V, L210W, T215Y, K219N	TDF	2.3
592422	404_-60	M41L, D67N, F77L, M184V, L210W, T215Y, K219N	X3TC	200
592422	404_-60	M41L, D67N, F77L, M184V, L210W, T215Y, K219N	ABC	5
592422	404_-60	M41L, D67N, F77L, M184V, L210W, T215Y, K219N	AZT	4.8
592422	404_-60	M41L, D67N, F77L, M184V, L210W, T215Y, K219N	D4T	1.8
592422	404_-60	M41L, D67N, F77L, M184V, L210W, T215Y, K219N	DDI	1.6
592422	404_-60	M41L, D67N, F77L, M184V, L210W, T215Y, K219N	TDF	1
591972	240_-69	M184V	X3TC	200
591972	240_-69	M184V	ABC	3.3
591972	240_-69	M184V	AZT	0.3
591972	240_-69	M184V	D4T	0.6
591972	240_-69	M184V	DDI	1.3
591972	240_-69	M184V	TDF	0.4
591382	9_350	M41L, D67N, T69D, K70R, M184V, T215F, K219Q	X3TC	200
591382	9_350	M41L, D67N, T69D, K70R, M184V, T215F, K219Q	ABC	5.9
591382	9_350	M41L, D67N, T69D, K70R, M184V, T215F, K219Q	AZT	34
591382	9_350	M41L, D67N, T69D, K70R, M184V, T215F, K219Q	D4T	2.2
591382	9_350	M41L, D67N, T69D, K70R, M184V, T215F, K219Q	DDI	2.4
591382	9_350	M41L, D67N, T69D, K70R, M184V, T215F, K219Q	TDF	1.8
591670	119_-70		X3TC	1.6
591670	119_-70		ABC	0.9
591670	119_-70		AZT	0.9
591670	119_-70		D4T	1.4
591670	119_-70		DDI	1.2
591670	119_-70		TDF	1.2
591808	175_-55	M41L, D67N, S68SG, K70KR, M184V, L210W, T215Y, K219E	X3TC	200
591808	175_-55	M41L, D67N, S68SG, K70KR, M184V, L210W, T215Y, K219E	ABC	5.4
591808	175_-55	M41L, D67N, S68SG, K70KR, M184V, L210W, T215Y, K219E	AZT	11
591808	175_-55	M41L, D67N, S68SG, K70KR, M184V, L210W, T215Y, K219E	D4T	1.6
591808	175_-55	M41L, D67N, S68SG, K70KR, M184V, L210W, T215Y, K219E	DDI	1.8
591808	175_-55	M41L, D67N, S68SG, K70KR, M184V, L210W, T215Y, K219E	TDF	1.8
591658	114_530	D67G, S68G, K70R, T215I, K219E	X3TC	2.3
591658	114_530	D67G, S68G, K70R, T215I, K219E	ABC	1.6
591658	114_530	D67G, S68G, K70R, T215I, K219E	AZT	34
591658	114_530	D67G, S68G, K70R, T215I, K219E	D4T	2.2
591658	114_530	D67G, S68G, K70R, T215I, K219E	DDI	1.6
591658	114_530	D67G, S68G, K70R, T215I, K219E	TDF	2.6
591532	66_-77	M41L, D67N, T69D, V75I, M184V, L210W, T215Y	X3TC	200
591532	66_-77	M41L, D67N, T69D, V75I, M184V, L210W, T215Y	ABC	5.7
591532	66_-77	M41L, D67N, T69D, V75I, M184V, L210W, T215Y	AZT	32
591532	66_-77	M41L, D67N, T69D, V75I, M184V, L210W, T215Y	D4T	3.8
591532	66_-77	M41L, D67N, T69D, V75I, M184V, L210W, T215Y	DDI	1.8
591532	66_-77	M41L, D67N, T69D, V75I, M184V, L210W, T215Y	TDF	1.4
592256	347_-78	T69D, K70R	X3TC	1.9
592256	347_-78	T69D, K70R	ABC	1.5
592256	347_-78	T69D, K70R	AZT	2.3
592256	347_-78	T69D, K70R	D4T	1.5
592256	347_-78	T69D, K70R	DDI	1.1
592256	347_-78	T69D, K70R	TDF	1.2
692408	ISO67	M41L, D67N, L210W, T215Y	X3TC	NA
692408	ISO67	M41L, D67N, L210W, T215Y	ABC	NA
692408	ISO67	M41L, D67N, L210W, T215Y	AZT	NA
692408	ISO67	M41L, D67N, L210W, T215Y	D4T	NA
692408	ISO67	M41L, D67N, L210W, T215Y	DDI	NA
692408	ISO67	M41L, D67N, L210W, T215Y	TDF	NA
692397	ISO58	M41L, D67N, K70R, M184V	X3TC	NA
692397	ISO58	M41L, D67N, K70R, M184V	ABC	NA
692397	ISO58	M41L, D67N, K70R, M184V	AZT	NA
692397	ISO58	M41L, D67N, K70R, M184V	D4T	NA
692397	ISO58	M41L, D67N, K70R, M184V	DDI	NA
692397	ISO58	M41L, D67N, K70R, M184V	TDF	NA
692439	ISO93	M41L, K70R, M184V, L210W, T215Y, K219Q	X3TC	NA
692439	ISO93	M41L, K70R, M184V, L210W, T215Y, K219Q	ABC	NA
692439	ISO93	M41L, K70R, M184V, L210W, T215Y, K219Q	AZT	NA
692439	ISO93	M41L, K70R, M184V, L210W, T215Y, K219Q	D4T	NA
692439	ISO93	M41L, K70R, M184V, L210W, T215Y, K219Q	DDI	NA
692439	ISO93	M41L, K70R, M184V, L210W, T215Y, K219Q	TDF	NA
692410	ISO69	M41L, L210W, T215Y, K219Q	X3TC	NA
692410	ISO69	M41L, L210W, T215Y, K219Q	ABC	NA
692410	ISO69	M41L, L210W, T215Y, K219Q	AZT	NA
692410	ISO69	M41L, L210W, T215Y, K219Q	D4T	NA
692410	ISO69	M41L, L210W, T215Y, K219Q	DDI	NA
692410	ISO69	M41L, L210W, T215Y, K219Q	TDF	NA
692338	ISO4	M41L	X3TC	NA
692338	ISO4	M41L	ABC	NA
692338	ISO4	M41L	AZT	NA
692338	ISO4	M41L	D4T	NA
692338	ISO4	M41L	DDI	NA
692338	ISO4	M41L	TDF	NA
692382	ISO46	M41L, D67N, K70R	X3TC	NA
692382	ISO46	M41L, D67N, K70R	ABC	NA
692382	ISO46	M41L, D67N, K70R	AZT	NA
692382	ISO46	M41L, D67N, K70R	D4T	NA
692382	ISO46	M41L, D67N, K70R	DDI	NA
692382	ISO46	M41L, D67N, K70R	TDF	NA
692351	ISO17	M41L, L210W	X3TC	NA
692351	ISO17	M41L, L210W	ABC	NA
692351	ISO17	M41L, L210W	AZT	NA
692351	ISO17	M41L, L210W	D4T	NA
692351	ISO17	M41L, L210W	DDI	NA
692351	ISO17	M41L, L210W	TDF	NA
692396	ISO57	D67N, M184V, L210W, T215Y	X3TC	NA
692396	ISO57	D67N, M184V, L210W, T215Y	ABC	NA
692396	ISO57	D67N, M184V, L210W, T215Y	AZT	NA
692396	ISO57	D67N, M184V, L210W, T215Y	D4T	NA
692396	ISO57	D67N, M184V, L210W, T215Y	DDI	NA
692396	ISO57	D67N, M184V, L210W, T215Y	TDF	NA
692417	ISO74	M41L, D67N, M184V, L210W, T215Y	X3TC	NA
692417	ISO74	M41L, D67N, M184V, L210W, T215Y	ABC	NA
692417	ISO74	M41L, D67N, M184V, L210W, T215Y	AZT	NA
692417	ISO74	M41L, D67N, M184V, L210W, T215Y	D4T	NA
692417	ISO74	M41L, D67N, M184V, L210W, T215Y	DDI	NA
692417	ISO74	M41L, D67N, M184V, L210W, T215Y	TDF	NA
692349	ISO15	M41L, D67N	X3TC	NA
692349	ISO15	M41L, D67N	ABC	NA
692349	ISO15	M41L, D67N	AZT	NA
692349	ISO15	M41L, D67N	D4T	NA
692349	ISO15	M41L, D67N	DDI	NA
692349	ISO15	M41L, D67N	TDF	NA
692347	ISO13	K70R, M184V	X3TC	NA
692347	ISO13	K70R, M184V	ABC	NA
692347	ISO13	K70R, M184V	AZT	NA
692347	ISO13	K70R, M184V	D4T	NA
692347	ISO13	K70R, M184V	DDI	NA
692347	ISO13	K70R, M184V	TDF	NA
692363	ISO97	D67N, K219Q	X3TC	NA
692363	ISO97	D67N, K219Q	ABC	NA
692363	ISO97	D67N, K219Q	AZT	NA
692363	ISO97	D67N, K219Q	D4T	NA
692363	ISO97	D67N, K219Q	DDI	NA
692363	ISO97	D67N, K219Q	TDF	NA
692373	ISO38	K70R, M184V, T215Y	X3TC	NA
692373	ISO38	K70R, M184V, T215Y	ABC	NA
692373	ISO38	K70R, M184V, T215Y	AZT	NA
692373	ISO38	K70R, M184V, T215Y	D4T	NA
692373	ISO38	K70R, M184V, T215Y	DDI	NA
692373	ISO38	K70R, M184V, T215Y	TDF	NA
692386	ISO50	D67N, K70R, T215Y	X3TC	NA
692386	ISO50	D67N, K70R, T215Y	ABC	NA
692386	ISO50	D67N, K70R, T215Y	AZT	NA
692386	ISO50	D67N, K70R, T215Y	D4T	NA
692386	ISO50	D67N, K70R, T215Y	DDI	NA
692386	ISO50	D67N, K70R, T215Y	TDF	NA
692372	ISO37	K70R, M184V, L210W	X3TC	NA
692372	ISO37	K70R, M184V, L210W	ABC	NA
692372	ISO37	K70R, M184V, L210W	AZT	NA
692372	ISO37	K70R, M184V, L210W	D4T	NA
692372	ISO37	K70R, M184V, L210W	DDI	NA
692372	ISO37	K70R, M184V, L210W	TDF	NA
692387	ISO51	D67N, K70R, K219Q	X3TC	NA
692387	ISO51	D67N, K70R, K219Q	ABC	NA
692387	ISO51	D67N, K70R, K219Q	AZT	NA
692387	ISO51	D67N, K70R, K219Q	D4T	NA
692387	ISO51	D67N, K70R, K219Q	DDI	NA
692387	ISO51	D67N, K70R, K219Q	TDF	NA
692443	ISO95	M41L, D67N, K70R, L210W, T215Y, K219Q	X3TC	NA
692443	ISO95	M41L, D67N, K70R, L210W, T215Y, K219Q	ABC	NA
692443	ISO95	M41L, D67N, K70R, L210W, T215Y, K219Q	AZT	NA
692443	ISO95	M41L, D67N, K70R, L210W, T215Y, K219Q	D4T	NA
692443	ISO95	M41L, D67N, K70R, L210W, T215Y, K219Q	DDI	NA
692443	ISO95	M41L, D67N, K70R, L210W, T215Y, K219Q	TDF	NA
692369	ISO34	D67N, K70R, M184V	X3TC	NA
692369	ISO34	D67N, K70R, M184V	ABC	NA
692369	ISO34	D67N, K70R, M184V	AZT	NA
692369	ISO34	D67N, K70R, M184V	D4T	NA
692369	ISO34	D67N, K70R, M184V	DDI	NA
692369	ISO34	D67N, K70R, M184V	TDF	NA
692437	ISO91	M41L, D67N, K70R, M184V, L210W, K219Q	X3TC	NA
692437	ISO91	M41L, D67N, K70R, M184V, L210W, K219Q	ABC	NA
692437	ISO91	M41L, D67N, K70R, M184V, L210W, K219Q	AZT	NA
692437	ISO91	M41L, D67N, K70R, M184V, L210W, K219Q	D4T	NA
692437	ISO91	M41L, D67N, K70R, M184V, L210W, K219Q	DDI	NA
692437	ISO91	M41L, D67N, K70R, M184V, L210W, K219Q	TDF	NA
692340	ISO6	D67N	X3TC	NA
692340	ISO6	D67N	ABC	NA
692340	ISO6	D67N	AZT	NA
692340	ISO6	D67N	D4T	NA
692340	ISO6	D67N	DDI	NA
692340	ISO6	D67N	TDF	NA
692420	ISO77	M41L, D67N, K70R, M184V, T215Y	X3TC	NA
692420	ISO77	M41L, D67N, K70R, M184V, T215Y	ABC	NA
692420	ISO77	M41L, D67N, K70R, M184V, T215Y	AZT	NA
692420	ISO77	M41L, D67N, K70R, M184V, T215Y	D4T	NA
692420	ISO77	M41L, D67N, K70R, M184V, T215Y	DDI	NA
692420	ISO77	M41L, D67N, K70R, M184V, T215Y	TDF	NA
692422	ISO79	D67N, M184V, L210W, T215Y, K219Q	X3TC	NA
692422	ISO79	D67N, M184V, L210W, T215Y, K219Q	ABC	NA
692422	ISO79	D67N, M184V, L210W, T215Y, K219Q	AZT	NA
692422	ISO79	D67N, M184V, L210W, T215Y, K219Q	D4T	NA
692422	ISO79	D67N, M184V, L210W, T215Y, K219Q	DDI	NA
692422	ISO79	D67N, M184V, L210W, T215Y, K219Q	TDF	NA
692388	ISO52	D67N, T215Y, K219Q	X3TC	NA
692388	ISO52	D67N, T215Y, K219Q	ABC	NA
692388	ISO52	D67N, T215Y, K219Q	AZT	NA
692388	ISO52	D67N, T215Y, K219Q	D4T	NA
692388	ISO52	D67N, T215Y, K219Q	DDI	NA
692388	ISO52	D67N, T215Y, K219Q	TDF	NA
692356	ISO22	D67N, T215Y	X3TC	NA
692356	ISO22	D67N, T215Y	ABC	NA
692356	ISO22	D67N, T215Y	AZT	NA
692356	ISO22	D67N, T215Y	D4T	NA
692356	ISO22	D67N, T215Y	DDI	NA
692356	ISO22	D67N, T215Y	TDF	NA
692367	ISO32	M41L, M184V, T215Y	X3TC	NA
692367	ISO32	M41L, M184V, T215Y	ABC	NA
692367	ISO32	M41L, M184V, T215Y	AZT	NA
692367	ISO32	M41L, M184V, T215Y	D4T	NA
692367	ISO32	M41L, M184V, T215Y	DDI	NA
692367	ISO32	M41L, M184V, T215Y	TDF	NA
692412	ISO71	D67N, K70R, L210W, T215Y	X3TC	NA
692412	ISO71	D67N, K70R, L210W, T215Y	ABC	NA
692412	ISO71	D67N, K70R, L210W, T215Y	AZT	NA
692412	ISO71	D67N, K70R, L210W, T215Y	D4T	NA
692412	ISO71	D67N, K70R, L210W, T215Y	DDI	NA
692412	ISO71	D67N, K70R, L210W, T215Y	TDF	NA
692401	ISO62	D67N, K70R, M184V, T215Y	X3TC	NA
692401	ISO62	D67N, K70R, M184V, T215Y	ABC	NA
692401	ISO62	D67N, K70R, M184V, T215Y	AZT	NA
692401	ISO62	D67N, K70R, M184V, T215Y	D4T	NA
692401	ISO62	D67N, K70R, M184V, T215Y	DDI	NA
692401	ISO62	D67N, K70R, M184V, T215Y	TDF	NA
692400	ISO61	D67N, K70R, M184V, L210W	X3TC	NA
692400	ISO61	D67N, K70R, M184V, L210W	ABC	NA
692400	ISO61	D67N, K70R, M184V, L210W	AZT	NA
692400	ISO61	D67N, K70R, M184V, L210W	D4T	NA
692400	ISO61	D67N, K70R, M184V, L210W	DDI	NA
692400	ISO61	D67N, K70R, M184V, L210W	TDF	NA
692383	ISO47	M41L, K70R, L210W	X3TC	NA
692383	ISO47	M41L, K70R, L210W	ABC	NA
692383	ISO47	M41L, K70R, L210W	AZT	NA
692383	ISO47	M41L, K70R, L210W	D4T	NA
692383	ISO47	M41L, K70R, L210W	DDI	NA
692383	ISO47	M41L, K70R, L210W	TDF	NA
692384	ISO48	M41L, L210W, K219Q	X3TC	NA
692384	ISO48	M41L, L210W, K219Q	ABC	NA
692384	ISO48	M41L, L210W, K219Q	AZT	NA
692384	ISO48	M41L, L210W, K219Q	D4T	NA
692384	ISO48	M41L, L210W, K219Q	DDI	NA
692384	ISO48	M41L, L210W, K219Q	TDF	NA
692377	ISO42	M184V, T215Y, K219Q	X3TC	NA
692377	ISO42	M184V, T215Y, K219Q	ABC	NA
692377	ISO42	M184V, T215Y, K219Q	AZT	NA
692377	ISO42	M184V, T215Y, K219Q	D4T	NA
692377	ISO42	M184V, T215Y, K219Q	DDI	NA
692377	ISO42	M184V, T215Y, K219Q	TDF	NA
692344	ISO10	M41L, M184V	X3TC	NA
692344	ISO10	M41L, M184V	ABC	NA
692344	ISO10	M41L, M184V	AZT	NA
692344	ISO10	M41L, M184V	D4T	NA
692344	ISO10	M41L, M184V	DDI	NA
692344	ISO10	M41L, M184V	TDF	NA
692411	ISO70	M41L, D67N, K70R, T215Y	X3TC	NA
692411	ISO70	M41L, D67N, K70R, T215Y	ABC	NA
692411	ISO70	M41L, D67N, K70R, T215Y	AZT	NA
692411	ISO70	M41L, D67N, K70R, T215Y	D4T	NA
692411	ISO70	M41L, D67N, K70R, T215Y	DDI	NA
692411	ISO70	M41L, D67N, K70R, T215Y	TDF	NA
692436	ISO90	M41L, D67N, K70R, M184V, L210W, T215Y	X3TC	NA
692436	ISO90	M41L, D67N, K70R, M184V, L210W, T215Y	ABC	NA
692436	ISO90	M41L, D67N, K70R, M184V, L210W, T215Y	AZT	NA
692436	ISO90	M41L, D67N, K70R, M184V, L210W, T215Y	D4T	NA
692436	ISO90	M41L, D67N, K70R, M184V, L210W, T215Y	DDI	NA
692436	ISO90	M41L, D67N, K70R, M184V, L210W, T215Y	TDF	NA
692339	ISO5	L210W	X3TC	NA
692339	ISO5	L210W	ABC	NA
692339	ISO5	L210W	AZT	NA
692339	ISO5	L210W	D4T	NA
692339	ISO5	L210W	DDI	NA
692339	ISO5	L210W	TDF	NA
692419	ISO76	M41L, M184V, L210W, T215Y, K219Q	X3TC	NA
692419	ISO76	M41L, M184V, L210W, T215Y, K219Q	ABC	NA
692419	ISO76	M41L, M184V, L210W, T215Y, K219Q	AZT	NA
692419	ISO76	M41L, M184V, L210W, T215Y, K219Q	D4T	NA
692419	ISO76	M41L, M184V, L210W, T215Y, K219Q	DDI	NA
692419	ISO76	M41L, M184V, L210W, T215Y, K219Q	TDF	NA
692368	ISO33	M41L, M184V, K219Q	X3TC	NA
692368	ISO33	M41L, M184V, K219Q	ABC	NA
692368	ISO33	M41L, M184V, K219Q	AZT	NA
692368	ISO33	M41L, M184V, K219Q	D4T	NA
692368	ISO33	M41L, M184V, K219Q	DDI	NA
692368	ISO33	M41L, M184V, K219Q	TDF	NA
692352	ISO18	M41L, T215Y	X3TC	NA
692352	ISO18	M41L, T215Y	ABC	NA
692352	ISO18	M41L, T215Y	AZT	NA
692352	ISO18	M41L, T215Y	D4T	NA
692352	ISO18	M41L, T215Y	DDI	NA
692352	ISO18	M41L, T215Y	TDF	NA
692341	ISO7	K70R	X3TC	NA
692341	ISO7	K70R	ABC	NA
692341	ISO7	K70R	AZT	NA
692341	ISO7	K70R	D4T	NA
692341	ISO7	K70R	DDI	NA
692341	ISO7	K70R	TDF	NA
692404	ISO65	K70R, M184V, L210W, T215Y	X3TC	NA
692404	ISO65	K70R, M184V, L210W, T215Y	ABC	NA
692404	ISO65	K70R, M184V, L210W, T215Y	AZT	NA
692404	ISO65	K70R, M184V, L210W, T215Y	D4T	NA
692404	ISO65	K70R, M184V, L210W, T215Y	DDI	NA
692404	ISO65	K70R, M184V, L210W, T215Y	TDF	NA
692371	ISO36	D67N, M184V, T215Y	X3TC	NA
692371	ISO36	D67N, M184V, T215Y	ABC	NA
692371	ISO36	D67N, M184V, T215Y	AZT	NA
692371	ISO36	D67N, M184V, T215Y	D4T	NA
692371	ISO36	D67N, M184V, T215Y	DDI	NA
692371	ISO36	D67N, M184V, T215Y	TDF	NA
692444	ISO96	M41L, D67N, K70R, M184V, L210W, T215Y, K219Q	X3TC	NA
692444	ISO96	M41L, D67N, K70R, M184V, L210W, T215Y, K219Q	ABC	NA
692444	ISO96	M41L, D67N, K70R, M184V, L210W, T215Y, K219Q	AZT	NA
692444	ISO96	M41L, D67N, K70R, M184V, L210W, T215Y, K219Q	D4T	NA
692444	ISO96	M41L, D67N, K70R, M184V, L210W, T215Y, K219Q	DDI	NA
692444	ISO96	M41L, D67N, K70R, M184V, L210W, T215Y, K219Q	TDF	NA
692428	ISO86	M41L, D67N, K70R, L210W, K219Q	X3TC	NA
692428	ISO86	M41L, D67N, K70R, L210W, K219Q	ABC	NA
692428	ISO86	M41L, D67N, K70R, L210W, K219Q	AZT	NA
692428	ISO86	M41L, D67N, K70R, L210W, K219Q	D4T	NA
692428	ISO86	M41L, D67N, K70R, L210W, K219Q	DDI	NA
692428	ISO86	M41L, D67N, K70R, L210W, K219Q	TDF	NA
692421	ISO78	D67N, K70R, M184V, L210W, T215Y	X3TC	NA
692421	ISO78	D67N, K70R, M184V, L210W, T215Y	ABC	NA
692421	ISO78	D67N, K70R, M184V, L210W, T215Y	AZT	NA
692421	ISO78	D67N, K70R, M184V, L210W, T215Y	D4T	NA
692421	ISO78	D67N, K70R, M184V, L210W, T215Y	DDI	NA
692421	ISO78	D67N, K70R, M184V, L210W, T215Y	TDF	NA
692366	ISO31	M41L, M184V, L210W	X3TC	NA
692366	ISO31	M41L, M184V, L210W	ABC	NA
692366	ISO31	M41L, M184V, L210W	AZT	NA
692366	ISO31	M41L, M184V, L210W	D4T	NA
692366	ISO31	M41L, M184V, L210W	DDI	NA
692366	ISO31	M41L, M184V, L210W	TDF	NA
692389	ISO53	K70R, L210W, T215Y	X3TC	NA
692389	ISO53	K70R, L210W, T215Y	ABC	NA
692389	ISO53	K70R, L210W, T215Y	AZT	NA
692389	ISO53	K70R, L210W, T215Y	D4T	NA
692389	ISO53	K70R, L210W, T215Y	DDI	NA
692389	ISO53	K70R, L210W, T215Y	TDF	NA
692357	ISO23	K70R, L210W	X3TC	NA
692357	ISO23	K70R, L210W	ABC	NA
692357	ISO23	K70R, L210W	AZT	NA
692357	ISO23	K70R, L210W	D4T	NA
692357	ISO23	K70R, L210W	DDI	NA
692357	ISO23	K70R, L210W	TDF	NA
692358	ISO24	K70R, T215Y	X3TC	NA
692358	ISO24	K70R, T215Y	ABC	NA
692358	ISO24	K70R, T215Y	AZT	NA
692358	ISO24	K70R, T215Y	D4T	NA
692358	ISO24	K70R, T215Y	DDI	NA
692358	ISO24	K70R, T215Y	TDF	NA
692379	ISO43	M41L, L210W, T215Y	X3TC	NA
692379	ISO43	M41L, L210W, T215Y	ABC	NA
692379	ISO43	M41L, L210W, T215Y	AZT	NA
692379	ISO43	M41L, L210W, T215Y	D4T	NA
692379	ISO43	M41L, L210W, T215Y	DDI	NA
692379	ISO43	M41L, L210W, T215Y	TDF	NA
692345	ISO11	M184V, L210W	X3TC	NA
692345	ISO11	M184V, L210W	ABC	NA
692345	ISO11	M184V, L210W	AZT	NA
692345	ISO11	M184V, L210W	D4T	NA
692345	ISO11	M184V, L210W	DDI	NA
692345	ISO11	M184V, L210W	TDF	NA
692361	ISO27	L210W, K219Q	X3TC	NA
692361	ISO27	L210W, K219Q	ABC	NA
692361	ISO27	L210W, K219Q	AZT	NA
692361	ISO27	L210W, K219Q	D4T	NA
692361	ISO27	L210W, K219Q	DDI	NA
692361	ISO27	L210W, K219Q	TDF	NA
692423	ISO80	D67N, K70R, M184V, T215Y, K219Q	X3TC	NA
692423	ISO80	D67N, K70R, M184V, T215Y, K219Q	ABC	NA
692423	ISO80	D67N, K70R, M184V, T215Y, K219Q	AZT	NA
692423	ISO80	D67N, K70R, M184V, T215Y, K219Q	D4T	NA
692423	ISO80	D67N, K70R, M184V, T215Y, K219Q	DDI	NA
692423	ISO80	D67N, K70R, M184V, T215Y, K219Q	TDF	NA
692390	ISO54	L210W, T215Y, K219Q	X3TC	NA
692390	ISO54	L210W, T215Y, K219Q	ABC	NA
692390	ISO54	L210W, T215Y, K219Q	AZT	NA
692390	ISO54	L210W, T215Y, K219Q	D4T	NA
692390	ISO54	L210W, T215Y, K219Q	DDI	NA
692390	ISO54	L210W, T215Y, K219Q	TDF	NA
692403	ISO64	D67N, M184V, T215Y, K219Q	X3TC	NA
692403	ISO64	D67N, M184V, T215Y, K219Q	ABC	NA
692403	ISO64	D67N, M184V, T215Y, K219Q	AZT	NA
692403	ISO64	D67N, M184V, T215Y, K219Q	D4T	NA
692403	ISO64	D67N, M184V, T215Y, K219Q	DDI	NA
692403	ISO64	D67N, M184V, T215Y, K219Q	TDF	NA
692376	ISO41	M184V, L210W, K219Q	X3TC	NA
692376	ISO41	M184V, L210W, K219Q	ABC	NA
692376	ISO41	M184V, L210W, K219Q	AZT	NA
692376	ISO41	M184V, L210W, K219Q	D4T	NA
692376	ISO41	M184V, L210W, K219Q	DDI	NA
692376	ISO41	M184V, L210W, K219Q	TDF	NA
692435	ISO82	M41L, D67N, M184V, L210W, T215Y, K219Q	X3TC	NA
692435	ISO82	M41L, D67N, M184V, L210W, T215Y, K219Q	ABC	NA
692435	ISO82	M41L, D67N, M184V, L210W, T215Y, K219Q	AZT	NA
692435	ISO82	M41L, D67N, M184V, L210W, T215Y, K219Q	D4T	NA
692435	ISO82	M41L, D67N, M184V, L210W, T215Y, K219Q	DDI	NA
692435	ISO82	M41L, D67N, M184V, L210W, T215Y, K219Q	TDF	NA
692430	ISO88	M41L, K70R, L210W, T215Y, K219Q	X3TC	NA
692430	ISO88	M41L, K70R, L210W, T215Y, K219Q	ABC	NA
692430	ISO88	M41L, K70R, L210W, T215Y, K219Q	AZT	NA
692430	ISO88	M41L, K70R, L210W, T215Y, K219Q	D4T	NA
692430	ISO88	M41L, K70R, L210W, T215Y, K219Q	DDI	NA
692430	ISO88	M41L, K70R, L210W, T215Y, K219Q	TDF	NA
692380	ISO44	M41L, D67N, L210W	X3TC	NA
692380	ISO44	M41L, D67N, L210W	ABC	NA
692380	ISO44	M41L, D67N, L210W	AZT	NA
692380	ISO44	M41L, D67N, L210W	D4T	NA
692380	ISO44	M41L, D67N, L210W	DDI	NA
692380	ISO44	M41L, D67N, L210W	TDF	NA
692429	ISO87	M41L, D67N, K70R, T215Y, K219Q	X3TC	NA
692429	ISO87	M41L, D67N, K70R, T215Y, K219Q	ABC	NA
692429	ISO87	M41L, D67N, K70R, T215Y, K219Q	AZT	NA
692429	ISO87	M41L, D67N, K70R, T215Y, K219Q	D4T	NA
692429	ISO87	M41L, D67N, K70R, T215Y, K219Q	DDI	NA
692429	ISO87	M41L, D67N, K70R, T215Y, K219Q	TDF	NA
692365	ISO30	M41L, K70R, M184V	X3TC	NA
692365	ISO30	M41L, K70R, M184V	ABC	NA
692365	ISO30	M41L, K70R, M184V	AZT	NA
692365	ISO30	M41L, K70R, M184V	D4T	NA
692365	ISO30	M41L, K70R, M184V	DDI	NA
692365	ISO30	M41L, K70R, M184V	TDF	NA
692362	ISO28	T215Y, K219Q	X3TC	NA
692362	ISO28	T215Y, K219Q	ABC	NA
692362	ISO28	T215Y, K219Q	AZT	NA
692362	ISO28	T215Y, K219Q	D4T	NA
692362	ISO28	T215Y, K219Q	DDI	NA
692362	ISO28	T215Y, K219Q	TDF	NA
692375	ISO40	M184V, L210W, T215Y	X3TC	NA
692375	ISO40	M184V, L210W, T215Y	ABC	NA
692375	ISO40	M184V, L210W, T215Y	AZT	NA
692375	ISO40	M184V, L210W, T215Y	D4T	NA
692375	ISO40	M184V, L210W, T215Y	DDI	NA
692375	ISO40	M184V, L210W, T215Y	TDF	NA
692427	ISO85	M41L, D67N, K70R, L210W, T215Y	X3TC	NA
692427	ISO85	M41L, D67N, K70R, L210W, T215Y	ABC	NA
692427	ISO85	M41L, D67N, K70R, L210W, T215Y	AZT	NA
692427	ISO85	M41L, D67N, K70R, L210W, T215Y	D4T	NA
692427	ISO85	M41L, D67N, K70R, L210W, T215Y	DDI	NA
692427	ISO85	M41L, D67N, K70R, L210W, T215Y	TDF	NA
692394	ISO55	M41L, M184V, L210W, T215Y	X3TC	NA
692394	ISO55	M41L, M184V, L210W, T215Y	ABC	NA
692394	ISO55	M41L, M184V, L210W, T215Y	AZT	NA
692394	ISO55	M41L, M184V, L210W, T215Y	D4T	NA
692394	ISO55	M41L, M184V, L210W, T215Y	DDI	NA
692394	ISO55	M41L, M184V, L210W, T215Y	TDF	NA
692336	ISO2	M184V	X3TC	NA
692336	ISO2	M184V	ABC	NA
692336	ISO2	M184V	AZT	NA
692336	ISO2	M184V	D4T	NA
692336	ISO2	M184V	DDI	NA
692336	ISO2	M184V	TDF	NA
692370	ISO35	D67N, M184V, L210W	X3TC	NA
692370	ISO35	D67N, M184V, L210W	ABC	NA
692370	ISO35	D67N, M184V, L210W	AZT	NA
692370	ISO35	D67N, M184V, L210W	D4T	NA
692370	ISO35	D67N, M184V, L210W	DDI	NA
692370	ISO35	D67N, M184V, L210W	TDF	NA
692414	ISO73	D67N, K70R, T215Y, K219Q	X3TC	NA
692414	ISO73	D67N, K70R, T215Y, K219Q	ABC	NA
692414	ISO73	D67N, K70R, T215Y, K219Q	AZT	NA
692414	ISO73	D67N, K70R, T215Y, K219Q	D4T	NA
692414	ISO73	D67N, K70R, T215Y, K219Q	DDI	NA
692414	ISO73	D67N, K70R, T215Y, K219Q	TDF	NA
692354	ISO20	D67N, K70R	X3TC	NA
692354	ISO20	D67N, K70R	ABC	NA
692354	ISO20	D67N, K70R	AZT	NA
692354	ISO20	D67N, K70R	D4T	NA
692354	ISO20	D67N, K70R	DDI	NA
692354	ISO20	D67N, K70R	TDF	NA
692398	ISO59	M41L, K70R, M184V, L210W	X3TC	NA
692398	ISO59	M41L, K70R, M184V, L210W	ABC	NA
692398	ISO59	M41L, K70R, M184V, L210W	AZT	NA
692398	ISO59	M41L, K70R, M184V, L210W	D4T	NA
692398	ISO59	M41L, K70R, M184V, L210W	DDI	NA
692398	ISO59	M41L, K70R, M184V, L210W	TDF	NA
692353	ISO19	M41L, K219Q	X3TC	NA
692353	ISO19	M41L, K219Q	ABC	NA
692353	ISO19	M41L, K219Q	AZT	NA
692353	ISO19	M41L, K219Q	D4T	NA
692353	ISO19	M41L, K219Q	DDI	NA
692353	ISO19	M41L, K219Q	TDF	NA
692342	ISO8	K219Q	X3TC	NA
692342	ISO8	K219Q	ABC	NA
692342	ISO8	K219Q	AZT	NA
692342	ISO8	K219Q	D4T	NA
692342	ISO8	K219Q	DDI	NA
692342	ISO8	K219Q	TDF	NA
692431	ISO89	D67N, K70R, L210W, T215Y, K219Q	X3TC	NA
692431	ISO89	D67N, K70R, L210W, T215Y, K219Q	ABC	NA
692431	ISO89	D67N, K70R, L210W, T215Y, K219Q	AZT	NA
692431	ISO89	D67N, K70R, L210W, T215Y, K219Q	D4T	NA
692431	ISO89	D67N, K70R, L210W, T215Y, K219Q	DDI	NA
692431	ISO89	D67N, K70R, L210W, T215Y, K219Q	TDF	NA
692337	ISO3	T215Y	X3TC	NA
692337	ISO3	T215Y	ABC	NA
692337	ISO3	T215Y	AZT	NA
692337	ISO3	T215Y	D4T	NA
692337	ISO3	T215Y	DDI	NA
692337	ISO3	T215Y	TDF	NA
692359	ISO25	K70R, K219Q	X3TC	NA
692359	ISO25	K70R, K219Q	ABC	NA
692359	ISO25	K70R, K219Q	AZT	NA
692359	ISO25	K70R, K219Q	D4T	NA
692359	ISO25	K70R, K219Q	DDI	NA
692359	ISO25	K70R, K219Q	TDF	NA
692418	ISO75	M41L, K70R, M184V, L210W, T215Y	X3TC	NA
692418	ISO75	M41L, K70R, M184V, L210W, T215Y	ABC	NA
692418	ISO75	M41L, K70R, M184V, L210W, T215Y	AZT	NA
692418	ISO75	M41L, K70R, M184V, L210W, T215Y	D4T	NA
692418	ISO75	M41L, K70R, M184V, L210W, T215Y	DDI	NA
692418	ISO75	M41L, K70R, M184V, L210W, T215Y	TDF	NA
692360	ISO26	L210W, T215Y	X3TC	NA
692360	ISO26	L210W, T215Y	ABC	NA
692360	ISO26	L210W, T215Y	AZT	NA
692360	ISO26	L210W, T215Y	D4T	NA
692360	ISO26	L210W, T215Y	DDI	NA
692360	ISO26	L210W, T215Y	TDF	NA
692405	ISO66	M184V, L210W, T215Y, K219Q	X3TC	NA
692405	ISO66	M184V, L210W, T215Y, K219Q	ABC	NA
692405	ISO66	M184V, L210W, T215Y, K219Q	AZT	NA
692405	ISO66	M184V, L210W, T215Y, K219Q	D4T	NA
692405	ISO66	M184V, L210W, T215Y, K219Q	DDI	NA
692405	ISO66	M184V, L210W, T215Y, K219Q	TDF	NA
692348	ISO14	M184V, K219Q	X3TC	NA
692348	ISO14	M184V, K219Q	ABC	NA
692348	ISO14	M184V, K219Q	AZT	NA
692348	ISO14	M184V, K219Q	D4T	NA
692348	ISO14	M184V, K219Q	DDI	NA
692348	ISO14	M184V, K219Q	TDF	NA
692385	ISO49	D67N, K70R, L210W	X3TC	NA
692385	ISO49	D67N, K70R, L210W	ABC	NA
692385	ISO49	D67N, K70R, L210W	AZT	NA
692385	ISO49	D67N, K70R, L210W	D4T	NA
692385	ISO49	D67N, K70R, L210W	DDI	NA
692385	ISO49	D67N, K70R, L210W	TDF	NA
692381	ISO45	D67N, L210W, T215Y	X3TC	NA
692381	ISO45	D67N, L210W, T215Y	ABC	NA
692381	ISO45	D67N, L210W, T215Y	AZT	NA
692381	ISO45	D67N, L210W, T215Y	D4T	NA
692381	ISO45	D67N, L210W, T215Y	DDI	NA
692381	ISO45	D67N, L210W, T215Y	TDF	NA
692395	ISO56	M41L, D67N, M184V, L210W	X3TC	NA
692395	ISO56	M41L, D67N, M184V, L210W	ABC	NA
692395	ISO56	M41L, D67N, M184V, L210W	AZT	NA
692395	ISO56	M41L, D67N, M184V, L210W	D4T	NA
692395	ISO56	M41L, D67N, M184V, L210W	DDI	NA
692395	ISO56	M41L, D67N, M184V, L210W	TDF	NA
692346	ISO12	D67N, M184V	X3TC	NA
692346	ISO12	D67N, M184V	ABC	NA
692346	ISO12	D67N, M184V	AZT	NA
692346	ISO12	D67N, M184V	D4T	NA
692346	ISO12	D67N, M184V	DDI	NA
692346	ISO12	D67N, M184V	TDF	NA
692402	ISO63	D67N, K70R, M184V, K219Q	X3TC	NA
692402	ISO63	D67N, K70R, M184V, K219Q	ABC	NA
692402	ISO63	D67N, K70R, M184V, K219Q	AZT	NA
692402	ISO63	D67N, K70R, M184V, K219Q	D4T	NA
692402	ISO63	D67N, K70R, M184V, K219Q	DDI	NA
692402	ISO63	D67N, K70R, M184V, K219Q	TDF	NA
692374	ISO39	K70R, M184V, K219Q	X3TC	NA
692374	ISO39	K70R, M184V, K219Q	ABC	NA
692374	ISO39	K70R, M184V, K219Q	AZT	NA
692374	ISO39	K70R, M184V, K219Q	D4T	NA
692374	ISO39	K70R, M184V, K219Q	DDI	NA
692374	ISO39	K70R, M184V, K219Q	TDF	NA
692438	ISO92	M41L, D67N, K70R, M184V, T215Y, K219Q	X3TC	NA
692438	ISO92	M41L, D67N, K70R, M184V, T215Y, K219Q	ABC	NA
692438	ISO92	M41L, D67N, K70R, M184V, T215Y, K219Q	AZT	NA
692438	ISO92	M41L, D67N, K70R, M184V, T215Y, K219Q	D4T	NA
692438	ISO92	M41L, D67N, K70R, M184V, T215Y, K219Q	DDI	NA
692438	ISO92	M41L, D67N, K70R, M184V, T215Y, K219Q	TDF	NA
692426	ISO81	M41L, D67N, L210W, T215Y, K219Q	X3TC	NA
692426	ISO81	M41L, D67N, L210W, T215Y, K219Q	ABC	NA
692426	ISO81	M41L, D67N, L210W, T215Y, K219Q	AZT	NA
692426	ISO81	M41L, D67N, L210W, T215Y, K219Q	D4T	NA
692426	ISO81	M41L, D67N, L210W, T215Y, K219Q	DDI	NA
692426	ISO81	M41L, D67N, L210W, T215Y, K219Q	TDF	NA
692364	ISO29	M41L, D67N, M184V	X3TC	NA
692364	ISO29	M41L, D67N, M184V	ABC	NA
692364	ISO29	M41L, D67N, M184V	AZT	NA
692364	ISO29	M41L, D67N, M184V	D4T	NA
692364	ISO29	M41L, D67N, M184V	DDI	NA
692364	ISO29	M41L, D67N, M184V	TDF	NA
692355	ISO21	D67N, L210W	X3TC	NA
692355	ISO21	D67N, L210W	ABC	NA
692355	ISO21	D67N, L210W	AZT	NA
692355	ISO21	D67N, L210W	D4T	NA
692355	ISO21	D67N, L210W	DDI	NA
692355	ISO21	D67N, L210W	TDF	NA
692399	ISO60	M41L, M184V, L210W, K219Q	X3TC	NA
692399	ISO60	M41L, M184V, L210W, K219Q	ABC	NA
692399	ISO60	M41L, M184V, L210W, K219Q	AZT	NA
692399	ISO60	M41L, M184V, L210W, K219Q	D4T	NA
692399	ISO60	M41L, M184V, L210W, K219Q	DDI	NA
692399	ISO60	M41L, M184V, L210W, K219Q	TDF	NA
692343	ISO9	M184V, T215Y	X3TC	NA
692343	ISO9	M184V, T215Y	ABC	NA
692343	ISO9	M184V, T215Y	AZT	NA
692343	ISO9	M184V, T215Y	D4T	NA
692343	ISO9	M184V, T215Y	DDI	NA
692343	ISO9	M184V, T215Y	TDF	NA
692350	ISO16	M41L, K70R	X3TC	NA
692350	ISO16	M41L, K70R	ABC	NA
692350	ISO16	M41L, K70R	AZT	NA
692350	ISO16	M41L, K70R	D4T	NA
692350	ISO16	M41L, K70R	DDI	NA
692350	ISO16	M41L, K70R	TDF	NA
692378	ISO98	D67N, M184V, K219Q	X3TC	NA
692378	ISO98	D67N, M184V, K219Q	ABC	NA
692378	ISO98	D67N, M184V, K219Q	AZT	NA
692378	ISO98	D67N, M184V, K219Q	D4T	NA
692378	ISO98	D67N, M184V, K219Q	DDI	NA
692378	ISO98	D67N, M184V, K219Q	TDF	NA
692413	ISO72	D67N, L210W, T215Y, K219Q	X3TC	NA
692413	ISO72	D67N, L210W, T215Y, K219Q	ABC	NA
692413	ISO72	D67N, L210W, T215Y, K219Q	AZT	NA
692413	ISO72	D67N, L210W, T215Y, K219Q	D4T	NA
692413	ISO72	D67N, L210W, T215Y, K219Q	DDI	NA
692413	ISO72	D67N, L210W, T215Y, K219Q	TDF	NA
692409	ISO68	M41L, K70R, L210W, T215Y	X3TC	NA
692409	ISO68	M41L, K70R, L210W, T215Y	ABC	NA
692409	ISO68	M41L, K70R, L210W, T215Y	AZT	NA
692409	ISO68	M41L, K70R, L210W, T215Y	D4T	NA
692409	ISO68	M41L, K70R, L210W, T215Y	DDI	NA
692409	ISO68	M41L, K70R, L210W, T215Y	TDF	NA
692440	ISO94	D67N, K70R, M184V, L210W, T215Y, K219Q	X3TC	NA
692440	ISO94	D67N, K70R, M184V, L210W, T215Y, K219Q	ABC	NA
692440	ISO94	D67N, K70R, M184V, L210W, T215Y, K219Q	AZT	NA
692440	ISO94	D67N, K70R, M184V, L210W, T215Y, K219Q	D4T	NA
692440	ISO94	D67N, K70R, M184V, L210W, T215Y, K219Q	DDI	NA
692440	ISO94	D67N, K70R, M184V, L210W, T215Y, K219Q	TDF	NA
743974	DOR-clinical-resistance-7	M184V	X3TC	100
743974	DOR-clinical-resistance-7	M184V	ABC	2.9
743974	DOR-clinical-resistance-7	M184V	AZT	0.5
743974	DOR-clinical-resistance-7	M184V	D4T	0.8
743974	DOR-clinical-resistance-7	M184V	DDI	1.6
743974	DOR-clinical-resistance-7	M184V	TDF	0.8
692618	ISO3		X3TC	1.2
692618	ISO3		ABC	0.8
692618	ISO3		AZT	1.7
692618	ISO3		D4T	0.9
692618	ISO3		DDI	0.9
692618	ISO3		TDF	1.2
692622	ISO7		X3TC	0.9
692622	ISO7		ABC	1.5
692622	ISO7		AZT	1.5
692622	ISO7		D4T	1.4
692622	ISO7		DDI	1.6
692622	ISO7		TDF	1.8
692619	ISO4		X3TC	0.4
692619	ISO4		ABC	0.7
692619	ISO4		AZT	0.3
692619	ISO4		D4T	0.6
692619	ISO4		DDI	0.7
692619	ISO4		TDF	0.3
743968	DOR-clinical-resistance-1	M184V	X3TC	100
743968	DOR-clinical-resistance-1	M184V	ABC	2.7
743968	DOR-clinical-resistance-1	M184V	AZT	0.1
743968	DOR-clinical-resistance-1	M184V	D4T	0.7
743968	DOR-clinical-resistance-1	M184V	DDI	1.2
743968	DOR-clinical-resistance-1	M184V	TDF	0.5
743969	DOR-clinical-resistance-2	M184V	X3TC	100
743969	DOR-clinical-resistance-2	M184V	ABC	3.2
743969	DOR-clinical-resistance-2	M184V	AZT	0.1
743969	DOR-clinical-resistance-2	M184V	D4T	0.6
743969	DOR-clinical-resistance-2	M184V	DDI	1.2
743969	DOR-clinical-resistance-2	M184V	TDF	0.6
692621	ISO6		X3TC	0.4
692621	ISO6		ABC	0.7
692621	ISO6		AZT	0.8
692621	ISO6		D4T	1
692621	ISO6		DDI	0.1
692621	ISO6		TDF	0.8
743971	DOR-clinical-resistance-4		X3TC	3.1
743971	DOR-clinical-resistance-4		ABC	0.7
743971	DOR-clinical-resistance-4		AZT	0.2
743971	DOR-clinical-resistance-4		D4T	0.7
743971	DOR-clinical-resistance-4		DDI	1
743971	DOR-clinical-resistance-4		TDF	0.3
692616	ISO1		X3TC	0.4
692616	ISO1		ABC	1.7
692616	ISO1		AZT	0.3
692616	ISO1		D4T	1.3
692616	ISO1		DDI	1.1
692616	ISO1		TDF	1.5
743973	DOR-clinical-resistance-6	K65R, M184V	X3TC	100
743973	DOR-clinical-resistance-6	K65R, M184V	ABC	2.8
743973	DOR-clinical-resistance-6	K65R, M184V	AZT	0.1
743973	DOR-clinical-resistance-6	K65R, M184V	D4T	0.5
743973	DOR-clinical-resistance-6	K65R, M184V	DDI	1.5
743973	DOR-clinical-resistance-6	K65R, M184V	TDF	0.4
743972	DOR-clinical-resistance-5	M184V	X3TC	100
743972	DOR-clinical-resistance-5	M184V	ABC	3.9
743972	DOR-clinical-resistance-5	M184V	AZT	0.2
743972	DOR-clinical-resistance-5	M184V	D4T	0.8
743972	DOR-clinical-resistance-5	M184V	DDI	1.1
743972	DOR-clinical-resistance-5	M184V	TDF	0.4
743970	DOR-clinical-resistance-3	K65R	X3TC	12
743970	DOR-clinical-resistance-3	K65R	ABC	2.4
743970	DOR-clinical-resistance-3	K65R	AZT	1
743970	DOR-clinical-resistance-3	K65R	D4T	1.4
743970	DOR-clinical-resistance-3	K65R	DDI	1.8
743970	DOR-clinical-resistance-3	K65R	TDF	1.6
692620	ISO5		X3TC	1
692620	ISO5		ABC	0.8
692620	ISO5		AZT	1.4
692620	ISO5		D4T	1
692620	ISO5		DDI	0.9
692620	ISO5		TDF	0.9
692617	ISO2		X3TC	3.9
692617	ISO2		ABC	0.9
692617	ISO2		AZT	1.9
692617	ISO2		D4T	0.9
692617	ISO2		DDI	1.2
692617	ISO2		TDF	0.7
63812	CA63812	M41L, E44D, D67N, T69D, L74V, M184V, L210W, T215Y, K219KN	X3TC	200
63812	CA63812	M41L, E44D, D67N, T69D, L74V, M184V, L210W, T215Y, K219KN	ABC	9.2
63812	CA63812	M41L, E44D, D67N, T69D, L74V, M184V, L210W, T215Y, K219KN	AZT	8.9
63812	CA63812	M41L, E44D, D67N, T69D, L74V, M184V, L210W, T215Y, K219KN	D4T	2.6
63812	CA63812	M41L, E44D, D67N, T69D, L74V, M184V, L210W, T215Y, K219KN	DDI	2.8
63812	CA63812	M41L, E44D, D67N, T69D, L74V, M184V, L210W, T215Y, K219KN	TDF	0.8
48168	CA48168		X3TC	1.1
48168	CA48168		ABC	0.9
48168	CA48168		AZT	0.6
48168	CA48168		D4T	1
48168	CA48168		DDI	1.2
48168	CA48168		TDF	0.8
38097	CA38097	M41L, L74V, L210W, T215Y	X3TC	6.5
38097	CA38097	M41L, L74V, L210W, T215Y	ABC	4.6
38097	CA38097	M41L, L74V, L210W, T215Y	AZT	0.4
38097	CA38097	M41L, L74V, L210W, T215Y	D4T	1.1
38097	CA38097	M41L, L74V, L210W, T215Y	DDI	6.5
38097	CA38097	M41L, L74V, L210W, T215Y	TDF	1
41335	CA41335	M41ML, D67N, K70R, M184V, L210LW, T215F, K219EG	X3TC	200
41335	CA41335	M41ML, D67N, K70R, M184V, L210LW, T215F, K219EG	ABC	7.4
41335	CA41335	M41ML, D67N, K70R, M184V, L210LW, T215F, K219EG	AZT	27
41335	CA41335	M41ML, D67N, K70R, M184V, L210LW, T215F, K219EG	D4T	2
41335	CA41335	M41ML, D67N, K70R, M184V, L210LW, T215F, K219EG	DDI	2.8
41335	CA41335	M41ML, D67N, K70R, M184V, L210LW, T215F, K219EG	TDF	1.5
37679	CA37679	D67N, M184V, T215C, K219E	X3TC	200
37679	CA37679	D67N, M184V, T215C, K219E	ABC	3.1
37679	CA37679	D67N, M184V, T215C, K219E	AZT	0.5
37679	CA37679	D67N, M184V, T215C, K219E	D4T	0.6
37679	CA37679	D67N, M184V, T215C, K219E	DDI	1.3
37679	CA37679	D67N, M184V, T215C, K219E	TDF	0.4
35054	CA35054	K70R, T215TA	X3TC	1.2
35054	CA35054	K70R, T215TA	ABC	3.3
35054	CA35054	K70R, T215TA	AZT	27
35054	CA35054	K70R, T215TA	D4T	2.4
35054	CA35054	K70R, T215TA	DDI	1.1
35054	CA35054	K70R, T215TA	TDF	2.6
41303	CA41303	M41L, D67N, K70R, V75VIM, L210W, T215Y, K219E	X3TC	3.9
41303	CA41303	M41L, D67N, K70R, V75VIM, L210W, T215Y, K219E	ABC	4.5
41303	CA41303	M41L, D67N, K70R, V75VIM, L210W, T215Y, K219E	AZT	190
41303	CA41303	M41L, D67N, K70R, V75VIM, L210W, T215Y, K219E	D4T	4
41303	CA41303	M41L, D67N, K70R, V75VIM, L210W, T215Y, K219E	DDI	2
41303	CA41303	M41L, D67N, K70R, V75VIM, L210W, T215Y, K219E	TDF	4
42612	CA42612	M41L, E44D, D67N, K70R, L74V, L210W, T215Y, K219Q	X3TC	7.7
42612	CA42612	M41L, E44D, D67N, K70R, L74V, L210W, T215Y, K219Q	ABC	7.8
42612	CA42612	M41L, E44D, D67N, K70R, L74V, L210W, T215Y, K219Q	AZT	934
42612	CA42612	M41L, E44D, D67N, K70R, L74V, L210W, T215Y, K219Q	D4T	8.4
42612	CA42612	M41L, E44D, D67N, K70R, L74V, L210W, T215Y, K219Q	DDI	2.9
42612	CA42612	M41L, E44D, D67N, K70R, L74V, L210W, T215Y, K219Q	TDF	4.9
42626	CA42626	M41L, V75M, F77L, M184V, T215FY	X3TC	200
42626	CA42626	M41L, V75M, F77L, M184V, T215FY	ABC	2.8
42626	CA42626	M41L, V75M, F77L, M184V, T215FY	AZT	3.4
42626	CA42626	M41L, V75M, F77L, M184V, T215FY	D4T	1
42626	CA42626	M41L, V75M, F77L, M184V, T215FY	DDI	1.1
42626	CA42626	M41L, V75M, F77L, M184V, T215FY	TDF	0.8
37865	CA37865	M41L, E44A, T69D, L74V, M184V, L210W, T215Y, K219R	X3TC	200
37865	CA37865	M41L, E44A, T69D, L74V, M184V, L210W, T215Y, K219R	ABC	13
37865	CA37865	M41L, E44A, T69D, L74V, M184V, L210W, T215Y, K219R	AZT	272
37865	CA37865	M41L, E44A, T69D, L74V, M184V, L210W, T215Y, K219R	D4T	5.4
37865	CA37865	M41L, E44A, T69D, L74V, M184V, L210W, T215Y, K219R	DDI	3.6
37865	CA37865	M41L, E44A, T69D, L74V, M184V, L210W, T215Y, K219R	TDF	2
42734	CA42734	M41L, E44A, T69D, M184MV, L210W, T215Y, K219R	X3TC	10
42734	CA42734	M41L, E44A, T69D, M184MV, L210W, T215Y, K219R	ABC	8.6
42734	CA42734	M41L, E44A, T69D, M184MV, L210W, T215Y, K219R	AZT	500
42734	CA42734	M41L, E44A, T69D, M184MV, L210W, T215Y, K219R	D4T	6.4
42734	CA42734	M41L, E44A, T69D, M184MV, L210W, T215Y, K219R	DDI	1.7
42734	CA42734	M41L, E44A, T69D, M184MV, L210W, T215Y, K219R	TDF	6.3
63964	CA63964	M41L, E44A, D67N, T69D, V75M, M184V, L210W, T215F	X3TC	NA
63964	CA63964	M41L, E44A, D67N, T69D, V75M, M184V, L210W, T215F	ABC	16
63964	CA63964	M41L, E44A, D67N, T69D, V75M, M184V, L210W, T215F	AZT	657
63964	CA63964	M41L, E44A, D67N, T69D, V75M, M184V, L210W, T215F	D4T	8.2
63964	CA63964	M41L, E44A, D67N, T69D, V75M, M184V, L210W, T215F	DDI	3.1
63964	CA63964	M41L, E44A, D67N, T69D, V75M, M184V, L210W, T215F	TDF	3.5
48124	CA48124	M41L, E44D, D67N, T69AD, M184MV, L210W, T215Y, K219KR	X3TC	200
48124	CA48124	M41L, E44D, D67N, T69AD, M184MV, L210W, T215Y, K219KR	ABC	15
48124	CA48124	M41L, E44D, D67N, T69AD, M184MV, L210W, T215Y, K219KR	AZT	500
48124	CA48124	M41L, E44D, D67N, T69AD, M184MV, L210W, T215Y, K219KR	D4T	4.3
48124	CA48124	M41L, E44D, D67N, T69AD, M184MV, L210W, T215Y, K219KR	DDI	3
48124	CA48124	M41L, E44D, D67N, T69AD, M184MV, L210W, T215Y, K219KR	TDF	5.8
761443	MK-8591A-053_ISL_2	L74I, M184V	X3TC	NA
761443	MK-8591A-053_ISL_2	L74I, M184V	ABC	NA
761443	MK-8591A-053_ISL_2	L74I, M184V	AZT	NA
761443	MK-8591A-053_ISL_2	L74I, M184V	D4T	NA
761443	MK-8591A-053_ISL_2	L74I, M184V	DDI	NA
761443	MK-8591A-053_ISL_2	L74I, M184V	TDF	NA
761442	MK-8591A-053_ISL_1	M184I	X3TC	NA
761442	MK-8591A-053_ISL_1	M184I	ABC	NA
761442	MK-8591A-053_ISL_1	M184I	AZT	NA
761442	MK-8591A-053_ISL_1	M184I	D4T	NA
761442	MK-8591A-053_ISL_1	M184I	DDI	NA
761442	MK-8591A-053_ISL_1	M184I	TDF	NA
761440	MK-8591A-053_BIC_1		X3TC	NA
761440	MK-8591A-053_BIC_1		ABC	NA
761440	MK-8591A-053_BIC_1		AZT	NA
761440	MK-8591A-053_BIC_1		D4T	NA
761440	MK-8591A-053_BIC_1		DDI	NA
761440	MK-8591A-053_BIC_1		TDF	NA
