IsolateID,NRTIDRMs,AZT_FoldChange,Mutation_List,resistance,MutationListFiltered
9918,M184V,0.6,['M184V'],0,['M184V']
3832,"M41L, L74LV, M184V, L210W, T215Y",3.2,"['M41L', 'L74LV', 'M184V', 'L210W', 'T215Y']",1,"['M41L', 'L74LV', 'M184V', 'L210W', 'T215Y']"
10464,"M41L, E44A, D67N, T69D, M184V, L210W, T215Y",307.0,"['M41L', 'E44A', 'D67N', 'T69D', 'M184V', 'L210W', 'T215Y']",1,"['M41L', 'E44A', 'D67N', 'T69D', 'M184V', 'L210W', 'T215Y']"
9928,"M41L, M184V, T215Y",6.5,"['M41L', 'M184V', 'T215Y']",1,"['M41L', 'M184V', 'T215Y']"
4372,"D67N, K70G, M184V, T215F, K219Q",0.8,"['D67N', 'K70G', 'M184V', 'T215F', 'K219Q']",0,"['D67N', 'K70G', 'M184V', 'T215F', 'K219Q']"
4391,"D67N, K70R, M184V, K219Q",1.9,"['D67N', 'K70R', 'M184V', 'K219Q']",1,"['D67N', 'K70R', 'M184V', 'K219Q']"
9912,"E40F, M41L, D67N, V75M, M184V, L210W, T215Y, K219Q",100.0,"['E40F', 'M41L', 'D67N', 'V75M', 'M184V', 'L210W', 'T215Y', 'K219Q']",1,"['M41L', 'D67N', 'V75M', 'M184V', 'L210W', 'T215Y', 'K219Q']"
9945,"M41L, D67N, T69D, K70R, V75M, M184V, T215F, K219W",726.0,"['M41L', 'D67N', 'T69D', 'K70R', 'V75M', 'M184V', 'T215F', 'K219W']",1,"['M41L', 'D67N', 'T69D', 'K70R', 'V75M', 'M184V', 'T215F']"
9916,"D67N, K70R, M184V, K219Q",7.9,"['D67N', 'K70R', 'M184V', 'K219Q']",1,"['D67N', 'K70R', 'M184V', 'K219Q']"
9944,"M41L, M184V, L210W, T215Y",14.0,"['M41L', 'M184V', 'L210W', 'T215Y']",1,"['M41L', 'M184V', 'L210W', 'T215Y']"
3871,"M41L, L74V, M184V, L210W, T215Y",4.7,"['M41L', 'L74V', 'M184V', 'L210W', 'T215Y']",1,"['M41L', 'L74V', 'M184V', 'L210W', 'T215Y']"
10474,"M41L, M184V, T215Y",10.0,"['M41L', 'M184V', 'T215Y']",1,"['M41L', 'M184V', 'T215Y']"
9919,"A62V, S68G, K70G, V75I, F77L, Y115F, F116Y, Q151M, M184V",228.0,"['A62V', 'S68G', 'K70G', 'V75I', 'F77L', 'Y115F', 'F116Y', 'Q151M', 'M184V']",1,"['A62V', 'S68G', 'K70G', 'V75I', 'F77L', 'Y115F', 'F116Y', 'Q151M', 'M184V']"
2633,"M41L, M184V, L210W, T215Y",3.9,"['M41L', 'M184V', 'L210W', 'T215Y']",1,"['M41L', 'M184V', 'L210W', 'T215Y']"
9435,"M41L, E44D, D67N, T69D, M184V, L210W, T215Y",35.0,"['M41L', 'E44D', 'D67N', 'T69D', 'M184V', 'L210W', 'T215Y']",1,"['M41L', 'E44D', 'D67N', 'T69D', 'M184V', 'L210W', 'T215Y']"
10470,"M41L, E44D, D67N, K70R, L74I, L210W, K219E",22.0,"['M41L', 'E44D', 'D67N', 'K70R', 'L74I', 'L210W', 'K219E']",1,"['M41L', 'E44D', 'D67N', 'K70R', 'L74I', 'L210W', 'K219E']"
10499,"M41L, D67N, K70R, T215Y, K219Q",340.0,"['M41L', 'D67N', 'K70R', 'T215Y', 'K219Q']",1,"['M41L', 'D67N', 'K70R', 'T215Y', 'K219Q']"
9949,M184V,0.5,['M184V'],0,['M184V']
10465,"M41L, E44D, M184V, L210W, T215Y",4.4,"['M41L', 'E44D', 'M184V', 'L210W', 'T215Y']",1,"['M41L', 'E44D', 'M184V', 'L210W', 'T215Y']"
9915,"M41L, E44D, D67N, M184V, L210W, T215Y, K219N",100.0,"['M41L', 'E44D', 'D67N', 'M184V', 'L210W', 'T215Y', 'K219N']",1,"['M41L', 'E44D', 'D67N', 'M184V', 'L210W', 'T215Y', 'K219N']"
15465,"M41L, D67N, M184V, L210W, T215Y, K219Q",37.0,"['M41L', 'D67N', 'M184V', 'L210W', 'T215Y', 'K219Q']",1,"['M41L', 'D67N', 'M184V', 'L210W', 'T215Y', 'K219Q']"
15058,"M41L, A62V, T69S_SA, L210W, T215Y",1000.0,"['M41L', 'A62V', 'T69S_SA', 'L210W', 'T215Y']",1,"['M41L', 'A62V', 'L210W', 'T215Y']"
15052,M184I,0.3,['M184I'],0,['M184I']
15479,"M41L, L210W, T215F",22.0,"['M41L', 'L210W', 'T215F']",1,"['M41L', 'L210W', 'T215F']"
15049,"M41L, T215Y",11.0,"['M41L', 'T215Y']",1,"['M41L', 'T215Y']"
15059,Q151M,7.4,['Q151M'],1,['Q151M']
15060,"A62V, V75I, F77L, F116Y, Q151M, M184V",307.0,"['A62V', 'V75I', 'F77L', 'F116Y', 'Q151M', 'M184V']",1,"['A62V', 'V75I', 'F77L', 'F116Y', 'Q151M', 'M184V']"
15467,"D67N, T69D, K70R, M184V, K219Q",2.8,"['D67N', 'T69D', 'K70R', 'M184V', 'K219Q']",1,"['D67N', 'T69D', 'K70R', 'M184V', 'K219Q']"
15053,"M41L, D67N, K70R, M184V, T215Y, K219Q",4.8,"['M41L', 'D67N', 'K70R', 'M184V', 'T215Y', 'K219Q']",1,"['M41L', 'D67N', 'K70R', 'M184V', 'T215Y', 'K219Q']"
15050,"M41L, D67N, K70R, T215Y, K219Q",55.0,"['M41L', 'D67N', 'K70R', 'T215Y', 'K219Q']",1,"['M41L', 'D67N', 'K70R', 'T215Y', 'K219Q']"
15051,M184V,0.4,['M184V'],0,['M184V']
15463,"M41L, D67N, K70R, M184V, L210W, T215Y",40.0,"['M41L', 'D67N', 'K70R', 'M184V', 'L210W', 'T215Y']",1,"['M41L', 'D67N', 'K70R', 'M184V', 'L210W', 'T215Y']"
15056,L74V,1.1,['L74V'],0,['L74V']
15054,"M41L, D67N, K70R, T215Y, K219Q",7.3,"['M41L', 'D67N', 'K70R', 'T215Y', 'K219Q']",1,"['M41L', 'D67N', 'K70R', 'T215Y', 'K219Q']"
15473,"D67N, K219Q",3.3,"['D67N', 'K219Q']",1,"['D67N', 'K219Q']"
15469,,1.0,[],0,[]
15057,V75T,0.6,['V75T'],0,['V75T']
15055,K65R,0.4,['K65R'],0,['K65R']
15477,"M41L, D67N, M184V, L210W, T215Y",21.0,"['M41L', 'D67N', 'M184V', 'L210W', 'T215Y']",1,"['M41L', 'D67N', 'M184V', 'L210W', 'T215Y']"
82898,"M41L, A62V, T69S_SA, T215Y",999.0,"['M41L', 'A62V', 'T69S_SA', 'T215Y']",1,"['M41L', 'A62V', 'T215Y']"
19034,"M41L, M184V, T215Y",1.7,"['M41L', 'M184V', 'T215Y']",0,"['M41L', 'M184V', 'T215Y']"
19035,"Q151M, M184V",2.1,"['Q151M', 'M184V']",1,"['Q151M', 'M184V']"
19772,"M41L, L74V, M184V, T215Y",0.7,"['M41L', 'L74V', 'M184V', 'T215Y']",0,"['M41L', 'L74V', 'M184V', 'T215Y']"
19750,"M41L, S68G, M184V, L210W, T215Y",5.5,"['M41L', 'S68G', 'M184V', 'L210W', 'T215Y']",1,"['M41L', 'S68G', 'M184V', 'L210W', 'T215Y']"
19760,M184V,0.3,['M184V'],0,['M184V']
19784,"D67N, T69D, K70R, T215F, K219Q",1221.0,"['D67N', 'T69D', 'K70R', 'T215F', 'K219Q']",1,"['D67N', 'T69D', 'K70R', 'T215F', 'K219Q']"
19806,"M41L, S68G, M184V, L210W, T215Y",74.0,"['M41L', 'S68G', 'M184V', 'L210W', 'T215Y']",1,"['M41L', 'S68G', 'M184V', 'L210W', 'T215Y']"
19744,"M41L, A62AV, L74I, M184V, L210W, T215Y",4.0,"['M41L', 'A62AV', 'L74I', 'M184V', 'L210W', 'T215Y']",1,"['M41L', 'A62AV', 'L74I', 'M184V', 'L210W', 'T215Y']"
19810,M184V,0.9,['M184V'],0,['M184V']
19726,M184V,0.6,['M184V'],0,['M184V']
19770,"M41L, M184V, T215Y",2.3,"['M41L', 'M184V', 'T215Y']",1,"['M41L', 'M184V', 'T215Y']"
19764,"D67N, K70R, M184V, K219Q",1.9,"['D67N', 'K70R', 'M184V', 'K219Q']",1,"['D67N', 'K70R', 'M184V', 'K219Q']"
19820,"L74V, M184V",0.3,"['L74V', 'M184V']",0,"['L74V', 'M184V']"
19780,"D67N, T69D, K70R, M184V, T215F, K219Q",42.0,"['D67N', 'T69D', 'K70R', 'M184V', 'T215F', 'K219Q']",1,"['D67N', 'T69D', 'K70R', 'M184V', 'T215F', 'K219Q']"
19804,"M41L, S68G, M184V, L210W, T215Y",16.0,"['M41L', 'S68G', 'M184V', 'L210W', 'T215Y']",1,"['M41L', 'S68G', 'M184V', 'L210W', 'T215Y']"
19730,"M184V, T215Y",1.0,"['M184V', 'T215Y']",0,"['M184V', 'T215Y']"
19812,M184V,0.9,['M184V'],0,['M184V']
19758,K70R,5.3,['K70R'],1,['K70R']
19786,"M41L, M184V, T215Y",5.1,"['M41L', 'M184V', 'T215Y']",1,"['M41L', 'M184V', 'T215Y']"
10626,"D67N, T69D, K70R, T215F, K219Q",9.1,"['D67N', 'T69D', 'K70R', 'T215F', 'K219Q']",1,"['D67N', 'T69D', 'K70R', 'T215F', 'K219Q']"
15983,"M41L, D67N, M184V, L210W, T215Y",12.0,"['M41L', 'D67N', 'M184V', 'L210W', 'T215Y']",1,"['M41L', 'D67N', 'M184V', 'L210W', 'T215Y']"
11732,"M41L, L74V, L210W, T215Y",19.0,"['M41L', 'L74V', 'L210W', 'T215Y']",1,"['M41L', 'L74V', 'L210W', 'T215Y']"
35533,K70R,2.5,['K70R'],1,['K70R']
11961,"D67N, K70R, M184V, T215V, K219Q",4.6,"['D67N', 'K70R', 'M184V', 'T215V', 'K219Q']",1,"['D67N', 'K70R', 'M184V', 'K219Q']"
11193,"E40F, M41L, D67N, L210W, T215Y, K219N",1000.0,"['E40F', 'M41L', 'D67N', 'L210W', 'T215Y', 'K219N']",1,"['M41L', 'D67N', 'L210W', 'T215Y', 'K219N']"
35545,"M41L, M184V, L210W, T215Y",7.5,"['M41L', 'M184V', 'L210W', 'T215Y']",1,"['M41L', 'M184V', 'L210W', 'T215Y']"
24202,"M41L, T69S_SS, L210W, T215Y",1000.0,"['M41L', 'T69S_SS', 'L210W', 'T215Y']",1,"['M41L', 'L210W', 'T215Y']"
13897,"M41L, A62V, V75T, M184V, T215Y",4.6,"['M41L', 'A62V', 'V75T', 'M184V', 'T215Y']",1,"['M41L', 'A62V', 'V75T', 'M184V', 'T215Y']"
4364,"S68G, F116Y, Q151M",6.7,"['S68G', 'F116Y', 'Q151M']",1,"['S68G', 'F116Y', 'Q151M']"
10967,"A62V, L74V, V75T",0.2,"['A62V', 'L74V', 'V75T']",0,"['A62V', 'L74V', 'V75T']"
16903,"M41L, D67N, T215Y",137.0,"['M41L', 'D67N', 'T215Y']",1,"['M41L', 'D67N', 'T215Y']"
35535,"S68G, V75I, F77L, Y115F, F116Y, Q151M, M184V",1044.0,"['S68G', 'V75I', 'F77L', 'Y115F', 'F116Y', 'Q151M', 'M184V']",1,"['S68G', 'V75I', 'F77L', 'Y115F', 'F116Y', 'Q151M', 'M184V']"
35549,"M41L, E44D, D67N, V75M, M184V, L210W, T215Y, K219N",84.0,"['M41L', 'E44D', 'D67N', 'V75M', 'M184V', 'L210W', 'T215Y', 'K219N']",1,"['M41L', 'E44D', 'D67N', 'V75M', 'M184V', 'L210W', 'T215Y', 'K219N']"
22661,"E40F, M41L, D67N, T69D, M184V, L210W, T215Y",972.0,"['E40F', 'M41L', 'D67N', 'T69D', 'M184V', 'L210W', 'T215Y']",1,"['M41L', 'D67N', 'T69D', 'M184V', 'L210W', 'T215Y']"
22813,"M41L, D67N, K70R, M184V, T215F, K219E",83.0,"['M41L', 'D67N', 'K70R', 'M184V', 'T215F', 'K219E']",1,"['M41L', 'D67N', 'K70R', 'M184V', 'T215F', 'K219E']"
22841,"D67N, K70R, K219Q",10.0,"['D67N', 'K70R', 'K219Q']",1,"['D67N', 'K70R', 'K219Q']"
22701,"K65R, S68G",0.6,"['K65R', 'S68G']",0,"['K65R', 'S68G']"
22711,,1.2,[],0,[]
22817,"M41L, E44D, D67N, V75VA, M184V, L210W, T215Y",4.5,"['M41L', 'E44D', 'D67N', 'V75VA', 'M184V', 'L210W', 'T215Y']",1,"['M41L', 'E44D', 'D67N', 'M184V', 'L210W', 'T215Y']"
22739,"K70KR, M184V",0.9,"['K70KR', 'M184V']",0,"['K70KR', 'M184V']"
22707,"D67N, T69ND, K70R, M184V, T215F, K219Q",2.0,"['D67N', 'T69ND', 'K70R', 'M184V', 'T215F', 'K219Q']",1,"['D67N', 'K70R', 'M184V', 'T215F', 'K219Q']"
22837,"M41L, L210W, T215Y",199.0,"['M41L', 'L210W', 'T215Y']",1,"['M41L', 'L210W', 'T215Y']"
22759,"M41L, D67N, T69D, M184V, T215Y",6.3,"['M41L', 'D67N', 'T69D', 'M184V', 'T215Y']",1,"['M41L', 'D67N', 'T69D', 'M184V', 'T215Y']"
22881,"M41L, D67N, L74I, M184V, L210W, T215Y, K219Q",15.0,"['M41L', 'D67N', 'L74I', 'M184V', 'L210W', 'T215Y', 'K219Q']",1,"['M41L', 'D67N', 'L74I', 'M184V', 'L210W', 'T215Y', 'K219Q']"
22827,,0.9,[],0,[]
22879,"M41L, M184V, T215F",2.3,"['M41L', 'M184V', 'T215F']",1,"['M41L', 'M184V', 'T215F']"
22695,"M41L, E44D, D67N, T69D, M184V, L210W, T215Y",26.0,"['M41L', 'E44D', 'D67N', 'T69D', 'M184V', 'L210W', 'T215Y']",1,"['M41L', 'E44D', 'D67N', 'T69D', 'M184V', 'L210W', 'T215Y']"
22741,"M184V, T215Y",13.0,"['M184V', 'T215Y']",1,"['M184V', 'T215Y']"
22761,"M41L, E44ED, S68G, M184V, L210W, T215Y",33.0,"['M41L', 'E44ED', 'S68G', 'M184V', 'L210W', 'T215Y']",1,"['M41L', 'E44ED', 'S68G', 'M184V', 'L210W', 'T215Y']"
22673,"M41L, E44D, T69D, M184V, L210W, T215Y, K219R",27.0,"['M41L', 'E44D', 'T69D', 'M184V', 'L210W', 'T215Y', 'K219R']",1,"['M41L', 'E44D', 'T69D', 'M184V', 'L210W', 'T215Y', 'K219R']"
22683,"M41L, E44D, D67N, V75M, L210W, T215Y",575.0,"['M41L', 'E44D', 'D67N', 'V75M', 'L210W', 'T215Y']",1,"['M41L', 'E44D', 'D67N', 'V75M', 'L210W', 'T215Y']"
22727,"M41L, A62AV, M184V, T215Y",2.0,"['M41L', 'A62AV', 'M184V', 'T215Y']",1,"['M41L', 'A62AV', 'M184V', 'T215Y']"
22745,"M41L, D67N, T215Y",64.0,"['M41L', 'D67N', 'T215Y']",1,"['M41L', 'D67N', 'T215Y']"
22753,"M41L, D67N, K70R, T215F, K219E",121.0,"['M41L', 'D67N', 'K70R', 'T215F', 'K219E']",1,"['M41L', 'D67N', 'K70R', 'T215F', 'K219E']"
22853,"M41L, E44D, D67N, T69D, M184V, L210W, T215Y",43.0,"['M41L', 'E44D', 'D67N', 'T69D', 'M184V', 'L210W', 'T215Y']",1,"['M41L', 'E44D', 'D67N', 'T69D', 'M184V', 'L210W', 'T215Y']"
22807,"M41L, E44ED, D67N, K70R, M184V, L210W, T215Y, K219E",11.0,"['M41L', 'E44ED', 'D67N', 'K70R', 'M184V', 'L210W', 'T215Y', 'K219E']",1,"['M41L', 'E44ED', 'D67N', 'K70R', 'M184V', 'L210W', 'T215Y', 'K219E']"
22797,"M41ML, D67N, K70R, T215Y",76.0,"['M41ML', 'D67N', 'K70R', 'T215Y']",1,"['M41ML', 'D67N', 'K70R', 'T215Y']"
22719,"M41L, D67N, M184V, L210W, T215Y, K219KE",20.0,"['M41L', 'D67N', 'M184V', 'L210W', 'T215Y', 'K219KE']",1,"['M41L', 'D67N', 'M184V', 'L210W', 'T215Y']"
22799,"M41L, D67N, K70R, M184V, T215F, K219Q",23.0,"['M41L', 'D67N', 'K70R', 'M184V', 'T215F', 'K219Q']",1,"['M41L', 'D67N', 'K70R', 'M184V', 'T215F', 'K219Q']"
22721,"M41L, E44D, D67N, V75M, L210W, T215Y",175.0,"['M41L', 'E44D', 'D67N', 'V75M', 'L210W', 'T215Y']",1,"['M41L', 'E44D', 'D67N', 'V75M', 'L210W', 'T215Y']"
22863,"D67N, K70G, M184V, T215F, K219Q",0.8,"['D67N', 'K70G', 'M184V', 'T215F', 'K219Q']",0,"['D67N', 'K70G', 'M184V', 'T215F', 'K219Q']"
22709,,1.2,[],0,[]
22839,"M41L, E44EA, M184V, L210W, T215Y",6.4,"['M41L', 'E44EA', 'M184V', 'L210W', 'T215Y']",1,"['M41L', 'M184V', 'L210W', 'T215Y']"
22667,"M41L, A62AV, K70KT, V75I, M184V",0.3,"['M41L', 'A62AV', 'K70KT', 'V75I', 'M184V']",0,"['M41L', 'A62AV', 'V75I', 'M184V']"
22819,M184V,0.7,['M184V'],0,['M184V']
22861,M184V,0.5,['M184V'],0,['M184V']
22675,"D67N, K70R, T215I, K219Q",7.9,"['D67N', 'K70R', 'T215I', 'K219Q']",1,"['D67N', 'K70R', 'K219Q']"
22835,"M41L, E44D, D67N, L210W, T215Y",119.0,"['M41L', 'E44D', 'D67N', 'L210W', 'T215Y']",1,"['M41L', 'E44D', 'D67N', 'L210W', 'T215Y']"
22717,M184V,0.6,['M184V'],0,['M184V']
22735,"M41L, E44D, S68SG, L210W, T215Y",108.0,"['M41L', 'E44D', 'S68SG', 'L210W', 'T215Y']",1,"['M41L', 'E44D', 'S68SG', 'L210W', 'T215Y']"
22805,"M41L, T215Y, K219KQ",29.0,"['M41L', 'T215Y', 'K219KQ']",1,"['M41L', 'T215Y']"
22725,"D67N, K70R, M184V",1.2,"['D67N', 'K70R', 'M184V']",0,"['D67N', 'K70R', 'M184V']"
22825,"M41L, D67N, M184V, T215Y",17.0,"['M41L', 'D67N', 'M184V', 'T215Y']",1,"['M41L', 'D67N', 'M184V', 'T215Y']"
22779,"M41L, D67DN, K70R, M184V, T215Y",13.0,"['M41L', 'D67DN', 'K70R', 'M184V', 'T215Y']",1,"['M41L', 'D67DN', 'K70R', 'M184V', 'T215Y']"
22775,"M41L, M184V, T215Y",12.0,"['M41L', 'M184V', 'T215Y']",1,"['M41L', 'M184V', 'T215Y']"
22831,"D67N, K70G, F116Y, Q151M, L210LW, T215Y",6.6,"['D67N', 'K70G', 'F116Y', 'Q151M', 'L210LW', 'T215Y']",1,"['D67N', 'K70G', 'F116Y', 'Q151M', 'L210LW', 'T215Y']"
23199,"D67N, K70R, T215Y, K219Q",36.0,"['D67N', 'K70R', 'T215Y', 'K219Q']",1,"['D67N', 'K70R', 'T215Y', 'K219Q']"
26679,,0.6,[],0,[]
26707,,1.7,[],0,[]
26699,,0.6,[],0,[]
26697,,1.0,[],0,[]
26703,,0.5,[],0,[]
26711,"A62V, L210W, T215D",0.6,"['A62V', 'L210W', 'T215D']",0,"['A62V', 'L210W', 'T215D']"
26639,L210W,1.1,['L210W'],0,['L210W']
26659,,1.0,[],0,[]
26645,,0.6,[],0,[]
26675,K70R,1.4,['K70R'],0,['K70R']
26689,,2.8,[],1,[]
26691,M184V,0.4,['M184V'],0,['M184V']
26665,,0.8,[],0,[]
26655,"D67N, L210W, T215Y",100.0,"['D67N', 'L210W', 'T215Y']",1,"['D67N', 'L210W', 'T215Y']"
26649,,0.9,[],0,[]
26701,,0.4,[],0,[]
26695,,0.9,[],0,[]
26705,,0.7,[],0,[]
26661,"D67N, T215L, K219Q",1.2,"['D67N', 'T215L', 'K219Q']",0,"['D67N', 'K219Q']"
26709,,0.6,[],0,[]
26641,,1.1,[],0,[]
26713,,1.0,[],0,[]
26671,,0.9,[],0,[]
26647,,0.8,[],0,[]
26673,,0.8,[],0,[]
26667,"M41L, T215Y",12.0,"['M41L', 'T215Y']",1,"['M41L', 'T215Y']"
26687,M184V,0.2,['M184V'],0,['M184V']
26643,,0.7,[],0,[]
26657,,0.7,[],0,[]
26683,M184V,0.7,['M184V'],0,['M184V']
26681,,0.8,[],0,[]
26677,"D67N, T69D, T215Y, K219N",7.3,"['D67N', 'T69D', 'T215Y', 'K219N']",1,"['D67N', 'T69D', 'T215Y', 'K219N']"
26693,,1.1,[],0,[]
35531,"M41L, L74V, T215Y",1.5,"['M41L', 'L74V', 'T215Y']",0,"['M41L', 'L74V', 'T215Y']"
34671,K219N,0.4,['K219N'],0,['K219N']
13105,"S68G, L74V, M184V, K219E",0.2,"['S68G', 'L74V', 'M184V', 'K219E']",0,"['S68G', 'L74V', 'M184V', 'K219E']"
35553,"M41L, M184V, T215F",8.1,"['M41L', 'M184V', 'T215F']",1,"['M41L', 'M184V', 'T215F']"
7970,"A62V, T69S_SS, K70R, M184V",1.5,"['A62V', 'T69S_SS', 'K70R', 'M184V']",0,"['A62V', 'K70R', 'M184V']"
12495,"M41L, E44D, D67N, L210W, T215Y, K219KR",1000.0,"['M41L', 'E44D', 'D67N', 'L210W', 'T215Y', 'K219KR']",1,"['M41L', 'E44D', 'D67N', 'L210W', 'T215Y', 'K219KR']"
9129,"D67N, K70R, M184V, T215F, K219Q",29.0,"['D67N', 'K70R', 'M184V', 'T215F', 'K219Q']",1,"['D67N', 'K70R', 'M184V', 'T215F', 'K219Q']"
29298,"L210W, T215Y",40.0,"['L210W', 'T215Y']",1,"['L210W', 'T215Y']"
29310,"M41L, D67N, M184V, L210W, T215Y",29.0,"['M41L', 'D67N', 'M184V', 'L210W', 'T215Y']",1,"['M41L', 'D67N', 'M184V', 'L210W', 'T215Y']"
29288,,1.4,[],0,[]
29292,"M41L, M184V, L210W, T215Y",5.7,"['M41L', 'M184V', 'L210W', 'T215Y']",1,"['M41L', 'M184V', 'L210W', 'T215Y']"
29282,"M41L, D67E, T69S_SG, K70R, V75M, T215Y",224.0,"['M41L', 'D67E', 'T69S_SG', 'K70R', 'V75M', 'T215Y']",1,"['M41L', 'K70R', 'V75M', 'T215Y']"
29306,"M41L, S68G, M184V, T215Y",7.6,"['M41L', 'S68G', 'M184V', 'T215Y']",1,"['M41L', 'S68G', 'M184V', 'T215Y']"
29302,"M41L, E44D, A62AV, M184V, T215Y",3.9,"['M41L', 'E44D', 'A62AV', 'M184V', 'T215Y']",1,"['M41L', 'E44D', 'A62AV', 'M184V', 'T215Y']"
29290,"M41L, M184V, L210LW, T215Y",5.1,"['M41L', 'M184V', 'L210LW', 'T215Y']",1,"['M41L', 'M184V', 'L210LW', 'T215Y']"
29286,T215Y,11.0,['T215Y'],1,['T215Y']
29304,"M41L, D67N, K70R, L74I, V75S, M184V, T215F, K219Q",8.0,"['M41L', 'D67N', 'K70R', 'L74I', 'V75S', 'M184V', 'T215F', 'K219Q']",1,"['M41L', 'D67N', 'K70R', 'L74I', 'M184V', 'T215F', 'K219Q']"
29284,,1.3,[],0,[]
29312,"M41L, E44D, D67N, V75M, L210W, T215Y",262.0,"['M41L', 'E44D', 'D67N', 'V75M', 'L210W', 'T215Y']",1,"['M41L', 'E44D', 'D67N', 'V75M', 'L210W', 'T215Y']"
29300,"M41L, E44A, D67N, K70R, V75M, M184V, T215Y",8.0,"['M41L', 'E44A', 'D67N', 'K70R', 'V75M', 'M184V', 'T215Y']",1,"['M41L', 'E44A', 'D67N', 'K70R', 'V75M', 'M184V', 'T215Y']"
29294,,0.8,[],0,[]
35460,"M41L, A62V, T69S_SA, L74V, M184V, L210W, T215Y",2400.0,"['M41L', 'A62V', 'T69S_SA', 'L74V', 'M184V', 'L210W', 'T215Y']",1,"['M41L', 'A62V', 'L74V', 'M184V', 'L210W', 'T215Y']"
35470,"D67N, T69D, K70R, T215F, K219Q",83.0,"['D67N', 'T69D', 'K70R', 'T215F', 'K219Q']",1,"['D67N', 'T69D', 'K70R', 'T215F', 'K219Q']"
35478,"M41L, E44D, D67N, M184V, L210W, T215Y, K219E",1.7,"['M41L', 'E44D', 'D67N', 'M184V', 'L210W', 'T215Y', 'K219E']",0,"['M41L', 'E44D', 'D67N', 'M184V', 'L210W', 'T215Y', 'K219E']"
35464,"M41L, M184V, T215Y",5.5,"['M41L', 'M184V', 'T215Y']",1,"['M41L', 'M184V', 'T215Y']"
35472,"M41L, D67N, K70R, M184V, T215Y, K219E",34.0,"['M41L', 'D67N', 'K70R', 'M184V', 'T215Y', 'K219E']",1,"['M41L', 'D67N', 'K70R', 'M184V', 'T215Y', 'K219E']"
35468,"M41L, D67N, L210W, T215Y",2400.0,"['M41L', 'D67N', 'L210W', 'T215Y']",1,"['M41L', 'D67N', 'L210W', 'T215Y']"
35476,"M41L, D67N, V75M, L210W, T215Y",241.0,"['M41L', 'D67N', 'V75M', 'L210W', 'T215Y']",1,"['M41L', 'D67N', 'V75M', 'L210W', 'T215Y']"
35462,"A62V, V75I, F77L, F116Y, Q151M, M184V",244.0,"['A62V', 'V75I', 'F77L', 'F116Y', 'Q151M', 'M184V']",1,"['A62V', 'V75I', 'F77L', 'F116Y', 'Q151M', 'M184V']"
35474,M184V,0.5,['M184V'],0,['M184V']
35466,"D67N, T69D, K70R, T215F, K219Q",2400.0,"['D67N', 'T69D', 'K70R', 'T215F', 'K219Q']",1,"['D67N', 'T69D', 'K70R', 'T215F', 'K219Q']"
17367,"M41ML, T69S_SG, V75M, L210W, T215Y",380.0,"['M41ML', 'T69S_SG', 'V75M', 'L210W', 'T215Y']",1,"['M41ML', 'V75M', 'L210W', 'T215Y']"
24573,"M41L, D67N, V75M, M184V, L210W, T215Y",12.0,"['M41L', 'D67N', 'V75M', 'M184V', 'L210W', 'T215Y']",1,"['M41L', 'D67N', 'V75M', 'M184V', 'L210W', 'T215Y']"
24633,"M41L, L74V, M184V, L210W, T215F",8.0,"['M41L', 'L74V', 'M184V', 'L210W', 'T215F']",1,"['M41L', 'L74V', 'M184V', 'L210W', 'T215F']"
16447,Q151M,1.9,['Q151M'],1,['Q151M']
36826,K65R,0.4,['K65R'],0,['K65R']
36827,"K65R, S68G",0.6,"['K65R', 'S68G']",0,"['K65R', 'S68G']"
36828,"A62V, K65R",0.5,"['A62V', 'K65R']",0,"['A62V', 'K65R']"
37039,"M41L, D67N, T69D, L74V, M184V, T215Y",1.3,"['M41L', 'D67N', 'T69D', 'L74V', 'M184V', 'T215Y']",0,"['M41L', 'D67N', 'T69D', 'L74V', 'M184V', 'T215Y']"
37041,"K65R, T69D, K70R",0.2,"['K65R', 'T69D', 'K70R']",0,"['K65R', 'T69D', 'K70R']"
37040,"M184V, L210W, T215Y, K219N",3.1,"['M184V', 'L210W', 'T215Y', 'K219N']",1,"['M184V', 'L210W', 'T215Y', 'K219N']"
42566,"K65R, L74V, M184V",0.3,"['K65R', 'L74V', 'M184V']",0,"['K65R', 'L74V', 'M184V']"
42563,"K65R, M184V",0.3,"['K65R', 'M184V']",0,"['K65R', 'M184V']"
42561,Y115F,0.9,['Y115F'],0,['Y115F']
42565,"Y115F, M184V",0.7,"['Y115F', 'M184V']",0,"['Y115F', 'M184V']"
42558,,0.8,[],0,[]
42562,M184V,0.3,['M184V'],0,['M184V']
42560,L74V,0.4,['L74V'],0,['L74V']
42564,"L74V, M184V",0.3,"['L74V', 'M184V']",0,"['L74V', 'M184V']"
42559,K65R,0.5,['K65R'],0,['K65R']
46877,"M41L, M184V, T215F",3.9,"['M41L', 'M184V', 'T215F']",1,"['M41L', 'M184V', 'T215F']"
46647,"M41L, S68G, M184V, T215Y",2.4,"['M41L', 'S68G', 'M184V', 'T215Y']",1,"['M41L', 'S68G', 'M184V', 'T215Y']"
46417,M184V,0.4,['M184V'],0,['M184V']
46559,M184V,0.9,['M184V'],0,['M184V']
46449,"K70R, M184V",0.8,"['K70R', 'M184V']",0,"['K70R', 'M184V']"
46565,"K70R, M184V",0.6,"['K70R', 'M184V']",0,"['K70R', 'M184V']"
47003,M184V,0.6,['M184V'],0,['M184V']
47145,"M184V, T215Y",2.7,"['M184V', 'T215Y']",1,"['M184V', 'T215Y']"
47107,M184V,0.5,['M184V'],0,['M184V']
47131,M184V,0.7,['M184V'],0,['M184V']
46663,M184V,1.0,['M184V'],0,['M184V']
46843,S68G,1.2,['S68G'],0,['S68G']
46965,M184V,0.7,['M184V'],0,['M184V']
46699,"S68N, M184V, T215D",0.7,"['S68N', 'M184V', 'T215D']",0,"['M184V', 'T215D']"
46729,M184V,0.5,['M184V'],0,['M184V']
46469,"M41L, M184V, T215Y",6.2,"['M41L', 'M184V', 'T215Y']",1,"['M41L', 'M184V', 'T215Y']"
47123,"M41L, S68G, M184V, L210LW, T215Y",4.6,"['M41L', 'S68G', 'M184V', 'L210LW', 'T215Y']",1,"['M41L', 'S68G', 'M184V', 'L210LW', 'T215Y']"
46715,M184V,0.5,['M184V'],0,['M184V']
46853,M184V,0.7,['M184V'],0,['M184V']
46709,M184V,0.9,['M184V'],0,['M184V']
47045,"M184V, T215Y",1.3,"['M184V', 'T215Y']",0,"['M184V', 'T215Y']"
46783,M184V,0.4,['M184V'],0,['M184V']
46817,M184V,0.4,['M184V'],0,['M184V']
46515,"M41L, M184V, L210W, T215Y",21.0,"['M41L', 'M184V', 'L210W', 'T215Y']",1,"['M41L', 'M184V', 'L210W', 'T215Y']"
46925,,0.8,[],0,[]
46427,"K70R, M184V",0.8,"['K70R', 'M184V']",0,"['K70R', 'M184V']"
46397,M184V,0.3,['M184V'],0,['M184V']
46951,"K70R, M184V",0.9,"['K70R', 'M184V']",0,"['K70R', 'M184V']"
46535,M184V,0.9,['M184V'],0,['M184V']
46763,"K70R, M184V",0.5,"['K70R', 'M184V']",0,"['K70R', 'M184V']"
46937,M184V,0.4,['M184V'],0,['M184V']
46621,M184V,1.0,['M184V'],0,['M184V']
46605,"M41L, M184V",0.8,"['M41L', 'M184V']",0,"['M41L', 'M184V']"
46615,"D67N, F77L, F116FY, Q151M, M184V",8.0,"['D67N', 'F77L', 'F116FY', 'Q151M', 'M184V']",1,"['D67N', 'F77L', 'Q151M', 'M184V']"
46543,M184V,0.3,['M184V'],0,['M184V']
46887,,1.3,[],0,[]
46859,M184V,0.6,['M184V'],0,['M184V']
46637,M184V,0.6,['M184V'],0,['M184V']
46771,M184V,0.6,['M184V'],0,['M184V']
47179,M184V,0.4,['M184V'],0,['M184V']
47021,M184V,0.3,['M184V'],0,['M184V']
46679,"K70R, M184V",0.7,"['K70R', 'M184V']",0,"['K70R', 'M184V']"
47067,M184V,0.8,['M184V'],0,['M184V']
46675,"S68G, M184V",0.6,"['S68G', 'M184V']",0,"['S68G', 'M184V']"
26633,"M41L, M184V, L210W, T215Y",3.6,"['M41L', 'M184V', 'L210W', 'T215Y']",1,"['M41L', 'M184V', 'L210W', 'T215Y']"
26636,"D67N, K70R, M184V, T215F, K219Q",3.1,"['D67N', 'K70R', 'M184V', 'T215F', 'K219Q']",1,"['D67N', 'K70R', 'M184V', 'T215F', 'K219Q']"
37237,,0.7,[],0,[]
26625,"E40F, M41L, D67N, M184V, L210W, T215Y",59.0,"['E40F', 'M41L', 'D67N', 'M184V', 'L210W', 'T215Y']",1,"['M41L', 'D67N', 'M184V', 'L210W', 'T215Y']"
26608,"M41L, D67N, M184V, L210W, T215Y",30.0,"['M41L', 'D67N', 'M184V', 'L210W', 'T215Y']",1,"['M41L', 'D67N', 'M184V', 'L210W', 'T215Y']"
26629,"D67N, K70R, T215F, K219Q",30.0,"['D67N', 'K70R', 'T215F', 'K219Q']",1,"['D67N', 'K70R', 'T215F', 'K219Q']"
26619,"K65R, Y115F",0.4,"['K65R', 'Y115F']",0,"['K65R', 'Y115F']"
37240,"A62V, K65R, S68G, V75I, F77L, Q151M",101.0,"['A62V', 'K65R', 'S68G', 'V75I', 'F77L', 'Q151M']",1,"['A62V', 'K65R', 'S68G', 'V75I', 'F77L', 'Q151M']"
26602,"M41L, M184V, L210W, T215Y",5.2,"['M41L', 'M184V', 'L210W', 'T215Y']",1,"['M41L', 'M184V', 'L210W', 'T215Y']"
26609,"D67N, M184V, L210W, T215Y, K219R",4.9,"['D67N', 'M184V', 'L210W', 'T215Y', 'K219R']",1,"['D67N', 'M184V', 'L210W', 'T215Y', 'K219R']"
26622,"D67N, K70R, T215F, K219Q",154.0,"['D67N', 'K70R', 'T215F', 'K219Q']",1,"['D67N', 'K70R', 'T215F', 'K219Q']"
26613,"M41L, E44D, D67N, K70R, M184V, L210W, T215Y, K219Q",113.0,"['M41L', 'E44D', 'D67N', 'K70R', 'M184V', 'L210W', 'T215Y', 'K219Q']",1,"['M41L', 'E44D', 'D67N', 'K70R', 'M184V', 'L210W', 'T215Y', 'K219Q']"
26612,"M41L, E44D, D67N, K70R, M184V, L210W, T215Y, K219Q",139.0,"['M41L', 'E44D', 'D67N', 'K70R', 'M184V', 'L210W', 'T215Y', 'K219Q']",1,"['M41L', 'E44D', 'D67N', 'K70R', 'M184V', 'L210W', 'T215Y', 'K219Q']"
26624,"F116Y, Q151M",9.5,"['F116Y', 'Q151M']",1,"['F116Y', 'Q151M']"
26595,,1.1,[],0,[]
26638,"M41L, M184V, T215Y",6.3,"['M41L', 'M184V', 'T215Y']",1,"['M41L', 'M184V', 'T215Y']"
26628,"D67N, K70R, T215F, K219Q",35.0,"['D67N', 'K70R', 'T215F', 'K219Q']",1,"['D67N', 'K70R', 'T215F', 'K219Q']"
26604,"M41L, D67G, M184V, L210W, T215Y",1.9,"['M41L', 'D67G', 'M184V', 'L210W', 'T215Y']",1,"['M41L', 'D67G', 'M184V', 'L210W', 'T215Y']"
37238,"M184V, T215Y",0.7,"['M184V', 'T215Y']",0,"['M184V', 'T215Y']"
26597,"D67N, S68G, K70R, T215F, K219E",102.0,"['D67N', 'S68G', 'K70R', 'T215F', 'K219E']",1,"['D67N', 'S68G', 'K70R', 'T215F', 'K219E']"
37241,"M41L, E44D, D67N, T69D, L210W, T215Y",2400.0,"['M41L', 'E44D', 'D67N', 'T69D', 'L210W', 'T215Y']",1,"['M41L', 'E44D', 'D67N', 'T69D', 'L210W', 'T215Y']"
26621,"D67N, K70R, T215I, K219Q",177.0,"['D67N', 'K70R', 'T215I', 'K219Q']",1,"['D67N', 'K70R', 'K219Q']"
37239,"M184V, T215Y",1.1,"['M184V', 'T215Y']",0,"['M184V', 'T215Y']"
26603,"M41L, V75A, M184V, L210W, T215Y",11.0,"['M41L', 'V75A', 'M184V', 'L210W', 'T215Y']",1,"['M41L', 'M184V', 'L210W', 'T215Y']"
26630,"D67N, K70R, M184V, T215F, K219Q",7.7,"['D67N', 'K70R', 'M184V', 'T215F', 'K219Q']",1,"['D67N', 'K70R', 'M184V', 'T215F', 'K219Q']"
37236,"M41L, D67N, T69G, M184V, L210W, T215Y",9.9,"['M41L', 'D67N', 'T69G', 'M184V', 'L210W', 'T215Y']",1,"['M41L', 'D67N', 'M184V', 'L210W', 'T215Y']"
26637,"M41L, D67N, K70R, M184V, T215F, K219Q",33.0,"['M41L', 'D67N', 'K70R', 'M184V', 'T215F', 'K219Q']",1,"['M41L', 'D67N', 'K70R', 'M184V', 'T215F', 'K219Q']"
48754,K70KR,0.6,['K70KR'],0,['K70KR']
48764,,1.0,[],0,[]
48761,T215Y,15.0,['T215Y'],1,['T215Y']
48747,"L210W, T215Y",22.0,"['L210W', 'T215Y']",1,"['L210W', 'T215Y']"
48757,,1.1,[],0,[]
48746,,0.9,[],0,[]
48753,K70R,6.7,['K70R'],1,['K70R']
48765,,1.0,[],0,[]
48756,,0.6,[],0,[]
48749,"D67N, K70R, K219Q",8.0,"['D67N', 'K70R', 'K219Q']",1,"['D67N', 'K70R', 'K219Q']"
48752,"D67N, K70R, T215F, K219Q",223.0,"['D67N', 'K70R', 'T215F', 'K219Q']",1,"['D67N', 'K70R', 'T215F', 'K219Q']"
48744,,0.7,[],0,[]
48759,"M41L, L210W, T215Y",23.0,"['M41L', 'L210W', 'T215Y']",1,"['M41L', 'L210W', 'T215Y']"
48755,"M41L, S68G, T215SY",72.0,"['M41L', 'S68G', 'T215SY']",1,"['M41L', 'S68G']"
48748,"M41L, T215Y",102.0,"['M41L', 'T215Y']",1,"['M41L', 'T215Y']"
48758,,0.4,[],0,[]
48743,,0.5,[],0,[]
48751,K70R,1.7,['K70R'],0,['K70R']
48763,"M41L, D67DN, L210W, T215Y",149.0,"['M41L', 'D67DN', 'L210W', 'T215Y']",1,"['M41L', 'D67DN', 'L210W', 'T215Y']"
42013,,0.7,[],0,[]
42011,,0.7,[],0,[]
16894,"M41L, D67N, L210W, T215Y, K219N",222.0,"['M41L', 'D67N', 'L210W', 'T215Y', 'K219N']",1,"['M41L', 'D67N', 'L210W', 'T215Y', 'K219N']"
38131,M184V,0.3,['M184V'],0,['M184V']
38023,"M41L, E44A, D67N, T69D, V75M, M184V, L210W, T215F",292.0,"['M41L', 'E44A', 'D67N', 'T69D', 'V75M', 'M184V', 'L210W', 'T215F']",1,"['M41L', 'E44A', 'D67N', 'T69D', 'V75M', 'M184V', 'L210W', 'T215F']"
21200,"D67N, K70R, K219Q",47.0,"['D67N', 'K70R', 'K219Q']",1,"['D67N', 'K70R', 'K219Q']"
24044,,1.0,[],0,[]
7736,"M41L, D67G, S68G, K70R, L74V, T215Y, K219E",177.0,"['M41L', 'D67G', 'S68G', 'K70R', 'L74V', 'T215Y', 'K219E']",1,"['M41L', 'D67G', 'S68G', 'K70R', 'L74V', 'T215Y', 'K219E']"
34294,"D67N, T69D, M184V, T215F, K219Q",0.9,"['D67N', 'T69D', 'M184V', 'T215F', 'K219Q']",0,"['D67N', 'T69D', 'M184V', 'T215F', 'K219Q']"
37774,"M41L, D67N, T69D, M184V, T215V, K219Q",0.6,"['M41L', 'D67N', 'T69D', 'M184V', 'T215V', 'K219Q']",0,"['M41L', 'D67N', 'T69D', 'M184V', 'K219Q']"
41273,"M41L, D67N, K70R, M184V, T215F, K219Q",16.0,"['M41L', 'D67N', 'K70R', 'M184V', 'T215F', 'K219Q']",1,"['M41L', 'D67N', 'K70R', 'M184V', 'T215F', 'K219Q']"
15890,"S68G, M184V",0.4,"['S68G', 'M184V']",0,"['S68G', 'M184V']"
48172,"D67N, T69D, K70R, M184V, T215F, K219Q",3.5,"['D67N', 'T69D', 'K70R', 'M184V', 'T215F', 'K219Q']",1,"['D67N', 'T69D', 'K70R', 'M184V', 'T215F', 'K219Q']"
12433,"M41L, M184V, L210W, T215Y",6.9,"['M41L', 'M184V', 'L210W', 'T215Y']",1,"['M41L', 'M184V', 'L210W', 'T215Y']"
71565,"M41L, A62V, T69G, L74V, M184V, L210W, T215Y",2400.0,"['M41L', 'A62V', 'T69G', 'L74V', 'M184V', 'L210W', 'T215Y']",1,"['M41L', 'A62V', 'L74V', 'M184V', 'L210W', 'T215Y']"
21069,"F116Y, Q151M",7.6,"['F116Y', 'Q151M']",1,"['F116Y', 'Q151M']"
17429,"M41L, S68G, L74V, M184V, T215Y",2.7,"['M41L', 'S68G', 'L74V', 'M184V', 'T215Y']",1,"['M41L', 'S68G', 'L74V', 'M184V', 'T215Y']"
48196,"D67N, K70G, M184V, K219Q",0.3,"['D67N', 'K70G', 'M184V', 'K219Q']",0,"['D67N', 'K70G', 'M184V', 'K219Q']"
20184,"M41L, A62V, V75T, M184V, L210W, T215Y",1.6,"['M41L', 'A62V', 'V75T', 'M184V', 'L210W', 'T215Y']",0,"['M41L', 'A62V', 'V75T', 'M184V', 'L210W', 'T215Y']"
42786,"K65KR, S68SG, L74LV",0.6,"['K65KR', 'S68SG', 'L74LV']",0,"['S68SG', 'L74LV']"
42684,"M41L, E44A, D67N, T69D, V75M, M184V, L210W, T215F",280.0,"['M41L', 'E44A', 'D67N', 'T69D', 'V75M', 'M184V', 'L210W', 'T215F']",1,"['M41L', 'E44A', 'D67N', 'T69D', 'V75M', 'M184V', 'L210W', 'T215F']"
20180,"D67G, S68G, K70R, M184V, T215F, K219Q",10.0,"['D67G', 'S68G', 'K70R', 'M184V', 'T215F', 'K219Q']",1,"['D67G', 'S68G', 'K70R', 'M184V', 'T215F', 'K219Q']"
48080,"M41L, E44EA, D67N, K70R, L74LI, M184V, L210W, T215Y, K219Q",396.0,"['M41L', 'E44EA', 'D67N', 'K70R', 'L74LI', 'M184V', 'L210W', 'T215Y', 'K219Q']",1,"['M41L', 'D67N', 'K70R', 'L74LI', 'M184V', 'L210W', 'T215Y', 'K219Q']"
34731,"S68SG, M184V, T215F",5.6,"['S68SG', 'M184V', 'T215F']",1,"['S68SG', 'M184V', 'T215F']"
38927,"S68SG, M184V, T215Y",1.2,"['S68SG', 'M184V', 'T215Y']",0,"['S68SG', 'M184V', 'T215Y']"
26618,T215Y,15.0,['T215Y'],1,['T215Y']
26606,"M41L, M184V, T215Y",1.8,"['M41L', 'M184V', 'T215Y']",0,"['M41L', 'M184V', 'T215Y']"
26632,"M41L, D67N, M184V, L210W, T215Y",24.0,"['M41L', 'D67N', 'M184V', 'L210W', 'T215Y']",1,"['M41L', 'D67N', 'M184V', 'L210W', 'T215Y']"
26610,"M41L, E44D, D67N, T69D, M184V, L210W, T215Y",61.0,"['M41L', 'E44D', 'D67N', 'T69D', 'M184V', 'L210W', 'T215Y']",1,"['M41L', 'E44D', 'D67N', 'T69D', 'M184V', 'L210W', 'T215Y']"
51392,"K65R, M184V",0.3,"['K65R', 'M184V']",0,"['K65R', 'M184V']"
26626,"M41L, D67N, M184V, L210W, T215Y",64.0,"['M41L', 'D67N', 'M184V', 'L210W', 'T215Y']",1,"['M41L', 'D67N', 'M184V', 'L210W', 'T215Y']"
26614,"M41L, E44D, D67N, L210W, T215Y, K219N",2400.0,"['M41L', 'E44D', 'D67N', 'L210W', 'T215Y', 'K219N']",1,"['M41L', 'E44D', 'D67N', 'L210W', 'T215Y', 'K219N']"
26635,"D67N, K70R, M184V, T215F, K219Q",9.9,"['D67N', 'K70R', 'M184V', 'T215F', 'K219Q']",1,"['D67N', 'K70R', 'M184V', 'T215F', 'K219Q']"
26596,"M41L, D67N, K70R, T215F, K219E",923.0,"['M41L', 'D67N', 'K70R', 'T215F', 'K219E']",1,"['M41L', 'D67N', 'K70R', 'T215F', 'K219E']"
26617,T215Y,38.0,['T215Y'],1,['T215Y']
26605,"M41L, M184V",0.5,"['M41L', 'M184V']",0,"['M41L', 'M184V']"
26616,T215Y,3.0,['T215Y'],1,['T215Y']
26598,"D67N, S68G, K70R, T215F, K219E",464.0,"['D67N', 'S68G', 'K70R', 'T215F', 'K219E']",1,"['D67N', 'S68G', 'K70R', 'T215F', 'K219E']"
26607,"A62V, S68G, K70G, V75I, F77L, Y115F, F116Y, Q151M, M184V",261.0,"['A62V', 'S68G', 'K70G', 'V75I', 'F77L', 'Y115F', 'F116Y', 'Q151M', 'M184V']",1,"['A62V', 'S68G', 'K70G', 'V75I', 'F77L', 'Y115F', 'F116Y', 'Q151M', 'M184V']"
51390,K65R,0.7,['K65R'],0,['K65R']
26600,"M41L, L74V, T215Y",1.6,"['M41L', 'L74V', 'T215Y']",0,"['M41L', 'L74V', 'T215Y']"
26623,"A62V, V75I, F77L, F116Y, Q151M",55.0,"['A62V', 'V75I', 'F77L', 'F116Y', 'Q151M']",1,"['A62V', 'V75I', 'F77L', 'F116Y', 'Q151M']"
26620,"M41L, A62V, D67N, V75I, M184V, L210W, T215Y",7.1,"['M41L', 'A62V', 'D67N', 'V75I', 'M184V', 'L210W', 'T215Y']",1,"['M41L', 'A62V', 'D67N', 'V75I', 'M184V', 'L210W', 'T215Y']"
26615,T215Y,28.0,['T215Y'],1,['T215Y']
26631,"K65R, S68G, K70R, V75I, F77L, Y115F, F116Y, Q151M",2400.0,"['K65R', 'S68G', 'K70R', 'V75I', 'F77L', 'Y115F', 'F116Y', 'Q151M']",1,"['K65R', 'S68G', 'K70R', 'V75I', 'F77L', 'Y115F', 'F116Y', 'Q151M']"
26599,T215Y,1.4,['T215Y'],0,['T215Y']
26611,"M41L, E44D, D67N, T69D, L210W, T215Y",2400.0,"['M41L', 'E44D', 'D67N', 'T69D', 'L210W', 'T215Y']",1,"['M41L', 'E44D', 'D67N', 'T69D', 'L210W', 'T215Y']"
26627,"M41L, T69S_SS, L74V, M184V, L210W, T215Y",719.0,"['M41L', 'T69S_SS', 'L74V', 'M184V', 'L210W', 'T215Y']",1,"['M41L', 'L74V', 'M184V', 'L210W', 'T215Y']"
56243,M184MV,0.6,['M184MV'],0,['M184MV']
56263,,0.9,[],0,[]
56195,"D67DN, M184V",0.4,"['D67DN', 'M184V']",0,"['D67DN', 'M184V']"
56233,"M41L, D67N, T69ND, K70KR, V75I, F77L, F116Y, Q151M, M184V, T215FV, K219Q",146.0,"['M41L', 'D67N', 'T69ND', 'K70KR', 'V75I', 'F77L', 'F116Y', 'Q151M', 'M184V', 'T215FV', 'K219Q']",1,"['M41L', 'D67N', 'K70KR', 'V75I', 'F77L', 'F116Y', 'Q151M', 'M184V', 'K219Q']"
56273,"M41ML, D67DN, M184MV, K219KE",7.8,"['M41ML', 'D67DN', 'M184MV', 'K219KE']",1,"['M41ML', 'D67DN', 'M184MV']"
56399,"D67N, T69D, K70R, T215F, K219Q",82.0,"['D67N', 'T69D', 'K70R', 'T215F', 'K219Q']",1,"['D67N', 'T69D', 'K70R', 'T215F', 'K219Q']"
56291,"M41L, E44D, D67N, V75M, L210W, T215Y",178.0,"['M41L', 'E44D', 'D67N', 'V75M', 'L210W', 'T215Y']",1,"['M41L', 'E44D', 'D67N', 'V75M', 'L210W', 'T215Y']"
56255,"D67N, K70R, M184V, T215F, K219E",3.2,"['D67N', 'K70R', 'M184V', 'T215F', 'K219E']",1,"['D67N', 'K70R', 'M184V', 'T215F', 'K219E']"
56321,"M41L, D67N, T215Y",18.0,"['M41L', 'D67N', 'T215Y']",1,"['M41L', 'D67N', 'T215Y']"
56269,,1.4,[],0,[]
56187,M184MV,0.4,['M184MV'],0,['M184MV']
56383,"A62V, D67N, S68N, K70G, F116Y, Q151M, M184I, L210LW, T215Y",4.5,"['A62V', 'D67N', 'S68N', 'K70G', 'F116Y', 'Q151M', 'M184I', 'L210LW', 'T215Y']",1,"['A62V', 'D67N', 'K70G', 'F116Y', 'Q151M', 'M184I', 'L210LW', 'T215Y']"
56199,"M41L, M184V, L210LW, T215Y",20.0,"['M41L', 'M184V', 'L210LW', 'T215Y']",1,"['M41L', 'M184V', 'L210LW', 'T215Y']"
56347,"M41L, S68N, L74V, M184V, L210W, T215Y",6.3,"['M41L', 'S68N', 'L74V', 'M184V', 'L210W', 'T215Y']",1,"['M41L', 'L74V', 'M184V', 'L210W', 'T215Y']"
56403,"D67N, T69D, K70R, T215F, K219Q",102.0,"['D67N', 'T69D', 'K70R', 'T215F', 'K219Q']",1,"['D67N', 'T69D', 'K70R', 'T215F', 'K219Q']"
56363,M184V,1.2,['M184V'],0,['M184V']
56283,"M41L, D67N, T69D, M184V, L210W, T215Y",49.0,"['M41L', 'D67N', 'T69D', 'M184V', 'L210W', 'T215Y']",1,"['M41L', 'D67N', 'T69D', 'M184V', 'L210W', 'T215Y']"
56277,"M41L, E44D, T69D, M184V, L210W, T215Y, K219R",11.0,"['M41L', 'E44D', 'T69D', 'M184V', 'L210W', 'T215Y', 'K219R']",1,"['M41L', 'E44D', 'T69D', 'M184V', 'L210W', 'T215Y', 'K219R']"
56323,"M41L, D67N, L74LV, T215Y",4.0,"['M41L', 'D67N', 'L74LV', 'T215Y']",1,"['M41L', 'D67N', 'L74LV', 'T215Y']"
56373,"D67G, S68G, K70R, T215F, K219Q",31.0,"['D67G', 'S68G', 'K70R', 'T215F', 'K219Q']",1,"['D67G', 'S68G', 'K70R', 'T215F', 'K219Q']"
56299,S68G,0.4,['S68G'],0,['S68G']
56221,"M41L, E44D, D67N, L210W, T215Y, K219R",909.0,"['M41L', 'E44D', 'D67N', 'L210W', 'T215Y', 'K219R']",1,"['M41L', 'E44D', 'D67N', 'L210W', 'T215Y', 'K219R']"
56215,"M41L, A62AV, T215Y",46.0,"['M41L', 'A62AV', 'T215Y']",1,"['M41L', 'A62AV', 'T215Y']"
56349,"M41L, L210W, T215Y",90.0,"['M41L', 'L210W', 'T215Y']",1,"['M41L', 'L210W', 'T215Y']"
56177,M184MV,1.0,['M184MV'],0,['M184MV']
56315,"M41ML, M184V, T215Y",38.0,"['M41ML', 'M184V', 'T215Y']",1,"['M41ML', 'M184V', 'T215Y']"
56279,"M41L, E44D, T69D, L74V, L210W, T215Y, K219R",16.0,"['M41L', 'E44D', 'T69D', 'L74V', 'L210W', 'T215Y', 'K219R']",1,"['M41L', 'E44D', 'T69D', 'L74V', 'L210W', 'T215Y', 'K219R']"
56345,"M41L, D67N, T69D, M184V, T215Y",7.4,"['M41L', 'D67N', 'T69D', 'M184V', 'T215Y']",1,"['M41L', 'D67N', 'T69D', 'M184V', 'T215Y']"
56329,"M41L, D67N, K70R, V75VIM, T215F, K219E",449.0,"['M41L', 'D67N', 'K70R', 'V75VIM', 'T215F', 'K219E']",1,"['M41L', 'D67N', 'K70R', 'T215F', 'K219E']"
56219,"M41L, E44D, D67N, M184V, L210W, T215Y, K219KR",174.0,"['M41L', 'E44D', 'D67N', 'M184V', 'L210W', 'T215Y', 'K219KR']",1,"['M41L', 'E44D', 'D67N', 'M184V', 'L210W', 'T215Y', 'K219KR']"
56311,"M184V, T215Y",24.0,"['M184V', 'T215Y']",1,"['M184V', 'T215Y']"
56201,"M41L, M184MV, L210LW, T215SY",41.0,"['M41L', 'M184MV', 'L210LW', 'T215SY']",1,"['M41L', 'M184MV', 'L210LW']"
56389,"M41L, E44D, D67N, T69D, M184V, L210W, T215Y",181.0,"['M41L', 'E44D', 'D67N', 'T69D', 'M184V', 'L210W', 'T215Y']",1,"['M41L', 'E44D', 'D67N', 'T69D', 'M184V', 'L210W', 'T215Y']"
56257,"M41L, M184V, T215Y",2.2,"['M41L', 'M184V', 'T215Y']",1,"['M41L', 'M184V', 'T215Y']"
56169,"D67N, K70R, M184V, T215F, K219Q",41.0,"['D67N', 'K70R', 'M184V', 'T215F', 'K219Q']",1,"['D67N', 'K70R', 'M184V', 'T215F', 'K219Q']"
56247,M184V,0.5,['M184V'],0,['M184V']
56249,"L74V, M184V",0.2,"['L74V', 'M184V']",0,"['L74V', 'M184V']"
56377,"M41L, D67N, K70R, M184V, T215F, K219E",46.0,"['M41L', 'D67N', 'K70R', 'M184V', 'T215F', 'K219E']",1,"['M41L', 'D67N', 'K70R', 'M184V', 'T215F', 'K219E']"
56355,"D67DN, T215Y",6.9,"['D67DN', 'T215Y']",1,"['D67DN', 'T215Y']"
56163,"L74LV, M184V",0.4,"['L74LV', 'M184V']",0,"['L74LV', 'M184V']"
56341,"M41L, D67N, T69D, M184V, T215Y",66.0,"['M41L', 'D67N', 'T69D', 'M184V', 'T215Y']",1,"['M41L', 'D67N', 'T69D', 'M184V', 'T215Y']"
56371,"D67DEG, S68SG, K70R, T215IF, K219Q",25.0,"['D67DEG', 'S68SG', 'K70R', 'T215IF', 'K219Q']",1,"['S68SG', 'K70R', 'K219Q']"
56175,,0.4,[],0,[]
56405,"D67NT, T69D, K70R, T215F, K219Q",57.0,"['D67NT', 'T69D', 'K70R', 'T215F', 'K219Q']",1,"['T69D', 'K70R', 'T215F', 'K219Q']"
56295,"D67N, K70R, T215F, K219E",78.0,"['D67N', 'K70R', 'T215F', 'K219E']",1,"['D67N', 'K70R', 'T215F', 'K219E']"
56385,"A62V, D67N, S68N, K70G, V75I, F77L, Y115F, F116Y, Q151M, M184I, T215Y",473.0,"['A62V', 'D67N', 'S68N', 'K70G', 'V75I', 'F77L', 'Y115F', 'F116Y', 'Q151M', 'M184I', 'T215Y']",1,"['A62V', 'D67N', 'K70G', 'V75I', 'F77L', 'Y115F', 'F116Y', 'Q151M', 'M184I', 'T215Y']"
56185,"M41L, E44A, D67N, K70R, V75M, L210W, T215Y, K219HQ",909.0,"['M41L', 'E44A', 'D67N', 'K70R', 'V75M', 'L210W', 'T215Y', 'K219HQ']",1,"['M41L', 'E44A', 'D67N', 'K70R', 'V75M', 'L210W', 'T215Y']"
56205,,0.9,[],0,[]
56253,"D67NH, K70KR, M184V, T215FV, K219E",4.3,"['D67NH', 'K70KR', 'M184V', 'T215FV', 'K219E']",1,"['K70KR', 'M184V', 'K219E']"
56397,"D67N, T69D, K70R, T215F, K219Q",143.0,"['D67N', 'T69D', 'K70R', 'T215F', 'K219Q']",1,"['D67N', 'T69D', 'K70R', 'T215F', 'K219Q']"
56369,"D67DEG, S68G, K70R, T215F, K219Q",20.0,"['D67DEG', 'S68G', 'K70R', 'T215F', 'K219Q']",1,"['S68G', 'K70R', 'T215F', 'K219Q']"
56297,S68G,1.0,['S68G'],0,['S68G']
56167,,0.4,[],0,[]
56229,"M41L, M184V, T215F",3.5,"['M41L', 'M184V', 'T215F']",1,"['M41L', 'M184V', 'T215F']"
56181,"D67N, K70KR, M184MV",3.3,"['D67N', 'K70KR', 'M184MV']",1,"['D67N', 'K70KR', 'M184MV']"
56211,M184MV,0.7,['M184MV'],0,['M184MV']
56381,"D67N, S68N, K70G, F116Y, Q151M, T215Y",13.0,"['D67N', 'S68N', 'K70G', 'F116Y', 'Q151M', 'T215Y']",1,"['D67N', 'K70G', 'F116Y', 'Q151M', 'T215Y']"
56171,"D67N, K70R, L74V, M184V, T215F, K219Q",3.0,"['D67N', 'K70R', 'L74V', 'M184V', 'T215F', 'K219Q']",1,"['D67N', 'K70R', 'L74V', 'M184V', 'T215F', 'K219Q']"
56331,"M41L, D67N, K70R, V75M, M184V, T215F, K219E",33.0,"['M41L', 'D67N', 'K70R', 'V75M', 'M184V', 'T215F', 'K219E']",1,"['M41L', 'D67N', 'K70R', 'V75M', 'M184V', 'T215F', 'K219E']"
56237,"M41ML, D67NS, K70R, V75I, F77L, F116Y, Q151M, M184V, T215V, K219Q",198.0,"['M41ML', 'D67NS', 'K70R', 'V75I', 'F77L', 'F116Y', 'Q151M', 'M184V', 'T215V', 'K219Q']",1,"['M41ML', 'K70R', 'V75I', 'F77L', 'F116Y', 'Q151M', 'M184V', 'K219Q']"
56197,,1.9,[],1,[]
56191,,1.1,[],0,[]
56319,"M41L, D67N, T215Y",17.0,"['M41L', 'D67N', 'T215Y']",1,"['M41L', 'D67N', 'T215Y']"
56361,M184V,1.2,['M184V'],0,['M184V']
56401,"D67N, T69D, K70R, T215F, K219Q",105.0,"['D67N', 'T69D', 'K70R', 'T215F', 'K219Q']",1,"['D67N', 'T69D', 'K70R', 'T215F', 'K219Q']"
56343,"M41L, D67N, T69D, M184V, T215Y",30.0,"['M41L', 'D67N', 'T69D', 'M184V', 'T215Y']",1,"['M41L', 'D67N', 'T69D', 'M184V', 'T215Y']"
56275,"M41ML, D67DN, M184MV",2.2,"['M41ML', 'D67DN', 'M184MV']",1,"['M41ML', 'D67DN', 'M184MV']"
56281,"M41L, D67N, T69D, M184V, L210W, T215Y",43.0,"['M41L', 'D67N', 'T69D', 'M184V', 'L210W', 'T215Y']",1,"['M41L', 'D67N', 'T69D', 'M184V', 'L210W', 'T215Y']"
56375,"M41L, D67N, K70R, M184V, T215F, K219E",130.0,"['M41L', 'D67N', 'K70R', 'M184V', 'T215F', 'K219E']",1,"['M41L', 'D67N', 'K70R', 'M184V', 'T215F', 'K219E']"
56203,M184V,0.4,['M184V'],0,['M184V']
56213,"M41L, M184V, T215Y",11.0,"['M41L', 'M184V', 'T215Y']",1,"['M41L', 'M184V', 'T215Y']"
56251,"A62AV, M184V",0.7,"['A62AV', 'M184V']",0,"['A62AV', 'M184V']"
56179,"D67DN, M184V",1.1,"['D67DN', 'M184V']",0,"['D67DN', 'M184V']"
56183,"M41L, E44A, D67N, K70R, V75M, L210W, T215FY, K219HQ",1111.0,"['M41L', 'E44A', 'D67N', 'K70R', 'V75M', 'L210W', 'T215FY', 'K219HQ']",1,"['M41L', 'E44A', 'D67N', 'K70R', 'V75M', 'L210W']"
56313,"M184V, T215Y",28.0,"['M184V', 'T215Y']",1,"['M184V', 'T215Y']"
56393,M184V,0.5,['M184V'],0,['M184V']
56339,"M41L, D67N, T69D, M184V, T215Y",13.0,"['M41L', 'D67N', 'T69D', 'M184V', 'T215Y']",1,"['M41L', 'D67N', 'T69D', 'M184V', 'T215Y']"
56317,"M41L, D67N, T215Y",18.0,"['M41L', 'D67N', 'T215Y']",1,"['M41L', 'D67N', 'T215Y']"
56193,"D67DN, M184V",0.6,"['D67DN', 'M184V']",0,"['D67DN', 'M184V']"
56285,"M41L, K70T, V75I, M184V",0.2,"['M41L', 'K70T', 'V75I', 'M184V']",0,"['M41L', 'V75I', 'M184V']"
56407,"D67N, T69D, K70R, T215F, K219Q",90.0,"['D67N', 'T69D', 'K70R', 'T215F', 'K219Q']",1,"['D67N', 'T69D', 'K70R', 'T215F', 'K219Q']"
56387,"A62V, D67N, S68N, K70G, V75I, F77L, Y115F, F116Y, Q151M, M184I, T215Y",271.0,"['A62V', 'D67N', 'S68N', 'K70G', 'V75I', 'F77L', 'Y115F', 'F116Y', 'Q151M', 'M184I', 'T215Y']",1,"['A62V', 'D67N', 'K70G', 'V75I', 'F77L', 'Y115F', 'F116Y', 'Q151M', 'M184I', 'T215Y']"
56335,"K70KE, L210W, T215Y",26.0,"['K70KE', 'L210W', 'T215Y']",1,"['L210W', 'T215Y']"
56217,,0.8,[],0,[]
56261,"M41ML, A62AV, F116FY, Q151M, M184V",2.5,"['M41ML', 'A62AV', 'F116FY', 'Q151M', 'M184V']",1,"['M41ML', 'A62AV', 'Q151M', 'M184V']"
56207,,1.0,[],0,[]
56231,"M41L, M184V, T215F",2.8,"['M41L', 'M184V', 'T215F']",1,"['M41L', 'M184V', 'T215F']"
56357,"M41ML, L210LW, T215Y",88.0,"['M41ML', 'L210LW', 'T215Y']",1,"['M41ML', 'L210LW', 'T215Y']"
56245,"K65R, S68G, V75A",0.8,"['K65R', 'S68G', 'V75A']",0,"['K65R', 'S68G']"
56259,"M41L, L74V, M184V, T215Y",0.5,"['M41L', 'L74V', 'M184V', 'T215Y']",0,"['M41L', 'L74V', 'M184V', 'T215Y']"
56161,M184V,0.5,['M184V'],0,['M184V']
56379,"D67N, K70R, K219KN",30.0,"['D67N', 'K70R', 'K219KN']",1,"['D67N', 'K70R', 'K219KN']"
62907,,1.0,[],0,[]
62915,,0.5,[],0,[]
62925,,0.6,[],0,[]
62911,,0.4,[],0,[]
62921,,0.7,[],0,[]
62931,,0.8,[],0,[]
62917,,0.7,[],0,[]
62905,,0.3,[],0,[]
62935,,1.0,[],0,[]
62927,,0.4,[],0,[]
62909,,1.1,[],0,[]
62923,,1.1,[],0,[]
62903,,0.6,[],0,[]
62933,,0.6,[],0,[]
62929,,0.8,[],0,[]
62937,S68G,0.7,['S68G'],0,['S68G']
62919,,0.6,[],0,[]
62913,,0.5,[],0,[]
63860,"M41L, D67N, L74V, M184V, L210W, T215Y",58.0,"['M41L', 'D67N', 'L74V', 'M184V', 'L210W', 'T215Y']",1,"['M41L', 'D67N', 'L74V', 'M184V', 'L210W', 'T215Y']"
41183,"M41L, E44D, D67N, S68SG, K70KR, M184V, L210W, T215Y, K219E",3.6,"['M41L', 'E44D', 'D67N', 'S68SG', 'K70KR', 'M184V', 'L210W', 'T215Y', 'K219E']",1,"['M41L', 'E44D', 'D67N', 'S68SG', 'K70KR', 'M184V', 'L210W', 'T215Y', 'K219E']"
63842,,1.3,[],0,[]
50044,M184V,0.4,['M184V'],0,['M184V']
55465,"D67G, S68G, L74V, Y115F, M184V, T215F, K219E",2.4,"['D67G', 'S68G', 'L74V', 'Y115F', 'M184V', 'T215F', 'K219E']",1,"['D67G', 'S68G', 'L74V', 'Y115F', 'M184V', 'T215F', 'K219E']"
20217,"M41L, T215E",0.8,"['M41L', 'T215E']",0,['M41L']
63788,,0.7,[],0,[]
21689,"M41L, T215F",50.0,"['M41L', 'T215F']",1,"['M41L', 'T215F']"
55479,"M41L, E44D, D67N, M184V, L210W, T215Y",1000.0,"['M41L', 'E44D', 'D67N', 'M184V', 'L210W', 'T215Y']",1,"['M41L', 'E44D', 'D67N', 'M184V', 'L210W', 'T215Y']"
50052,M184V,0.4,['M184V'],0,['M184V']
43048,M41L,1.2,['M41L'],0,['M41L']
42015,"D67N, K70R, M184V, K219Q",13.0,"['D67N', 'K70R', 'M184V', 'K219Q']",1,"['D67N', 'K70R', 'M184V', 'K219Q']"
43034,T215C,1.2,['T215C'],0,[]
58144,,0.8,[],0,[]
37764,"D67N, K70R, T215F, K219Q",549.0,"['D67N', 'K70R', 'T215F', 'K219Q']",1,"['D67N', 'K70R', 'T215F', 'K219Q']"
27647,"M184V, T215Y",2.7,"['M184V', 'T215Y']",1,"['M184V', 'T215Y']"
20189,"D67G, S68G, K70R, M184V, T215F, K219Q",65.0,"['D67G', 'S68G', 'K70R', 'M184V', 'T215F', 'K219Q']",1,"['D67G', 'S68G', 'K70R', 'M184V', 'T215F', 'K219Q']"
63746,"K70R, M184V",0.5,"['K70R', 'M184V']",0,"['K70R', 'M184V']"
63734,"M41L, E44D, D67N, T69D, M184V, L210W, T215Y",124.0,"['M41L', 'E44D', 'D67N', 'T69D', 'M184V', 'L210W', 'T215Y']",1,"['M41L', 'E44D', 'D67N', 'T69D', 'M184V', 'L210W', 'T215Y']"
33147,,1.0,[],0,[]
59237,"M41L, E44D, D67N, M184V, L210W, T215Y, K219DN",17.0,"['M41L', 'E44D', 'D67N', 'M184V', 'L210W', 'T215Y', 'K219DN']",1,"['M41L', 'E44D', 'D67N', 'M184V', 'L210W', 'T215Y']"
57652,"M41L, E44D, D67G, T69D, V75M, F77L, M184V, L210W",0.5,"['M41L', 'E44D', 'D67G', 'T69D', 'V75M', 'F77L', 'M184V', 'L210W']",0,"['M41L', 'E44D', 'D67G', 'T69D', 'V75M', 'F77L', 'M184V', 'L210W']"
63724,"M41L, E44D, D67N, M184V, L210W, T215Y",35.0,"['M41L', 'E44D', 'D67N', 'M184V', 'L210W', 'T215Y']",1,"['M41L', 'E44D', 'D67N', 'M184V', 'L210W', 'T215Y']"
43020,,0.8,[],0,[]
63768,"D67N, K70R, M184V, K219Q",1.1,"['D67N', 'K70R', 'M184V', 'K219Q']",0,"['D67N', 'K70R', 'M184V', 'K219Q']"
55388,T215CS,0.9,['T215CS'],0,[]
43086,,0.7,[],0,[]
43080,,0.9,[],0,[]
57630,"M41L, D67N, K70R, T215F, K219Q",490.0,"['M41L', 'D67N', 'K70R', 'T215F', 'K219Q']",1,"['M41L', 'D67N', 'K70R', 'T215F', 'K219Q']"
63792,,1.3,[],0,[]
61376,"M41L, E44D, D67N, L210W, T215Y, K219R",500.0,"['M41L', 'E44D', 'D67N', 'L210W', 'T215Y', 'K219R']",1,"['M41L', 'E44D', 'D67N', 'L210W', 'T215Y', 'K219R']"
19917,"M41L, D67N, K70R, T215F, K219Q",83.0,"['M41L', 'D67N', 'K70R', 'T215F', 'K219Q']",1,"['M41L', 'D67N', 'K70R', 'T215F', 'K219Q']"
43062,,1.3,[],0,[]
55469,"D67N, T69D, K70R, T215F, K219Q",281.0,"['D67N', 'T69D', 'K70R', 'T215F', 'K219Q']",1,"['D67N', 'T69D', 'K70R', 'T215F', 'K219Q']"
37953,M184I,0.3,['M184I'],0,['M184I']
43078,M184I,0.1,['M184I'],0,['M184I']
42974,"M41L, D67N, M184V, L210W, T215Y",47.0,"['M41L', 'D67N', 'M184V', 'L210W', 'T215Y']",1,"['M41L', 'D67N', 'M184V', 'L210W', 'T215Y']"
63850,"M41L, L74V, M184V, T215FY",0.8,"['M41L', 'L74V', 'M184V', 'T215FY']",0,"['M41L', 'L74V', 'M184V']"
63832,"M41L, D67N, T69D, V75M, M184V, L210W, T215F, K219W",500.0,"['M41L', 'D67N', 'T69D', 'V75M', 'M184V', 'L210W', 'T215F', 'K219W']",1,"['M41L', 'D67N', 'T69D', 'V75M', 'M184V', 'L210W', 'T215F']"
42572,"D67G, K70R, V75T, L210LW, K219Q",24.0,"['D67G', 'K70R', 'V75T', 'L210LW', 'K219Q']",1,"['D67G', 'K70R', 'V75T', 'L210LW', 'K219Q']"
63770,,0.9,[],0,[]
63796,"M41L, D67N, L74I, V75T, M184MV, L210W, T215Y",9.9,"['M41L', 'D67N', 'L74I', 'V75T', 'M184MV', 'L210W', 'T215Y']",1,"['M41L', 'D67N', 'L74I', 'V75T', 'M184MV', 'L210W', 'T215Y']"
55481,"M41L, E44D, D67N, M184V, L210W, T215Y",9.6,"['M41L', 'E44D', 'D67N', 'M184V', 'L210W', 'T215Y']",1,"['M41L', 'E44D', 'D67N', 'M184V', 'L210W', 'T215Y']"
59333,,2.2,[],1,[]
63752,"L74V, Y115F, M184V",0.6,"['L74V', 'Y115F', 'M184V']",0,"['L74V', 'Y115F', 'M184V']"
55475,"D67N, K70R, M184V, K219E",9.7,"['D67N', 'K70R', 'M184V', 'K219E']",1,"['D67N', 'K70R', 'M184V', 'K219E']"
42029,"M41L, D67N, T69D, K70R, T215F, K219Q",2400.0,"['M41L', 'D67N', 'T69D', 'K70R', 'T215F', 'K219Q']",1,"['M41L', 'D67N', 'T69D', 'K70R', 'T215F', 'K219Q']"
41191,"D67N, K70R, L74V, M184V, K219Q",1.2,"['D67N', 'K70R', 'L74V', 'M184V', 'K219Q']",0,"['D67N', 'K70R', 'L74V', 'M184V', 'K219Q']"
55463,"M41L, M184V, L210W, T215Y",11.0,"['M41L', 'M184V', 'L210W', 'T215Y']",1,"['M41L', 'M184V', 'L210W', 'T215Y']"
63784,,0.9,[],0,[]
63846,"M41L, E44D, D67N, M184V, L210W, T215Y, K219N",140.0,"['M41L', 'E44D', 'D67N', 'M184V', 'L210W', 'T215Y', 'K219N']",1,"['M41L', 'E44D', 'D67N', 'M184V', 'L210W', 'T215Y', 'K219N']"
63716,,1.3,[],0,[]
63720,"K70R, M184V, K219Q",2.7,"['K70R', 'M184V', 'K219Q']",1,"['K70R', 'M184V', 'K219Q']"
21691,M184V,0.5,['M184V'],0,['M184V']
63760,,1.2,[],0,[]
63774,,0.3,[],0,[]
42574,"D67NH, K70R, M184V, T215F, K219Q",118.0,"['D67NH', 'K70R', 'M184V', 'T215F', 'K219Q']",1,"['K70R', 'M184V', 'T215F', 'K219Q']"
43088,M184V,0.5,['M184V'],0,['M184V']
42037,"A62V, K65R, M184V",1.2,"['A62V', 'K65R', 'M184V']",0,"['A62V', 'K65R', 'M184V']"
63828,"M41L, E44D, D67N, K70R, V75M, L210W, T215Y, K219Q",2400.0,"['M41L', 'E44D', 'D67N', 'K70R', 'V75M', 'L210W', 'T215Y', 'K219Q']",1,"['M41L', 'E44D', 'D67N', 'K70R', 'V75M', 'L210W', 'T215Y', 'K219Q']"
43070,,0.8,[],0,[]
43068,M184V,0.4,['M184V'],0,['M184V']
63800,"D67N, T69ND, K70RG, L74V, M184V, K219QE",1.0,"['D67N', 'T69ND', 'K70RG', 'L74V', 'M184V', 'K219QE']",0,"['D67N', 'L74V', 'M184V']"
63856,"M41L, E44D, D67N, L74V, M184MV, L210W, T215Y, K219R",342.0,"['M41L', 'E44D', 'D67N', 'L74V', 'M184MV', 'L210W', 'T215Y', 'K219R']",1,"['M41L', 'E44D', 'D67N', 'L74V', 'M184MV', 'L210W', 'T215Y', 'K219R']"
63840,,0.9,[],0,[]
34267,K70R,6.6,['K70R'],1,['K70R']
50907,"D67N, K70R, M184V, T215Y, K219E",16.0,"['D67N', 'K70R', 'M184V', 'T215Y', 'K219E']",1,"['D67N', 'K70R', 'M184V', 'T215Y', 'K219E']"
42031,"M41L, V75M, M184V, L210W, T215Y",800.0,"['M41L', 'V75M', 'M184V', 'L210W', 'T215Y']",1,"['M41L', 'V75M', 'M184V', 'L210W', 'T215Y']"
55473,"M41L, T215Y",3.0,"['M41L', 'T215Y']",1,"['M41L', 'T215Y']"
21667,"M41L, M184V, T215F",4.6,"['M41L', 'M184V', 'T215F']",1,"['M41L', 'M184V', 'T215F']"
63726,"D67G, K70E, M184V, K219R",0.3,"['D67G', 'K70E', 'M184V', 'K219R']",0,"['D67G', 'M184V', 'K219R']"
63730,"D67N, K70R, M184V, K219Q",5.7,"['D67N', 'K70R', 'M184V', 'K219Q']",1,"['D67N', 'K70R', 'M184V', 'K219Q']"
55453,"D67N, K70R, K219Q",12.0,"['D67N', 'K70R', 'K219Q']",1,"['D67N', 'K70R', 'K219Q']"
63780,"D67N, K70R, T215F, K219E",14.0,"['D67N', 'K70R', 'T215F', 'K219E']",1,"['D67N', 'K70R', 'T215F', 'K219E']"
63834,,0.6,[],0,[]
42045,"M41L, S68G, L74V, M184V, L210W, T215Y",7.1,"['M41L', 'S68G', 'L74V', 'M184V', 'L210W', 'T215Y']",1,"['M41L', 'S68G', 'L74V', 'M184V', 'L210W', 'T215Y']"
24531,"A62V, V75T, M184V",0.3,"['A62V', 'V75T', 'M184V']",0,"['A62V', 'V75T', 'M184V']"
60774,K65R,0.7,['K65R'],0,['K65R']
63804,,0.6,[],0,[]
42017,"D67N, T69ND, K70R, K219Q",31.0,"['D67N', 'T69ND', 'K70R', 'K219Q']",1,"['D67N', 'K70R', 'K219Q']"
63722,"M41L, E44D, D67N, L74V, M184V, L210W, T215Y, K219N",37.0,"['M41L', 'E44D', 'D67N', 'L74V', 'M184V', 'L210W', 'T215Y', 'K219N']",1,"['M41L', 'E44D', 'D67N', 'L74V', 'M184V', 'L210W', 'T215Y', 'K219N']"
63864,"M41L, M184V, T215Y",6.0,"['M41L', 'M184V', 'T215Y']",1,"['M41L', 'M184V', 'T215Y']"
43030,,0.4,[],0,[]
23545,"D67N, K70R, L74V, M184V, K219Q",1.6,"['D67N', 'K70R', 'L74V', 'M184V', 'K219Q']",0,"['D67N', 'K70R', 'L74V', 'M184V', 'K219Q']"
38421,,0.6,[],0,[]
63822,"M41L, D67N, K70G, L74LV, T215F, K219Q",2.5,"['M41L', 'D67N', 'K70G', 'L74LV', 'T215F', 'K219Q']",1,"['M41L', 'D67N', 'K70G', 'L74LV', 'T215F', 'K219Q']"
43040,"D67N, K70R, T215I, K219E",5.2,"['D67N', 'K70R', 'T215I', 'K219E']",1,"['D67N', 'K70R', 'K219E']"
43076,,0.9,[],0,[]
43052,,0.7,[],0,[]
42041,"K65R, Y115YF",0.8,"['K65R', 'Y115YF']",0,['K65R']
21673,"M41L, D67N, M184V, L210W, T215Y",41.0,"['M41L', 'D67N', 'M184V', 'L210W', 'T215Y']",1,"['M41L', 'D67N', 'M184V', 'L210W', 'T215Y']"
20798,"E40F, M41L, D67N, L210W, T215Y, K219R",555.0,"['E40F', 'M41L', 'D67N', 'L210W', 'T215Y', 'K219R']",1,"['M41L', 'D67N', 'L210W', 'T215Y', 'K219R']"
43064,"M41L, D67N, M184V, L210W, T215Y",115.0,"['M41L', 'D67N', 'M184V', 'L210W', 'T215Y']",1,"['M41L', 'D67N', 'M184V', 'L210W', 'T215Y']"
21701,M184V,0.5,['M184V'],0,['M184V']
35225,"M41L, T215D",0.9,"['M41L', 'T215D']",0,"['M41L', 'T215D']"
63740,"M41L, E44A, A62V, D67N, K70R, L74I, V75T, M184V, L210W, T215Y, K219E",400.0,"['M41L', 'E44A', 'A62V', 'D67N', 'K70R', 'L74I', 'V75T', 'M184V', 'L210W', 'T215Y', 'K219E']",1,"['M41L', 'E44A', 'A62V', 'D67N', 'K70R', 'L74I', 'V75T', 'M184V', 'L210W', 'T215Y', 'K219E']"
57632,,2.3,[],1,[]
51393,K65R,0.6,['K65R'],0,['K65R']
43054,,1.1,[],0,[]
63742,"M41L, D67N, L74V, M184V, T215Y, K219Q",5.8,"['M41L', 'D67N', 'L74V', 'M184V', 'T215Y', 'K219Q']",1,"['M41L', 'D67N', 'L74V', 'M184V', 'T215Y', 'K219Q']"
63808,,1.2,[],0,[]
21096,"D67G, T69D, K70R, M184V, K219Q",2.4,"['D67G', 'T69D', 'K70R', 'M184V', 'K219Q']",1,"['D67G', 'T69D', 'K70R', 'M184V', 'K219Q']"
42568,,1.3,[],0,[]
21141,K70R,7.5,['K70R'],1,['K70R']
63766,"M41L, D67N, L74V, M184V, L210W, T215Y, K219N",5.8,"['M41L', 'D67N', 'L74V', 'M184V', 'L210W', 'T215Y', 'K219N']",1,"['M41L', 'D67N', 'L74V', 'M184V', 'L210W', 'T215Y', 'K219N']"
43022,,0.7,[],0,[]
63814,"M41L, E44D, D67N, K70R, L210W, T215Y",470.0,"['M41L', 'E44D', 'D67N', 'K70R', 'L210W', 'T215Y']",1,"['M41L', 'E44D', 'D67N', 'K70R', 'L210W', 'T215Y']"
21668,"M41L, D67N, M184V, L210W, T215Y",290.0,"['M41L', 'D67N', 'M184V', 'L210W', 'T215Y']",1,"['M41L', 'D67N', 'M184V', 'L210W', 'T215Y']"
63806,"M41L, E44D, D67N, L74I, M184V, L210W, T215Y",340.0,"['M41L', 'E44D', 'D67N', 'L74I', 'M184V', 'L210W', 'T215Y']",1,"['M41L', 'E44D', 'D67N', 'L74I', 'M184V', 'L210W', 'T215Y']"
55447,,0.9,[],0,[]
63736,"D67G, S68G, K70R, M184V, T215F, K219E",23.0,"['D67G', 'S68G', 'K70R', 'M184V', 'T215F', 'K219E']",1,"['D67G', 'S68G', 'K70R', 'M184V', 'T215F', 'K219E']"
63744,"K70R, K219Q",11.0,"['K70R', 'K219Q']",1,"['K70R', 'K219Q']"
35555,"D67N, K70R, M184V, T215I, K219E",5.9,"['D67N', 'K70R', 'M184V', 'T215I', 'K219E']",1,"['D67N', 'K70R', 'M184V', 'K219E']"
8417,"T69E_KS, V75M, L210W, T215F",2400.0,"['T69E_KS', 'V75M', 'L210W', 'T215F']",1,"['V75M', 'L210W', 'T215F']"
63824,,0.6,[],0,[]
63718,"S68G, M184V, T215Y",1.3,"['S68G', 'M184V', 'T215Y']",0,"['S68G', 'M184V', 'T215Y']"
63844,"M41L, S68SG, T69T_SS, L74I, M184V, L210W",0.4,"['M41L', 'S68SG', 'T69T_SS', 'L74I', 'M184V', 'L210W']",0,"['M41L', 'S68SG', 'L74I', 'M184V', 'L210W']"
63810,"M41L, D67G, K70R, L74V, T215F, K219Q",11.0,"['M41L', 'D67G', 'K70R', 'L74V', 'T215F', 'K219Q']",1,"['M41L', 'D67G', 'K70R', 'L74V', 'T215F', 'K219Q']"
55467,"D67G, S68G, L74V, Y115F, M184V, T215F, K219E",2.2,"['D67G', 'S68G', 'L74V', 'Y115F', 'M184V', 'T215F', 'K219E']",1,"['D67G', 'S68G', 'L74V', 'Y115F', 'M184V', 'T215F', 'K219E']"
43082,M184V,0.4,['M184V'],0,['M184V']
63714,"E44D, D67~, S68G, T69G, K70R, T215I, K219Q",550.0,"['E44D', 'D67~', 'S68G', 'T69G', 'K70R', 'T215I', 'K219Q']",1,"['E44D', 'S68G', 'K70R', 'K219Q']"
39194,"D67N, K70R, M184V, K219E",1.6,"['D67N', 'K70R', 'M184V', 'K219E']",0,"['D67N', 'K70R', 'M184V', 'K219E']"
50054,M184V,0.2,['M184V'],0,['M184V']
63754,M184V,0.4,['M184V'],0,['M184V']
43058,"M41L, E44D, D67N, K70R, L74V, M184V, L210W, T215Y, K219E",11.0,"['M41L', 'E44D', 'D67N', 'K70R', 'L74V', 'M184V', 'L210W', 'T215Y', 'K219E']",1,"['M41L', 'E44D', 'D67N', 'K70R', 'L74V', 'M184V', 'L210W', 'T215Y', 'K219E']"
42578,S68G,1.5,['S68G'],0,['S68G']
42019,"M41L, D67N, T69D, L210W, T215Y",900.0,"['M41L', 'D67N', 'T69D', 'L210W', 'T215Y']",1,"['M41L', 'D67N', 'T69D', 'L210W', 'T215Y']"
63818,"M41L, D67N, L210W, T215Y",270.0,"['M41L', 'D67N', 'L210W', 'T215Y']",1,"['M41L', 'D67N', 'L210W', 'T215Y']"
51394,K65R,0.3,['K65R'],0,['K65R']
55483,"M41L, E44D, D67N, T69D, K70R, V75M, L210W, T215F, K219Q",58.0,"['M41L', 'E44D', 'D67N', 'T69D', 'K70R', 'V75M', 'L210W', 'T215F', 'K219Q']",1,"['M41L', 'E44D', 'D67N', 'T69D', 'K70R', 'V75M', 'L210W', 'T215F', 'K219Q']"
63772,,1.0,[],0,[]
35112,,0.6,[],0,[]
23888,"D67N, K70R, M184V, K219E",3.5,"['D67N', 'K70R', 'M184V', 'K219E']",1,"['D67N', 'K70R', 'M184V', 'K219E']"
43084,,0.6,[],0,[]
43036,"M41L, L74V, M184V, L210W, T215Y",9.8,"['M41L', 'L74V', 'M184V', 'L210W', 'T215Y']",1,"['M41L', 'L74V', 'M184V', 'L210W', 'T215Y']"
63782,,0.9,[],0,[]
23718,"D67G, T69D, K70R, M184V, K219Q",4.2,"['D67G', 'T69D', 'K70R', 'M184V', 'K219Q']",1,"['D67G', 'T69D', 'K70R', 'M184V', 'K219Q']"
50943,"M41L, D67N, K70R, M184V, T215F, K219Q",6.3,"['M41L', 'D67N', 'K70R', 'M184V', 'T215F', 'K219Q']",1,"['M41L', 'D67N', 'K70R', 'M184V', 'T215F', 'K219Q']"
63820,"D67N, K70R, M184I, T215F, K219Q",5.2,"['D67N', 'K70R', 'M184I', 'T215F', 'K219Q']",1,"['D67N', 'K70R', 'M184I', 'T215F', 'K219Q']"
63758,,1.2,[],0,[]
21687,"D67N, K70R, M184V, K219E",1.7,"['D67N', 'K70R', 'M184V', 'K219E']",0,"['D67N', 'K70R', 'M184V', 'K219E']"
21707,,0.7,[],0,[]
55461,"M41L, A62V, M184V, L210W, T215Y",27.0,"['M41L', 'A62V', 'M184V', 'L210W', 'T215Y']",1,"['M41L', 'A62V', 'M184V', 'L210W', 'T215Y']"
34308,"D67N, K70KR, M184V, T215F, K219E",0.9,"['D67N', 'K70KR', 'M184V', 'T215F', 'K219E']",0,"['D67N', 'K70KR', 'M184V', 'T215F', 'K219E']"
21697,"M41L, M184V, T215Y",7.5,"['M41L', 'M184V', 'T215Y']",1,"['M41L', 'M184V', 'T215Y']"
43024,"L74V, M184V",0.4,"['L74V', 'M184V']",0,"['L74V', 'M184V']"
55485,"M41L, E44D, D67N, T69D, K70R, V75M, L210W, T215F, K219Q",344.0,"['M41L', 'E44D', 'D67N', 'T69D', 'K70R', 'V75M', 'L210W', 'T215F', 'K219Q']",1,"['M41L', 'E44D', 'D67N', 'T69D', 'K70R', 'V75M', 'L210W', 'T215F', 'K219Q']"
63710,"D67N, K70R, M184V, K219Q",0.8,"['D67N', 'K70R', 'M184V', 'K219Q']",0,"['D67N', 'K70R', 'M184V', 'K219Q']"
43046,,0.9,[],0,[]
21113,"D67G, S68G, K70R, T215F, K219E",97.0,"['D67G', 'S68G', 'K70R', 'T215F', 'K219E']",1,"['D67G', 'S68G', 'K70R', 'T215F', 'K219E']"
55455,"D67N, K70R, M184V, K219Q",2.8,"['D67N', 'K70R', 'M184V', 'K219Q']",1,"['D67N', 'K70R', 'M184V', 'K219Q']"
43060,"M41L, L210W, T215Y",433.0,"['M41L', 'L210W', 'T215Y']",1,"['M41L', 'L210W', 'T215Y']"
20247,,2.5,[],1,[]
63794,"M41L, L74V, T215Y",3.1,"['M41L', 'L74V', 'T215Y']",1,"['M41L', 'L74V', 'T215Y']"
40734,"D67N, K70R, L74V, M184V, K219Q",1.2,"['D67N', 'K70R', 'L74V', 'M184V', 'K219Q']",0,"['D67N', 'K70R', 'L74V', 'M184V', 'K219Q']"
42886,"M41L, D67N, T69D, V75T, L210W, T215Y, K219N",430.0,"['M41L', 'D67N', 'T69D', 'V75T', 'L210W', 'T215Y', 'K219N']",1,"['M41L', 'D67N', 'T69D', 'V75T', 'L210W', 'T215Y', 'K219N']"
63830,"M41L, M184V, L210W, T215Y",32.0,"['M41L', 'M184V', 'L210W', 'T215Y']",1,"['M41L', 'M184V', 'L210W', 'T215Y']"
63866,"D67N, K70R, L74V, K219Q",11.0,"['D67N', 'K70R', 'L74V', 'K219Q']",1,"['D67N', 'K70R', 'L74V', 'K219Q']"
63750,M184V,0.5,['M184V'],0,['M184V']
63778,"M41L, D67N, M184V, T215F",40.0,"['M41L', 'D67N', 'M184V', 'T215F']",1,"['M41L', 'D67N', 'M184V', 'T215F']"
42023,"D67N, M184V, L210W, T215Y, K219N",270.0,"['D67N', 'M184V', 'L210W', 'T215Y', 'K219N']",1,"['D67N', 'M184V', 'L210W', 'T215Y', 'K219N']"
55471,"M184V, L210W, T215Y",0.7,"['M184V', 'L210W', 'T215Y']",0,"['M184V', 'L210W', 'T215Y']"
43066,"M41L, E44D, D67N, L74V, M184V, L210W, T215Y, K219N",4.4,"['M41L', 'E44D', 'D67N', 'L74V', 'M184V', 'L210W', 'T215Y', 'K219N']",1,"['M41L', 'E44D', 'D67N', 'L74V', 'M184V', 'L210W', 'T215Y', 'K219N']"
43074,"M41L, E44D, D67N, T69D, L210W, T215Y, K219KR",1000.0,"['M41L', 'E44D', 'D67N', 'T69D', 'L210W', 'T215Y', 'K219KR']",1,"['M41L', 'E44D', 'D67N', 'T69D', 'L210W', 'T215Y', 'K219KR']"
63836,"M41L, E44D, D67N, K70KR, L74LI, M184V, L210W, T215Y, K219Q",19.0,"['M41L', 'E44D', 'D67N', 'K70KR', 'L74LI', 'M184V', 'L210W', 'T215Y', 'K219Q']",1,"['M41L', 'E44D', 'D67N', 'K70KR', 'L74LI', 'M184V', 'L210W', 'T215Y', 'K219Q']"
55477,"M41L, E44D, D67N, M184V, L210W, T215Y",221.0,"['M41L', 'E44D', 'D67N', 'M184V', 'L210W', 'T215Y']",1,"['M41L', 'E44D', 'D67N', 'M184V', 'L210W', 'T215Y']"
55457,,0.9,[],0,[]
42686,K70N,0.8,['K70N'],0,[]
42043,"M41L, D67N, L74V, M184V, L210W, T215Y",33.0,"['M41L', 'D67N', 'L74V', 'M184V', 'L210W', 'T215Y']",1,"['M41L', 'D67N', 'L74V', 'M184V', 'L210W', 'T215Y']"
43028,"K65R, M184V",0.3,"['K65R', 'M184V']",0,"['K65R', 'M184V']"
50893,"M41L, E44D, D67N, L74I, M184V, L210W, T215Y",86.0,"['M41L', 'E44D', 'D67N', 'L74I', 'M184V', 'L210W', 'T215Y']",1,"['M41L', 'E44D', 'D67N', 'L74I', 'M184V', 'L210W', 'T215Y']"
43090,,0.8,[],0,[]
55451,,1.1,[],0,[]
63862,T215Y,5.7,['T215Y'],1,['T215Y']
40739,"K70R, L74I, Y115F, M184V",0.7,"['K70R', 'L74I', 'Y115F', 'M184V']",0,"['K70R', 'L74I', 'Y115F', 'M184V']"
63762,"M41L, M184V, T215Y",4.9,"['M41L', 'M184V', 'T215Y']",1,"['M41L', 'M184V', 'T215Y']"
43044,"M41L, T69D, V75M, L210W, T215Y, K219R",236.0,"['M41L', 'T69D', 'V75M', 'L210W', 'T215Y', 'K219R']",1,"['M41L', 'T69D', 'V75M', 'L210W', 'T215Y', 'K219R']"
43056,,0.7,[],0,[]
63776,"M41L, M184V",0.5,"['M41L', 'M184V']",0,"['M41L', 'M184V']"
42570,,1.1,[],0,[]
21174,"M41L, D67N, K70R, M184V, T215F, K219Q",59.0,"['M41L', 'D67N', 'K70R', 'M184V', 'T215F', 'K219Q']",1,"['M41L', 'D67N', 'K70R', 'M184V', 'T215F', 'K219Q']"
39023,"M41L, M184V, L210W, T215Y",29.0,"['M41L', 'M184V', 'L210W', 'T215Y']",1,"['M41L', 'M184V', 'L210W', 'T215Y']"
63826,,1.0,[],0,[]
63852,"M41L, D67G, S68G, L74V, V75VA, M184V, L210W, T215Y, K219N",16.0,"['M41L', 'D67G', 'S68G', 'L74V', 'V75VA', 'M184V', 'L210W', 'T215Y', 'K219N']",1,"['M41L', 'D67G', 'S68G', 'L74V', 'M184V', 'L210W', 'T215Y', 'K219N']"
63712,,0.9,[],0,[]
59287,"M41L, L74V, M184V, L210W, T215Y",2.4,"['M41L', 'L74V', 'M184V', 'L210W', 'T215Y']",1,"['M41L', 'L74V', 'M184V', 'L210W', 'T215Y']"
43072,"M41L, L74I, M184V, L210W, T215Y",8.6,"['M41L', 'L74I', 'M184V', 'L210W', 'T215Y']",1,"['M41L', 'L74I', 'M184V', 'L210W', 'T215Y']"
43050,"M41L, A62V, T69D, V75T, L210W, T215Y",86.0,"['M41L', 'A62V', 'T69D', 'V75T', 'L210W', 'T215Y']",1,"['M41L', 'A62V', 'T69D', 'V75T', 'L210W', 'T215Y']"
43018,"L74V, Y115F, M184V, K219E",0.2,"['L74V', 'Y115F', 'M184V', 'K219E']",0,"['L74V', 'Y115F', 'M184V', 'K219E']"
42027,"S68N, K70T, L74V, V75T, Y115F, Q151M, M184V",8.5,"['S68N', 'K70T', 'L74V', 'V75T', 'Y115F', 'Q151M', 'M184V']",1,"['L74V', 'V75T', 'Y115F', 'Q151M', 'M184V']"
63858,"M41L, T215Y, K219R",25.0,"['M41L', 'T215Y', 'K219R']",1,"['M41L', 'T215Y', 'K219R']"
21675,"M41L, D67N, K70R, L74V, M184V, L210W, T215Y, K219E",11.0,"['M41L', 'D67N', 'K70R', 'L74V', 'M184V', 'L210W', 'T215Y', 'K219E']",1,"['M41L', 'D67N', 'K70R', 'L74V', 'M184V', 'L210W', 'T215Y', 'K219E']"
41189,"M41L, M184V, T215Y",5.3,"['M41L', 'M184V', 'T215Y']",1,"['M41L', 'M184V', 'T215Y']"
51395,"K65R, M184V",0.2,"['K65R', 'M184V']",0,"['K65R', 'M184V']"
60958,,0.7,[],0,[]
63732,"E44D, D67N, T69D, L210W, T215D",0.4,"['E44D', 'D67N', 'T69D', 'L210W', 'T215D']",0,"['E44D', 'D67N', 'T69D', 'L210W', 'T215D']"
48426,"D67DN, K70KR, M184MV",14.0,"['D67DN', 'K70KR', 'M184MV']",1,"['D67DN', 'K70KR', 'M184MV']"
38305,,0.9,[],0,[]
55459,,0.5,[],0,[]
55449,"D67N, K70R, T215F, K219E",677.0,"['D67N', 'K70R', 'T215F', 'K219E']",1,"['D67N', 'K70R', 'T215F', 'K219E']"
43038,"M41L, D67DN, M184V, L210W, T215Y, K219KN",23.0,"['M41L', 'D67DN', 'M184V', 'L210W', 'T215Y', 'K219KN']",1,"['M41L', 'D67DN', 'M184V', 'L210W', 'T215Y', 'K219KN']"
63786,"M41L, D67N, T69D, M184V, L210W, T215Y",2.7,"['M41L', 'D67N', 'T69D', 'M184V', 'L210W', 'T215Y']",1,"['M41L', 'D67N', 'T69D', 'M184V', 'L210W', 'T215Y']"
43032,,0.6,[],0,[]
43042,S68G,0.5,['S68G'],0,['S68G']
63738,"M41L, E44D, D67N, L74V, M184V, L210W, T215Y",3.4,"['M41L', 'E44D', 'D67N', 'L74V', 'M184V', 'L210W', 'T215Y']",1,"['M41L', 'E44D', 'D67N', 'L74V', 'M184V', 'L210W', 'T215Y']"
63728,"D67N, K70R, T215F, K219E",51.0,"['D67N', 'K70R', 'T215F', 'K219E']",1,"['D67N', 'K70R', 'T215F', 'K219E']"
34521,"D67G, S68G, K70R, M184V, T215V, K219E",6.6,"['D67G', 'S68G', 'K70R', 'M184V', 'T215V', 'K219E']",1,"['D67G', 'S68G', 'K70R', 'M184V', 'K219E']"
92196,"M41L, L74V, M184V, L210W, T215Y",13.0,"['M41L', 'L74V', 'M184V', 'L210W', 'T215Y']",1,"['M41L', 'L74V', 'M184V', 'L210W', 'T215Y']"
91781,"M41ML, A62AV, M184V, L210LW, T215Y",10.0,"['M41ML', 'A62AV', 'M184V', 'L210LW', 'T215Y']",1,"['M41ML', 'A62AV', 'M184V', 'L210LW', 'T215Y']"
92269,"D67N, T69D, K70R, M184V, T215F, K219Q",1.5,"['D67N', 'T69D', 'K70R', 'M184V', 'T215F', 'K219Q']",0,"['D67N', 'T69D', 'K70R', 'M184V', 'T215F', 'K219Q']"
91795,"M41L, D67N, L74I, V75T, M184V, L210W, T215Y, K219Q",31.0,"['M41L', 'D67N', 'L74I', 'V75T', 'M184V', 'L210W', 'T215Y', 'K219Q']",1,"['M41L', 'D67N', 'L74I', 'V75T', 'M184V', 'L210W', 'T215Y', 'K219Q']"
91811,"M41L, D67N, M184V, L210W, T215Y",23.0,"['M41L', 'D67N', 'M184V', 'L210W', 'T215Y']",1,"['M41L', 'D67N', 'M184V', 'L210W', 'T215Y']"
91867,"M41L, E44ED, M184V, L210W, T215F",69.0,"['M41L', 'E44ED', 'M184V', 'L210W', 'T215F']",1,"['M41L', 'E44ED', 'M184V', 'L210W', 'T215F']"
91879,"M41L, E44D, D67N, K70R, L74V, L210W, T215Y, K219E",12.0,"['M41L', 'E44D', 'D67N', 'K70R', 'L74V', 'L210W', 'T215Y', 'K219E']",1,"['M41L', 'E44D', 'D67N', 'K70R', 'L74V', 'L210W', 'T215Y', 'K219E']"
91807,"M41L, E44D, D67N, L210W, T215Y, K219N",1245.0,"['M41L', 'E44D', 'D67N', 'L210W', 'T215Y', 'K219N']",1,"['M41L', 'E44D', 'D67N', 'L210W', 'T215Y', 'K219N']"
92283,"M41L, D67N, K70R, L210W, T215Y, K219E",933.0,"['M41L', 'D67N', 'K70R', 'L210W', 'T215Y', 'K219E']",1,"['M41L', 'D67N', 'K70R', 'L210W', 'T215Y', 'K219E']"
92249,"M41L, D67N, L74V, M184V, L210W, T215Y",12.0,"['M41L', 'D67N', 'L74V', 'M184V', 'L210W', 'T215Y']",1,"['M41L', 'D67N', 'L74V', 'M184V', 'L210W', 'T215Y']"
91716,"M41L, D67N, T69D, L210W, T215Y",495.0,"['M41L', 'D67N', 'T69D', 'L210W', 'T215Y']",1,"['M41L', 'D67N', 'T69D', 'L210W', 'T215Y']"
91694,"M41L, D67N, K70G, L74I, V75T, T215F, K219Q",11.0,"['M41L', 'D67N', 'K70G', 'L74I', 'V75T', 'T215F', 'K219Q']",1,"['M41L', 'D67N', 'K70G', 'L74I', 'V75T', 'T215F', 'K219Q']"
91772,"M41L, D67GV, S68G, K70R, L74I, L210W, T215F, K219E",180.0,"['M41L', 'D67GV', 'S68G', 'K70R', 'L74I', 'L210W', 'T215F', 'K219E']",1,"['M41L', 'S68G', 'K70R', 'L74I', 'L210W', 'T215F', 'K219E']"
92172,"E40F, M41L, D67N, L74V, L210W, T215Y, K219N",44.0,"['E40F', 'M41L', 'D67N', 'L74V', 'L210W', 'T215Y', 'K219N']",1,"['M41L', 'D67N', 'L74V', 'L210W', 'T215Y', 'K219N']"
92202,"M41L, A62V, V75I, T215Y",11.0,"['M41L', 'A62V', 'V75I', 'T215Y']",1,"['M41L', 'A62V', 'V75I', 'T215Y']"
91831,"M41L, E44D, D67N, T69D, V75M, L210W, T215Y",343.0,"['M41L', 'E44D', 'D67N', 'T69D', 'V75M', 'L210W', 'T215Y']",1,"['M41L', 'E44D', 'D67N', 'T69D', 'V75M', 'L210W', 'T215Y']"
91698,"D67N, T215F",93.0,"['D67N', 'T215F']",1,"['D67N', 'T215F']"
91823,"M41L, L210W, T215Y",44.0,"['M41L', 'L210W', 'T215Y']",1,"['M41L', 'L210W', 'T215Y']"
91873,"M41L, M184MV, T215Y",4.2,"['M41L', 'M184MV', 'T215Y']",1,"['M41L', 'M184MV', 'T215Y']"
92271,"M41L, E44D, D67N, T69D, L74V, L210W, T215Y",54.0,"['M41L', 'E44D', 'D67N', 'T69D', 'L74V', 'L210W', 'T215Y']",1,"['M41L', 'E44D', 'D67N', 'T69D', 'L74V', 'L210W', 'T215Y']"
91750,"M41L, D67N, L210W, T215Y, K219R",401.0,"['M41L', 'D67N', 'L210W', 'T215Y', 'K219R']",1,"['M41L', 'D67N', 'L210W', 'T215Y', 'K219R']"
91799,"M41L, E44D, D67N, L74V, L210W, T215Y, K219N",21.0,"['M41L', 'E44D', 'D67N', 'L74V', 'L210W', 'T215Y', 'K219N']",1,"['M41L', 'E44D', 'D67N', 'L74V', 'L210W', 'T215Y', 'K219N']"
91847,"M41ML, D67N, T69D, K219R",0.9,"['M41ML', 'D67N', 'T69D', 'K219R']",0,"['M41ML', 'D67N', 'T69D', 'K219R']"
91742,"M41L, D67N, T69D, K70R, V75MT, T215F, K219Q",984.0,"['M41L', 'D67N', 'T69D', 'K70R', 'V75MT', 'T215F', 'K219Q']",1,"['M41L', 'D67N', 'T69D', 'K70R', 'T215F', 'K219Q']"
91901,"M41L, E44EAD, D67N, M184V, L210W, T215Y",30.0,"['M41L', 'E44EAD', 'D67N', 'M184V', 'L210W', 'T215Y']",1,"['M41L', 'D67N', 'M184V', 'L210W', 'T215Y']"
92294,"M41L, E44D, D67E, S68G, L74I, V75M, M184V, L210W, T215Y",50.0,"['M41L', 'E44D', 'D67E', 'S68G', 'L74I', 'V75M', 'M184V', 'L210W', 'T215Y']",1,"['M41L', 'E44D', 'S68G', 'L74I', 'V75M', 'M184V', 'L210W', 'T215Y']"
91913,"M41L, T215Y",12.0,"['M41L', 'T215Y']",1,"['M41L', 'T215Y']"
91728,"A62V, K65R, K70T, V75I, F77L, Y115F, F116Y, Q151M, M184V",984.0,"['A62V', 'K65R', 'K70T', 'V75I', 'F77L', 'Y115F', 'F116Y', 'Q151M', 'M184V']",1,"['A62V', 'K65R', 'V75I', 'F77L', 'Y115F', 'F116Y', 'Q151M', 'M184V']"
91885,"M41L, D67N, L74I, M184V, T215Y",4.3,"['M41L', 'D67N', 'L74I', 'M184V', 'T215Y']",1,"['M41L', 'D67N', 'L74I', 'M184V', 'T215Y']"
91785,"M41L, D67N, K70R, L74V, L210W, T215F, K219W",1433.0,"['M41L', 'D67N', 'K70R', 'L74V', 'L210W', 'T215F', 'K219W']",1,"['M41L', 'D67N', 'K70R', 'L74V', 'L210W', 'T215F']"
91917,,0.8,[],0,[]
91726,"M41L, D67N, T69D, K70R, T215F, K219Q",1245.0,"['M41L', 'D67N', 'T69D', 'K70R', 'T215F', 'K219Q']",1,"['M41L', 'D67N', 'T69D', 'K70R', 'T215F', 'K219Q']"
91859,"M41L, E44D, D67N, V75A, M184V, L210W, T215Y",11.0,"['M41L', 'E44D', 'D67N', 'V75A', 'M184V', 'L210W', 'T215Y']",1,"['M41L', 'E44D', 'D67N', 'M184V', 'L210W', 'T215Y']"
91708,,1.0,[],0,[]
91801,M184V,0.2,['M184V'],0,['M184V']
91887,"D67H, K70R, M184V, T215F, K219*E",13.0,"['D67H', 'K70R', 'M184V', 'T215F', 'K219*E']",1,"['K70R', 'M184V', 'T215F']"
91762,"M41L, D67N, V75M, L210W, T215Y",137.0,"['M41L', 'D67N', 'V75M', 'L210W', 'T215Y']",1,"['M41L', 'D67N', 'V75M', 'L210W', 'T215Y']"
92182,"M41L, E44ED, D67N, V75ILM, L210W, T215Y, K219R",174.0,"['M41L', 'E44ED', 'D67N', 'V75ILM', 'L210W', 'T215Y', 'K219R']",1,"['M41L', 'E44ED', 'D67N', 'L210W', 'T215Y', 'K219R']"
91776,,0.8,[],0,[]
91787,"M41L, A62V, V75I, T215Y",2.5,"['M41L', 'A62V', 'V75I', 'T215Y']",1,"['M41L', 'A62V', 'V75I', 'T215Y']"
92225,"M41L, S68G, M184V, T215Y",12.0,"['M41L', 'S68G', 'M184V', 'T215Y']",1,"['M41L', 'S68G', 'M184V', 'T215Y']"
92208,"D67N, S68N, L74V, T215Y, K219E",0.7,"['D67N', 'S68N', 'L74V', 'T215Y', 'K219E']",0,"['D67N', 'L74V', 'T215Y', 'K219E']"
91758,"D67DN, T215Y",7.2,"['D67DN', 'T215Y']",1,"['D67DN', 'T215Y']"
92178,"L74V, Y115F, M184V",1051.0,"['L74V', 'Y115F', 'M184V']",1,"['L74V', 'Y115F', 'M184V']"
91861,"K70KN, L74V, Y115F, Q151M, M184V, K219Q",3.4,"['K70KN', 'L74V', 'Y115F', 'Q151M', 'M184V', 'K219Q']",1,"['L74V', 'Y115F', 'Q151M', 'M184V', 'K219Q']"
91837,"D67N, L74IV, M184V, T215I, K219E",0.3,"['D67N', 'L74IV', 'M184V', 'T215I', 'K219E']",0,"['D67N', 'M184V', 'K219E']"
91738,"M41L, D67N, L210W, T215Y, K219N",34.0,"['M41L', 'D67N', 'L210W', 'T215Y', 'K219N']",1,"['M41L', 'D67N', 'L210W', 'T215Y', 'K219N']"
92233,"M41ML, E44ED, T69AD, L210LW, K219KR",214.0,"['M41ML', 'E44ED', 'T69AD', 'L210LW', 'K219KR']",1,"['M41ML', 'E44ED', 'L210LW', 'K219KR']"
92273,"M41L, E44D, D67S, T69T_VT, L210W, T215Y",942.0,"['M41L', 'E44D', 'D67S', 'T69T_VT', 'L210W', 'T215Y']",1,"['M41L', 'E44D', 'L210W', 'T215Y']"
91827,"M41L, D67DN, M184V, T215Y",1.7,"['M41L', 'D67DN', 'M184V', 'T215Y']",0,"['M41L', 'D67DN', 'M184V', 'T215Y']"
91905,"K65R, S68G, Q151M",2.9,"['K65R', 'S68G', 'Q151M']",1,"['K65R', 'S68G', 'Q151M']"
91911,"M41L, E44D, D67G, S68G, V75M, L210W, T215Y",164.0,"['M41L', 'E44D', 'D67G', 'S68G', 'V75M', 'L210W', 'T215Y']",1,"['M41L', 'E44D', 'D67G', 'S68G', 'V75M', 'L210W', 'T215Y']"
92287,"M41L, S68G, M184V, L210W, T215Y",32.0,"['M41L', 'S68G', 'M184V', 'L210W', 'T215Y']",1,"['M41L', 'S68G', 'M184V', 'L210W', 'T215Y']"
92265,"M41L, D67N, L210W, T215Y",100.0,"['M41L', 'D67N', 'L210W', 'T215Y']",1,"['M41L', 'D67N', 'L210W', 'T215Y']"
92192,"M41L, M184V, L210W, T215Y, K219E",1.2,"['M41L', 'M184V', 'L210W', 'T215Y', 'K219E']",0,"['M41L', 'M184V', 'L210W', 'T215Y', 'K219E']"
91791,"M41L, K65KE, L74V, M184V, T215Y",1.9,"['M41L', 'K65KE', 'L74V', 'M184V', 'T215Y']",1,"['M41L', 'L74V', 'M184V', 'T215Y']"
91754,"M41L, L74V, M184V, L210W, T215Y",1.1,"['M41L', 'L74V', 'M184V', 'L210W', 'T215Y']",0,"['M41L', 'L74V', 'M184V', 'L210W', 'T215Y']"
91897,"D67N, K70R, T215F, K219Q",360.0,"['D67N', 'K70R', 'T215F', 'K219Q']",1,"['D67N', 'K70R', 'T215F', 'K219Q']"
92200,"D67N, K70R, K219Q",14.0,"['D67N', 'K70R', 'K219Q']",1,"['D67N', 'K70R', 'K219Q']"
91734,T215Y,2.5,['T215Y'],1,['T215Y']
92174,"M41L, E44D, D67N, T69DN, K70R, L74I, L210W, T215F, K219Q",58.0,"['M41L', 'E44D', 'D67N', 'T69DN', 'K70R', 'L74I', 'L210W', 'T215F', 'K219Q']",1,"['M41L', 'E44D', 'D67N', 'K70R', 'L74I', 'L210W', 'T215F', 'K219Q']"
91748,"M41L, D67N, L210W, T215Y, K219R",414.0,"['M41L', 'D67N', 'L210W', 'T215Y', 'K219R']",1,"['M41L', 'D67N', 'L210W', 'T215Y', 'K219R']"
92277,"M41L, E44A, D67N, T69D, V75M, M184V, L210W, T215Y",40.0,"['M41L', 'E44A', 'D67N', 'T69D', 'V75M', 'M184V', 'L210W', 'T215Y']",1,"['M41L', 'E44A', 'D67N', 'T69D', 'V75M', 'M184V', 'L210W', 'T215Y']"
91817,"M41ML, D67N, T69DY, K70R, M184V, T215F, K219Q",2.9,"['M41ML', 'D67N', 'T69DY', 'K70R', 'M184V', 'T215F', 'K219Q']",1,"['M41ML', 'D67N', 'K70R', 'M184V', 'T215F', 'K219Q']"
91863,M184MV,0.4,['M184MV'],0,['M184MV']
92241,"M41L, D67N, L74V, M184V, L210W, T215Y, K219N",15.0,"['M41L', 'D67N', 'L74V', 'M184V', 'L210W', 'T215Y', 'K219N']",1,"['M41L', 'D67N', 'L74V', 'M184V', 'L210W', 'T215Y', 'K219N']"
91712,"M41L, M184V, L210W, T215Y",9.7,"['M41L', 'M184V', 'L210W', 'T215Y']",1,"['M41L', 'M184V', 'L210W', 'T215Y']"
92229,"S68G, F116Y, Q151M, M184V",7.3,"['S68G', 'F116Y', 'Q151M', 'M184V']",1,"['S68G', 'F116Y', 'Q151M', 'M184V']"
91704,"D67N, K70GR, L74LV, T215I, K219E",1.0,"['D67N', 'K70GR', 'L74LV', 'T215I', 'K219E']",0,"['D67N', 'L74LV', 'K219E']"
91821,"K65KR, S68G, K70R, V75I, F77L, Y115F, F116Y, Q151M, K219E",429.0,"['K65KR', 'S68G', 'K70R', 'V75I', 'F77L', 'Y115F', 'F116Y', 'Q151M', 'K219E']",1,"['S68G', 'K70R', 'V75I', 'F77L', 'Y115F', 'F116Y', 'Q151M', 'K219E']"
91702,,1.0,[],0,[]
91853,"M41L, E44A, D67N, L74I, V75M, M184V, L210W, T215Y, K219KN",4.0,"['M41L', 'E44A', 'D67N', 'L74I', 'V75M', 'M184V', 'L210W', 'T215Y', 'K219KN']",1,"['M41L', 'E44A', 'D67N', 'L74I', 'V75M', 'M184V', 'L210W', 'T215Y', 'K219KN']"
92216,"D67N, T69D, K70R, L74V, M184V, K219Q",0.5,"['D67N', 'T69D', 'K70R', 'L74V', 'M184V', 'K219Q']",0,"['D67N', 'T69D', 'K70R', 'L74V', 'M184V', 'K219Q']"
91919,"A62V, T69T_T, V75T",1.0,"['A62V', 'T69T_T', 'V75T']",0,"['A62V', 'V75T']"
91779,"D67N, K70R, T215F, K219E",16.0,"['D67N', 'K70R', 'T215F', 'K219E']",1,"['D67N', 'K70R', 'T215F', 'K219E']"
91825,"M41L, D67N, L210W, T215Y, K219KN",298.0,"['M41L', 'D67N', 'L210W', 'T215Y', 'K219KN']",1,"['M41L', 'D67N', 'L210W', 'T215Y', 'K219KN']"
91903,"M41L, E44ED, L74V, M184V, L210LW, T215Y",1.6,"['M41L', 'E44ED', 'L74V', 'M184V', 'L210LW', 'T215Y']",0,"['M41L', 'E44ED', 'L74V', 'M184V', 'L210LW', 'T215Y']"
91696,"M41L, T69S_SS, L210W, T215Y",1349.0,"['M41L', 'T69S_SS', 'L210W', 'T215Y']",1,"['M41L', 'L210W', 'T215Y']"
91764,"M41L, D67N, V75M, L210W, T215Y",270.0,"['M41L', 'D67N', 'V75M', 'L210W', 'T215Y']",1,"['M41L', 'D67N', 'V75M', 'L210W', 'T215Y']"
92204,"M41L, D67N, L74V, L210W, T215Y, K219R",201.0,"['M41L', 'D67N', 'L74V', 'L210W', 'T215Y', 'K219R']",1,"['M41L', 'D67N', 'L74V', 'L210W', 'T215Y', 'K219R']"
91700,"D67N, K70R, K219Q",14.0,"['D67N', 'K70R', 'K219Q']",1,"['D67N', 'K70R', 'K219Q']"
91895,"M41L, E44D, D67N, M184V, L210W, T215Y, K219N",55.0,"['M41L', 'E44D', 'D67N', 'M184V', 'L210W', 'T215Y', 'K219N']",1,"['M41L', 'E44D', 'D67N', 'M184V', 'L210W', 'T215Y', 'K219N']"
92279,"M41L, D67N, L210LW, T215Y, K219R",542.0,"['M41L', 'D67N', 'L210LW', 'T215Y', 'K219R']",1,"['M41L', 'D67N', 'L210LW', 'T215Y', 'K219R']"
91813,"M41L, D67N, T69D, K70R, V75M, T215Y, K219Q",48.0,"['M41L', 'D67N', 'T69D', 'K70R', 'V75M', 'T215Y', 'K219Q']",1,"['M41L', 'D67N', 'T69D', 'K70R', 'V75M', 'T215Y', 'K219Q']"
91833,"M41L, E44D, D67N, T69D, V75M, L210W, T215Y",106.0,"['M41L', 'E44D', 'D67N', 'T69D', 'V75M', 'L210W', 'T215Y']",1,"['M41L', 'E44D', 'D67N', 'T69D', 'V75M', 'L210W', 'T215Y']"
92231,"E40F, M41L, T69D, V75M, L210W, T215Y",1421.0,"['E40F', 'M41L', 'T69D', 'V75M', 'L210W', 'T215Y']",1,"['M41L', 'T69D', 'V75M', 'L210W', 'T215Y']"
91740,,1.2,[],0,[]
91877,T215Y,10.0,['T215Y'],1,['T215Y']
91746,"M41L, L74V, V75S, M184V, T215Y",80.0,"['M41L', 'L74V', 'V75S', 'M184V', 'T215Y']",1,"['M41L', 'L74V', 'M184V', 'T215Y']"
92255,"M41L, L74V, V75S, M184V, T215Y",3.7,"['M41L', 'L74V', 'V75S', 'M184V', 'T215Y']",1,"['M41L', 'L74V', 'M184V', 'T215Y']"
92180,"D67N, K70R, M184V, T215V, K219Q",24.0,"['D67N', 'K70R', 'M184V', 'T215V', 'K219Q']",1,"['D67N', 'K70R', 'M184V', 'K219Q']"
92289,"M41L, L74LFI, V75VI, L210W, T215Y",37.0,"['M41L', 'L74LFI', 'V75VI', 'L210W', 'T215Y']",1,"['M41L', 'L210W', 'T215Y']"
92292,"M41L, E44A, D67N, T69D, L210W, T215Y",672.0,"['M41L', 'E44A', 'D67N', 'T69D', 'L210W', 'T215Y']",1,"['M41L', 'E44A', 'D67N', 'T69D', 'L210W', 'T215Y']"
92221,"M41L, D67N, L210W, T215Y",141.0,"['M41L', 'D67N', 'L210W', 'T215Y']",1,"['M41L', 'D67N', 'L210W', 'T215Y']"
91915,M41L,8.4,['M41L'],1,['M41L']
91907,"M41L, D67N, L74V, L210W, T215Y, K219N",9.3,"['M41L', 'D67N', 'L74V', 'L210W', 'T215Y', 'K219N']",1,"['M41L', 'D67N', 'L74V', 'L210W', 'T215Y', 'K219N']"
91883,"D67N, L74LV, L210LW, T215NY, K219N",13.0,"['D67N', 'L74LV', 'L210LW', 'T215NY', 'K219N']",1,"['D67N', 'L74LV', 'L210LW', 'K219N']"
91789,"M41L, D67N, T69D, L210W, T215Y, K219R",942.0,"['M41L', 'D67N', 'T69D', 'L210W', 'T215Y', 'K219R']",1,"['M41L', 'D67N', 'T69D', 'L210W', 'T215Y', 'K219R']"
91774,"A62V, K65R, D67N, S68G, V75I, F77L, Y115F, F116Y, Q151M, K219E",1109.0,"['A62V', 'K65R', 'D67N', 'S68G', 'V75I', 'F77L', 'Y115F', 'F116Y', 'Q151M', 'K219E']",1,"['A62V', 'K65R', 'D67N', 'S68G', 'V75I', 'F77L', 'Y115F', 'F116Y', 'Q151M', 'K219E']"
92198,"M41L, M184V, T215Y",15.0,"['M41L', 'M184V', 'T215Y']",1,"['M41L', 'M184V', 'T215Y']"
92251,"M41L, E44D, D67N, L74LV, M184V, L210W, T215Y, K219N",114.0,"['M41L', 'E44D', 'D67N', 'L74LV', 'M184V', 'L210W', 'T215Y', 'K219N']",1,"['M41L', 'E44D', 'D67N', 'L74LV', 'M184V', 'L210W', 'T215Y', 'K219N']"
92186,,0.8,[],0,[]
91710,"M41L, L210W, T215Y",299.0,"['M41L', 'L210W', 'T215Y']",1,"['M41L', 'L210W', 'T215Y']"
91891,"M41L, D67DN, M184V, L210W, T215Y",5.7,"['M41L', 'D67DN', 'M184V', 'L210W', 'T215Y']",1,"['M41L', 'D67DN', 'M184V', 'L210W', 'T215Y']"
91730,"M41L, E44D, T69D, L210W, T215Y, K219R",827.0,"['M41L', 'E44D', 'T69D', 'L210W', 'T215Y', 'K219R']",1,"['M41L', 'E44D', 'T69D', 'L210W', 'T215Y', 'K219R']"
92261,"D67N, K70R, M184V, T215F, K219Q",27.0,"['D67N', 'K70R', 'M184V', 'T215F', 'K219Q']",1,"['D67N', 'K70R', 'M184V', 'T215F', 'K219Q']"
92247,"M41L, M184V, L210W, T215Y",5.4,"['M41L', 'M184V', 'L210W', 'T215Y']",1,"['M41L', 'M184V', 'L210W', 'T215Y']"
92206,"M41L, M184V, L210W, T215Y",5.0,"['M41L', 'M184V', 'L210W', 'T215Y']",1,"['M41L', 'M184V', 'L210W', 'T215Y']"
92237,"M41L, E44D, D67N, T69D, M184V, L210W, T215Y, K219KR",78.0,"['M41L', 'E44D', 'D67N', 'T69D', 'M184V', 'L210W', 'T215Y', 'K219KR']",1,"['M41L', 'E44D', 'D67N', 'T69D', 'M184V', 'L210W', 'T215Y', 'K219KR']"
91819,"M41L, E44D, D67N, L74I, V75A, M184V, L210L*W, T215Y",211.0,"['M41L', 'E44D', 'D67N', 'L74I', 'V75A', 'M184V', 'L210L*W', 'T215Y']",1,"['M41L', 'E44D', 'D67N', 'L74I', 'M184V', 'T215Y']"
91845,"D67N, K70G, T215F, K219Q",0.8,"['D67N', 'K70G', 'T215F', 'K219Q']",0,"['D67N', 'K70G', 'T215F', 'K219Q']"
91865,"M41L, E44D, D67N, L74V, T215Y",17.0,"['M41L', 'E44D', 'D67N', 'L74V', 'T215Y']",1,"['M41L', 'E44D', 'D67N', 'L74V', 'T215Y']"
91736,M184V,0.7,['M184V'],0,['M184V']
92285,"M41L, S68G, M184V, L210W, T215Y",24.0,"['M41L', 'S68G', 'M184V', 'L210W', 'T215Y']",1,"['M41L', 'S68G', 'M184V', 'L210W', 'T215Y']"
91839,"M41L, T69T_ST, V75M, M184V, T215Y",69.0,"['M41L', 'T69T_ST', 'V75M', 'M184V', 'T215Y']",1,"['M41L', 'V75M', 'M184V', 'T215Y']"
92218,"M41L, M184V, L210W, T215Y",22.0,"['M41L', 'M184V', 'L210W', 'T215Y']",1,"['M41L', 'M184V', 'L210W', 'T215Y']"
91855,"T69G_SG, V75M, M184V, T215F",312.0,"['T69G_SG', 'V75M', 'M184V', 'T215F']",1,"['V75M', 'M184V', 'T215F']"
91881,"M41L, E44D, D67N, K70R, L74V, L210W, T215Y, K219E",5.4,"['M41L', 'E44D', 'D67N', 'K70R', 'L74V', 'L210W', 'T215Y', 'K219E']",1,"['M41L', 'E44D', 'D67N', 'K70R', 'L74V', 'L210W', 'T215Y', 'K219E']"
92190,T215Y,7.4,['T215Y'],1,['T215Y']
92239,"M41L, E44D, D67N, T69D, M184V, L210W, T215Y, K219KR",7.0,"['M41L', 'E44D', 'D67N', 'T69D', 'M184V', 'L210W', 'T215Y', 'K219KR']",1,"['M41L', 'E44D', 'D67N', 'T69D', 'M184V', 'L210W', 'T215Y', 'K219KR']"
92227,"M41L, E44D, D67N, T69D, L74V, F77FL, M184V, L210W, T215Y",4.6,"['M41L', 'E44D', 'D67N', 'T69D', 'L74V', 'F77FL', 'M184V', 'L210W', 'T215Y']",1,"['M41L', 'E44D', 'D67N', 'T69D', 'L74V', 'M184V', 'L210W', 'T215Y']"
91724,"M41L, L210LW, T215Y",57.0,"['M41L', 'L210LW', 'T215Y']",1,"['M41L', 'L210LW', 'T215Y']"
91805,"D67N, K70R, L74V, Y115F, M184V, K219E",0.5,"['D67N', 'K70R', 'L74V', 'Y115F', 'M184V', 'K219E']",0,"['D67N', 'K70R', 'L74V', 'Y115F', 'M184V', 'K219E']"
91857,"M41L, E44D, D67N, M184V, L210W, T215Y",5.1,"['M41L', 'E44D', 'D67N', 'M184V', 'L210W', 'T215Y']",1,"['M41L', 'E44D', 'D67N', 'M184V', 'L210W', 'T215Y']"
92188,T215Y,6.5,['T215Y'],1,['T215Y']
92223,"M41L, L74V, Y115F, M184V, T215Y, K219E",0.8,"['M41L', 'L74V', 'Y115F', 'M184V', 'T215Y', 'K219E']",0,"['M41L', 'L74V', 'Y115F', 'M184V', 'T215Y', 'K219E']"
91714,"L74V, M184V",0.3,"['L74V', 'M184V']",0,"['L74V', 'M184V']"
91809,"M41L, M184V, T215CY",1.4,"['M41L', 'M184V', 'T215CY']",0,"['M41L', 'M184V']"
91841,"M41L, E44D, D67N, L210W, T215Y",892.0,"['M41L', 'E44D', 'D67N', 'L210W', 'T215Y']",1,"['M41L', 'E44D', 'D67N', 'L210W', 'T215Y']"
91756,"A62V, D67DG, T69DN, K70KN, V75T, M184V",0.5,"['A62V', 'D67DG', 'T69DN', 'K70KN', 'V75T', 'M184V']",0,"['A62V', 'V75T', 'M184V']"
91889,"D67N, K70KR, T215TI, K219Q",31.0,"['D67N', 'K70KR', 'T215TI', 'K219Q']",1,"['D67N', 'K70KR', 'K219Q']"
91720,"M41L, A62V, T69S_SS, M184I, L210W, T215Y",17.0,"['M41L', 'A62V', 'T69S_SS', 'M184I', 'L210W', 'T215Y']",1,"['M41L', 'A62V', 'M184I', 'L210W', 'T215Y']"
91851,"D67N, K70R, M184V, T215I, K219E",1.0,"['D67N', 'K70R', 'M184V', 'T215I', 'K219E']",0,"['D67N', 'K70R', 'M184V', 'K219E']"
91815,"M41L, D67N, K70R, L210W, T215F, K219Q",1296.0,"['M41L', 'D67N', 'K70R', 'L210W', 'T215F', 'K219Q']",1,"['M41L', 'D67N', 'K70R', 'L210W', 'T215F', 'K219Q']"
92235,"M41L, L74V, M184V, L210W, T215Y",3.3,"['M41L', 'L74V', 'M184V', 'L210W', 'T215Y']",1,"['M41L', 'L74V', 'M184V', 'L210W', 'T215Y']"
91718,,0.8,[],0,[]
91797,"A62V, D67N, V75I, F116FY, T215NY, K219Q",6.3,"['A62V', 'D67N', 'V75I', 'F116FY', 'T215NY', 'K219Q']",1,"['A62V', 'D67N', 'V75I', 'K219Q']"
91706,"M41L, D67N, T69D, K70R, M184V, T215F, K219Q",6.9,"['M41L', 'D67N', 'T69D', 'K70R', 'M184V', 'T215F', 'K219Q']",1,"['M41L', 'D67N', 'T69D', 'K70R', 'M184V', 'T215F', 'K219Q']"
91752,"D67N, K70R, L74LV, K219Q",47.0,"['D67N', 'K70R', 'L74LV', 'K219Q']",1,"['D67N', 'K70R', 'L74LV', 'K219Q']"
92259,"M41L, E44D, D67N, T69D, L74LI, V75A, M184V, L210W, T215Y",12.0,"['M41L', 'E44D', 'D67N', 'T69D', 'L74LI', 'V75A', 'M184V', 'L210W', 'T215Y']",1,"['M41L', 'E44D', 'D67N', 'T69D', 'L74LI', 'M184V', 'L210W', 'T215Y']"
92210,"M41L, D67N, T69D, K70R, L74V, V75T, T215F, K219Q",12.0,"['M41L', 'D67N', 'T69D', 'K70R', 'L74V', 'V75T', 'T215F', 'K219Q']",1,"['M41L', 'D67N', 'T69D', 'K70R', 'L74V', 'V75T', 'T215F', 'K219Q']"
92267,"M41L, E44ED, D67G, T69D, V75M, M184MV, L210W, T215Y, K219R",242.0,"['M41L', 'E44ED', 'D67G', 'T69D', 'V75M', 'M184MV', 'L210W', 'T215Y', 'K219R']",1,"['M41L', 'E44ED', 'D67G', 'T69D', 'V75M', 'M184MV', 'L210W', 'T215Y', 'K219R']"
92176,T215L,0.9,['T215L'],0,[]
91732,"M41L, E44D, T69D, M184V, L210W, T215Y, K219R",307.0,"['M41L', 'E44D', 'T69D', 'M184V', 'L210W', 'T215Y', 'K219R']",1,"['M41L', 'E44D', 'T69D', 'M184V', 'L210W', 'T215Y', 'K219R']"
91869,"M41L, E44ED, L210W, T215F",413.0,"['M41L', 'E44ED', 'L210W', 'T215F']",1,"['M41L', 'E44ED', 'L210W', 'T215F']"
91899,"M41L, E44EAD, D67N, M184V, L210W, T215Y",57.0,"['M41L', 'E44EAD', 'D67N', 'M184V', 'L210W', 'T215Y']",1,"['M41L', 'D67N', 'M184V', 'L210W', 'T215Y']"
92184,"D67N, K70R, T215F, K219Q",37.0,"['D67N', 'K70R', 'T215F', 'K219Q']",1,"['D67N', 'K70R', 'T215F', 'K219Q']"
92275,"M41L, D67N, T69D, K70R, L74I, V75T, L210LW, T215F, K219Q",64.0,"['M41L', 'D67N', 'T69D', 'K70R', 'L74I', 'V75T', 'L210LW', 'T215F', 'K219Q']",1,"['M41L', 'D67N', 'T69D', 'K70R', 'L74I', 'V75T', 'L210LW', 'T215F', 'K219Q']"
125417,E44D,0.6,['E44D'],0,['E44D']
128485,,0.7,[],0,[]
183806,"M41L, T215D",0.7,"['M41L', 'T215D']",0,"['M41L', 'T215D']"
183803,S68G,0.3,['S68G'],0,['S68G']
183800,"M41L, T215Y",1.0,"['M41L', 'T215Y']",0,"['M41L', 'T215Y']"
183798,"M41L, L74V, M184V, T215Y",1.8,"['M41L', 'L74V', 'M184V', 'T215Y']",0,"['M41L', 'L74V', 'M184V', 'T215Y']"
183801,,0.8,[],0,[]
183799,"M41L, D67G, L74I, M184V, T215Y",30.0,"['M41L', 'D67G', 'L74I', 'M184V', 'T215Y']",1,"['M41L', 'D67G', 'L74I', 'M184V', 'T215Y']"
183804,"M41L, T215F",19.0,"['M41L', 'T215F']",1,"['M41L', 'T215F']"
183802,"K70R, M184V, T215F",2.6,"['K70R', 'M184V', 'T215F']",1,"['K70R', 'M184V', 'T215F']"
183808,"M41L, L210W, T215Y",665.0,"['M41L', 'L210W', 'T215Y']",1,"['M41L', 'L210W', 'T215Y']"
183805,"M41L, E44D, D67N, T69D, L74I, L210W, T215Y",2400.0,"['M41L', 'E44D', 'D67N', 'T69D', 'L74I', 'L210W', 'T215Y']",1,"['M41L', 'E44D', 'D67N', 'T69D', 'L74I', 'L210W', 'T215Y']"
184293,K70~,0.2,['K70~'],0,[]
184294,"K70~, Q151M",2.3,"['K70~', 'Q151M']",1,['Q151M']
184295,"K70~, L74V",2.0,"['K70~', 'L74V']",1,['L74V']
184292,Q151M,2.9,['Q151M'],1,['Q151M']
184296,L74V,0.5,['L74V'],0,['L74V']
184297,,1.0,[],0,[]
184306,M184V,0.9,['M184V'],0,['M184V']
184309,,1.0,[],0,[]
184305,M184I,0.6,['M184I'],0,['M184I']
184308,M184V,0.5,['M184V'],0,['M184V']
184304,,1.5,[],0,[]
184307,M184I,0.4,['M184I'],0,['M184I']
184320,"M41L, D67N, K70R, M184V, T215F, K219Q",385.0,"['M41L', 'D67N', 'K70R', 'M184V', 'T215F', 'K219Q']",1,"['M41L', 'D67N', 'K70R', 'M184V', 'T215F', 'K219Q']"
184326,"M41L, D67G, K70R, L74I, M184V, T215F, K219Q",3.1,"['M41L', 'D67G', 'K70R', 'L74I', 'M184V', 'T215F', 'K219Q']",1,"['M41L', 'D67G', 'K70R', 'L74I', 'M184V', 'T215F', 'K219Q']"
184319,"D67N, K70R",50.0,"['D67N', 'K70R']",1,"['D67N', 'K70R']"
184318,"D67N, K70R, T215E, K219Q",435.0,"['D67N', 'K70R', 'T215E', 'K219Q']",1,"['D67N', 'K70R', 'K219Q']"
184323,"M41L, D67N, T69D, V75T, L210W, T215Y",26.0,"['M41L', 'D67N', 'T69D', 'V75T', 'L210W', 'T215Y']",1,"['M41L', 'D67N', 'T69D', 'V75T', 'L210W', 'T215Y']"
184321,"M41L, D67N, K70R, M184V, T215F, K219Q",448.0,"['M41L', 'D67N', 'K70R', 'M184V', 'T215F', 'K219Q']",1,"['M41L', 'D67N', 'K70R', 'M184V', 'T215F', 'K219Q']"
184327,"M41L, D67G, K70R, L74I, M184V, T215F, K219Q",3.3,"['M41L', 'D67G', 'K70R', 'L74I', 'M184V', 'T215F', 'K219Q']",1,"['M41L', 'D67G', 'K70R', 'L74I', 'M184V', 'T215F', 'K219Q']"
184324,"D67N, K70R, L74I, M184V, T215F, K219Q",6.7,"['D67N', 'K70R', 'L74I', 'M184V', 'T215F', 'K219Q']",1,"['D67N', 'K70R', 'L74I', 'M184V', 'T215F', 'K219Q']"
184325,"D67N, K70R, M184V, T215F, K219Q",1.9,"['D67N', 'K70R', 'M184V', 'T215F', 'K219Q']",1,"['D67N', 'K70R', 'M184V', 'T215F', 'K219Q']"
184328,"D67N, K70R, K219Q",152.0,"['D67N', 'K70R', 'K219Q']",1,"['D67N', 'K70R', 'K219Q']"
184329,"D67N, K70R, K219Q",80.0,"['D67N', 'K70R', 'K219Q']",1,"['D67N', 'K70R', 'K219Q']"
184322,"M41L, D67N, T69D, V75T, L210W, T215Y",114.0,"['M41L', 'D67N', 'T69D', 'V75T', 'L210W', 'T215Y']",1,"['M41L', 'D67N', 'T69D', 'V75T', 'L210W', 'T215Y']"
96320,"M41ML, D67N, M184MIV, T215F, K219Q",1.5,"['M41ML', 'D67N', 'M184MIV', 'T215F', 'K219Q']",0,"['M41ML', 'D67N', 'T215F', 'K219Q']"
122671,"M41ML, L74LI, M184MV, L210LW, T215SY",1.8,"['M41ML', 'L74LI', 'M184MV', 'L210LW', 'T215SY']",0,"['M41ML', 'L74LI', 'M184MV', 'L210LW']"
135157,"L74LI, M184V",0.3,"['L74LI', 'M184V']",0,"['L74LI', 'M184V']"
95241,"D67G, K70R, T215I, K219Q",118.0,"['D67G', 'K70R', 'T215I', 'K219Q']",1,"['D67G', 'K70R', 'K219Q']"
68581,"M41L, D67N, L74V, M184V, L210W, T215Y, K219Q",3.6,"['M41L', 'D67N', 'L74V', 'M184V', 'L210W', 'T215Y', 'K219Q']",1,"['M41L', 'D67N', 'L74V', 'M184V', 'L210W', 'T215Y', 'K219Q']"
184271,"M41L, D67N, T69D, M184V, L210W, T215F",4.9,"['M41L', 'D67N', 'T69D', 'M184V', 'L210W', 'T215F']",1,"['M41L', 'D67N', 'T69D', 'M184V', 'L210W', 'T215F']"
70969,"M41L, D67N, L74LI, M184V, L210W, T215Y, K219N",54.0,"['M41L', 'D67N', 'L74LI', 'M184V', 'L210W', 'T215Y', 'K219N']",1,"['M41L', 'D67N', 'L74LI', 'M184V', 'L210W', 'T215Y', 'K219N']"
95064,"M41L, M184V, L210W, T215Y",83.0,"['M41L', 'M184V', 'L210W', 'T215Y']",1,"['M41L', 'M184V', 'L210W', 'T215Y']"
95836,"M41L, E44A, D67N, V75M, F77L, M184V, L210W, T215Y, K219Q",18.0,"['M41L', 'E44A', 'D67N', 'V75M', 'F77L', 'M184V', 'L210W', 'T215Y', 'K219Q']",1,"['M41L', 'E44A', 'D67N', 'V75M', 'F77L', 'M184V', 'L210W', 'T215Y', 'K219Q']"
88725,M184MV,0.5,['M184MV'],0,['M184MV']
125012,,0.6,[],0,[]
84914,"M41L, E44D, T69D, L210W, T215Y, K219R",2400.0,"['M41L', 'E44D', 'T69D', 'L210W', 'T215Y', 'K219R']",1,"['M41L', 'E44D', 'T69D', 'L210W', 'T215Y', 'K219R']"
50903,"M41L, E44ED, D67N, L74LI, M184MV, L210W, T215Y, K219KN",85.0,"['M41L', 'E44ED', 'D67N', 'L74LI', 'M184MV', 'L210W', 'T215Y', 'K219KN']",1,"['M41L', 'E44ED', 'D67N', 'L74LI', 'M184MV', 'L210W', 'T215Y', 'K219KN']"
88793,,0.7,[],0,[]
92511,M184V,0.9,['M184V'],0,['M184V']
127370,,1.1,[],0,[]
127344,,0.5,[],0,[]
166050,"T69D, M184V",0.4,"['T69D', 'M184V']",0,"['T69D', 'M184V']"
59233,"M41L, D67N, L74I, V75T, M184V, L210W, T215Y",7.0,"['M41L', 'D67N', 'L74I', 'V75T', 'M184V', 'L210W', 'T215Y']",1,"['M41L', 'D67N', 'L74I', 'V75T', 'M184V', 'L210W', 'T215Y']"
177176,,1.0,[],0,[]
88779,"M184MIV, T215TI",0.4,"['M184MIV', 'T215TI']",0,[]
86056,"D67G, S68G, K70R, M184V, L210W, T215F, K219W",2400.0,"['D67G', 'S68G', 'K70R', 'M184V', 'L210W', 'T215F', 'K219W']",1,"['D67G', 'S68G', 'K70R', 'M184V', 'L210W', 'T215F']"
125028,"K70R, M184V",1.8,"['K70R', 'M184V']",0,"['K70R', 'M184V']"
70951,"E40F, M41L, D67N, L74LI, L210W, T215Y, K219N",5.6,"['E40F', 'M41L', 'D67N', 'L74LI', 'L210W', 'T215Y', 'K219N']",1,"['M41L', 'D67N', 'L74LI', 'L210W', 'T215Y', 'K219N']"
151302,"M184V, T215Y",3.9,"['M184V', 'T215Y']",1,"['M184V', 'T215Y']"
87354,"M41L, E44D, A62V, D67N, V75I, L210W, K219N",250.0,"['M41L', 'E44D', 'A62V', 'D67N', 'V75I', 'L210W', 'K219N']",1,"['M41L', 'E44D', 'A62V', 'D67N', 'V75I', 'L210W', 'K219N']"
96356,"M41L, E44D, L74IV, M184V, L210W, T215Y, K219R",21.0,"['M41L', 'E44D', 'L74IV', 'M184V', 'L210W', 'T215Y', 'K219R']",1,"['M41L', 'E44D', 'M184V', 'L210W', 'T215Y', 'K219R']"
71557,"M41L, E44D, D67DN, L74LV, M184V, L210LW, T215Y, K219KN",4.6,"['M41L', 'E44D', 'D67DN', 'L74LV', 'M184V', 'L210LW', 'T215Y', 'K219KN']",1,"['M41L', 'E44D', 'D67DN', 'L74LV', 'M184V', 'L210LW', 'T215Y', 'K219KN']"
69023,"K65R, M184MV",0.2,"['K65R', 'M184MV']",0,"['K65R', 'M184MV']"
122799,,1.5,[],0,[]
124523,"D67N, K70R, K219E",39.0,"['D67N', 'K70R', 'K219E']",1,"['D67N', 'K70R', 'K219E']"
88803,M184V,1.1,['M184V'],0,['M184V']
92373,"M41L, E44D, D67N, T69D, M184V, L210W, T215Y, K219R",63.0,"['M41L', 'E44D', 'D67N', 'T69D', 'M184V', 'L210W', 'T215Y', 'K219R']",1,"['M41L', 'E44D', 'D67N', 'T69D', 'M184V', 'L210W', 'T215Y', 'K219R']"
177180,"A62V, K65R, M184V",1.3,"['A62V', 'K65R', 'M184V']",0,"['A62V', 'K65R', 'M184V']"
95812,"K70KR, M184V",1.3,"['K70KR', 'M184V']",0,"['K70KR', 'M184V']"
184310,,1.1,[],0,[]
88743,,1.8,[],0,[]
184267,,1.4,[],0,[]
96408,"M41L, D67N, K70R, M184V, T215F, K219Q",55.0,"['M41L', 'D67N', 'K70R', 'M184V', 'T215F', 'K219Q']",1,"['M41L', 'D67N', 'K70R', 'M184V', 'T215F', 'K219Q']"
95844,"D67N, K70R, T215F, K219Q",188.0,"['D67N', 'K70R', 'T215F', 'K219Q']",1,"['D67N', 'K70R', 'T215F', 'K219Q']"
122651,"M41L, S68G, L210W, T215F",217.0,"['M41L', 'S68G', 'L210W', 'T215F']",1,"['M41L', 'S68G', 'L210W', 'T215F']"
88749,,1.7,[],0,[]
122782,"M41L, M184V, T215Y",6.8,"['M41L', 'M184V', 'T215Y']",1,"['M41L', 'M184V', 'T215Y']"
95822,M184V,0.3,['M184V'],0,['M184V']
96442,,0.7,[],0,[]
185096,,0.9,[],0,[]
195307,"A62AV, M184V",0.4,"['A62AV', 'M184V']",0,"['A62AV', 'M184V']"
185948,"L74V, M184V",0.3,"['L74V', 'M184V']",0,"['L74V', 'M184V']"
185950,"D67N, K70R, M184V, K219Q",3.9,"['D67N', 'K70R', 'M184V', 'K219Q']",1,"['D67N', 'K70R', 'M184V', 'K219Q']"
184254,M184MV,0.6,['M184MV'],0,['M184MV']
151290,"K65R, M184V, T215S, K219KN",0.3,"['K65R', 'M184V', 'T215S', 'K219KN']",0,"['K65R', 'M184V', 'K219KN']"
184262,"M41L, T69D, M184V, L210W, T215Y",5.1,"['M41L', 'T69D', 'M184V', 'L210W', 'T215Y']",1,"['M41L', 'T69D', 'M184V', 'L210W', 'T215Y']"
96332,,1.3,[],0,[]
87344,"M41ML, D67N, T69D, T215D",0.9,"['M41ML', 'D67N', 'T69D', 'T215D']",0,"['M41ML', 'D67N', 'T69D', 'T215D']"
184244,"L74V, T215C",0.4,"['L74V', 'T215C']",0,['L74V']
59627,"M41L, D67DN, M184V, L210W, T215Y, K219N",135.0,"['M41L', 'D67DN', 'M184V', 'L210W', 'T215Y', 'K219N']",1,"['M41L', 'D67DN', 'M184V', 'L210W', 'T215Y', 'K219N']"
184257,"M41L, D67N, K70R, T215Y, K219E",257.0,"['M41L', 'D67N', 'K70R', 'T215Y', 'K219E']",1,"['M41L', 'D67N', 'K70R', 'T215Y', 'K219E']"
63816,"M41L, E44ED, D67N, M184IV, L210W, T215Y",563.0,"['M41L', 'E44ED', 'D67N', 'M184IV', 'L210W', 'T215Y']",1,"['M41L', 'E44ED', 'D67N', 'L210W', 'T215Y']"
166060,"D67N, K70R, V75T, M184V, K219Q",41.0,"['D67N', 'K70R', 'V75T', 'M184V', 'K219Q']",1,"['D67N', 'K70R', 'V75T', 'M184V', 'K219Q']"
88787,,1.2,[],0,[]
96434,,1.1,[],0,[]
124527,,0.6,[],0,[]
195241,,0.6,[],0,[]
94390,"M41L, D67N, K70R, M184V, T215Y, K219E",7.7,"['M41L', 'D67N', 'K70R', 'M184V', 'T215Y', 'K219E']",1,"['M41L', 'D67N', 'K70R', 'M184V', 'T215Y', 'K219E']"
125000,"M41L, L74LV, M184V, T215Y",2.1,"['M41L', 'L74LV', 'M184V', 'T215Y']",1,"['M41L', 'L74LV', 'M184V', 'T215Y']"
96368,"M41L, D67N, L74I, M184V, L210W, T215Y, K219Q",12.0,"['M41L', 'D67N', 'L74I', 'M184V', 'L210W', 'T215Y', 'K219Q']",1,"['M41L', 'D67N', 'L74I', 'M184V', 'L210W', 'T215Y', 'K219Q']"
94396,"M41L, E44D, D67N, L74IV, M184V, L210W, T215Y, K219N",27.0,"['M41L', 'E44D', 'D67N', 'L74IV', 'M184V', 'L210W', 'T215Y', 'K219N']",1,"['M41L', 'E44D', 'D67N', 'M184V', 'L210W', 'T215Y', 'K219N']"
94382,"M41L, E44D, D67N, L74LV, M184V, L210W, T215Y, K219KR",3.9,"['M41L', 'E44D', 'D67N', 'L74LV', 'M184V', 'L210W', 'T215Y', 'K219KR']",1,"['M41L', 'E44D', 'D67N', 'L74LV', 'M184V', 'L210W', 'T215Y', 'K219KR']"
184273,M184V,0.4,['M184V'],0,['M184V']
134365,"D67N, S68G, T215L, K219Q",1.2,"['D67N', 'S68G', 'T215L', 'K219Q']",0,"['D67N', 'S68G', 'K219Q']"
185056,,0.7,[],0,[]
122767,"M41L, D67N, V75M, M184V, L210W, T215Y, K219E",20.0,"['M41L', 'D67N', 'V75M', 'M184V', 'L210W', 'T215Y', 'K219E']",1,"['M41L', 'D67N', 'V75M', 'M184V', 'L210W', 'T215Y', 'K219E']"
175999,"M41L, D67N, K70R, M184V, T215F, K219E",50.0,"['M41L', 'D67N', 'K70R', 'M184V', 'T215F', 'K219E']",1,"['M41L', 'D67N', 'K70R', 'M184V', 'T215F', 'K219E']"
127276,,0.7,[],0,[]
127252,,0.5,[],0,[]
86054,"M41L, D67N, L74I, M184V, T215F, K219W",20.0,"['M41L', 'D67N', 'L74I', 'M184V', 'T215F', 'K219W']",1,"['M41L', 'D67N', 'L74I', 'M184V', 'T215F']"
166070,"T69D, V75A, M184V",0.3,"['T69D', 'V75A', 'M184V']",0,"['T69D', 'M184V']"
71497,"M41L, K70KR, M184V, L210W, T215Y, K219E",32.0,"['M41L', 'K70KR', 'M184V', 'L210W', 'T215Y', 'K219E']",1,"['M41L', 'K70KR', 'M184V', 'L210W', 'T215Y', 'K219E']"
122669,"E44D, A62V, M184V, L210W, T215Y",6.3,"['E44D', 'A62V', 'M184V', 'L210W', 'T215Y']",1,"['E44D', 'A62V', 'M184V', 'L210W', 'T215Y']"
96354,"M41L, D67N, K70KR, M184V, T215F, K219Q",9.3,"['M41L', 'D67N', 'K70KR', 'M184V', 'T215F', 'K219Q']",1,"['M41L', 'D67N', 'K70KR', 'M184V', 'T215F', 'K219Q']"
127368,,0.5,[],0,[]
195299,S68G,1.3,['S68G'],0,['S68G']
125018,,0.9,[],0,[]
71475,"M41L, E44ED, D67N, L74LV, L210W, T215Y, K219KR",662.0,"['M41L', 'E44ED', 'D67N', 'L74LV', 'L210W', 'T215Y', 'K219KR']",1,"['M41L', 'E44ED', 'D67N', 'L74LV', 'L210W', 'T215Y', 'K219KR']"
122675,"M41L, L210W, T215Y",30.0,"['M41L', 'L210W', 'T215Y']",1,"['M41L', 'L210W', 'T215Y']"
95816,,0.5,[],0,[]
184281,"M41L, D67NS, T69D, K70R, M184V, T215F, K219Q",14.0,"['M41L', 'D67NS', 'T69D', 'K70R', 'M184V', 'T215F', 'K219Q']",1,"['M41L', 'T69D', 'K70R', 'M184V', 'T215F', 'K219Q']"
184277,"M41L, D67N, K70N, M184V, T215Y",8.5,"['M41L', 'D67N', 'K70N', 'M184V', 'T215Y']",1,"['M41L', 'D67N', 'M184V', 'T215Y']"
195283,M184V,0.3,['M184V'],0,['M184V']
96438,"M41L, E44D, D67N, M184V, L210W, T215Y, K219E",3.0,"['M41L', 'E44D', 'D67N', 'M184V', 'L210W', 'T215Y', 'K219E']",1,"['M41L', 'E44D', 'D67N', 'M184V', 'L210W', 'T215Y', 'K219E']"
195273,,0.9,[],0,[]
96229,"A62V, V75I",0.7,"['A62V', 'V75I']",0,"['A62V', 'V75I']"
195261,,1.1,[],0,[]
127312,,0.4,[],0,[]
102354,"M41L, D67N, T69D, K70R, L74I, M184V, T215F, K219W",2400.0,"['M41L', 'D67N', 'T69D', 'K70R', 'L74I', 'M184V', 'T215F', 'K219W']",1,"['M41L', 'D67N', 'T69D', 'K70R', 'L74I', 'M184V', 'T215F']"
55092,"D67N, K70R, M184MV, T215TI, K219Q",13.0,"['D67N', 'K70R', 'M184MV', 'T215TI', 'K219Q']",1,"['D67N', 'K70R', 'M184MV', 'K219Q']"
185066,"D67N, K70R, K219Q",5.1,"['D67N', 'K70R', 'K219Q']",1,"['D67N', 'K70R', 'K219Q']"
166086,,1.6,[],0,[]
51129,"M41L, L74V, T215Y",8.6,"['M41L', 'L74V', 'T215Y']",1,"['M41L', 'L74V', 'T215Y']"
96342,"M41L, L74V, M184V, L210W, T215Y, K219N",0.8,"['M41L', 'L74V', 'M184V', 'L210W', 'T215Y', 'K219N']",0,"['M41L', 'L74V', 'M184V', 'L210W', 'T215Y', 'K219N']"
184248,"M41L, A62V, K65R, V75I, Y115F, F116Y, Q151M, L210W, T215E",200.0,"['M41L', 'A62V', 'K65R', 'V75I', 'Y115F', 'F116Y', 'Q151M', 'L210W', 'T215E']",1,"['M41L', 'A62V', 'K65R', 'V75I', 'Y115F', 'F116Y', 'Q151M', 'L210W']"
175995,,0.5,[],0,[]
162659,"D67G, K70E, M184V",0.3,"['D67G', 'K70E', 'M184V']",0,"['D67G', 'M184V']"
177172,"M41L, M184V, T215Y",25.0,"['M41L', 'M184V', 'T215Y']",1,"['M41L', 'M184V', 'T215Y']"
122647,"M41L, S68SG, L74V, M184V, T215Y",0.8,"['M41L', 'S68SG', 'L74V', 'M184V', 'T215Y']",0,"['M41L', 'S68SG', 'L74V', 'M184V', 'T215Y']"
95060,"M41L, D67N, M184V, L210W, T215Y, K219E",11.0,"['M41L', 'D67N', 'M184V', 'L210W', 'T215Y', 'K219E']",1,"['M41L', 'D67N', 'M184V', 'L210W', 'T215Y', 'K219E']"
71509,"M41L, D67N, L74LI, M184V, L210W, T215Y",10.0,"['M41L', 'D67N', 'L74LI', 'M184V', 'L210W', 'T215Y']",1,"['M41L', 'D67N', 'L74LI', 'M184V', 'L210W', 'T215Y']"
124519,,0.6,[],0,[]
195239,"M184V, T215Y",0.4,"['M184V', 'T215Y']",0,"['M184V', 'T215Y']"
86038,"M41L, M184V, L210W, T215Y",36.0,"['M41L', 'M184V', 'L210W', 'T215Y']",1,"['M41L', 'M184V', 'L210W', 'T215Y']"
88731,,0.6,[],0,[]
68595,"M41L, D67G, S68G, K70R, L74I, M184V, T215F, K219E",4.7,"['M41L', 'D67G', 'S68G', 'K70R', 'L74I', 'M184V', 'T215F', 'K219E']",1,"['M41L', 'D67G', 'S68G', 'K70R', 'L74I', 'M184V', 'T215F', 'K219E']"
96384,"M41L, D67N, L74LI, M184V, L210LW, T215FY, K219Q",2400.0,"['M41L', 'D67N', 'L74LI', 'M184V', 'L210LW', 'T215FY', 'K219Q']",1,"['M41L', 'D67N', 'L74LI', 'M184V', 'L210LW', 'K219Q']"
127298,"M41L, M184V, T215Y",51.0,"['M41L', 'M184V', 'T215Y']",1,"['M41L', 'M184V', 'T215Y']"
84910,"D67N, T69D, K70R, F116Y, Q151M, M184V, T215V, K219Q",9.1,"['D67N', 'T69D', 'K70R', 'F116Y', 'Q151M', 'M184V', 'T215V', 'K219Q']",1,"['D67N', 'T69D', 'K70R', 'F116Y', 'Q151M', 'M184V', 'K219Q']"
95068,"D67N, T69D, M184V, T215L, K219Q",0.2,"['D67N', 'T69D', 'M184V', 'T215L', 'K219Q']",0,"['D67N', 'T69D', 'M184V', 'K219Q']"
63984,"M41L, D67G, K70R, M184V, L210W, T215Y, K219E",149.0,"['M41L', 'D67G', 'K70R', 'M184V', 'L210W', 'T215Y', 'K219E']",1,"['M41L', 'D67G', 'K70R', 'M184V', 'L210W', 'T215Y', 'K219E']"
195235,,0.9,[],0,[]
96374,"M41L, E44A, D67NS, V75M, F77L, M184V, L210W, T215Y, K219Q",64.0,"['M41L', 'E44A', 'D67NS', 'V75M', 'F77L', 'M184V', 'L210W', 'T215Y', 'K219Q']",1,"['M41L', 'E44A', 'V75M', 'F77L', 'M184V', 'L210W', 'T215Y', 'K219Q']"
96392,"M41L, E44D, L74I, M184V, L210W, T215Y, K219R",65.0,"['M41L', 'E44D', 'L74I', 'M184V', 'L210W', 'T215Y', 'K219R']",1,"['M41L', 'E44D', 'L74I', 'M184V', 'L210W', 'T215Y', 'K219R']"
122801,,0.4,[],0,[]
84230,D67N,1.1,['D67N'],0,['D67N']
95056,"M41L, E44A, D67N, L210W, T215Y",2400.0,"['M41L', 'E44A', 'D67N', 'L210W', 'T215Y']",1,"['M41L', 'E44A', 'D67N', 'L210W', 'T215Y']"
84124,"M41L, D67N, T69D, M184V, L210W, T215Y",5.9,"['M41L', 'D67N', 'T69D', 'M184V', 'L210W', 'T215Y']",1,"['M41L', 'D67N', 'T69D', 'M184V', 'L210W', 'T215Y']"
92367,"M41L, D67N, T69D, K70R, M184V, T215F, K219Q",6.5,"['M41L', 'D67N', 'T69D', 'K70R', 'M184V', 'T215F', 'K219Q']",1,"['M41L', 'D67N', 'T69D', 'K70R', 'M184V', 'T215F', 'K219Q']"
71493,T215F,2.9,['T215F'],1,['T215F']
63798,"M41L, D67N, K70R, L74LI, T215F, K219Q",2400.0,"['M41L', 'D67N', 'K70R', 'L74LI', 'T215F', 'K219Q']",1,"['M41L', 'D67N', 'K70R', 'L74LI', 'T215F', 'K219Q']"
127332,,1.0,[],0,[]
96398,"M41L, S68SG, L74V, M184V, L210W, T215Y",3.8,"['M41L', 'S68SG', 'L74V', 'M184V', 'L210W', 'T215Y']",1,"['M41L', 'S68SG', 'L74V', 'M184V', 'L210W', 'T215Y']"
71487,"M41L, D67N, L74V, L210W, T215FY",8.5,"['M41L', 'D67N', 'L74V', 'L210W', 'T215FY']",1,"['M41L', 'D67N', 'L74V', 'L210W']"
95072,"K65R, S68N, M184V",0.5,"['K65R', 'S68N', 'M184V']",0,"['K65R', 'M184V']"
95832,,0.6,[],0,[]
84186,"M41L, L74LV, M184V, L210W, T215Y",5.9,"['M41L', 'L74LV', 'M184V', 'L210W', 'T215Y']",1,"['M41L', 'L74LV', 'M184V', 'L210W', 'T215Y']"
88707,,0.7,[],0,[]
94372,"M41L, D67N, K70R, M184V, T215IF, K219E",65.0,"['M41L', 'D67N', 'K70R', 'M184V', 'T215IF', 'K219E']",1,"['M41L', 'D67N', 'K70R', 'M184V', 'K219E']"
195259,,0.8,[],0,[]
71469,"M41L, D67N, K70R, M184V, T215F, K219Q",105.0,"['M41L', 'D67N', 'K70R', 'M184V', 'T215F', 'K219Q']",1,"['M41L', 'D67N', 'K70R', 'M184V', 'T215F', 'K219Q']"
127224,"D67N, T69D, K70R, L74V, T215IF, K219Q",18.0,"['D67N', 'T69D', 'K70R', 'L74V', 'T215IF', 'K219Q']",1,"['D67N', 'T69D', 'K70R', 'L74V', 'K219Q']"
127234,E44D,1.4,['E44D'],0,['E44D']
87348,,1.0,[],0,[]
195257,,0.6,[],0,[]
195297,,0.9,[],0,[]
88755,,0.6,[],0,[]
184285,"M41L, V75M, F77L, M184V, L210W, T215Y",64.0,"['M41L', 'V75M', 'F77L', 'M184V', 'L210W', 'T215Y']",1,"['M41L', 'V75M', 'F77L', 'M184V', 'L210W', 'T215Y']"
122663,"A62V, K65R, S68G, K70R, V75I, F77L, Y115F, F116Y, Q151M, M184V, T215TI",2400.0,"['A62V', 'K65R', 'S68G', 'K70R', 'V75I', 'F77L', 'Y115F', 'F116Y', 'Q151M', 'M184V', 'T215TI']",1,"['A62V', 'K65R', 'S68G', 'K70R', 'V75I', 'F77L', 'Y115F', 'F116Y', 'Q151M', 'M184V']"
127336,,0.8,[],0,[]
151308,"M41ML, K65R, K70T, Y115F",1.2,"['M41ML', 'K65R', 'K70T', 'Y115F']",0,"['M41ML', 'K65R', 'Y115F']"
127286,"M41L, D67DN, M184V, L210W, T215Y, K219N",75.0,"['M41L', 'D67DN', 'M184V', 'L210W', 'T215Y', 'K219N']",1,"['M41L', 'D67DN', 'M184V', 'L210W', 'T215Y', 'K219N']"
42580,"M41L, M184V, L210LW, T215Y",91.0,"['M41L', 'M184V', 'L210LW', 'T215Y']",1,"['M41L', 'M184V', 'L210LW', 'T215Y']"
71549,"M41ML, D67N, S68SG, L210W, T215C, K219E",1.2,"['M41ML', 'D67N', 'S68SG', 'L210W', 'T215C', 'K219E']",0,"['M41ML', 'D67N', 'S68SG', 'L210W', 'K219E']"
96235,"M41L, D67DN, L210W, T215F",2400.0,"['M41L', 'D67DN', 'L210W', 'T215F']",1,"['M41L', 'D67DN', 'L210W', 'T215F']"
70955,"M41L, D67N, S68G, M184V, T215S, K219E",0.4,"['M41L', 'D67N', 'S68G', 'M184V', 'T215S', 'K219E']",0,"['M41L', 'D67N', 'S68G', 'M184V', 'K219E']"
184315,"K70E, M184V",0.2,"['K70E', 'M184V']",0,['M184V']
185082,"D67N, K70R, M184V, T215V, K219E",2.6,"['D67N', 'K70R', 'M184V', 'T215V', 'K219E']",1,"['D67N', 'K70R', 'M184V', 'K219E']"
96563,K65R,0.2,['K65R'],0,['K65R']
184263,"M41L, D67N, K70R, M184V, L210W, T215F, K219E",9.9,"['M41L', 'D67N', 'K70R', 'M184V', 'L210W', 'T215F', 'K219E']",1,"['M41L', 'D67N', 'K70R', 'M184V', 'L210W', 'T215F', 'K219E']"
127240,,0.5,[],0,[]
125024,"S68G, T215TA",0.3,"['S68G', 'T215TA']",0,['S68G']
86040,"M41L, E44D, D67N, K70KE, M184V, T215Y, K219KR",9.7,"['M41L', 'E44D', 'D67N', 'K70KE', 'M184V', 'T215Y', 'K219KR']",1,"['M41L', 'E44D', 'D67N', 'M184V', 'T215Y', 'K219KR']"
94376,"M41ML, D67N, K70R, T215F, K219Q",132.0,"['M41ML', 'D67N', 'K70R', 'T215F', 'K219Q']",1,"['M41ML', 'D67N', 'K70R', 'T215F', 'K219Q']"
166102,"M41L, D67N, T69D, K70R, M184V, T215FC, K219Q",2.3,"['M41L', 'D67N', 'T69D', 'K70R', 'M184V', 'T215FC', 'K219Q']",1,"['M41L', 'D67N', 'T69D', 'K70R', 'M184V', 'K219Q']"
166080,,1.0,[],0,[]
127322,,0.6,[],0,[]
195265,,1.1,[],0,[]
134393,M184V,1.0,['M184V'],0,['M184V']
95806,"M41ML, D67DG, S68G, L74LV, L210LW, K219KN",1.8,"['M41ML', 'D67DG', 'S68G', 'L74LV', 'L210LW', 'K219KN']",0,"['M41ML', 'S68G', 'L74LV', 'L210LW', 'K219KN']"
127242,"M41L, S68G, K70KN, L74I, L210LW, T215Y",238.0,"['M41L', 'S68G', 'K70KN', 'L74I', 'L210LW', 'T215Y']",1,"['M41L', 'S68G', 'L74I', 'L210LW', 'T215Y']"
96422,"M41ML, M184V, L210W, T215Y",0.3,"['M41ML', 'M184V', 'L210W', 'T215Y']",0,"['M41ML', 'M184V', 'L210W', 'T215Y']"
102360,"D67N, M184V, K219Q",0.6,"['D67N', 'M184V', 'K219Q']",0,"['D67N', 'M184V', 'K219Q']"
127356,,0.9,[],0,[]
87356,"M41L, E44ED, D67N, L74I, M184V, L210W, T215Y, K219R",9.8,"['M41L', 'E44ED', 'D67N', 'L74I', 'M184V', 'L210W', 'T215Y', 'K219R']",1,"['M41L', 'E44ED', 'D67N', 'L74I', 'M184V', 'L210W', 'T215Y', 'K219R']"
96418,"D67N, K70R, M184V, K219Q",19.0,"['D67N', 'K70R', 'M184V', 'K219Q']",1,"['D67N', 'K70R', 'M184V', 'K219Q']"
70965,"M41L, D67N, K70R, L74IV, M184V, T215F, K219Q",4.6,"['M41L', 'D67N', 'K70R', 'L74IV', 'M184V', 'T215F', 'K219Q']",1,"['M41L', 'D67N', 'K70R', 'M184V', 'T215F', 'K219Q']"
63934,M184V,0.4,['M184V'],0,['M184V']
185952,,0.8,[],0,[]
127378,,0.9,[],0,[]
79456,"M41L, L74I, M184V, L210W, T215F, K219W",685.0,"['M41L', 'L74I', 'M184V', 'L210W', 'T215F', 'K219W']",1,"['M41L', 'L74I', 'M184V', 'L210W', 'T215F']"
151286,,0.9,[],0,[]
195269,,1.3,[],0,[]
177188,,1.0,[],0,[]
122657,"M41L, M184V, L210W, T215Y",81.0,"['M41L', 'M184V', 'L210W', 'T215Y']",1,"['M41L', 'M184V', 'L210W', 'T215Y']"
92369,"M41L, D67N, K70R, M184V, T215F, K219Q",343.0,"['M41L', 'D67N', 'K70R', 'M184V', 'T215F', 'K219Q']",1,"['M41L', 'D67N', 'K70R', 'M184V', 'T215F', 'K219Q']"
184287,M184MV,0.4,['M184MV'],0,['M184MV']
96350,"M41L, E44A, D67N, T69D, M184V, L210W, T215Y, K219N",53.0,"['M41L', 'E44A', 'D67N', 'T69D', 'M184V', 'L210W', 'T215Y', 'K219N']",1,"['M41L', 'E44A', 'D67N', 'T69D', 'M184V', 'L210W', 'T215Y', 'K219N']"
71551,"M41L, M184V, T215Y",16.0,"['M41L', 'M184V', 'T215Y']",1,"['M41L', 'M184V', 'T215Y']"
96237,M184V,0.3,['M184V'],0,['M184V']
127264,T69D,0.3,['T69D'],0,['T69D']
59247,"M41L, L74I, M184V, L210W, T215Y",7.8,"['M41L', 'L74I', 'M184V', 'L210W', 'T215Y']",1,"['M41L', 'L74I', 'M184V', 'L210W', 'T215Y']"
124996,,1.0,[],0,[]
127232,"D67N, T69D, K70R, M184V, T215Y, K219Q",9.1,"['D67N', 'T69D', 'K70R', 'M184V', 'T215Y', 'K219Q']",1,"['D67N', 'T69D', 'K70R', 'M184V', 'T215Y', 'K219Q']"
166048,,1.1,[],0,[]
185094,"D67DN, K70KR, K219KE",9.7,"['D67DN', 'K70KR', 'K219KE']",1,"['D67DN', 'K70KR']"
71531,"M41L, E44D, D67N, M184V, L210W, T215Y, K219Q",45.0,"['M41L', 'E44D', 'D67N', 'M184V', 'L210W', 'T215Y', 'K219Q']",1,"['M41L', 'E44D', 'D67N', 'M184V', 'L210W', 'T215Y', 'K219Q']"
185942,,0.4,[],0,[]
195287,,1.1,[],0,[]
122677,"M41L, E44D, D67DN, M184V, L210W, T215Y",14.0,"['M41L', 'E44D', 'D67DN', 'M184V', 'L210W', 'T215Y']",1,"['M41L', 'E44D', 'D67DN', 'M184V', 'L210W', 'T215Y']"
127306,,0.9,[],0,[]
127272,,0.6,[],0,[]
185060,,1.1,[],0,[]
96410,"D67N, K70KR, M184V, T215F, K219Q",1.0,"['D67N', 'K70KR', 'M184V', 'T215F', 'K219Q']",0,"['D67N', 'K70KR', 'M184V', 'T215F', 'K219Q']"
102368,"M41L, E44D, T69D, M184V, L210W, T215Y, K219R",14.0,"['M41L', 'E44D', 'T69D', 'M184V', 'L210W', 'T215Y', 'K219R']",1,"['M41L', 'E44D', 'T69D', 'M184V', 'L210W', 'T215Y', 'K219R']"
195293,M184V,0.5,['M184V'],0,['M184V']
70957,"M41L, E44D, S68G, L74V, L210W, T215Y, K219N",45.0,"['M41L', 'E44D', 'S68G', 'L74V', 'L210W', 'T215Y', 'K219N']",1,"['M41L', 'E44D', 'S68G', 'L74V', 'L210W', 'T215Y', 'K219N']"
195285,,1.2,[],0,[]
127290,"D67N, K70G, M184MV, K219Q",0.6,"['D67N', 'K70G', 'M184MV', 'K219Q']",0,"['D67N', 'K70G', 'M184MV', 'K219Q']"
57650,"M41L, E44D, D67G, T69D, M184V, L210W, T215Y, K219R",161.0,"['M41L', 'E44D', 'D67G', 'T69D', 'M184V', 'L210W', 'T215Y', 'K219R']",1,"['M41L', 'E44D', 'D67G', 'T69D', 'M184V', 'L210W', 'T215Y', 'K219R']"
102358,"M41L, E44D, D67N, L210W, T215Y, K219N",201.0,"['M41L', 'E44D', 'D67N', 'L210W', 'T215Y', 'K219N']",1,"['M41L', 'E44D', 'D67N', 'L210W', 'T215Y', 'K219N']"
127268,,0.7,[],0,[]
166038,"D67N, T215L, K219Q",0.7,"['D67N', 'T215L', 'K219Q']",0,"['D67N', 'K219Q']"
69081,"A62AV, K65R, M184V",0.2,"['A62AV', 'K65R', 'M184V']",0,"['A62AV', 'K65R', 'M184V']"
86044,"M41L, D67N, L210W, T215Y",880.0,"['M41L', 'D67N', 'L210W', 'T215Y']",1,"['M41L', 'D67N', 'L210W', 'T215Y']"
88713,,1.4,[],0,[]
95818,,0.9,[],0,[]
166096,,0.4,[],0,[]
88759,"L74LV, Y115YF, M184V",0.3,"['L74LV', 'Y115YF', 'M184V']",0,"['L74LV', 'M184V']"
122768,"M41L, D67N, M184V, L210W, T215Y",465.0,"['M41L', 'D67N', 'M184V', 'L210W', 'T215Y']",1,"['M41L', 'D67N', 'M184V', 'L210W', 'T215Y']"
84316,"M41ML, D67N, M184V, L210W, T215Y, K219KE",3.4,"['M41ML', 'D67N', 'M184V', 'L210W', 'T215Y', 'K219KE']",1,"['M41ML', 'D67N', 'M184V', 'L210W', 'T215Y']"
185074,"K70R, M184MV",1.0,"['K70R', 'M184MV']",0,"['K70R', 'M184MV']"
122772,"M41L, K70R, M184V, K219Q",14.0,"['M41L', 'K70R', 'M184V', 'K219Q']",1,"['M41L', 'K70R', 'M184V', 'K219Q']"
64070,"K65R, S68N",0.6,"['K65R', 'S68N']",0,['K65R']
127362,,1.1,[],0,[]
166040,"K70KT, M184MV, T215Y",1.1,"['K70KT', 'M184MV', 'T215Y']",0,"['M184MV', 'T215Y']"
127352,"K70R, K219Q",7.2,"['K70R', 'K219Q']",1,"['K70R', 'K219Q']"
96376,"M41L, E44D, D67N, L74I, L210W, T215Y, K219R",2400.0,"['M41L', 'E44D', 'D67N', 'L74I', 'L210W', 'T215Y', 'K219R']",1,"['M41L', 'E44D', 'D67N', 'L74I', 'L210W', 'T215Y', 'K219R']"
127260,M184V,0.5,['M184V'],0,['M184V']
70975,"M41L, E44A, D67N, L74I, M184V, L210W, T215Y, K219Q",42.0,"['M41L', 'E44A', 'D67N', 'L74I', 'M184V', 'L210W', 'T215Y', 'K219Q']",1,"['M41L', 'E44A', 'D67N', 'L74I', 'M184V', 'L210W', 'T215Y', 'K219Q']"
94398,"M41L, S68G, L74LV, M184V, L210W, T215Y",11.0,"['M41L', 'S68G', 'L74LV', 'M184V', 'L210W', 'T215Y']",1,"['M41L', 'S68G', 'L74LV', 'M184V', 'L210W', 'T215Y']"
127314,"M41L, E44D, T69D, L210LW, T215Y",3.7,"['M41L', 'E44D', 'T69D', 'L210LW', 'T215Y']",1,"['M41L', 'E44D', 'T69D', 'L210LW', 'T215Y']"
84188,"A62V, K70N, T215Y",4.5,"['A62V', 'K70N', 'T215Y']",1,"['A62V', 'T215Y']"
127340,,0.9,[],0,[]
88735,"A62V, V75I, M184V",0.4,"['A62V', 'V75I', 'M184V']",0,"['A62V', 'V75I', 'M184V']"
122667,"M184V, K219R",0.5,"['M184V', 'K219R']",0,"['M184V', 'K219R']"
195253,,0.4,[],0,[]
138343,"D67N, K70R, M184V, K219Q",3.9,"['D67N', 'K70R', 'M184V', 'K219Q']",1,"['D67N', 'K70R', 'M184V', 'K219Q']"
151296,,0.7,[],0,[]
166120,,0.9,[],0,[]
184261,M184I,0.2,['M184I'],0,['M184I']
96396,"K65KR, M184MV",0.3,"['K65KR', 'M184MV']",0,['M184MV']
96314,"M41L, E44D, D67N, K70R, L74I, M184V, L210W, T215Y, K219Q",758.0,"['M41L', 'E44D', 'D67N', 'K70R', 'L74I', 'M184V', 'L210W', 'T215Y', 'K219Q']",1,"['M41L', 'E44D', 'D67N', 'K70R', 'L74I', 'M184V', 'L210W', 'T215Y', 'K219Q']"
96380,"M41L, E44D, D67NS, S68SN, K70RG, M184V, T215F, K219Q",28.0,"['M41L', 'E44D', 'D67NS', 'S68SN', 'K70RG', 'M184V', 'T215F', 'K219Q']",1,"['M41L', 'E44D', 'M184V', 'T215F', 'K219Q']"
88769,,1.2,[],0,[]
95095,"M41L, D67N, T69DN, K70R, T215F, K219Q",2400.0,"['M41L', 'D67N', 'T69DN', 'K70R', 'T215F', 'K219Q']",1,"['M41L', 'D67N', 'K70R', 'T215F', 'K219Q']"
94386,"D67N, S68G, K70R, T215Y, K219E",142.0,"['D67N', 'S68G', 'K70R', 'T215Y', 'K219E']",1,"['D67N', 'S68G', 'K70R', 'T215Y', 'K219E']"
126201,"M41L, E44A, T69D, L210W, T215Y, K219R",2400.0,"['M41L', 'E44A', 'T69D', 'L210W', 'T215Y', 'K219R']",1,"['M41L', 'E44A', 'T69D', 'L210W', 'T215Y', 'K219R']"
127326,"K65KR, D67DN, K70KR, M184V, K219KE",0.6,"['K65KR', 'D67DN', 'K70KR', 'M184V', 'K219KE']",0,"['D67DN', 'K70KR', 'M184V']"
184256,"D67N, K70R, K219Q",7.8,"['D67N', 'K70R', 'K219Q']",1,"['D67N', 'K70R', 'K219Q']"
195311,,0.7,[],0,[]
127248,"S68G, L210LW, T215D",0.3,"['S68G', 'L210LW', 'T215D']",0,"['S68G', 'L210LW', 'T215D']"
88775,"M41L, E44A, D67N, K70R, M184V, L210W, T215Y, K219ED",737.0,"['M41L', 'E44A', 'D67N', 'K70R', 'M184V', 'L210W', 'T215Y', 'K219ED']",1,"['M41L', 'E44A', 'D67N', 'K70R', 'M184V', 'L210W', 'T215Y']"
71517,"M41L, M184V, L210W, T215Y",20.0,"['M41L', 'M184V', 'L210W', 'T215Y']",1,"['M41L', 'M184V', 'L210W', 'T215Y']"
127374,,0.6,[],0,[]
127302,"M41L, T69D, L210W, T215YC",5.4,"['M41L', 'T69D', 'L210W', 'T215YC']",1,"['M41L', 'T69D', 'L210W']"
96338,"D67N, K70R, M184V, K219Q",14.0,"['D67N', 'K70R', 'M184V', 'K219Q']",1,"['D67N', 'K70R', 'M184V', 'K219Q']"
88783,"M41L, M184V, T215Y",5.7,"['M41L', 'M184V', 'T215Y']",1,"['M41L', 'M184V', 'T215Y']"
134419,"K70G, M184V",0.3,"['K70G', 'M184V']",0,"['K70G', 'M184V']"
184317,"D67G, K70E",0.2,"['D67G', 'K70E']",0,['D67G']
125008,"M41L, S68G, M184V, T215Y",7.9,"['M41L', 'S68G', 'M184V', 'T215Y']",1,"['M41L', 'S68G', 'M184V', 'T215Y']"
195301,,1.5,[],0,[]
94394,"M41L, D67N, L210W, T215Y",2400.0,"['M41L', 'D67N', 'L210W', 'T215Y']",1,"['M41L', 'D67N', 'L210W', 'T215Y']"
70961,"M41L, E44A, D67G, S68G, L74LI, M184V, L210W, T215Y, K219N",487.0,"['M41L', 'E44A', 'D67G', 'S68G', 'L74LI', 'M184V', 'L210W', 'T215Y', 'K219N']",1,"['M41L', 'E44A', 'D67G', 'S68G', 'L74LI', 'M184V', 'L210W', 'T215Y', 'K219N']"
176001,"D67N, K219Q",1.3,"['D67N', 'K219Q']",0,"['D67N', 'K219Q']"
166092,"D67N, K70R, M184V, K219E",2.0,"['D67N', 'K70R', 'M184V', 'K219E']",1,"['D67N', 'K70R', 'M184V', 'K219E']"
122797,,0.7,[],0,[]
95070,"M41L, M184V, L210W, T215Y",5.4,"['M41L', 'M184V', 'L210W', 'T215Y']",1,"['M41L', 'M184V', 'L210W', 'T215Y']"
166106,"M41L, M184MV, L210W, T215Y",2.8,"['M41L', 'M184MV', 'L210W', 'T215Y']",1,"['M41L', 'M184MV', 'L210W', 'T215Y']"
95828,"D67N, K70R, M184V, T215Y, K219E",3.4,"['D67N', 'K70R', 'M184V', 'T215Y', 'K219E']",1,"['D67N', 'K70R', 'M184V', 'T215Y', 'K219E']"
96414,"D67N, T215Y",16.0,"['D67N', 'T215Y']",1,"['D67N', 'T215Y']"
68661,"M41L, E44D, D67N, L74V, M184V, L210W, T215Y",23.0,"['M41L', 'E44D', 'D67N', 'L74V', 'M184V', 'L210W', 'T215Y']",1,"['M41L', 'E44D', 'D67N', 'L74V', 'M184V', 'L210W', 'T215Y']"
152718,,0.6,[],0,[]
88739,,1.0,[],0,[]
102364,"M41L, M184V, L210W, T215Y",82.0,"['M41L', 'M184V', 'L210W', 'T215Y']",1,"['M41L', 'M184V', 'L210W', 'T215Y']"
84198,"A62V, D67EK, T69S_SS, M184V, T215Y",42.0,"['A62V', 'D67EK', 'T69S_SS', 'M184V', 'T215Y']",1,"['A62V', 'M184V', 'T215Y']"
184240,,0.8,[],0,[]
125020,"M41ML, L74LI",1.1,"['M41ML', 'L74LI']",0,"['M41ML', 'L74LI']"
88729,,1.0,[],0,[]
185086,"D67DN, K70RG, M184V, K219Q",1.4,"['D67DN', 'K70RG', 'M184V', 'K219Q']",0,"['D67DN', 'M184V', 'K219Q']"
166118,S68SN,0.7,['S68SN'],0,[]
185946,S68G,0.4,['S68G'],0,['S68G']
88765,,0.9,[],0,[]
57664,"M41L, A62V, D67N, T69D, V75I, F116Y, Q151M, L210W, T215Y",154.0,"['M41L', 'A62V', 'D67N', 'T69D', 'V75I', 'F116Y', 'Q151M', 'L210W', 'T215Y']",1,"['M41L', 'A62V', 'D67N', 'T69D', 'V75I', 'F116Y', 'Q151M', 'L210W', 'T215Y']"
177184,"M41L, E44D, D67N, T69D",1.1,"['M41L', 'E44D', 'D67N', 'T69D']",0,"['M41L', 'E44D', 'D67N', 'T69D']"
96432,"D67DN, K70KR, M184MV, K219KQ",4.8,"['D67DN', 'K70KR', 'M184MV', 'K219KQ']",1,"['D67DN', 'K70KR', 'M184MV']"
166088,,0.8,[],0,[]
96426,"M41L, M184V, L210W, T215Y",21.0,"['M41L', 'M184V', 'L210W', 'T215Y']",1,"['M41L', 'M184V', 'L210W', 'T215Y']"
134919,"D67N, K70R, L74I, M184V, T215F, K219Q",39.0,"['D67N', 'K70R', 'L74I', 'M184V', 'T215F', 'K219Q']",1,"['D67N', 'K70R', 'L74I', 'M184V', 'T215F', 'K219Q']"
88797,,1.0,[],0,[]
38521,"D67N, K70R, Q151M, K219Q",18.0,"['D67N', 'K70R', 'Q151M', 'K219Q']",1,"['D67N', 'K70R', 'Q151M', 'K219Q']"
127294,,0.6,[],0,[]
96364,"M41L, L74V, M184V",0.3,"['M41L', 'L74V', 'M184V']",0,"['M41L', 'L74V', 'M184V']"
127256,,1.1,[],0,[]
127328,S68G,0.3,['S68G'],0,['S68G']
151282,"M41L, A62AV, V75I, M184V, L210W, T215Y",55.0,"['M41L', 'A62AV', 'V75I', 'M184V', 'L210W', 'T215Y']",1,"['M41L', 'A62AV', 'V75I', 'M184V', 'L210W', 'T215Y']"
127246,M184V,0.5,['M184V'],0,['M184V']
96243,"M41ML, D67G, S68G, K70R, M184V, T215F, K219E",3.8,"['M41ML', 'D67G', 'S68G', 'K70R', 'M184V', 'T215F', 'K219E']",1,"['M41ML', 'D67G', 'S68G', 'K70R', 'M184V', 'T215F', 'K219E']"
71525,"D67N, K70R, T215V, K219Q",30.0,"['D67N', 'K70R', 'T215V', 'K219Q']",1,"['D67N', 'K70R', 'K219Q']"
88747,"M41L, D67N, K70R, L74I, T215F, K219Q",303.0,"['M41L', 'D67N', 'K70R', 'L74I', 'T215F', 'K219Q']",1,"['M41L', 'D67N', 'K70R', 'L74I', 'T215F', 'K219Q']"
61104,"K70G, M184V",0.2,"['K70G', 'M184V']",0,"['K70G', 'M184V']"
96446,"M41L, E44D, D67N, K70R, L74I, M184V, L210W, T215Y, K219Q",337.0,"['M41L', 'E44D', 'D67N', 'K70R', 'L74I', 'M184V', 'L210W', 'T215Y', 'K219Q']",1,"['M41L', 'E44D', 'D67N', 'K70R', 'L74I', 'M184V', 'L210W', 'T215Y', 'K219Q']"
96362,"M41L, M184MV, T215Y",30.0,"['M41L', 'M184MV', 'T215Y']",1,"['M41L', 'M184MV', 'T215Y']"
88761,S68SN,0.5,['S68SN'],0,[]
166066,"A62V, V75T",0.4,"['A62V', 'V75T']",0,"['A62V', 'V75T']"
96402,"M184V, T215F",2.3,"['M184V', 'T215F']",1,"['M184V', 'T215F']"
138349,"K70R, M184V, K219Q",1.4,"['K70R', 'M184V', 'K219Q']",0,"['K70R', 'M184V', 'K219Q']"
184314,,0.4,[],0,[]
124513,"M41L, E44D, D67N, T69D, V75M, F77L, L210W, T215Y, K219R",2400.0,"['M41L', 'E44D', 'D67N', 'T69D', 'V75M', 'F77L', 'L210W', 'T215Y', 'K219R']",1,"['M41L', 'E44D', 'D67N', 'T69D', 'V75M', 'F77L', 'L210W', 'T215Y', 'K219R']"
184252,"M41L, D67N, T69D, M184V, L210W, T215Y, K219KR",1.5,"['M41L', 'D67N', 'T69D', 'M184V', 'L210W', 'T215Y', 'K219KR']",0,"['M41L', 'D67N', 'T69D', 'M184V', 'L210W', 'T215Y', 'K219KR']"
92379,"M41L, E44A, D67N, T69D, M184V, L210W, T215Y, K219N",271.0,"['M41L', 'E44A', 'D67N', 'T69D', 'M184V', 'L210W', 'T215Y', 'K219N']",1,"['M41L', 'E44A', 'D67N', 'T69D', 'M184V', 'L210W', 'T215Y', 'K219N']"
95842,"M41L, D67N, K70R, M184V, T215TI, K219E",14.0,"['M41L', 'D67N', 'K70R', 'M184V', 'T215TI', 'K219E']",1,"['M41L', 'D67N', 'K70R', 'M184V', 'K219E']"
122655,"M41L, S68SG, L210W, T215D",0.5,"['M41L', 'S68SG', 'L210W', 'T215D']",0,"['M41L', 'S68SG', 'L210W', 'T215D']"
185070,V75I,0.6,['V75I'],0,['V75I']
125006,,1.2,[],0,[]
88719,,1.2,[],0,[]
127278,S68SG,0.7,['S68SG'],0,['S68SG']
79444,"M41L, E44D, D67G, L210W, T215Y, K219R",2400.0,"['M41L', 'E44D', 'D67G', 'L210W', 'T215Y', 'K219R']",1,"['M41L', 'E44D', 'D67G', 'L210W', 'T215Y', 'K219R']"
162647,K65R,0.6,['K65R'],0,['K65R']
122649,"D67N, F116FY, Q151M, M184V, K219Q",1.2,"['D67N', 'F116FY', 'Q151M', 'M184V', 'K219Q']",0,"['D67N', 'Q151M', 'M184V', 'K219Q']"
96318,"M41L, T215E",1.1,"['M41L', 'T215E']",0,['M41L']
96326,"K70KE, M184V",0.2,"['K70KE', 'M184V']",0,['M184V']
79310,"M41L, E44A, D67N, L74I, L210W, T215Y, K219N",29.0,"['M41L', 'E44A', 'D67N', 'L74I', 'L210W', 'T215Y', 'K219N']",1,"['M41L', 'E44A', 'D67N', 'L74I', 'L210W', 'T215Y', 'K219N']"
123388,"M41L, D67DN, M184V, L210W, T215Y, K219KN",9.3,"['M41L', 'D67DN', 'M184V', 'L210W', 'T215Y', 'K219KN']",1,"['M41L', 'D67DN', 'M184V', 'L210W', 'T215Y', 'K219KN']"
151300,,0.8,[],0,[]
122786,"D67N, T69D, K70R, L74V, M184V, K219Q",71.0,"['D67N', 'T69D', 'K70R', 'L74V', 'M184V', 'K219Q']",1,"['D67N', 'T69D', 'K70R', 'L74V', 'M184V', 'K219Q']"
184246,"M41L, M184MV, L210W, T215Y",120.0,"['M41L', 'M184MV', 'L210W', 'T215Y']",1,"['M41L', 'M184MV', 'L210W', 'T215Y']"
184238,"K70S, T215Y",1.7,"['K70S', 'T215Y']",0,['T215Y']
195249,"T69D, M184MV",0.3,"['T69D', 'M184MV']",0,"['T69D', 'M184MV']"
96346,"M41L, E44D, D67N, V75I, M184I, L210W, T215Y, K219R",668.0,"['M41L', 'E44D', 'D67N', 'V75I', 'M184I', 'L210W', 'T215Y', 'K219R']",1,"['M41L', 'E44D', 'D67N', 'V75I', 'M184I', 'L210W', 'T215Y', 'K219R']"
195315,,1.1,[],0,[]
185078,M184MV,0.5,['M184MV'],0,['M184MV']
166044,"M41L, L74V, L210LW, T215Y",2.6,"['M41L', 'L74V', 'L210LW', 'T215Y']",1,"['M41L', 'L74V', 'L210LW', 'T215Y']"
195245,,0.3,[],0,[]
57702,"M41L, D67N, K70GRS, M184V, T215F, K219Q",6.1,"['M41L', 'D67N', 'K70GRS', 'M184V', 'T215F', 'K219Q']",1,"['M41L', 'D67N', 'M184V', 'T215F', 'K219Q']"
151292,,0.6,[],0,[]
166072,,0.7,[],0,[]
195305,,0.5,[],0,[]
166074,"M41L, D67N, K70R, M184MV, L210W, T215F, K219E",1.6,"['M41L', 'D67N', 'K70R', 'M184MV', 'L210W', 'T215F', 'K219E']",0,"['M41L', 'D67N', 'K70R', 'M184MV', 'L210W', 'T215F', 'K219E']"
195295,M184V,0.5,['M184V'],0,['M184V']
71537,"D67N, K70R, L74V, M184V, T215F, K219Q",6.4,"['D67N', 'K70R', 'L74V', 'M184V', 'T215F', 'K219Q']",1,"['D67N', 'K70R', 'L74V', 'M184V', 'T215F', 'K219Q']"
95824,,1.2,[],0,[]
88801,,0.7,[],0,[]
195275,,0.7,[],0,[]
166084,,0.8,[],0,[]
96404,"M41L, D67N, M184V, L210W, T215Y",8.9,"['M41L', 'D67N', 'M184V', 'L210W', 'T215Y']",1,"['M41L', 'D67N', 'M184V', 'L210W', 'T215Y']"
195247,S68G,0.5,['S68G'],0,['S68G']
184260,"D67N, T69D, K70R, L74V, T215F, K219Q",3.3,"['D67N', 'T69D', 'K70R', 'L74V', 'T215F', 'K219Q']",1,"['D67N', 'T69D', 'K70R', 'L74V', 'T215F', 'K219Q']"
71501,"M41L, E44D, D67N, L74I, M184V, L210W, T215Y, K219N",58.0,"['M41L', 'E44D', 'D67N', 'L74I', 'M184V', 'L210W', 'T215Y', 'K219N']",1,"['M41L', 'E44D', 'D67N', 'L74I', 'M184V', 'L210W', 'T215Y', 'K219N']"
79854,"M41L, E44D, L74LI, M184V, L210W, T215Y",13.0,"['M41L', 'E44D', 'L74LI', 'M184V', 'L210W', 'T215Y']",1,"['M41L', 'E44D', 'L74LI', 'M184V', 'L210W', 'T215Y']"
166062,M41L,1.3,['M41L'],0,['M41L']
96406,"M41L, D67N, K70R, M184V, T215F, K219Q",71.0,"['M41L', 'D67N', 'K70R', 'M184V', 'T215F', 'K219Q']",1,"['M41L', 'D67N', 'K70R', 'M184V', 'T215F', 'K219Q']"
122780,"M41L, D67N, K70R, M184V, L210W, T215Y, K219E",23.0,"['M41L', 'D67N', 'K70R', 'M184V', 'L210W', 'T215Y', 'K219E']",1,"['M41L', 'D67N', 'K70R', 'M184V', 'L210W', 'T215Y', 'K219E']"
68559,"M41L, E44D, D67G, T69D, M184V, L210LW, T215Y, K219R",11.0,"['M41L', 'E44D', 'D67G', 'T69D', 'M184V', 'L210LW', 'T215Y', 'K219R']",1,"['M41L', 'E44D', 'D67G', 'T69D', 'M184V', 'L210LW', 'T215Y', 'K219R']"
162699,M184V,0.2,['M184V'],0,['M184V']
68617,"M41L, E44D, D67N, T69D, L74V, L210W, T215Y, K219N",39.0,"['M41L', 'E44D', 'D67N', 'T69D', 'L74V', 'L210W', 'T215Y', 'K219N']",1,"['M41L', 'E44D', 'D67N', 'T69D', 'L74V', 'L210W', 'T215Y', 'K219N']"
127380,"M41L, E44ED, S68G, M184V, T215Y",24.0,"['M41L', 'E44ED', 'S68G', 'M184V', 'T215Y']",1,"['M41L', 'E44ED', 'S68G', 'M184V', 'T215Y']"
88789,"L74LV, M184V",0.4,"['L74LV', 'M184V']",0,"['L74LV', 'M184V']"
71485,"D67N, K70R, L74I, Y115F, M184V, K219Q",1.3,"['D67N', 'K70R', 'L74I', 'Y115F', 'M184V', 'K219Q']",0,"['D67N', 'K70R', 'L74I', 'Y115F', 'M184V', 'K219Q']"
79324,"M41L, D67N, K70R, M184V, L210W, T215Y, K219E",117.0,"['M41L', 'D67N', 'K70R', 'M184V', 'L210W', 'T215Y', 'K219E']",1,"['M41L', 'D67N', 'K70R', 'M184V', 'L210W', 'T215Y', 'K219E']"
127338,"M41L, M184MV, L210LW, T215SY",3.0,"['M41L', 'M184MV', 'L210LW', 'T215SY']",1,"['M41L', 'M184MV', 'L210LW']"
68609,"M41L, D67N, V75M, M184V, L210W, T215Y, K219KE",38.0,"['M41L', 'D67N', 'V75M', 'M184V', 'L210W', 'T215Y', 'K219KE']",1,"['M41L', 'D67N', 'V75M', 'M184V', 'L210W', 'T215Y']"
170378,"M41L, A62V, D67E, T69A_SX, L74V, M184MV, L210W, T215Y",267.0,"['M41L', 'A62V', 'D67E', 'T69A_SX', 'L74V', 'M184MV', 'L210W', 'T215Y']",1,"['M41L', 'A62V', 'L74V', 'M184MV', 'L210W', 'T215Y']"
184259,"M41L, D67N, T69D, K70R, V75M, T215F, K219Q",269.0,"['M41L', 'D67N', 'T69D', 'K70R', 'V75M', 'T215F', 'K219Q']",1,"['M41L', 'D67N', 'T69D', 'K70R', 'V75M', 'T215F', 'K219Q']"
68569,"E40FL, M41L, D67N, L74I, M184V, L210W, T215Y",58.0,"['E40FL', 'M41L', 'D67N', 'L74I', 'M184V', 'L210W', 'T215Y']",1,"['M41L', 'D67N', 'L74I', 'M184V', 'L210W', 'T215Y']"
96334,,1.4,[],0,[]
185058,M184V,0.5,['M184V'],0,['M184V']
184313,"D67N, K70G, M184V, K219Q",0.2,"['D67N', 'K70G', 'M184V', 'K219Q']",0,"['D67N', 'K70G', 'M184V', 'K219Q']"
122803,,0.7,[],0,[]
87346,"D67N, T69D, K70R, M184I, K219Q",5.2,"['D67N', 'T69D', 'K70R', 'M184I', 'K219Q']",1,"['D67N', 'T69D', 'K70R', 'M184I', 'K219Q']"
195243,"D67G, K70E",0.2,"['D67G', 'K70E']",0,['D67G']
55164,"M41ML, M184V",0.7,"['M41ML', 'M184V']",0,"['M41ML', 'M184V']"
125026,"M41L, S68SG, M184V, L210W, T215Y",24.0,"['M41L', 'S68SG', 'M184V', 'L210W', 'T215Y']",1,"['M41L', 'S68SG', 'M184V', 'L210W', 'T215Y']"
96390,"M41L, A62V, V75T, M184V",0.9,"['M41L', 'A62V', 'V75T', 'M184V']",0,"['M41L', 'A62V', 'V75T', 'M184V']"
71495,,0.7,[],0,[]
95814,"M41L, D67N, K70KE, V75M, M184V, L210W, T215Y",5.5,"['M41L', 'D67N', 'K70KE', 'V75M', 'M184V', 'L210W', 'T215Y']",1,"['M41L', 'D67N', 'V75M', 'M184V', 'L210W', 'T215Y']"
96366,"D67N, K70R, M184V, T215Y, K219E",1.5,"['D67N', 'K70R', 'M184V', 'T215Y', 'K219E']",0,"['D67N', 'K70R', 'M184V', 'T215Y', 'K219E']"
96436,"D67G, T69ND, K70R, L74LI, M184V, T215F, K219Q",3.3,"['D67G', 'T69ND', 'K70R', 'L74LI', 'M184V', 'T215F', 'K219Q']",1,"['D67G', 'K70R', 'L74LI', 'M184V', 'T215F', 'K219Q']"
94380,"K65R, K70KT, L74V, M184V, K219KR",0.5,"['K65R', 'K70KT', 'L74V', 'M184V', 'K219KR']",0,"['K65R', 'L74V', 'M184V', 'K219KR']"
86042,"M41L, E44D, D67N, T69D, L74I, L210WR, T215Y",29.0,"['M41L', 'E44D', 'D67N', 'T69D', 'L74I', 'L210WR', 'T215Y']",1,"['M41L', 'E44D', 'D67N', 'T69D', 'L74I', 'T215Y']"
94392,"S68G, K70G, M184V, T215TA",0.1,"['S68G', 'K70G', 'M184V', 'T215TA']",0,"['S68G', 'K70G', 'M184V']"
127376,,0.8,[],0,[]
63848,"M41L, E44ED, D67N, T69D, M184MV, L210W, T215Y",32.0,"['M41L', 'E44ED', 'D67N', 'T69D', 'M184MV', 'L210W', 'T215Y']",1,"['M41L', 'E44ED', 'D67N', 'T69D', 'M184MV', 'L210W', 'T215Y']"
166114,"D67N, T69D, K70R, T215F, K219W",200.0,"['D67N', 'T69D', 'K70R', 'T215F', 'K219W']",1,"['D67N', 'T69D', 'K70R', 'T215F']"
88737,K219KE,1.1,['K219KE'],0,[]
88727,"D67N, K70R, M184MV, L210W, T215Y, K219KE",74.0,"['D67N', 'K70R', 'M184MV', 'L210W', 'T215Y', 'K219KE']",1,"['D67N', 'K70R', 'M184MV', 'L210W', 'T215Y']"
88753,E44D,1.1,['E44D'],0,['E44D']
92375,"E40F, M41L, D67N, K70QE, L210W, T215Y, K219R",2400.0,"['E40F', 'M41L', 'D67N', 'K70QE', 'L210W', 'T215Y', 'K219R']",1,"['M41L', 'D67N', 'L210W', 'T215Y', 'K219R']"
127310,,1.4,[],0,[]
95066,"M41L, D67N, L74I, M184V, L210W, T215Y, K219N",28.0,"['M41L', 'D67N', 'L74I', 'M184V', 'L210W', 'T215Y', 'K219N']",1,"['M41L', 'D67N', 'L74I', 'M184V', 'L210W', 'T215Y', 'K219N']"
96344,"D67E, T69S_SS, T215Y",2400.0,"['D67E', 'T69S_SS', 'T215Y']",1,['T215Y']
126227,K65R,0.5,['K65R'],0,['K65R']
88791,M184MV,0.8,['M184MV'],0,['M184MV']
71523,"M41L, D67N, S68G, T215S, K219E",0.8,"['M41L', 'D67N', 'S68G', 'T215S', 'K219E']",0,"['M41L', 'D67N', 'S68G', 'K219E']"
96388,"M41L, D67DN, L210W, T215Y",717.0,"['M41L', 'D67DN', 'L210W', 'T215Y']",1,"['M41L', 'D67DN', 'L210W', 'T215Y']"
175997,,1.0,[],0,[]
96322,"M41L, E44D, S68G, M184V, L210W, T215Y, K219E",5.8,"['M41L', 'E44D', 'S68G', 'M184V', 'L210W', 'T215Y', 'K219E']",1,"['M41L', 'E44D', 'S68G', 'M184V', 'L210W', 'T215Y', 'K219E']"
162713,"K65R, S68G, M184V",0.3,"['K65R', 'S68G', 'M184V']",0,"['K65R', 'S68G', 'M184V']"
127228,"L74LI, M184V",0.3,"['L74LI', 'M184V']",0,"['L74LI', 'M184V']"
125010,"M41L, M184V, L210W, T215Y",192.0,"['M41L', 'M184V', 'L210W', 'T215Y']",1,"['M41L', 'M184V', 'L210W', 'T215Y']"
87352,"M41L, D67N, K70R, V75I, M184V, T215Y, K219E",2.3,"['M41L', 'D67N', 'K70R', 'V75I', 'M184V', 'T215Y', 'K219E']",1,"['M41L', 'D67N', 'K70R', 'V75I', 'M184V', 'T215Y', 'K219E']"
123364,"M41L, E44D, D67N, M184V, L210W, T215Y, K219DN",24.0,"['M41L', 'E44D', 'D67N', 'M184V', 'L210W', 'T215Y', 'K219DN']",1,"['M41L', 'E44D', 'D67N', 'M184V', 'L210W', 'T215Y']"
124525,,0.5,[],0,[]
127238,,0.8,[],0,[]
166078,"M41L, D67N, K70R, L210W, T215F, K219E",185.0,"['M41L', 'D67N', 'K70R', 'L210W', 'T215F', 'K219E']",1,"['M41L', 'D67N', 'K70R', 'L210W', 'T215F', 'K219E']"
55114,"M41L, D67N, K70KR, L74V, M184V, T215Y, K219Q",2.2,"['M41L', 'D67N', 'K70KR', 'L74V', 'M184V', 'T215Y', 'K219Q']",1,"['M41L', 'D67N', 'K70KR', 'L74V', 'M184V', 'T215Y', 'K219Q']"
185944,,0.6,[],0,[]
57704,"D67N, T69T_T, K70R, K219Q",2400.0,"['D67N', 'T69T_T', 'K70R', 'K219Q']",1,"['D67N', 'K70R', 'K219Q']"
96428,"M41L, E44D, D67N, T69D, M184V, L210W, T215Y",8.1,"['M41L', 'E44D', 'D67N', 'T69D', 'M184V', 'L210W', 'T215Y']",1,"['M41L', 'E44D', 'D67N', 'T69D', 'M184V', 'L210W', 'T215Y']"
151304,,0.7,[],0,[]
166052,"M41L, S68G, M184V, T215D",0.5,"['M41L', 'S68G', 'M184V', 'T215D']",0,"['M41L', 'S68G', 'M184V', 'T215D']"
127284,M184V,0.6,['M184V'],0,['M184V']
96386,"M41ML, E44D, D67N, T69D, M184V, L210W, T215Y, K219R",371.0,"['M41ML', 'E44D', 'D67N', 'T69D', 'M184V', 'L210W', 'T215Y', 'K219R']",1,"['M41ML', 'E44D', 'D67N', 'T69D', 'M184V', 'L210W', 'T215Y', 'K219R']"
175989,,1.2,[],0,[]
127346,,0.5,[],0,[]
162236,"K65KR, L74LV",0.1,"['K65KR', 'L74LV']",0,['L74LV']
127274,,0.5,[],0,[]
71559,,1.2,[],0,[]
96444,"M41L, D67N, K70R, M184V, L210W, T215F, K219Q",21.0,"['M41L', 'D67N', 'K70R', 'M184V', 'L210W', 'T215F', 'K219Q']",1,"['M41L', 'D67N', 'K70R', 'M184V', 'L210W', 'T215F', 'K219Q']"
88799,,0.8,[],0,[]
183807,"D67N, K219Q",0.4,"['D67N', 'K219Q']",0,"['D67N', 'K219Q']"
68753,"M41L, D67N, T69D, K70R, M184V, T215F, K219Q",18.0,"['M41L', 'D67N', 'T69D', 'K70R', 'M184V', 'T215F', 'K219Q']",1,"['M41L', 'D67N', 'T69D', 'K70R', 'M184V', 'T215F', 'K219Q']"
195291,,1.4,[],0,[]
95058,"M41L, D67N, K70R, L74LI, M184V, L210LW, T215Y, K219E",4.6,"['M41L', 'D67N', 'K70R', 'L74LI', 'M184V', 'L210LW', 'T215Y', 'K219E']",1,"['M41L', 'D67N', 'K70R', 'L74LI', 'M184V', 'L210LW', 'T215Y', 'K219E']"
84322,"D67N, K70R, K219Q",45.0,"['D67N', 'K70R', 'K219Q']",1,"['D67N', 'K70R', 'K219Q']"
127348,"A62V, K65R, M184V",0.5,"['A62V', 'K65R', 'M184V']",0,"['A62V', 'K65R', 'M184V']"
184269,"A62AV, K65KR, K70KT, M184MV",5.6,"['A62AV', 'K65KR', 'K70KT', 'M184MV']",1,"['A62AV', 'M184MV']"
71483,"M41L, D67H, S68G, K70G, M184V, T215F",32.0,"['M41L', 'D67H', 'S68G', 'K70G', 'M184V', 'T215F']",1,"['M41L', 'S68G', 'K70G', 'M184V', 'T215F']"
84366,"A62V, V75I, F77L, Y115F, F116Y, Q151M, M184V",584.0,"['A62V', 'V75I', 'F77L', 'Y115F', 'F116Y', 'Q151M', 'M184V']",1,"['A62V', 'V75I', 'F77L', 'Y115F', 'F116Y', 'Q151M', 'M184V']"
71527,"M41L, D67N, T69D, K70R, L74V, M184V, T215F, K219Q",25.0,"['M41L', 'D67N', 'T69D', 'K70R', 'L74V', 'M184V', 'T215F', 'K219Q']",1,"['M41L', 'D67N', 'T69D', 'K70R', 'L74V', 'M184V', 'T215F', 'K219Q']"
151306,M184V,0.3,['M184V'],0,['M184V']
92365,"M184V, T215Y",0.7,"['M184V', 'T215Y']",0,"['M184V', 'T215Y']"
86046,"M41L, D67G, S68G, L74V, M184V, L210W, T215Y, K219ND",29.0,"['M41L', 'D67G', 'S68G', 'L74V', 'M184V', 'L210W', 'T215Y', 'K219ND']",1,"['M41L', 'D67G', 'S68G', 'L74V', 'M184V', 'L210W', 'T215Y']"
127334,M41MIL,1.0,['M41MIL'],0,[]
185068,,0.8,[],0,[]
88771,,0.8,[],0,[]
95830,"A62V, K65R, M184V",0.5,"['A62V', 'K65R', 'M184V']",0,"['A62V', 'K65R', 'M184V']"
127226,"D67N, T69D, K70R, M184V, T215F, K219Q",4.3,"['D67N', 'T69D', 'K70R', 'M184V', 'T215F', 'K219Q']",1,"['D67N', 'T69D', 'K70R', 'M184V', 'T215F', 'K219Q']"
185938,,2.1,[],1,[]
71507,"M41L, D67N, K70R, L74LV, T215F, K219Q",243.0,"['M41L', 'D67N', 'K70R', 'L74LV', 'T215F', 'K219Q']",1,"['M41L', 'D67N', 'K70R', 'L74LV', 'T215F', 'K219Q']"
42039,"M41L, D67N, L74LI, L210W, T215Y",813.0,"['M41L', 'D67N', 'L74LI', 'L210W', 'T215Y']",1,"['M41L', 'D67N', 'L74LI', 'L210W', 'T215Y']"
195309,,0.7,[],0,[]
185090,"M41L, E44D, D67N, L74I, M184V, L210W, T215Y, K219KN",17.0,"['M41L', 'E44D', 'D67N', 'L74I', 'M184V', 'L210W', 'T215Y', 'K219KN']",1,"['M41L', 'E44D', 'D67N', 'L74I', 'M184V', 'L210W', 'T215Y', 'K219KN']"
88709,,0.9,[],0,[]
124998,,0.7,[],0,[]
166068,"A62V, V75T",0.5,"['A62V', 'V75T']",0,"['A62V', 'V75T']"
58200,"K65R, M184I",0.3,"['K65R', 'M184I']",0,"['K65R', 'M184I']"
127320,"M184V, K219KQ",0.5,"['M184V', 'K219KQ']",0,['M184V']
96370,"A62V, M184V, L210W, T215Y",2.0,"['A62V', 'M184V', 'L210W', 'T215Y']",1,"['A62V', 'M184V', 'L210W', 'T215Y']"
166054,"M41L, L74V, M184V, L210W, T215Y, K219KN",1.2,"['M41L', 'L74V', 'M184V', 'L210W', 'T215Y', 'K219KN']",0,"['M41L', 'L74V', 'M184V', 'L210W', 'T215Y', 'K219KN']"
127236,K219KQ,0.7,['K219KQ'],0,[]
61288,K70R,2.0,['K70R'],1,['K70R']
166082,,0.5,[],0,[]
95834,"M41L, L74LV, M184V, L210W, T215HYD",0.3,"['M41L', 'L74LV', 'M184V', 'L210W', 'T215HYD']",0,"['M41L', 'L74LV', 'M184V', 'L210W']"
127250,M184V,0.2,['M184V'],0,['M184V']
184283,"M41ML, D67N, K70R, T215Y, K219E",4.3,"['M41ML', 'D67N', 'K70R', 'T215Y', 'K219E']",1,"['M41ML', 'D67N', 'K70R', 'T215Y', 'K219E']"
88741,,0.6,[],0,[]
71569,"M41L, M184V, T215F, K219Q",1.2,"['M41L', 'M184V', 'T215F', 'K219Q']",0,"['M41L', 'M184V', 'T215F', 'K219Q']"
152275,K65R,0.4,['K65R'],0,['K65R']
96330,"S68G, K70Q, M184V, L210W, T215Y",1.5,"['S68G', 'K70Q', 'M184V', 'L210W', 'T215Y']",0,"['S68G', 'M184V', 'L210W', 'T215Y']"
127262,,0.5,[],0,[]
59295,"M41L, E44D, D67N, T69D, L74V, M184V, L210W, T215Y",2.7,"['M41L', 'E44D', 'D67N', 'T69D', 'L74V', 'M184V', 'L210W', 'T215Y']",1,"['M41L', 'E44D', 'D67N', 'T69D', 'L74V', 'M184V', 'L210W', 'T215Y']"
50042,"M41L, M184V, L210LW, T215Y",56.0,"['M41L', 'M184V', 'L210LW', 'T215Y']",1,"['M41L', 'M184V', 'L210LW', 'T215Y']"
125002,,0.6,[],0,[]
127384,,0.5,[],0,[]
184275,"D67N, T69D, K70R, M184V, T215TI, K219Q",8.3,"['D67N', 'T69D', 'K70R', 'M184V', 'T215TI', 'K219Q']",1,"['D67N', 'T69D', 'K70R', 'M184V', 'K219Q']"
184311,,0.2,[],0,[]
68809,"M41L, E44D, D67N, T69D, V75M, F77FL, M184V, L210W, T215Y, K219Q",7.7,"['M41L', 'E44D', 'D67N', 'T69D', 'V75M', 'F77FL', 'M184V', 'L210W', 'T215Y', 'K219Q']",1,"['M41L', 'E44D', 'D67N', 'T69D', 'V75M', 'M184V', 'L210W', 'T215Y', 'K219Q']"
185080,,0.4,[],0,[]
88773,,0.7,[],0,[]
86052,"M184V, T215D",0.3,"['M184V', 'T215D']",0,"['M184V', 'T215D']"
122673,"K70KR, K219KQ",1.1,"['K70KR', 'K219KQ']",0,['K70KR']
50058,"M41L, D67N, M184V, T215Y",11.0,"['M41L', 'D67N', 'M184V', 'T215Y']",1,"['M41L', 'D67N', 'M184V', 'T215Y']"
88478,,0.8,[],0,[]
184250,"M184V, K219KE",0.4,"['M184V', 'K219KE']",0,['M184V']
88721,T215TA,1.0,['T215TA'],0,[]
125014,S68G,1.0,['S68G'],0,['S68G']
96328,"M41L, E44A, S68G, L74LI, M184V, L210W, T215Y",78.0,"['M41L', 'E44A', 'S68G', 'L74LI', 'M184V', 'L210W', 'T215Y']",1,"['M41L', 'E44A', 'S68G', 'L74LI', 'M184V', 'L210W', 'T215Y']"
127280,"K65R, Y115F",0.2,"['K65R', 'Y115F']",0,"['K65R', 'Y115F']"
195271,M184V,0.4,['M184V'],0,['M184V']
184255,"M41L, D67N, T69D, K70KR, L74V, M184V, T215Y",1.1,"['M41L', 'D67N', 'T69D', 'K70KR', 'L74V', 'M184V', 'T215Y']",0,"['M41L', 'D67N', 'T69D', 'K70KR', 'L74V', 'M184V', 'T215Y']"
102356,"M41L, E44ED, D67N, L210W, T215Y, K219N",117.0,"['M41L', 'E44ED', 'D67N', 'L210W', 'T215Y', 'K219N']",1,"['M41L', 'E44ED', 'D67N', 'L210W', 'T215Y', 'K219N']"
95062,"M41L, D67N, K70R, L74I, V75T, M184MV, T215F, K219E",3.2,"['M41L', 'D67N', 'K70R', 'L74I', 'V75T', 'M184MV', 'T215F', 'K219E']",1,"['M41L', 'D67N', 'K70R', 'L74I', 'V75T', 'M184MV', 'T215F', 'K219E']"
88723,M184MV,0.5,['M184MV'],0,['M184MV']
166110,M184MV,0.5,['M184MV'],0,['M184MV']
71491,"D67N, L74V, T215F, K219Q",1.1,"['D67N', 'L74V', 'T215F', 'K219Q']",0,"['D67N', 'L74V', 'T215F', 'K219Q']"
124517,"M41L, L74V, M184V, L210W, T215Y",2.5,"['M41L', 'L74V', 'M184V', 'L210W', 'T215Y']",1,"['M41L', 'L74V', 'M184V', 'L210W', 'T215Y']"
96340,"M41L, E44D, D67N, L74LV, L210W, T215Y, K219R",2400.0,"['M41L', 'E44D', 'D67N', 'L74LV', 'L210W', 'T215Y', 'K219R']",1,"['M41L', 'E44D', 'D67N', 'L74LV', 'L210W', 'T215Y', 'K219R']"
87350,"S68G, F116Y, Q151M",3.9,"['S68G', 'F116Y', 'Q151M']",1,"['S68G', 'F116Y', 'Q151M']"
88795,,0.4,[],0,[]
185064,,1.0,[],0,[]
175993,,0.3,[],0,[]
127366,M184MIV,0.7,['M184MIV'],0,[]
96358,"M41L, E44ED, D67G, S68G, L74V, M184V, T215Y, K219N",0.9,"['M41L', 'E44ED', 'D67G', 'S68G', 'L74V', 'M184V', 'T215Y', 'K219N']",0,"['M41L', 'E44ED', 'D67G', 'S68G', 'L74V', 'M184V', 'T215Y', 'K219N']"
96372,"M41L, S68SG, L210W, T215D",0.5,"['M41L', 'S68SG', 'L210W', 'T215D']",0,"['M41L', 'S68SG', 'L210W', 'T215D']"
88777,,1.1,[],0,[]
122776,"K70E, M184V",0.2,"['K70E', 'M184V']",0,['M184V']
122645,"K70Q, M184V",0.2,"['K70Q', 'M184V']",0,['M184V']
195237,"M41L, S68G, L74LI, M184V, L210W, T215Y, K219KN",5.0,"['M41L', 'S68G', 'L74LI', 'M184V', 'L210W', 'T215Y', 'K219KN']",1,"['M41L', 'S68G', 'L74LI', 'M184V', 'L210W', 'T215Y', 'K219KN']"
127342,"M184V, L210W, T215Y",1.0,"['M184V', 'L210W', 'T215Y']",0,"['M184V', 'L210W', 'T215Y']"
184316,"D67G, K70E, Y115F, M184V",0.2,"['D67G', 'K70E', 'Y115F', 'M184V']",0,"['D67G', 'Y115F', 'M184V']"
195281,,0.6,[],0,[]
127318,,0.4,[],0,[]
88224,"M41L, L210W, T215Y, K219E",278.0,"['M41L', 'L210W', 'T215Y', 'K219E']",1,"['M41L', 'L210W', 'T215Y', 'K219E']"
96394,"K65R, S68G, M184V",0.4,"['K65R', 'S68G', 'M184V']",0,"['K65R', 'S68G', 'M184V']"
79362,"E40F, M41L, D67N, L74V, L210W, T215Y",2400.0,"['E40F', 'M41L', 'D67N', 'L74V', 'L210W', 'T215Y']",1,"['M41L', 'D67N', 'L74V', 'L210W', 'T215Y']"
92371,"D67N, M184V, L210W, T215Y, K219R",7.2,"['D67N', 'M184V', 'L210W', 'T215Y', 'K219R']",1,"['D67N', 'M184V', 'L210W', 'T215Y', 'K219R']"
127270,,0.5,[],0,[]
185052,,1.2,[],0,[]
96440,"M41L, E44D, S68G, M184V, L210W, T215Y",22.0,"['M41L', 'E44D', 'S68G', 'M184V', 'L210W', 'T215Y']",1,"['M41L', 'E44D', 'S68G', 'M184V', 'L210W', 'T215Y']"
127372,"M184V, T215FS",0.6,"['M184V', 'T215FS']",0,['M184V']
175991,,0.9,[],0,[]
71563,"D67N, K70R, L74I, M184V, T215F, K219Q",9.6,"['D67N', 'K70R', 'L74I', 'M184V', 'T215F', 'K219Q']",1,"['D67N', 'K70R', 'L74I', 'M184V', 'T215F', 'K219Q']"
122643,"D67DH, K70RG, M184MV, K219KE",4.9,"['D67DH', 'K70RG', 'M184MV', 'K219KE']",1,['M184MV']
122790,"M41L, E44ED, L74V, V75VA, L210W, T215Y",8.3,"['M41L', 'E44ED', 'L74V', 'V75VA', 'L210W', 'T215Y']",1,"['M41L', 'E44ED', 'L74V', 'L210W', 'T215Y']"
151298,"K70E, Y115YF, M184V",0.1,"['K70E', 'Y115YF', 'M184V']",0,['M184V']
88711,"M41ML, A62AV, D67DG, S68SG, L74LV, M184V, L210W, T215Y, K219KQ",0.8,"['M41ML', 'A62AV', 'D67DG', 'S68SG', 'L74LV', 'M184V', 'L210W', 'T215Y', 'K219KQ']",0,"['M41ML', 'A62AV', 'S68SG', 'L74LV', 'M184V', 'L210W', 'T215Y']"
96382,"D67G, K70R, L74I, M184V, K219Q",102.0,"['D67G', 'K70R', 'L74I', 'M184V', 'K219Q']",1,"['D67G', 'K70R', 'L74I', 'M184V', 'K219Q']"
127230,"K65R, S68SN, M184V",0.8,"['K65R', 'S68SN', 'M184V']",0,"['K65R', 'M184V']"
71515,,0.5,[],0,[]
127364,"D67DN, M184MV",0.3,"['D67DN', 'M184MV']",0,"['D67DN', 'M184MV']"
166064,"A62V, V75I",0.4,"['A62V', 'V75I']",0,"['A62V', 'V75I']"
127308,,0.7,[],0,[]
122774,"M41L, K70R, M184V, T215Y, K219E",4.2,"['M41L', 'K70R', 'M184V', 'T215Y', 'K219E']",1,"['M41L', 'K70R', 'M184V', 'T215Y', 'K219E']"
184265,"D67G, S68G, K70R, T215I, K219E",62.0,"['D67G', 'S68G', 'K70R', 'T215I', 'K219E']",1,"['D67G', 'S68G', 'K70R', 'K219E']"
94374,"M41L, E44ED, T69D, L210W, T215Y, K219R",544.0,"['M41L', 'E44ED', 'T69D', 'L210W', 'T215Y', 'K219R']",1,"['M41L', 'E44ED', 'T69D', 'L210W', 'T215Y', 'K219R']"
127330,"M41L, V75M, M184V, T215Y",1.4,"['M41L', 'V75M', 'M184V', 'T215Y']",0,"['M41L', 'V75M', 'M184V', 'T215Y']"
166042,"E40F, M41L, D67N, L74V, M184V, L210W, T215F, K219E",1.0,"['E40F', 'M41L', 'D67N', 'L74V', 'M184V', 'L210W', 'T215F', 'K219E']",0,"['M41L', 'D67N', 'L74V', 'M184V', 'L210W', 'T215F', 'K219E']"
185072,"K70KT, M184V",0.4,"['K70KT', 'M184V']",0,['M184V']
64054,"M41L, E44ED, S68SG, M184V, L210W, T215Y",5.2,"['M41L', 'E44ED', 'S68SG', 'M184V', 'L210W', 'T215Y']",1,"['M41L', 'E44ED', 'S68SG', 'M184V', 'L210W', 'T215Y']"
166116,,0.8,[],0,[]
138347,"M41L, D67N, M184V, L210W, T215Y",13.0,"['M41L', 'D67N', 'M184V', 'L210W', 'T215Y']",1,"['M41L', 'D67N', 'M184V', 'L210W', 'T215Y']"
122788,"M41L, D67N, T69D, K70R, M184V, T215F, K219Q",52.0,"['M41L', 'D67N', 'T69D', 'K70R', 'M184V', 'T215F', 'K219Q']",1,"['M41L', 'D67N', 'T69D', 'K70R', 'M184V', 'T215F', 'K219Q']"
166100,"K65R, M184I",0.3,"['K65R', 'M184I']",0,"['K65R', 'M184I']"
96316,"M41L, A62V, M184V, T215Y",3.6,"['M41L', 'A62V', 'M184V', 'T215Y']",1,"['M41L', 'A62V', 'M184V', 'T215Y']"
177178,"M41L, E44A, M184V, T215Y",14.0,"['M41L', 'E44A', 'M184V', 'T215Y']",1,"['M41L', 'E44A', 'M184V', 'T215Y']"
96324,,0.6,[],0,[]
96378,"M41L, E44D, D67N, K70R, M184V, T215F, K219Q",41.0,"['M41L', 'E44D', 'D67N', 'K70R', 'M184V', 'T215F', 'K219Q']",1,"['M41L', 'E44D', 'D67N', 'K70R', 'M184V', 'T215F', 'K219Q']"
95838,"M41L, D67N, M184V, L210W, T215Y",34.0,"['M41L', 'D67N', 'M184V', 'L210W', 'T215Y']",1,"['M41L', 'D67N', 'M184V', 'L210W', 'T215Y']"
71545,"M41L, E44A, D67N, T69D, V75M, F77FL, M184V, L210W, T215Y, K219KN",38.0,"['M41L', 'E44A', 'D67N', 'T69D', 'V75M', 'F77FL', 'M184V', 'L210W', 'T215Y', 'K219KN']",1,"['M41L', 'E44A', 'D67N', 'T69D', 'V75M', 'M184V', 'L210W', 'T215Y', 'K219KN']"
166094,,0.4,[],0,[]
184279,"M41L, L74V, M184V, T215Y",1.4,"['M41L', 'L74V', 'M184V', 'T215Y']",0,"['M41L', 'L74V', 'M184V', 'T215Y']"
127282,M184MV,0.6,['M184MV'],0,['M184MV']
127316,"M41ML, A62AV, D67DG, S68G, K70KR, M184MV, K219KQ",1.5,"['M41ML', 'A62AV', 'D67DG', 'S68G', 'K70KR', 'M184MV', 'K219KQ']",0,"['M41ML', 'A62AV', 'S68G', 'K70KR', 'M184MV']"
88781,,0.6,[],0,[]
70953,,0.7,[],0,[]
195255,,0.6,[],0,[]
127324,,0.6,[],0,[]
184236,"M41L, M184V, T215Y",3.2,"['M41L', 'M184V', 'T215Y']",1,"['M41L', 'M184V', 'T215Y']"
166104,"L74V, T215C",0.8,"['L74V', 'T215C']",0,['L74V']
122661,"M41L, E44D, S68G, M184V, L210W, T215Y",68.0,"['M41L', 'E44D', 'S68G', 'M184V', 'L210W', 'T215Y']",1,"['M41L', 'E44D', 'S68G', 'M184V', 'L210W', 'T215Y']"
70963,"M41L, E44ED, V75VM, L210W, T215Y",936.0,"['M41L', 'E44ED', 'V75VM', 'L210W', 'T215Y']",1,"['M41L', 'E44ED', 'L210W', 'T215Y']"
127288,,0.5,[],0,[]
122778,"M41L, E44D, T69D, L74V, M184V, L210W, T215Y, K219R",11.0,"['M41L', 'E44D', 'T69D', 'L74V', 'M184V', 'L210W', 'T215Y', 'K219R']",1,"['M41L', 'E44D', 'T69D', 'L74V', 'M184V', 'L210W', 'T215Y', 'K219R']"
63802,"M41L, E44A, D67N, T69D, M184V, L210W, T215Y, K219KE",26.0,"['M41L', 'E44A', 'D67N', 'T69D', 'M184V', 'L210W', 'T215Y', 'K219KE']",1,"['M41L', 'E44A', 'D67N', 'T69D', 'M184V', 'L210W', 'T215Y']"
125016,,0.4,[],0,[]
88767,M184V,0.7,['M184V'],0,['M184V']
162455,"K65R, M184I",0.3,"['K65R', 'M184I']",0,"['K65R', 'M184I']"
184289,"A62V, S68G, K70N, V75I, F77L, Y115F, F116Y, Q151M, M184V, T215Y",2400.0,"['A62V', 'S68G', 'K70N', 'V75I', 'F77L', 'Y115F', 'F116Y', 'Q151M', 'M184V', 'T215Y']",1,"['A62V', 'S68G', 'V75I', 'F77L', 'Y115F', 'F116Y', 'Q151M', 'M184V', 'T215Y']"
55062,"M41L, D67DN, K70KR, M184V, T215F, K219KE",147.0,"['M41L', 'D67DN', 'K70KR', 'M184V', 'T215F', 'K219KE']",1,"['M41L', 'D67DN', 'K70KR', 'M184V', 'T215F']"
95808,"M41L, D67N, L74I, F77FL, M184V, L210W, T215Y, K219Q",24.0,"['M41L', 'D67N', 'L74I', 'F77FL', 'M184V', 'L210W', 'T215Y', 'K219Q']",1,"['M41L', 'D67N', 'L74I', 'M184V', 'L210W', 'T215Y', 'K219Q']"
185054,,1.0,[],0,[]
127358,"M41L, D67DN, M184V, T215Y, K219KE",0.7,"['M41L', 'D67DN', 'M184V', 'T215Y', 'K219KE']",0,"['M41L', 'D67DN', 'M184V', 'T215Y']"
151284,"M41L, D67DN, M184MV, L210LW, T215YD",3.8,"['M41L', 'D67DN', 'M184MV', 'L210LW', 'T215YD']",1,"['M41L', 'D67DN', 'M184MV', 'L210LW']"
35008,M184I,0.3,['M184I'],0,['M184I']
184242,"M41L, D67N, T69D, K70R, M184V, T215FC, K219Q",54.0,"['M41L', 'D67N', 'T69D', 'K70R', 'M184V', 'T215FC', 'K219Q']",1,"['M41L', 'D67N', 'T69D', 'K70R', 'M184V', 'K219Q']"
138351,"M41L, M184V, L210W, T215Y",50.0,"['M41L', 'M184V', 'L210W', 'T215Y']",1,"['M41L', 'M184V', 'L210W', 'T215Y']"
69041,,0.6,[],0,[]
68805,"M41L, K65R, L210W, T215S",0.4,"['M41L', 'K65R', 'L210W', 'T215S']",0,"['M41L', 'K65R', 'L210W']"
71489,"M41L, D67N, L74V, M184V, L210W, T215Y, K219N",6.9,"['M41L', 'D67N', 'L74V', 'M184V', 'L210W', 'T215Y', 'K219N']",1,"['M41L', 'D67N', 'L74V', 'M184V', 'L210W', 'T215Y', 'K219N']"
127304,"M41L, S68SG, L74LI, M184V, L210LW, T215Y",4.9,"['M41L', 'S68SG', 'L74LI', 'M184V', 'L210LW', 'T215Y']",1,"['M41L', 'S68SG', 'L74LI', 'M184V', 'L210LW', 'T215Y']"
127350,"L74I, M184V",0.2,"['L74I', 'M184V']",0,"['L74I', 'M184V']"
96412,"D67N, K70R, M184V, K219Q",19.0,"['D67N', 'K70R', 'M184V', 'K219Q']",1,"['D67N', 'K70R', 'M184V', 'K219Q']"
195263,"K70R, L210LW",4.1,"['K70R', 'L210LW']",1,"['K70R', 'L210LW']"
96231,"S68SG, K70KN, T215F, K219Q",7.0,"['S68SG', 'K70KN', 'T215F', 'K219Q']",1,"['S68SG', 'T215F', 'K219Q']"
124515,"K70KE, M184V",0.2,"['K70KE', 'M184V']",0,['M184V']
95820,,0.8,[],0,[]
96241,V75M,1.0,['V75M'],0,['V75M']
102352,"M41L, D67N, T69D, K70R, L74I, M184V, T215F, K219W",2400.0,"['M41L', 'D67N', 'T69D', 'K70R', 'L74I', 'M184V', 'T215F', 'K219W']",1,"['M41L', 'D67N', 'T69D', 'K70R', 'L74I', 'M184V', 'T215F']"
96239,"M41L, E44A, D67N, T69D, M184MIV, L210W, T215Y, K219KR",113.0,"['M41L', 'E44A', 'D67N', 'T69D', 'M184MIV', 'L210W', 'T215Y', 'K219KR']",1,"['M41L', 'E44A', 'D67N', 'T69D', 'L210W', 'T215Y', 'K219KR']"
185092,"S68N, K70G, M184V",0.2,"['S68N', 'K70G', 'M184V']",0,"['K70G', 'M184V']"
64316,"L74V, Y115F, M184V",0.3,"['L74V', 'Y115F', 'M184V']",0,"['L74V', 'Y115F', 'M184V']"
195267,,0.5,[],0,[]
177186,,0.3,[],0,[]
152836,,0.4,[],0,[]
184312,"K70E, M184V",0.2,"['K70E', 'M184V']",0,['M184V']
102362,"M41L, S68G, L74V, M184V, L210W, T215Y, K219KN",1.9,"['M41L', 'S68G', 'L74V', 'M184V', 'L210W', 'T215Y', 'K219KN']",1,"['M41L', 'S68G', 'L74V', 'M184V', 'L210W', 'T215Y', 'K219KN']"
70959,"M41L, M184V, L210W, T215Y",67.0,"['M41L', 'M184V', 'L210W', 'T215Y']",1,"['M41L', 'M184V', 'L210W', 'T215Y']"
96420,"M41ML, M184V, L210W, T215Y",1.9,"['M41ML', 'M184V', 'L210W', 'T215Y']",1,"['M41ML', 'M184V', 'L210W', 'T215Y']"
127292,"K70N, M184MIV",0.2,"['K70N', 'M184MIV']",0,[]
92381,"M41L, E44D, D67N, L210W, T215Y, K219R",2400.0,"['M41L', 'E44D', 'D67N', 'L210W', 'T215Y', 'K219R']",1,"['M41L', 'E44D', 'D67N', 'L210W', 'T215Y', 'K219R']"
79292,"Y115F, M184V",0.6,"['Y115F', 'M184V']",0,"['Y115F', 'M184V']"
185088,"L74I, M184V, T215Y",0.6,"['L74I', 'M184V', 'T215Y']",0,"['L74I', 'M184V', 'T215Y']"
70973,"M41L, E44D, D67N, T69D, M184V, L210W, T215Y",567.0,"['M41L', 'E44D', 'D67N', 'T69D', 'M184V', 'L210W', 'T215Y']",1,"['M41L', 'E44D', 'D67N', 'T69D', 'M184V', 'L210W', 'T215Y']"
95840,"M41L, E44D, L210W, T215Y",78.0,"['M41L', 'E44D', 'L210W', 'T215Y']",1,"['M41L', 'E44D', 'L210W', 'T215Y']"
87342,"M41L, A62AV, S68SG, V75VI, F116FY, Q151QL, M184MV, T215F",30.0,"['M41L', 'A62AV', 'S68SG', 'V75VI', 'F116FY', 'Q151QL', 'M184MV', 'T215F']",1,"['M41L', 'A62AV', 'S68SG', 'M184MV', 'T215F']"
123504,K65R,0.3,['K65R'],0,['K65R']
96400,"M41L, L74LV, M184V, L210W, T215Y, K219N",93.0,"['M41L', 'L74LV', 'M184V', 'L210W', 'T215Y', 'K219N']",1,"['M41L', 'L74LV', 'M184V', 'L210W', 'T215Y', 'K219N']"
63838,"M41L, E44ED, D67N, T69D, K70KR, M184V, T215Y, K219Q",58.0,"['M41L', 'E44ED', 'D67N', 'T69D', 'K70KR', 'M184V', 'T215Y', 'K219Q']",1,"['M41L', 'E44ED', 'D67N', 'T69D', 'K70KR', 'M184V', 'T215Y', 'K219Q']"
127360,"M41L, M184V, T215Y",3.9,"['M41L', 'M184V', 'T215Y']",1,"['M41L', 'M184V', 'T215Y']"
95213,"M41L, L210W, T215Y",82.0,"['M41L', 'L210W', 'T215Y']",1,"['M41L', 'L210W', 'T215Y']"
122770,"M41L, E44D, A62V, M184V, L210W, T215Y",4.2,"['M41L', 'E44D', 'A62V', 'M184V', 'L210W', 'T215Y']",1,"['M41L', 'E44D', 'A62V', 'M184V', 'L210W', 'T215Y']"
92377,"D67N, K70R, L74I, Y115F, M184V, K219Q",2.4,"['D67N', 'K70R', 'L74I', 'Y115F', 'M184V', 'K219Q']",1,"['D67N', 'K70R', 'L74I', 'Y115F', 'M184V', 'K219Q']"
184264,"M41L, D67N, L74V, L210W, T215Y",2.9,"['M41L', 'D67N', 'L74V', 'L210W', 'T215Y']",1,"['M41L', 'D67N', 'L74V', 'L210W', 'T215Y']"
124511,,0.6,[],0,[]
166112,"M41L, D67N, M184V, L210W, T215Y",0.8,"['M41L', 'D67N', 'M184V', 'L210W', 'T215Y']",0,"['M41L', 'D67N', 'M184V', 'L210W', 'T215Y']"
71505,"M41L, E44D, D67N, T69D, M184V, L210W, T215Y, K219N",33.0,"['M41L', 'E44D', 'D67N', 'T69D', 'M184V', 'L210W', 'T215Y', 'K219N']",1,"['M41L', 'E44D', 'D67N', 'T69D', 'M184V', 'L210W', 'T215Y', 'K219N']"
88757,"A62AV, D67DG, S68G, K70KR, M184MV, K219KQ",1.2,"['A62AV', 'D67DG', 'S68G', 'K70KR', 'M184MV', 'K219KQ']",0,"['A62AV', 'S68G', 'K70KR', 'M184MV']"
125004,,2.0,[],1,[]
88715,,0.9,[],0,[]
177174,"M41L, D67N, T215N, K219E",9.3,"['M41L', 'D67N', 'T215N', 'K219E']",1,"['M41L', 'D67N', 'K219E']"
124529,"M41ML, D67G, T69ND, K70R, L74I, M184V, T215F, K219Q",18.0,"['M41ML', 'D67G', 'T69ND', 'K70R', 'L74I', 'M184V', 'T215F', 'K219Q']",1,"['M41ML', 'D67G', 'K70R', 'L74I', 'M184V', 'T215F', 'K219Q']"
95846,"K65R, M184V",0.5,"['K65R', 'M184V']",0,"['K65R', 'M184V']"
94378,"K65R, D67N, T69D",0.4,"['K65R', 'D67N', 'T69D']",0,"['K65R', 'D67N', 'T69D']"
185076,"L210W, T215C",1.4,"['L210W', 'T215C']",0,['L210W']
24381,"M41L, A62AV, T69S_ST, M184V, T215Y",9.0,"['M41L', 'A62AV', 'T69S_ST', 'M184V', 'T215Y']",1,"['M41L', 'A62AV', 'M184V', 'T215Y']"
166098,M184V,0.8,['M184V'],0,['M184V']
88717,,1.6,[],0,[]
166046,"K65R, S68G, K70T, M184V",2.3,"['K65R', 'S68G', 'K70T', 'M184V']",1,"['K65R', 'S68G', 'M184V']"
122784,"M41L, D67N, K70R, M184V, T215F, K219E",159.0,"['M41L', 'D67N', 'K70R', 'M184V', 'T215F', 'K219E']",1,"['M41L', 'D67N', 'K70R', 'M184V', 'T215F', 'K219E']"
195251,,0.6,[],0,[]
84180,"M41L, D67N, M184V, L210W, T215Y",12.0,"['M41L', 'D67N', 'M184V', 'L210W', 'T215Y']",1,"['M41L', 'D67N', 'M184V', 'L210W', 'T215Y']"
195313,,1.1,[],0,[]
122665,"M41L, D67DN, L210W, T215Y",283.0,"['M41L', 'D67DN', 'L210W', 'T215Y']",1,"['M41L', 'D67DN', 'L210W', 'T215Y']"
175987,"L74V, M184V, K219N",0.2,"['L74V', 'M184V', 'K219N']",0,"['L74V', 'M184V', 'K219N']"
94384,"M41L, E44ED, D67G, S68G, L74V, M184V, L210W, T215Y, K219NS",46.0,"['M41L', 'E44ED', 'D67G', 'S68G', 'L74V', 'M184V', 'L210W', 'T215Y', 'K219NS']",1,"['M41L', 'E44ED', 'D67G', 'S68G', 'L74V', 'M184V', 'L210W', 'T215Y']"
71561,"M41L, D67N, K70R, M184V, T215Y, K219E",41.0,"['M41L', 'D67N', 'K70R', 'M184V', 'T215Y', 'K219E']",1,"['M41L', 'D67N', 'K70R', 'M184V', 'T215Y', 'K219E']"
127354,"M184V, T215TI",0.4,"['M184V', 'T215TI']",0,['M184V']
95810,,0.9,[],0,[]
94388,"M41L, E44D, D67N, L74V, M184V, L210W, T215Y, K219N",11.0,"['M41L', 'E44D', 'D67N', 'L74V', 'M184V', 'L210W', 'T215Y', 'K219N']",1,"['M41L', 'E44D', 'D67N', 'L74V', 'M184V', 'L210W', 'T215Y', 'K219N']"
127382,,0.6,[],0,[]
195279,,0.7,[],0,[]
127244,"M41L, S68G, M184V, L210W, T215SY",11.0,"['M41L', 'S68G', 'M184V', 'L210W', 'T215SY']",1,"['M41L', 'S68G', 'M184V', 'L210W']"
96336,,1.6,[],0,[]
151294,"M41L, E44D, D67N, K70R, L74LI, M184V, T215Y, K219E",7.0,"['M41L', 'E44D', 'D67N', 'K70R', 'L74LI', 'M184V', 'T215Y', 'K219E']",1,"['M41L', 'E44D', 'D67N', 'K70R', 'L74LI', 'M184V', 'T215Y', 'K219E']"
60842,"M41ML, D67N, T69D, K70R, M184V, T215F, K219Q",3.9,"['M41ML', 'D67N', 'T69D', 'K70R', 'M184V', 'T215F', 'K219Q']",1,"['M41ML', 'D67N', 'T69D', 'K70R', 'M184V', 'T215F', 'K219Q']"
96416,"M41L, L74V, M184V, L210W, T215Y",2.9,"['M41L', 'L74V', 'M184V', 'L210W', 'T215Y']",1,"['M41L', 'L74V', 'M184V', 'L210W', 'T215Y']"
195303,,0.7,[],0,[]
95804,"M41L, E44A, D67N, L74V, M184V, L210W, T215Y, K219N",35.0,"['M41L', 'E44A', 'D67N', 'L74V', 'M184V', 'L210W', 'T215Y', 'K219N']",1,"['M41L', 'E44A', 'D67N', 'L74V', 'M184V', 'L210W', 'T215Y', 'K219N']"
95826,,0.4,[],0,[]
102366,"M41L, E44D, D67N, T69D, M184V, L210W, T215Y, K219R",81.0,"['M41L', 'E44D', 'D67N', 'T69D', 'M184V', 'L210W', 'T215Y', 'K219R']",1,"['M41L', 'E44D', 'D67N', 'T69D', 'M184V', 'L210W', 'T215Y', 'K219R']"
184258,M184V,0.4,['M184V'],0,['M184V']
122659,"D67N, K70R, M184V, K219Q",1.0,"['D67N', 'K70R', 'M184V', 'K219Q']",0,"['D67N', 'K70R', 'M184V', 'K219Q']"
88785,,1.1,[],0,[]
127258,,0.5,[],0,[]
59559,,0.7,[],0,[]
195277,M184V,0.2,['M184V'],0,['M184V']
71541,"M41L, D67N, K70KR, L74LIV, M184V, L210W, T215Y, K219Q",14.0,"['M41L', 'D67N', 'K70KR', 'L74LIV', 'M184V', 'L210W', 'T215Y', 'K219Q']",1,"['M41L', 'D67N', 'K70KR', 'M184V', 'L210W', 'T215Y', 'K219Q']"
166090,,0.5,[],0,[]
127300,,1.3,[],0,[]
71519,"E44D, M184V, T215Y",2.6,"['E44D', 'M184V', 'T215Y']",1,"['E44D', 'M184V', 'T215Y']"
71553,"M41L, E44A, D67N, L210W, T215Y, K219R",951.0,"['M41L', 'E44A', 'D67N', 'L210W', 'T215Y', 'K219R']",1,"['M41L', 'E44A', 'D67N', 'L210W', 'T215Y', 'K219R']"
88733,,2.2,[],1,[]
88763,,1.5,[],0,[]
125022,"M41L, E44A, L74V, M184V, L210W, T215Y",141.0,"['M41L', 'E44A', 'L74V', 'M184V', 'L210W', 'T215Y']",1,"['M41L', 'E44A', 'L74V', 'M184V', 'L210W', 'T215Y']"
195289,,0.5,[],0,[]
185084,,1.0,[],0,[]
177182,"S68G, M184V, T215F",1.1,"['S68G', 'M184V', 'T215F']",0,"['S68G', 'M184V', 'T215F']"
122653,"L74LI, T215Y",1.8,"['L74LI', 'T215Y']",0,"['L74LI', 'T215Y']"
127266,"K70N, M184MV",1.2,"['K70N', 'M184MV']",0,['M184MV']
86048,"D67N, T69D, K70R, L74V, T215Y, K219Q",22.0,"['D67N', 'T69D', 'K70R', 'L74V', 'T215Y', 'K219Q']",1,"['D67N', 'T69D', 'K70R', 'L74V', 'T215Y', 'K219Q']"
96430,"M41L, S68G, L74V, M184V, L210W, T215Y",5.0,"['M41L', 'S68G', 'L74V', 'M184V', 'L210W', 'T215Y']",1,"['M41L', 'S68G', 'L74V', 'M184V', 'L210W', 'T215Y']"
151288,"M41L, M184V, L210W, T215Y, K219KE",34.0,"['M41L', 'M184V', 'L210W', 'T215Y', 'K219KE']",1,"['M41L', 'M184V', 'L210W', 'T215Y']"
86050,"M41L, E44D, D67N, T69D, L210W, T215Y, K219KR",920.0,"['M41L', 'E44D', 'D67N', 'T69D', 'L210W', 'T215Y', 'K219KR']",1,"['M41L', 'E44D', 'D67N', 'T69D', 'L210W', 'T215Y', 'K219KR']"
127296,,0.9,[],0,[]
96448,"D67G, T69ND, K70R, L74LI, M184V, T215F, K219Q",3.5,"['D67G', 'T69ND', 'K70R', 'L74LI', 'M184V', 'T215F', 'K219Q']",1,"['D67G', 'K70R', 'L74LI', 'M184V', 'T215F', 'K219Q']"
96360,"D67G, T69D, K70RG, M184MV",0.5,"['D67G', 'T69D', 'K70RG', 'M184MV']",0,"['D67G', 'T69D', 'M184MV']"
71555,"D67N, T69D, K70R, M184V, T215F, K219Q",21.0,"['D67N', 'T69D', 'K70R', 'M184V', 'T215F', 'K219Q']",1,"['D67N', 'T69D', 'K70R', 'M184V', 'T215F', 'K219Q']"
69141,"M41L, E44A, D67N, L74I, V75VIM, M184V, L210W, T215Y, K219E",177.0,"['M41L', 'E44A', 'D67N', 'L74I', 'V75VIM', 'M184V', 'L210W', 'T215Y', 'K219E']",1,"['M41L', 'E44A', 'D67N', 'L74I', 'M184V', 'L210W', 'T215Y', 'K219E']"
48242,"D67N, K70R, T215F, K219Q",80.0,"['D67N', 'K70R', 'T215F', 'K219Q']",1,"['D67N', 'K70R', 'T215F', 'K219Q']"
127254,,0.8,[],0,[]
185940,,0.2,[],0,[]
71471,"M41L, E44D, D67DN, V75M, M184V, L210W, T215Y",71.0,"['M41L', 'E44D', 'D67DN', 'V75M', 'M184V', 'L210W', 'T215Y']",1,"['M41L', 'E44D', 'D67DN', 'V75M', 'M184V', 'L210W', 'T215Y']"
92509,"M41L, L210W, T215Y",186.0,"['M41L', 'L210W', 'T215Y']",1,"['M41L', 'L210W', 'T215Y']"
170964,,0.4,[],0,[]
96424,"M41L, E44D, D67N, L74LV, M184V, L210W, T215Y",3.6,"['M41L', 'E44D', 'D67N', 'L74LV', 'M184V', 'L210W', 'T215Y']",1,"['M41L', 'E44D', 'D67N', 'L74LV', 'M184V', 'L210W', 'T215Y']"
185062,,0.7,[],0,[]
38901,,0.9,[],0,[]
35194,"D67N, T69D, K70R, T215F, K219Q",24.0,"['D67N', 'T69D', 'K70R', 'T215F', 'K219Q']",1,"['D67N', 'T69D', 'K70R', 'T215F', 'K219Q']"
236591,,1.6,[],0,[]
14729,"S68G, L74V, V75T, Y115F, Q151M",5.2,"['S68G', 'L74V', 'V75T', 'Y115F', 'Q151M']",1,"['S68G', 'L74V', 'V75T', 'Y115F', 'Q151M']"
40737,S68G,0.8,['S68G'],0,['S68G']
14143,"M41L, M184V, T215Y",4.4,"['M41L', 'M184V', 'T215Y']",1,"['M41L', 'M184V', 'T215Y']"
38017,"M41L, E44ED, D67DN, S68SG, M184V, L210W, T215Y",73.0,"['M41L', 'E44ED', 'D67DN', 'S68SG', 'M184V', 'L210W', 'T215Y']",1,"['M41L', 'E44ED', 'D67DN', 'S68SG', 'M184V', 'L210W', 'T215Y']"
19923,"D67N, T215V, K219Q",1.8,"['D67N', 'T215V', 'K219Q']",0,"['D67N', 'K219Q']"
236571,,0.6,[],0,[]
24800,"M41L, E44D, D67N, M184V, L210W, T215Y, K219Q",28.0,"['M41L', 'E44D', 'D67N', 'M184V', 'L210W', 'T215Y', 'K219Q']",1,"['M41L', 'E44D', 'D67N', 'M184V', 'L210W', 'T215Y', 'K219Q']"
17451,"E40F, M41L, D67N, L74I, L210W, T215Y, K219N",200.0,"['E40F', 'M41L', 'D67N', 'L74I', 'L210W', 'T215Y', 'K219N']",1,"['M41L', 'D67N', 'L74I', 'L210W', 'T215Y', 'K219N']"
12270,"M41L, D67N, L210W, T215Y",125.0,"['M41L', 'D67N', 'L210W', 'T215Y']",1,"['M41L', 'D67N', 'L210W', 'T215Y']"
214357,"M41L, L74I, M184V, L210W, T215Y",496.0,"['M41L', 'L74I', 'M184V', 'L210W', 'T215Y']",1,"['M41L', 'L74I', 'M184V', 'L210W', 'T215Y']"
35156,"D67N, K70R, L74V, T215TI, K219Q",11.0,"['D67N', 'K70R', 'L74V', 'T215TI', 'K219Q']",1,"['D67N', 'K70R', 'L74V', 'K219Q']"
27641,M184V,0.5,['M184V'],0,['M184V']
3787,"D67N, K70R",28.0,"['D67N', 'K70R']",1,"['D67N', 'K70R']"
59209,"D67N, K70R, T215F, K219E",147.0,"['D67N', 'K70R', 'T215F', 'K219E']",1,"['D67N', 'K70R', 'T215F', 'K219E']"
4582,"V75T, M184V",0.3,"['V75T', 'M184V']",0,"['V75T', 'M184V']"
38077,"A62V, K65R, S68G, V75I, F77L, F116Y, Q151M",461.0,"['A62V', 'K65R', 'S68G', 'V75I', 'F77L', 'F116Y', 'Q151M']",1,"['A62V', 'K65R', 'S68G', 'V75I', 'F77L', 'F116Y', 'Q151M']"
214365,,0.6,[],0,[]
214353,"M184V, T215Y",0.4,"['M184V', 'T215Y']",0,"['M184V', 'T215Y']"
68911,,0.7,[],0,[]
34448,,0.7,[],0,[]
37816,"D67N, T69D, K70R, M184V, T215V, K219Q",1.7,"['D67N', 'T69D', 'K70R', 'M184V', 'T215V', 'K219Q']",0,"['D67N', 'T69D', 'K70R', 'M184V', 'K219Q']"
34464,"M41L, D67N, L210W, T215Y, K219R",214.0,"['M41L', 'D67N', 'L210W', 'T215Y', 'K219R']",1,"['M41L', 'D67N', 'L210W', 'T215Y', 'K219R']"
237811,"M41L, T215D",0.7,"['M41L', 'T215D']",0,"['M41L', 'T215D']"
19999,M184V,0.2,['M184V'],0,['M184V']
12464,"M41L, D67N, T215Y",71.0,"['M41L', 'D67N', 'T215Y']",1,"['M41L', 'D67N', 'T215Y']"
9044,T215D,0.2,['T215D'],0,['T215D']
37855,"M41L, D67G, S68G, K70R, M184V, T215F, K219Q",272.0,"['M41L', 'D67G', 'S68G', 'K70R', 'M184V', 'T215F', 'K219Q']",1,"['M41L', 'D67G', 'S68G', 'K70R', 'M184V', 'T215F', 'K219Q']"
41241,"M41L, L74I, M184V, L210W, T215Y",15.0,"['M41L', 'L74I', 'M184V', 'L210W', 'T215Y']",1,"['M41L', 'L74I', 'M184V', 'L210W', 'T215Y']"
42025,"E40F, M41L, S68G, L74I, V75A, M184V, L210W, T215Y, K219N",16.0,"['E40F', 'M41L', 'S68G', 'L74I', 'V75A', 'M184V', 'L210W', 'T215Y', 'K219N']",1,"['M41L', 'S68G', 'L74I', 'M184V', 'L210W', 'T215Y', 'K219N']"
214371,"T69D, M184MV",0.3,"['T69D', 'M184MV']",0,"['T69D', 'M184MV']"
13062,"M41L, E44ED, D67N, T69D, V75M, F77L, M184V, L210W, T215Y",134.0,"['M41L', 'E44ED', 'D67N', 'T69D', 'V75M', 'F77L', 'M184V', 'L210W', 'T215Y']",1,"['M41L', 'E44ED', 'D67N', 'T69D', 'V75M', 'F77L', 'M184V', 'L210W', 'T215Y']"
237141,,1.0,[],0,[]
41187,"M41L, M184V, T215Y",11.0,"['M41L', 'M184V', 'T215Y']",1,"['M41L', 'M184V', 'T215Y']"
34319,"M41L, E44A, T69D, L74I, L210W, T215Y, K219R",418.0,"['M41L', 'E44A', 'T69D', 'L74I', 'L210W', 'T215Y', 'K219R']",1,"['M41L', 'E44A', 'T69D', 'L74I', 'L210W', 'T215Y', 'K219R']"
214341,"M41L, D67N, T69D, L74LV, V75VIM, M184V, T215Y",0.9,"['M41L', 'D67N', 'T69D', 'L74LV', 'V75VIM', 'M184V', 'T215Y']",0,"['M41L', 'D67N', 'T69D', 'L74LV', 'M184V', 'T215Y']"
14732,"M41L, D67N, L210W, T215Y, K219R",1000.0,"['M41L', 'D67N', 'L210W', 'T215Y', 'K219R']",1,"['M41L', 'D67N', 'L210W', 'T215Y', 'K219R']"
237831,"M41L, E44D, D67N, M184V, L210W, T215Y",200.0,"['M41L', 'E44D', 'D67N', 'M184V', 'L210W', 'T215Y']",1,"['M41L', 'E44D', 'D67N', 'M184V', 'L210W', 'T215Y']"
237815,"M41L, E44AD, D67N, L74I, M184V, L210W, T215Y, K219N",12.0,"['M41L', 'E44AD', 'D67N', 'L74I', 'M184V', 'L210W', 'T215Y', 'K219N']",1,"['M41L', 'D67N', 'L74I', 'M184V', 'L210W', 'T215Y', 'K219N']"
236563,M184V,0.3,['M184V'],0,['M184V']
237139,"M41L, E44D, D67N, K70R, M184V, T215V, K219E",39.0,"['M41L', 'E44D', 'D67N', 'K70R', 'M184V', 'T215V', 'K219E']",1,"['M41L', 'E44D', 'D67N', 'K70R', 'M184V', 'K219E']"
14494,,1.0,[],0,[]
236595,,0.4,[],0,[]
38405,,1.0,[],0,[]
214361,"L74LI, M184V",0.3,"['L74LI', 'M184V']",0,"['L74LI', 'M184V']"
27639,M184V,0.5,['M184V'],0,['M184V']
237827,"D67N, K70R, L74I, M184V, K219Q",31.0,"['D67N', 'K70R', 'L74I', 'M184V', 'K219Q']",1,"['D67N', 'K70R', 'L74I', 'M184V', 'K219Q']"
38037,"M41L, D67N, K70R, M184V, L210W, T215Y, K219E",19.0,"['M41L', 'D67N', 'K70R', 'M184V', 'L210W', 'T215Y', 'K219E']",1,"['M41L', 'D67N', 'K70R', 'M184V', 'L210W', 'T215Y', 'K219E']"
12925,"K65R, D67N, S68N, K70G, K219R",0.5,"['K65R', 'D67N', 'S68N', 'K70G', 'K219R']",0,"['K65R', 'D67N', 'K70G', 'K219R']"
27645,,1.2,[],0,[]
38439,"D67N, T69D, K70R, M184V, T215F, K219Q",11.0,"['D67N', 'T69D', 'K70R', 'M184V', 'T215F', 'K219Q']",1,"['D67N', 'T69D', 'K70R', 'M184V', 'T215F', 'K219Q']"
214335,"M41L, D67DN, M184V, L210W, T215Y",31.0,"['M41L', 'D67DN', 'M184V', 'L210W', 'T215Y']",1,"['M41L', 'D67DN', 'M184V', 'L210W', 'T215Y']"
41283,"D67N, K70R, K219Q",15.0,"['D67N', 'K70R', 'K219Q']",1,"['D67N', 'K70R', 'K219Q']"
21195,"M41L, L74V, M184V, T215Y",0.6,"['M41L', 'L74V', 'M184V', 'T215Y']",0,"['M41L', 'L74V', 'M184V', 'T215Y']"
237809,,0.7,[],0,[]
37826,,0.4,[],0,[]
11742,"M41L, M184V, T215Y",1.6,"['M41L', 'M184V', 'T215Y']",0,"['M41L', 'M184V', 'T215Y']"
236585,"D67DN, K70KR, M184V, K219KE",2.3,"['D67DN', 'K70KR', 'M184V', 'K219KE']",1,"['D67DN', 'K70KR', 'M184V']"
7756,"F77L, F116Y, Q151M",40.0,"['F77L', 'F116Y', 'Q151M']",1,"['F77L', 'F116Y', 'Q151M']"
236597,"D67N, K70R, M184V, K219Q",3.0,"['D67N', 'K70R', 'M184V', 'K219Q']",1,"['D67N', 'K70R', 'M184V', 'K219Q']"
13061,"M41L, T215Y",43.0,"['M41L', 'T215Y']",1,"['M41L', 'T215Y']"
24746,"D67N, K70R, M184MV, T215F, K219Q",41.0,"['D67N', 'K70R', 'M184MV', 'T215F', 'K219Q']",1,"['D67N', 'K70R', 'M184MV', 'T215F', 'K219Q']"
10617,"M41L, E44D, M184V, L210W, T215Y",9.1,"['M41L', 'E44D', 'M184V', 'L210W', 'T215Y']",1,"['M41L', 'E44D', 'M184V', 'L210W', 'T215Y']"
34564,"M41L, K70R, M184V",1.7,"['M41L', 'K70R', 'M184V']",0,"['M41L', 'K70R', 'M184V']"
237823,M184MV,0.7,['M184MV'],0,['M184MV']
236567,"M41L, A62V, M184V, T215Y",16.0,"['M41L', 'A62V', 'M184V', 'T215Y']",1,"['M41L', 'A62V', 'M184V', 'T215Y']"
9168,"M41L, E44D, D67N, T69D, K70KR, L210W, T215Y",118.0,"['M41L', 'E44D', 'D67N', 'T69D', 'K70KR', 'L210W', 'T215Y']",1,"['M41L', 'E44D', 'D67N', 'T69D', 'K70KR', 'L210W', 'T215Y']"
21176,"D67G, S68G, K70KR, L74V, K219N",1.4,"['D67G', 'S68G', 'K70KR', 'L74V', 'K219N']",0,"['D67G', 'S68G', 'K70KR', 'L74V', 'K219N']"
24252,"D67N, K70R, M184V",24.0,"['D67N', 'K70R', 'M184V']",1,"['D67N', 'K70R', 'M184V']"
237143,,0.4,[],0,[]
23563,"Y115F, M184V",0.8,"['Y115F', 'M184V']",0,"['Y115F', 'M184V']"
214329,"K65KR, S68SG, M184V, K219KR",0.2,"['K65KR', 'S68SG', 'M184V', 'K219KR']",0,"['S68SG', 'M184V', 'K219KR']"
34577,"M41L, E44D, D67N, M184V, L210W, T215Y",54.0,"['M41L', 'E44D', 'D67N', 'M184V', 'L210W', 'T215Y']",1,"['M41L', 'E44D', 'D67N', 'M184V', 'L210W', 'T215Y']"
237817,"M41L, D67N, K70R, M184V, T215F, K219Q",60.0,"['M41L', 'D67N', 'K70R', 'M184V', 'T215F', 'K219Q']",1,"['M41L', 'D67N', 'K70R', 'M184V', 'T215F', 'K219Q']"
13491,"M41L, D67N, K70R, T215F",445.0,"['M41L', 'D67N', 'K70R', 'T215F']",1,"['M41L', 'D67N', 'K70R', 'T215F']"
214347,"Y115F, M184V, T215F, K219E",0.5,"['Y115F', 'M184V', 'T215F', 'K219E']",0,"['Y115F', 'M184V', 'T215F', 'K219E']"
24639,"M41L, E44D, V75M, L210W, T215Y, K219N",124.0,"['M41L', 'E44D', 'V75M', 'L210W', 'T215Y', 'K219N']",1,"['M41L', 'E44D', 'V75M', 'L210W', 'T215Y', 'K219N']"
11001,"M41L, D67N, L210W, T215Y",1000.0,"['M41L', 'D67N', 'L210W', 'T215Y']",1,"['M41L', 'D67N', 'L210W', 'T215Y']"
237833,,0.8,[],0,[]
14753,"M41L, E44EA, D67N, L74V, L210W, T215Y, K219N",69.0,"['M41L', 'E44EA', 'D67N', 'L74V', 'L210W', 'T215Y', 'K219N']",1,"['M41L', 'D67N', 'L74V', 'L210W', 'T215Y', 'K219N']"
7758,"M41L, A62V, D67N, L74I, M184V, L210W, T215F, K219Q",77.0,"['M41L', 'A62V', 'D67N', 'L74I', 'M184V', 'L210W', 'T215F', 'K219Q']",1,"['M41L', 'A62V', 'D67N', 'L74I', 'M184V', 'L210W', 'T215F', 'K219Q']"
38359,"M41L, A62V, S68G, T69A_VG, L210W, T215Y",1000.0,"['M41L', 'A62V', 'S68G', 'T69A_VG', 'L210W', 'T215Y']",1,"['M41L', 'A62V', 'S68G', 'L210W', 'T215Y']"
38271,"M41L, D67N, T69D, K70R, M184V, T215F, K219Q",153.0,"['M41L', 'D67N', 'T69D', 'K70R', 'M184V', 'T215F', 'K219Q']",1,"['M41L', 'D67N', 'T69D', 'K70R', 'M184V', 'T215F', 'K219Q']"
214379,"M41L, D67N, K70R, L74I, V75T, T215F, K219Q",63.0,"['M41L', 'D67N', 'K70R', 'L74I', 'V75T', 'T215F', 'K219Q']",1,"['M41L', 'D67N', 'K70R', 'L74I', 'V75T', 'T215F', 'K219Q']"
24272,"L74LV, Y115F, M184V",0.5,"['L74LV', 'Y115F', 'M184V']",0,"['L74LV', 'Y115F', 'M184V']"
12496,"M41L, D67N, L74V, M184V, L210W, T215Y",1.7,"['M41L', 'D67N', 'L74V', 'M184V', 'L210W', 'T215Y']",0,"['M41L', 'D67N', 'L74V', 'M184V', 'L210W', 'T215Y']"
40819,"A62V, S68G, K70N, V75I, F77L, Y115F, F116Y, Q151M, M184V",987.0,"['A62V', 'S68G', 'K70N', 'V75I', 'F77L', 'Y115F', 'F116Y', 'Q151M', 'M184V']",1,"['A62V', 'S68G', 'V75I', 'F77L', 'Y115F', 'F116Y', 'Q151M', 'M184V']"
23585,"M41L, L74V, T215Y",4.0,"['M41L', 'L74V', 'T215Y']",1,"['M41L', 'L74V', 'T215Y']"
20223,"M41L, A62V, S68G, V75T, M184V, T215Y",2.6,"['M41L', 'A62V', 'S68G', 'V75T', 'M184V', 'T215Y']",1,"['M41L', 'A62V', 'S68G', 'V75T', 'M184V', 'T215Y']"
40736,,2.4,[],1,[]
24345,"M41L, D67G, S68G, T69D, K70R, M184V, T215F",18.0,"['M41L', 'D67G', 'S68G', 'T69D', 'K70R', 'M184V', 'T215F']",1,"['M41L', 'D67G', 'S68G', 'T69D', 'K70R', 'M184V', 'T215F']"
214331,K70R,2.4,['K70R'],1,['K70R']
24786,"M41L, E44D, D67N, T69D, L74I, L210W, T215Y",2400.0,"['M41L', 'E44D', 'D67N', 'T69D', 'L74I', 'L210W', 'T215Y']",1,"['M41L', 'E44D', 'D67N', 'T69D', 'L74I', 'L210W', 'T215Y']"
214369,M184V,0.1,['M184V'],0,['M184V']
12835,"K70R, M184V",1.1,"['K70R', 'M184V']",0,"['K70R', 'M184V']"
33149,M184V,0.6,['M184V'],0,['M184V']
236581,"D67N, K70R, M184V, K219Q",3.0,"['D67N', 'K70R', 'M184V', 'K219Q']",1,"['D67N', 'K70R', 'M184V', 'K219Q']"
24066,"D67N, M184V, K219Q",1.4,"['D67N', 'M184V', 'K219Q']",0,"['D67N', 'M184V', 'K219Q']"
236575,"M41L, D67N, T69D, M184V, L210W, T215Y",13.0,"['M41L', 'D67N', 'T69D', 'M184V', 'L210W', 'T215Y']",1,"['M41L', 'D67N', 'T69D', 'M184V', 'L210W', 'T215Y']"
214381,"S68G, T69SGE, T215Y",200.0,"['S68G', 'T69SGE', 'T215Y']",1,"['S68G', 'T215Y']"
236599,,1.4,[],0,[]
34500,M184V,0.9,['M184V'],0,['M184V']
9896,"D67N, T215F, K219Q",7.2,"['D67N', 'T215F', 'K219Q']",1,"['D67N', 'T215F', 'K219Q']"
214359,,0.5,[],0,[]
214343,,0.4,[],0,[]
237829,"D67DN, K70KR, M184I, K219E",0.6,"['D67DN', 'K70KR', 'M184I', 'K219E']",0,"['D67DN', 'K70KR', 'M184I', 'K219E']"
38503,S68G,0.4,['S68G'],0,['S68G']
3798,"D67N, K70R, T215I, K219E",7.1,"['D67N', 'K70R', 'T215I', 'K219E']",1,"['D67N', 'K70R', 'K219E']"
34677,,0.7,[],0,[]
14139,"M41L, D67N, F116Y, Q151M, T215F, K219Q",39.0,"['M41L', 'D67N', 'F116Y', 'Q151M', 'T215F', 'K219Q']",1,"['M41L', 'D67N', 'F116Y', 'Q151M', 'T215F', 'K219Q']"
192066,,0.3,[],0,[]
4919,"M41L, D67N, L210W, T215Y",1000.0,"['M41L', 'D67N', 'L210W', 'T215Y']",1,"['M41L', 'D67N', 'L210W', 'T215Y']"
37989,K65R,0.4,['K65R'],0,['K65R']
34751,M184V,0.2,['M184V'],0,['M184V']
9078,M184V,0.4,['M184V'],0,['M184V']
34623,"S68G, M184V, L210LW, T215Y",16.0,"['S68G', 'M184V', 'L210LW', 'T215Y']",1,"['S68G', 'M184V', 'L210LW', 'T215Y']"
19952,"A62V, D67E, T69S_SS, T215Y",1000.0,"['A62V', 'D67E', 'T69S_SS', 'T215Y']",1,"['A62V', 'T215Y']"
236569,,0.9,[],0,[]
14681,"M41L, L210W, T215Y",13.0,"['M41L', 'L210W', 'T215Y']",1,"['M41L', 'L210W', 'T215Y']"
214383,"A62V, D67E, T69S_SS, L210W, T215Y",200.0,"['A62V', 'D67E', 'T69S_SS', 'L210W', 'T215Y']",1,"['A62V', 'L210W', 'T215Y']"
10948,L74V,0.2,['L74V'],0,['L74V']
42021,"M41L, M184V, L210W, T215Y",26.0,"['M41L', 'M184V', 'L210W', 'T215Y']",1,"['M41L', 'M184V', 'L210W', 'T215Y']"
11970,"D67N, T69D, K70R, M184V, T215F, K219Q",18.0,"['D67N', 'T69D', 'K70R', 'M184V', 'T215F', 'K219Q']",1,"['D67N', 'T69D', 'K70R', 'M184V', 'T215F', 'K219Q']"
23687,"M41L, D67N, M184V, T215F, K219Q",18.0,"['M41L', 'D67N', 'M184V', 'T215F', 'K219Q']",1,"['M41L', 'D67N', 'M184V', 'T215F', 'K219Q']"
11722,,0.9,[],0,[]
14471,,0.5,[],0,[]
37772,"M41L, D67N, T69D, K70R, M184V, L210W, T215Y, K219Q",14.0,"['M41L', 'D67N', 'T69D', 'K70R', 'M184V', 'L210W', 'T215Y', 'K219Q']",1,"['M41L', 'D67N', 'T69D', 'K70R', 'M184V', 'L210W', 'T215Y', 'K219Q']"
11204,"M41L, E44D, D67DN, T69D, M184V, L210W, T215Y, K219R",50.0,"['M41L', 'E44D', 'D67DN', 'T69D', 'M184V', 'L210W', 'T215Y', 'K219R']",1,"['M41L', 'E44D', 'D67DN', 'T69D', 'M184V', 'L210W', 'T215Y', 'K219R']"
214355,,0.6,[],0,[]
214337,,0.9,[],0,[]
13682,"M41L, L74V, M184V, T215Y",2.6,"['M41L', 'L74V', 'M184V', 'T215Y']",1,"['M41L', 'L74V', 'M184V', 'T215Y']"
9355,"M41L, E44D, D67N, T69D, L210W, T215Y",259.0,"['M41L', 'E44D', 'D67N', 'T69D', 'L210W', 'T215Y']",1,"['M41L', 'E44D', 'D67N', 'T69D', 'L210W', 'T215Y']"
237825,,0.5,[],0,[]
214363,M184MV,0.7,['M184MV'],0,['M184MV']
214373,M184V,0.3,['M184V'],0,['M184V']
34844,"M41ML, T69DN, K70KR, M184V, T215F",4.3,"['M41ML', 'T69DN', 'K70KR', 'M184V', 'T215F']",1,"['M41ML', 'K70KR', 'M184V', 'T215F']"
34877,"M41L, T69S_SA, L210W, T215Y",1000.0,"['M41L', 'T69S_SA', 'L210W', 'T215Y']",1,"['M41L', 'L210W', 'T215Y']"
9268,,0.5,[],0,[]
10555,"M41L, D67N, T69D, K70R, M184V, T215F",12.0,"['M41L', 'D67N', 'T69D', 'K70R', 'M184V', 'T215F']",1,"['M41L', 'D67N', 'T69D', 'K70R', 'M184V', 'T215F']"
9128,"M41L, E44A, D67N, L210W, T215Y, K219N",216.0,"['M41L', 'E44A', 'D67N', 'L210W', 'T215Y', 'K219N']",1,"['M41L', 'E44A', 'D67N', 'L210W', 'T215Y', 'K219N']"
8046,"E40F, M41L, D67N, V75M, M184V, L210W, T215Y, K219Q",1000.0,"['E40F', 'M41L', 'D67N', 'V75M', 'M184V', 'L210W', 'T215Y', 'K219Q']",1,"['M41L', 'D67N', 'V75M', 'M184V', 'L210W', 'T215Y', 'K219Q']"
4256,"M41L, E44D, V75M, M184V, L210W, T215Y",4.5,"['M41L', 'E44D', 'V75M', 'M184V', 'L210W', 'T215Y']",1,"['M41L', 'E44D', 'V75M', 'M184V', 'L210W', 'T215Y']"
236573,"M41L, L210W, T215Y",88.0,"['M41L', 'L210W', 'T215Y']",1,"['M41L', 'L210W', 'T215Y']"
23844,"M41L, K65R, D67N, S68G, V75I, F77L, Y115F, F116Y, Q151M, M184I, K219Q",2400.0,"['M41L', 'K65R', 'D67N', 'S68G', 'V75I', 'F77L', 'Y115F', 'F116Y', 'Q151M', 'M184I', 'K219Q']",1,"['M41L', 'K65R', 'D67N', 'S68G', 'V75I', 'F77L', 'Y115F', 'F116Y', 'Q151M', 'M184I', 'K219Q']"
41193,,0.4,[],0,[]
38175,,0.9,[],0,[]
38213,K65R,0.7,['K65R'],0,['K65R']
24256,"D67G, K70R, M184V, K219E",0.5,"['D67G', 'K70R', 'M184V', 'K219E']",0,"['D67G', 'K70R', 'M184V', 'K219E']"
5025,"M41L, D67N, T69D, K70R, L74V, M184V, T215F, K219Q",5.2,"['M41L', 'D67N', 'T69D', 'K70R', 'L74V', 'M184V', 'T215F', 'K219Q']",1,"['M41L', 'D67N', 'T69D', 'K70R', 'L74V', 'M184V', 'T215F', 'K219Q']"
214387,,0.6,[],0,[]
35206,"D67N, K70R, M184V",1.0,"['D67N', 'K70R', 'M184V']",0,"['D67N', 'K70R', 'M184V']"
236593,"M41L, E44D, D67N, L74I, M184V, L210W, T215Y, K219R",303.0,"['M41L', 'E44D', 'D67N', 'L74I', 'M184V', 'L210W', 'T215Y', 'K219R']",1,"['M41L', 'E44D', 'D67N', 'L74I', 'M184V', 'L210W', 'T215Y', 'K219R']"
16876,"M41L, L74V, L210W, T215Y",57.0,"['M41L', 'L74V', 'L210W', 'T215Y']",1,"['M41L', 'L74V', 'L210W', 'T215Y']"
35226,"M41L, E44EA, D67N, L74V, M184V, L210W, T215Y, K219N",9.4,"['M41L', 'E44EA', 'D67N', 'L74V', 'M184V', 'L210W', 'T215Y', 'K219N']",1,"['M41L', 'D67N', 'L74V', 'M184V', 'L210W', 'T215Y', 'K219N']"
38099,"M41L, M184V, L210W, T215Y",18.0,"['M41L', 'M184V', 'L210W', 'T215Y']",1,"['M41L', 'M184V', 'L210W', 'T215Y']"
23876,"D67N, K70R, M184V, K219Q",31.0,"['D67N', 'K70R', 'M184V', 'K219Q']",1,"['D67N', 'K70R', 'M184V', 'K219Q']"
23708,"K70KR, M184V, T215F",4.1,"['K70KR', 'M184V', 'T215F']",1,"['K70KR', 'M184V', 'T215F']"
24457,"M41L, D67DN, M184V, L210W, T215Y",33.0,"['M41L', 'D67DN', 'M184V', 'L210W', 'T215Y']",1,"['M41L', 'D67DN', 'M184V', 'L210W', 'T215Y']"
35230,"M41L, D67N, T215CY",7.2,"['M41L', 'D67N', 'T215CY']",1,"['M41L', 'D67N']"
38069,"D67N, M184V, K219Q",0.4,"['D67N', 'M184V', 'K219Q']",0,"['D67N', 'M184V', 'K219Q']"
34963,"D67N, M184V, K219Q",1.0,"['D67N', 'M184V', 'K219Q']",0,"['D67N', 'M184V', 'K219Q']"
214351,"M41L, E44A, D67N, V75M, M184V, L210W, T215Y, K219E",229.0,"['M41L', 'E44A', 'D67N', 'V75M', 'M184V', 'L210W', 'T215Y', 'K219E']",1,"['M41L', 'E44A', 'D67N', 'V75M', 'M184V', 'L210W', 'T215Y', 'K219E']"
27643,M184V,0.8,['M184V'],0,['M184V']
214333,"M41L, D67N, K70R, L74I, V75T, T215F, K219Q",57.0,"['M41L', 'D67N', 'K70R', 'L74I', 'V75T', 'T215F', 'K219Q']",1,"['M41L', 'D67N', 'K70R', 'L74I', 'V75T', 'T215F', 'K219Q']"
214375,"M41L, E44D, L74LI, M184V, L210W, T215Y",77.0,"['M41L', 'E44D', 'L74LI', 'M184V', 'L210W', 'T215Y']",1,"['M41L', 'E44D', 'L74LI', 'M184V', 'L210W', 'T215Y']"
34971,"D67N, K70R, M184V, K219Q",1.6,"['D67N', 'K70R', 'M184V', 'K219Q']",0,"['D67N', 'K70R', 'M184V', 'K219Q']"
12349,"M184V, K219KR",0.2,"['M184V', 'K219KR']",0,"['M184V', 'K219KR']"
13058,"M41L, D67N, K70R, V75VM, T215F, K219Q",95.0,"['M41L', 'D67N', 'K70R', 'V75VM', 'T215F', 'K219Q']",1,"['M41L', 'D67N', 'K70R', 'T215F', 'K219Q']"
23922,"M41L, M184V, L210W, T215Y",69.0,"['M41L', 'M184V', 'L210W', 'T215Y']",1,"['M41L', 'M184V', 'L210W', 'T215Y']"
9418,"D67N, K70R, K219Q",42.0,"['D67N', 'K70R', 'K219Q']",1,"['D67N', 'K70R', 'K219Q']"
9379,"M41L, D67N, T215Y",24.0,"['M41L', 'D67N', 'T215Y']",1,"['M41L', 'D67N', 'T215Y']"
20144,"M41L, M184V, L210LW, T215Y",227.0,"['M41L', 'M184V', 'L210LW', 'T215Y']",1,"['M41L', 'M184V', 'L210LW', 'T215Y']"
237813,,0.8,[],0,[]
3861,"M41L, D67N, L74V, L210W, T215Y",5.1,"['M41L', 'D67N', 'L74V', 'L210W', 'T215Y']",1,"['M41L', 'D67N', 'L74V', 'L210W', 'T215Y']"
11659,"M41L, D67DN, M184V, L210W, T215Y",16.0,"['M41L', 'D67DN', 'M184V', 'L210W', 'T215Y']",1,"['M41L', 'D67DN', 'M184V', 'L210W', 'T215Y']"
57862,"A62AV, S68SG, K70KN, V75T",0.5,"['A62AV', 'S68SG', 'K70KN', 'V75T']",0,"['A62AV', 'S68SG', 'V75T']"
10496,,0.9,[],0,[]
236561,M184MV,0.6,['M184MV'],0,['M184MV']
38209,"D67N, K70R, M184V, K219E",9.2,"['D67N', 'K70R', 'M184V', 'K219E']",1,"['D67N', 'K70R', 'M184V', 'K219E']"
17397,"M41L, E44A, D67N, L74V, L210W, T215Y, K219N",25.0,"['M41L', 'E44A', 'D67N', 'L74V', 'L210W', 'T215Y', 'K219N']",1,"['M41L', 'E44A', 'D67N', 'L74V', 'L210W', 'T215Y', 'K219N']"
9099,,0.3,[],0,[]
237819,T69D,0.4,['T69D'],0,['T69D']
214385,"M41L, E44D, D67N, M184V, L210W, T215Y",261.0,"['M41L', 'E44D', 'D67N', 'M184V', 'L210W', 'T215Y']",1,"['M41L', 'E44D', 'D67N', 'M184V', 'L210W', 'T215Y']"
34497,M184IV,1.3,['M184IV'],0,[]
17425,M184V,0.5,['M184V'],0,['M184V']
37875,"M41L, E44D, D67DN, M184V, L210W, T215Y",90.0,"['M41L', 'E44D', 'D67DN', 'M184V', 'L210W', 'T215Y']",1,"['M41L', 'E44D', 'D67DN', 'M184V', 'L210W', 'T215Y']"
11723,"M41L, D67N, T69D, L210W, T215Y",745.0,"['M41L', 'D67N', 'T69D', 'L210W', 'T215Y']",1,"['M41L', 'D67N', 'T69D', 'L210W', 'T215Y']"
10630,"M41L, D67N, K70R, L74V, T215F, K219Q",86.0,"['M41L', 'D67N', 'K70R', 'L74V', 'T215F', 'K219Q']",1,"['M41L', 'D67N', 'K70R', 'L74V', 'T215F', 'K219Q']"
35193,"M41L, A62AV, V75I, M184V, T215Y",7.6,"['M41L', 'A62AV', 'V75I', 'M184V', 'T215Y']",1,"['M41L', 'A62AV', 'V75I', 'M184V', 'T215Y']"
34922,,0.3,[],0,[]
37949,"M41L, D67N, K70R, T215F, K219Q",328.0,"['M41L', 'D67N', 'K70R', 'T215F', 'K219Q']",1,"['M41L', 'D67N', 'K70R', 'T215F', 'K219Q']"
34501,,0.9,[],0,[]
9173,,1.4,[],0,[]
38265,M184I,0.2,['M184I'],0,['M184I']
214377,"M41L, T215D",0.8,"['M41L', 'T215D']",0,"['M41L', 'T215D']"
237145,K219E,0.4,['K219E'],0,['K219E']
11587,"M41L, E44D, D67N, T69D, M184V, L210W, T215Y",76.0,"['M41L', 'E44D', 'D67N', 'T69D', 'M184V', 'L210W', 'T215Y']",1,"['M41L', 'E44D', 'D67N', 'T69D', 'M184V', 'L210W', 'T215Y']"
10532,,1.4,[],0,[]
34849,"D67G, S68G, K70R, K219Q",3.6,"['D67G', 'S68G', 'K70R', 'K219Q']",1,"['D67G', 'S68G', 'K70R', 'K219Q']"
236587,,0.8,[],0,[]
23667,K70R,3.1,['K70R'],1,['K70R']
38123,"D67N, K70R, L74IV, T215I, K219E",18.0,"['D67N', 'K70R', 'L74IV', 'T215I', 'K219E']",1,"['D67N', 'K70R', 'K219E']"
236559,T215D,0.8,['T215D'],0,['T215D']
17408,"M41L, S68G, L210W, T215Y",213.0,"['M41L', 'S68G', 'L210W', 'T215Y']",1,"['M41L', 'S68G', 'L210W', 'T215Y']"
23192,"M41L, D67N, M184V, L210W, T215Y",3.5,"['M41L', 'D67N', 'M184V', 'L210W', 'T215Y']",1,"['M41L', 'D67N', 'M184V', 'L210W', 'T215Y']"
23543,"M41L, D67N, V75M, L210W, T215Y",200.0,"['M41L', 'D67N', 'V75M', 'L210W', 'T215Y']",1,"['M41L', 'D67N', 'V75M', 'L210W', 'T215Y']"
58186,"D67G, M184V",0.5,"['D67G', 'M184V']",0,"['D67G', 'M184V']"
14788,"D67N, K70R",6.6,"['D67N', 'K70R']",1,"['D67N', 'K70R']"
37914,"M41L, E44D, V75M, M184V, L210W, T215Y, K219N",20.0,"['M41L', 'E44D', 'V75M', 'M184V', 'L210W', 'T215Y', 'K219N']",1,"['M41L', 'E44D', 'V75M', 'M184V', 'L210W', 'T215Y', 'K219N']"
237821,,0.5,[],0,[]
40821,"M41L, L210W, T215Y",303.0,"['M41L', 'L210W', 'T215Y']",1,"['M41L', 'L210W', 'T215Y']"
214367,"M184I, T215D",0.4,"['M184I', 'T215D']",0,"['M184I', 'T215D']"
236565,M184V,0.3,['M184V'],0,['M184V']
14784,M184V,0.7,['M184V'],0,['M184V']
15990,K70R,3.5,['K70R'],1,['K70R']
236601,,1.0,[],0,[]
39039,M184V,0.9,['M184V'],0,['M184V']
236589,,0.8,[],0,[]
38147,T215Y,8.1,['T215Y'],1,['T215Y']
34456,,0.4,[],0,[]
214349,"E44ED, D67N, T69D",0.6,"['E44ED', 'D67N', 'T69D']",0,"['E44ED', 'D67N', 'T69D']"
37881,"M41L, E44D, D67N, K70R, V75VA, L210W, T215Y, K219E",151.0,"['M41L', 'E44D', 'D67N', 'K70R', 'V75VA', 'L210W', 'T215Y', 'K219E']",1,"['M41L', 'E44D', 'D67N', 'K70R', 'L210W', 'T215Y', 'K219E']"
37687,"M41L, M184V, L210W, T215Y",15.0,"['M41L', 'M184V', 'L210W', 'T215Y']",1,"['M41L', 'M184V', 'L210W', 'T215Y']"
14704,,1.0,[],0,[]
12831,M184V,0.5,['M184V'],0,['M184V']
10564,"D67N, T69D, K70R, M184V, T215F, K219Q",2.6,"['D67N', 'T69D', 'K70R', 'M184V', 'T215F', 'K219Q']",1,"['D67N', 'T69D', 'K70R', 'M184V', 'T215F', 'K219Q']"
38623,,0.7,[],0,[]
33151,,0.5,[],0,[]
12326,M184V,0.6,['M184V'],0,['M184V']
214339,,1.0,[],0,[]
23806,"M41L, E44D, D67N, L210W, T215Y, K219R",200.0,"['M41L', 'E44D', 'D67N', 'L210W', 'T215Y', 'K219R']",1,"['M41L', 'E44D', 'D67N', 'L210W', 'T215Y', 'K219R']"
11979,M184V,0.4,['M184V'],0,['M184V']
68561,"D67G, T69DN, K70R, M184V, K219Q",18.0,"['D67G', 'T69DN', 'K70R', 'M184V', 'K219Q']",1,"['D67G', 'K70R', 'M184V', 'K219Q']"
236583,,1.9,[],1,[]
236579,,1.0,[],0,[]
15932,"D67N, K70R, M184V, T215Y, K219Q",4.7,"['D67N', 'K70R', 'M184V', 'T215Y', 'K219Q']",1,"['D67N', 'K70R', 'M184V', 'T215Y', 'K219Q']"
10989,M184V,0.6,['M184V'],0,['M184V']
13679,"M41L, E44ED, D67N, L74I, M184V, L210W, T215Y",2.7,"['M41L', 'E44ED', 'D67N', 'L74I', 'M184V', 'L210W', 'T215Y']",1,"['M41L', 'E44ED', 'D67N', 'L74I', 'M184V', 'L210W', 'T215Y']"
24615,,0.5,[],0,[]
236577,M184V,0.2,['M184V'],0,['M184V']
34910,,1.1,[],0,[]
214345,,0.8,[],0,[]
237865,M184V,0.2,['M184V'],0,['M184V']
237855,,0.4,[],0,[]
237895,"Y115YF, M184I, K219KE",0.6,"['Y115YF', 'M184I', 'K219KE']",0,['M184I']
237899,S68G,0.2,['S68G'],0,['S68G']
237869,,0.8,[],0,[]
237859,,0.6,[],0,[]
237875,"K70KE, M184I",0.4,"['K70KE', 'M184I']",0,['M184I']
237901,,0.3,[],0,[]
237843,,0.6,[],0,[]
237891,M184V,0.2,['M184V'],0,['M184V']
237885,,0.6,[],0,[]
237851,S68G,0.8,['S68G'],0,['S68G']
237889,,0.6,[],0,[]
237837,M184V,0.2,['M184V'],0,['M184V']
237871,"A62AV, K65KN, M184MIV",0.1,"['A62AV', 'K65KN', 'M184MIV']",0,['A62AV']
237847,,0.4,[],0,[]
237839,,0.5,[],0,[]
237879,"L74V, M184V",0.2,"['L74V', 'M184V']",0,"['L74V', 'M184V']"
237893,,0.8,[],0,[]
237887,M184I,0.4,['M184I'],0,['M184I']
237853,"K65KR, S68SG, M184MIV",0.4,"['K65KR', 'S68SG', 'M184MIV']",0,['S68SG']
237863,,0.5,[],0,[]
237841,"D67G, M184I, K219E",0.5,"['D67G', 'M184I', 'K219E']",0,"['D67G', 'M184I', 'K219E']"
237903,M184V,0.2,['M184V'],0,['M184V']
237867,M184V,0.1,['M184V'],0,['M184V']
237897,S68G,0.5,['S68G'],0,['S68G']
237873,,0.6,[],0,[]
237857,"K65R, T69T_X, K219KE",0.4,"['K65R', 'T69T_X', 'K219KE']",0,['K65R']
237881,,0.8,[],0,[]
237883,M184I,0.3,['M184I'],0,['M184I']
237845,M184I,0.2,['M184I'],0,['M184I']
237835,,0.4,[],0,[]
237861,M184I,0.2,['M184I'],0,['M184I']
237849,M184I,0.2,['M184I'],0,['M184I']
237877,,0.7,[],0,[]
248973,,0.4,[],0,[]
248970,M184I,0.8,['M184I'],0,['M184I']
248971,M184I,0.5,['M184I'],0,['M184I']
248969,,1.2,[],0,[]
248972,,1.8,[],0,[]
575464,K65R,0.4,['K65R'],0,['K65R']
575461,"Q151M, M184IV",71.0,"['Q151M', 'M184IV']",1,['Q151M']
575462,T69S_SS,895.0,['T69S_SS'],1,[]
575469,"K65R, Q151M, M184V",1698.0,"['K65R', 'Q151M', 'M184V']",1,"['K65R', 'Q151M', 'M184V']"
575456,M184I,0.4,['M184I'],0,['M184I']
575463,"T69S_SS, M184IV",158.0,"['T69S_SS', 'M184IV']",1,[]
575468,"K65R, Q151M",790.0,"['K65R', 'Q151M']",1,"['K65R', 'Q151M']"
575470,"K70E, M184IV",0.2,"['K70E', 'M184IV']",0,[]
575457,M184V,0.4,['M184V'],0,['M184V']
575459,"L74V, M184V",0.2,"['L74V', 'M184V']",0,"['L74V', 'M184V']"
575467,"K65R, L74V, Y115F, M184V",0.6,"['K65R', 'L74V', 'Y115F', 'M184V']",0,"['K65R', 'L74V', 'Y115F', 'M184V']"
575466,"K65R, L74I, M184V",0.4,"['K65R', 'L74I', 'M184V']",0,"['K65R', 'L74I', 'M184V']"
575458,L74V,0.4,['L74V'],0,['L74V']
575460,Q151M,84.0,['Q151M'],1,['Q151M']
575465,"K65R, M184IV",0.4,"['K65R', 'M184IV']",0,['K65R']
575455,,1.0,[],0,[]
592190,"M41L, S68SG, M184V, L210W, T215Y",45.0,"['M41L', 'S68SG', 'M184V', 'L210W', 'T215Y']",1,"['M41L', 'S68SG', 'M184V', 'L210W', 'T215Y']"
592218,M184V,0.4,['M184V'],0,['M184V']
591678,,0.6,[],0,[]
591822,,0.8,[],0,[]
591480,"M41L, L210W, T215Y",357.0,"['M41L', 'L210W', 'T215Y']",1,"['M41L', 'L210W', 'T215Y']"
592096,"M41L, D67N, S68G, K70R, M184V, T215Y, K219E",46.0,"['M41L', 'D67N', 'S68G', 'K70R', 'M184V', 'T215Y', 'K219E']",1,"['M41L', 'D67N', 'S68G', 'K70R', 'M184V', 'T215Y', 'K219E']"
591504,L210LW,0.7,['L210LW'],0,['L210LW']
591436,"D67G, S68G, K70R, V75I, Y115YF, F116Y, Q151M, M184V, T215V, K219E",96.0,"['D67G', 'S68G', 'K70R', 'V75I', 'Y115YF', 'F116Y', 'Q151M', 'M184V', 'T215V', 'K219E']",1,"['D67G', 'S68G', 'K70R', 'V75I', 'F116Y', 'Q151M', 'M184V', 'K219E']"
592010,,1.0,[],0,[]
591712,"M41L, E44D, D67N, T69D, M184V, L210W, T215Y, K219KN",8.8,"['M41L', 'E44D', 'D67N', 'T69D', 'M184V', 'L210W', 'T215Y', 'K219KN']",1,"['M41L', 'E44D', 'D67N', 'T69D', 'M184V', 'L210W', 'T215Y', 'K219KN']"
591368,"M41L, L74V, M184V, T215F",1.7,"['M41L', 'L74V', 'M184V', 'T215F']",0,"['M41L', 'L74V', 'M184V', 'T215F']"
591748,"M41L, S68G, M184V, T215Y",2.8,"['M41L', 'S68G', 'M184V', 'T215Y']",1,"['M41L', 'S68G', 'M184V', 'T215Y']"
591884,"D67N, K70R, M184V, T215I, K219E",2.9,"['D67N', 'K70R', 'M184V', 'T215I', 'K219E']",1,"['D67N', 'K70R', 'M184V', 'K219E']"
591702,"D67N, K70R, M184MI, K219E",16.0,"['D67N', 'K70R', 'M184MI', 'K219E']",1,"['D67N', 'K70R', 'K219E']"
592354,,0.5,[],0,[]
592312,"M41L, D67N, T69D, L74I, M184V, L210W, T215Y",2.5,"['M41L', 'D67N', 'T69D', 'L74I', 'M184V', 'L210W', 'T215Y']",1,"['M41L', 'D67N', 'T69D', 'L74I', 'M184V', 'L210W', 'T215Y']"
592056,"V75M, F77L, M184V, T215Y",4.6,"['V75M', 'F77L', 'M184V', 'T215Y']",1,"['V75M', 'F77L', 'M184V', 'T215Y']"
592092,"D67N, T69D, K70KR, M184V, T215FIL, K219Q",0.4,"['D67N', 'T69D', 'K70KR', 'M184V', 'T215FIL', 'K219Q']",0,"['D67N', 'T69D', 'K70KR', 'M184V', 'K219Q']"
592118,"D67N, T69D, T215C, K219Q",0.8,"['D67N', 'T69D', 'T215C', 'K219Q']",0,"['D67N', 'T69D', 'K219Q']"
591730,"M41L, D67DN, T69D, L210W, T215CY",9.0,"['M41L', 'D67DN', 'T69D', 'L210W', 'T215CY']",1,"['M41L', 'D67DN', 'T69D', 'L210W']"
592430,,0.3,[],0,[]
591922,"M41L, E44D, D67N, L74LV, L210W, T215Y, K219R",626.0,"['M41L', 'E44D', 'D67N', 'L74LV', 'L210W', 'T215Y', 'K219R']",1,"['M41L', 'E44D', 'D67N', 'L74LV', 'L210W', 'T215Y', 'K219R']"
592348,"M41L, E44D, D67N, M184V, L210W, T215Y",1.0,"['M41L', 'E44D', 'D67N', 'M184V', 'L210W', 'T215Y']",0,"['M41L', 'E44D', 'D67N', 'M184V', 'L210W', 'T215Y']"
591966,"M41L, D67N, M184V, L210W, T215Y, K219N",51.0,"['M41L', 'D67N', 'M184V', 'L210W', 'T215Y', 'K219N']",1,"['M41L', 'D67N', 'M184V', 'L210W', 'T215Y', 'K219N']"
591964,"M41L, D67DN, L74V, M184V, T215Y",4.3,"['M41L', 'D67DN', 'L74V', 'M184V', 'T215Y']",1,"['M41L', 'D67DN', 'L74V', 'M184V', 'T215Y']"
591554,S68G,1.4,['S68G'],0,['S68G']
592402,,1.4,[],0,[]
592390,"M41L, E44D, D67E, S68G, V75M, M184V, L210W, T215Y",24.0,"['M41L', 'E44D', 'D67E', 'S68G', 'V75M', 'M184V', 'L210W', 'T215Y']",1,"['M41L', 'E44D', 'S68G', 'V75M', 'M184V', 'L210W', 'T215Y']"
591380,"M41L, D67N, T69D, K70R, M184V, T215F, K219Q",3.5,"['M41L', 'D67N', 'T69D', 'K70R', 'M184V', 'T215F', 'K219Q']",1,"['M41L', 'D67N', 'T69D', 'K70R', 'M184V', 'T215F', 'K219Q']"
592002,"M41L, E44A, D67N, V75M, F77L, M184V, L210W, T215Y, K219KR",235.0,"['M41L', 'E44A', 'D67N', 'V75M', 'F77L', 'M184V', 'L210W', 'T215Y', 'K219KR']",1,"['M41L', 'E44A', 'D67N', 'V75M', 'F77L', 'M184V', 'L210W', 'T215Y', 'K219KR']"
591416,"M41L, E44D, T69D, M184V, L210W, T215Y, K219R",12.0,"['M41L', 'E44D', 'T69D', 'M184V', 'L210W', 'T215Y', 'K219R']",1,"['M41L', 'E44D', 'T69D', 'M184V', 'L210W', 'T215Y', 'K219R']"
591378,D67DN,0.6,['D67DN'],0,['D67DN']
592250,"M41L, E44D, D67N, T69D, L74V, M184V, L210W, T215Y, K219R",407.0,"['M41L', 'E44D', 'D67N', 'T69D', 'L74V', 'M184V', 'L210W', 'T215Y', 'K219R']",1,"['M41L', 'E44D', 'D67N', 'T69D', 'L74V', 'M184V', 'L210W', 'T215Y', 'K219R']"
591772,,0.6,[],0,[]
591688,"M41L, A62AV, D67DN, V75I, L210W, T215Y",57.0,"['M41L', 'A62AV', 'D67DN', 'V75I', 'L210W', 'T215Y']",1,"['M41L', 'A62AV', 'D67DN', 'V75I', 'L210W', 'T215Y']"
592252,"D67N, K70R, L74V, V75A, K219Q",199.0,"['D67N', 'K70R', 'L74V', 'V75A', 'K219Q']",1,"['D67N', 'K70R', 'L74V', 'K219Q']"
592388,"D67N, K70R, M184V, K219Q",5.9,"['D67N', 'K70R', 'M184V', 'K219Q']",1,"['D67N', 'K70R', 'M184V', 'K219Q']"
592392,,0.3,[],0,[]
591660,"D67N, T69D, K70R, M184V, L210W, T215F, K219Q",2.6,"['D67N', 'T69D', 'K70R', 'M184V', 'L210W', 'T215F', 'K219Q']",1,"['D67N', 'T69D', 'K70R', 'M184V', 'L210W', 'T215F', 'K219Q']"
592186,"M41L, D67N, M184V, L210W, T215Y, K219E",4.7,"['M41L', 'D67N', 'M184V', 'L210W', 'T215Y', 'K219E']",1,"['M41L', 'D67N', 'M184V', 'L210W', 'T215Y', 'K219E']"
592308,"M41L, D67G, S68G, K70R, M184V, T215F, K219E",163.0,"['M41L', 'D67G', 'S68G', 'K70R', 'M184V', 'T215F', 'K219E']",1,"['M41L', 'D67G', 'S68G', 'K70R', 'M184V', 'T215F', 'K219E']"
592280,,1.0,[],0,[]
591934,,1.0,[],0,[]
591356,"M41L, D67N, V75M, M184V, L210W, T215Y, K219E",1.8,"['M41L', 'D67N', 'V75M', 'M184V', 'L210W', 'T215Y', 'K219E']",0,"['M41L', 'D67N', 'V75M', 'M184V', 'L210W', 'T215Y', 'K219E']"
591456,"E40F, M41L, D67N, L74V, M184V, L210W, T215Y, K219N",182.0,"['E40F', 'M41L', 'D67N', 'L74V', 'M184V', 'L210W', 'T215Y', 'K219N']",1,"['M41L', 'D67N', 'L74V', 'M184V', 'L210W', 'T215Y', 'K219N']"
591650,T215Y,12.0,['T215Y'],1,['T215Y']
592160,M184V,0.5,['M184V'],0,['M184V']
592074,,1.0,[],0,[]
592246,,1.8,[],0,[]
591878,"M41L, D67N, K70R, M184V, T215F, K219Q",9.5,"['M41L', 'D67N', 'K70R', 'M184V', 'T215F', 'K219Q']",1,"['M41L', 'D67N', 'K70R', 'M184V', 'T215F', 'K219Q']"
591780,"M41L, E44D, D67N, M184V, L210W, T215Y, K219N",699.0,"['M41L', 'E44D', 'D67N', 'M184V', 'L210W', 'T215Y', 'K219N']",1,"['M41L', 'E44D', 'D67N', 'M184V', 'L210W', 'T215Y', 'K219N']"
592374,"M41L, M184MV, L210LW, T215Y",47.0,"['M41L', 'M184MV', 'L210LW', 'T215Y']",1,"['M41L', 'M184MV', 'L210LW', 'T215Y']"
592412,"M41L, M184V, L210W, T215Y",3.2,"['M41L', 'M184V', 'L210W', 'T215Y']",1,"['M41L', 'M184V', 'L210W', 'T215Y']"
591638,,0.8,[],0,[]
591610,"M41ML, E44A, D67N, V75M, F77L, L210W, T215D",0.7,"['M41ML', 'E44A', 'D67N', 'V75M', 'F77L', 'L210W', 'T215D']",0,"['M41ML', 'E44A', 'D67N', 'V75M', 'F77L', 'L210W', 'T215D']"
591586,,0.6,[],0,[]
591628,,0.4,[],0,[]
591412,,0.9,[],0,[]
592224,,0.8,[],0,[]
591758,,0.6,[],0,[]
591566,,1.0,[],0,[]
591446,"M41L, E44D, D67N, L210W, T215Y, K219KR",202.0,"['M41L', 'E44D', 'D67N', 'L210W', 'T215Y', 'K219KR']",1,"['M41L', 'E44D', 'D67N', 'L210W', 'T215Y', 'K219KR']"
592048,,0.7,[],0,[]
591756,"M41L, D67N, T69D, K70R, L74LI, M184V, T215F, K219Q",19.0,"['M41L', 'D67N', 'T69D', 'K70R', 'L74LI', 'M184V', 'T215F', 'K219Q']",1,"['M41L', 'D67N', 'T69D', 'K70R', 'L74LI', 'M184V', 'T215F', 'K219Q']"
591466,"E40F, M41L, A62V, T69D, L74I, M184V, L210W, T215Y, K219R",200.0,"['E40F', 'M41L', 'A62V', 'T69D', 'L74I', 'M184V', 'L210W', 'T215Y', 'K219R']",1,"['M41L', 'A62V', 'T69D', 'L74I', 'M184V', 'L210W', 'T215Y', 'K219R']"
591492,,0.9,[],0,[]
592164,,0.5,[],0,[]
591574,"M41ML, K70KR, T215Y",965.0,"['M41ML', 'K70KR', 'T215Y']",1,"['M41ML', 'K70KR', 'T215Y']"
592194,"D67N, T69D, K70R, M184V, T215F, K219Q",2.5,"['D67N', 'T69D', 'K70R', 'M184V', 'T215F', 'K219Q']",1,"['D67N', 'T69D', 'K70R', 'M184V', 'T215F', 'K219Q']"
592040,"D67N, T69D, K70R, M184V",29.0,"['D67N', 'T69D', 'K70R', 'M184V']",1,"['D67N', 'T69D', 'K70R', 'M184V']"
592018,,0.4,[],0,[]
591624,"M41L, M184V, T215Y",8.0,"['M41L', 'M184V', 'T215Y']",1,"['M41L', 'M184V', 'T215Y']"
591360,,13.0,[],1,[]
592140,"D67N, K70R, M184V, T215F, K219Q",386.0,"['D67N', 'K70R', 'M184V', 'T215F', 'K219Q']",1,"['D67N', 'K70R', 'M184V', 'T215F', 'K219Q']"
591744,,0.7,[],0,[]
591608,"M41L, E44A, D67N, V75M, F77L, L210W",1.0,"['M41L', 'E44A', 'D67N', 'V75M', 'F77L', 'L210W']",0,"['M41L', 'E44A', 'D67N', 'V75M', 'F77L', 'L210W']"
591742,"D67N, K70R, M184V, T215Y, K219E",14.0,"['D67N', 'K70R', 'M184V', 'T215Y', 'K219E']",1,"['D67N', 'K70R', 'M184V', 'T215Y', 'K219E']"
592006,"K70N, M184V, T215Y",0.6,"['K70N', 'M184V', 'T215Y']",0,"['M184V', 'T215Y']"
591370,T215D,0.3,['T215D'],0,['T215D']
591632,"D67NS, K70R, M184V, L210LW, K219E",4.6,"['D67NS', 'K70R', 'M184V', 'L210LW', 'K219E']",1,"['K70R', 'M184V', 'L210LW', 'K219E']"
592284,"D67N, T69DN, K70R, M184V, T215F, K219Q",3.1,"['D67N', 'T69DN', 'K70R', 'M184V', 'T215F', 'K219Q']",1,"['D67N', 'K70R', 'M184V', 'T215F', 'K219Q']"
592344,A62AV,0.8,['A62AV'],0,['A62AV']
592380,"M41L, D67N, T69D, M184V, L210W, T215CY",0.4,"['M41L', 'D67N', 'T69D', 'M184V', 'L210W', 'T215CY']",0,"['M41L', 'D67N', 'T69D', 'M184V', 'L210W']"
591828,"M41L, D67N, M184V, L210W, T215Y, K219E",1.4,"['M41L', 'D67N', 'M184V', 'L210W', 'T215Y', 'K219E']",0,"['M41L', 'D67N', 'M184V', 'L210W', 'T215Y', 'K219E']"
591536,"M41L, D67G, S68G, K70R, M184AV, T215Y, K219E",44.0,"['M41L', 'D67G', 'S68G', 'K70R', 'M184AV', 'T215Y', 'K219E']",1,"['M41L', 'D67G', 'S68G', 'K70R', 'T215Y', 'K219E']"
592336,"M41L, D67N, T69D, K70R, T215F, K219Q",315.0,"['M41L', 'D67N', 'T69D', 'K70R', 'T215F', 'K219Q']",1,"['M41L', 'D67N', 'T69D', 'K70R', 'T215F', 'K219Q']"
591786,"M41L, D67N, K70R, M184V, T215Y, K219Q",5.7,"['M41L', 'D67N', 'K70R', 'M184V', 'T215Y', 'K219Q']",1,"['M41L', 'D67N', 'K70R', 'M184V', 'T215Y', 'K219Q']"
591594,D67DN,0.8,['D67DN'],0,['D67DN']
591734,"S68SG, L74V, Y115F, M184V, T215Y",0.7,"['S68SG', 'L74V', 'Y115F', 'M184V', 'T215Y']",0,"['S68SG', 'L74V', 'Y115F', 'M184V', 'T215Y']"
591674,"D67N, K70KE, M184V, L210W, T215Y",1.8,"['D67N', 'K70KE', 'M184V', 'L210W', 'T215Y']",0,"['D67N', 'M184V', 'L210W', 'T215Y']"
591538,"M41L, E44EA, L74LI, M184V, L210W, T215Y",59.0,"['M41L', 'E44EA', 'L74LI', 'M184V', 'L210W', 'T215Y']",1,"['M41L', 'L74LI', 'M184V', 'L210W', 'T215Y']"
591432,"D67N, K70R, M184V, K219Q",2.8,"['D67N', 'K70R', 'M184V', 'K219Q']",1,"['D67N', 'K70R', 'M184V', 'K219Q']"
592278,,0.7,[],0,[]
591970,"D67N, V75VA, M184V",0.4,"['D67N', 'V75VA', 'M184V']",0,"['D67N', 'M184V']"
591846,,0.5,[],0,[]
592316,,0.9,[],0,[]
592156,"M41L, L74V, M184V, L210W, T215Y",1.1,"['M41L', 'L74V', 'M184V', 'L210W', 'T215Y']",0,"['M41L', 'L74V', 'M184V', 'L210W', 'T215Y']"
591500,"M41L, M184V, T215F",0.9,"['M41L', 'M184V', 'T215F']",0,"['M41L', 'M184V', 'T215F']"
591706,"D67N, M184V, L210W, T215Y",3.0,"['D67N', 'M184V', 'L210W', 'T215Y']",1,"['D67N', 'M184V', 'L210W', 'T215Y']"
591510,"M41L, D67N, T69D, K70R, V75M, M184V, L210W, T215F, K219Q",61.0,"['M41L', 'D67N', 'T69D', 'K70R', 'V75M', 'M184V', 'L210W', 'T215F', 'K219Q']",1,"['M41L', 'D67N', 'T69D', 'K70R', 'V75M', 'M184V', 'L210W', 'T215F', 'K219Q']"
591578,M41ML,0.7,['M41ML'],0,['M41ML']
592132,"M41L, E44ED, S68G, M184V, L210W, T215Y",3.5,"['M41L', 'E44ED', 'S68G', 'M184V', 'L210W', 'T215Y']",1,"['M41L', 'E44ED', 'S68G', 'M184V', 'L210W', 'T215Y']"
591440,,1.2,[],0,[]
591986,"M41L, D67DN, K70KR, M184V, T215Y",4.8,"['M41L', 'D67DN', 'K70KR', 'M184V', 'T215Y']",1,"['M41L', 'D67DN', 'K70KR', 'M184V', 'T215Y']"
591992,"M41L, D67N, M184V, L210W, T215Y",44.0,"['M41L', 'D67N', 'M184V', 'L210W', 'T215Y']",1,"['M41L', 'D67N', 'M184V', 'L210W', 'T215Y']"
592176,,0.2,[],0,[]
592080,"M41L, L74V, M184V, T215Y",1.5,"['M41L', 'L74V', 'M184V', 'T215Y']",0,"['M41L', 'L74V', 'M184V', 'T215Y']"
591462,,0.8,[],0,[]
591400,"M41L, E44D, D67N, K70R, V75M, F77L, M184V, L210W, T215Y, K219E",9.3,"['M41L', 'E44D', 'D67N', 'K70R', 'V75M', 'F77L', 'M184V', 'L210W', 'T215Y', 'K219E']",1,"['M41L', 'E44D', 'D67N', 'K70R', 'V75M', 'F77L', 'M184V', 'L210W', 'T215Y', 'K219E']"
592170,"M41L, D67N, T69D, K70R, T215F, K219Q",456.0,"['M41L', 'D67N', 'T69D', 'K70R', 'T215F', 'K219Q']",1,"['M41L', 'D67N', 'T69D', 'K70R', 'T215F', 'K219Q']"
592404,,1.1,[],0,[]
592396,"S68G, M184V, L210W, T215Y",3.9,"['S68G', 'M184V', 'L210W', 'T215Y']",1,"['S68G', 'M184V', 'L210W', 'T215Y']"
591856,,0.6,[],0,[]
592444,"A62V, S68G, K70S, V75I, F77L, Y115F, F116Y, Q151M, M184V, T215D",252.0,"['A62V', 'S68G', 'K70S', 'V75I', 'F77L', 'Y115F', 'F116Y', 'Q151M', 'M184V', 'T215D']",1,"['A62V', 'S68G', 'V75I', 'F77L', 'Y115F', 'F116Y', 'Q151M', 'M184V', 'T215D']"
592364,"M41L, E44A, D67N, M184V, L210W, T215Y",43.0,"['M41L', 'E44A', 'D67N', 'M184V', 'L210W', 'T215Y']",1,"['M41L', 'E44A', 'D67N', 'M184V', 'L210W', 'T215Y']"
591684,"M41L, D67N, M184V, L210LW, T215Y",9.6,"['M41L', 'D67N', 'M184V', 'L210LW', 'T215Y']",1,"['M41L', 'D67N', 'M184V', 'L210LW', 'T215Y']"
591522,"L74LV, Y115YF, M184MV",0.4,"['L74LV', 'Y115YF', 'M184MV']",0,"['L74LV', 'M184MV']"
591886,"S68SG, L74LI, M184V",0.3,"['S68SG', 'L74LI', 'M184V']",0,"['S68SG', 'L74LI', 'M184V']"
592228,"M41L, E44D, D67N, M184V, L210W, T215Y, K219N",146.0,"['M41L', 'E44D', 'D67N', 'M184V', 'L210W', 'T215Y', 'K219N']",1,"['M41L', 'E44D', 'D67N', 'M184V', 'L210W', 'T215Y', 'K219N']"
592034,,0.8,[],0,[]
591978,"A62V, M184V, T215Y",5.1,"['A62V', 'M184V', 'T215Y']",1,"['A62V', 'M184V', 'T215Y']"
591614,"D67DN, L210LW, K219KN",1.2,"['D67DN', 'L210LW', 'K219KN']",0,"['D67DN', 'L210LW', 'K219KN']"
592124,"M41L, E44A, D67N, L74I, M184V, L210W, T215Y, K219N",49.0,"['M41L', 'E44A', 'D67N', 'L74I', 'M184V', 'L210W', 'T215Y', 'K219N']",1,"['M41L', 'E44A', 'D67N', 'L74I', 'M184V', 'L210W', 'T215Y', 'K219N']"
591838,K70KR,1.2,['K70KR'],0,['K70KR']
591402,"M41L, E44D, D67N, K70R, V75M, F77L, M184V, L210W, T215Y, K219E",15.0,"['M41L', 'E44D', 'D67N', 'K70R', 'V75M', 'F77L', 'M184V', 'L210W', 'T215Y', 'K219E']",1,"['M41L', 'E44D', 'D67N', 'K70R', 'V75M', 'F77L', 'M184V', 'L210W', 'T215Y', 'K219E']"
591662,"M41L, M184MV, L210W, T215Y, K219R",623.0,"['M41L', 'M184MV', 'L210W', 'T215Y', 'K219R']",1,"['M41L', 'M184MV', 'L210W', 'T215Y', 'K219R']"
591374,T215D,0.3,['T215D'],0,['T215D']
591642,M41L,0.8,['M41L'],0,['M41L']
591640,"M41L, T215Y",7.7,"['M41L', 'T215Y']",1,"['M41L', 'T215Y']"
591634,"M41L, E44A, A62V, D67DG, S68SGR, K70KT, L74LV, M184V, L210W, T215Y, K219KN",59.0,"['M41L', 'E44A', 'A62V', 'D67DG', 'S68SGR', 'K70KT', 'L74LV', 'M184V', 'L210W', 'T215Y', 'K219KN']",1,"['M41L', 'E44A', 'A62V', 'L74LV', 'M184V', 'L210W', 'T215Y', 'K219KN']"
591752,"M41L, D67N, L74V, M184V, L210W, T215Y, K219KN",59.0,"['M41L', 'D67N', 'L74V', 'M184V', 'L210W', 'T215Y', 'K219KN']",1,"['M41L', 'D67N', 'L74V', 'M184V', 'L210W', 'T215Y', 'K219KN']"
591880,"M41L, D67N, K70R, M184V, T215F, K219Q",6.3,"['M41L', 'D67N', 'K70R', 'M184V', 'T215F', 'K219Q']",1,"['M41L', 'D67N', 'K70R', 'M184V', 'T215F', 'K219Q']"
592060,"M41L, D67N, T69D, K70R, L210W, T215FS, K219Q",3.1,"['M41L', 'D67N', 'T69D', 'K70R', 'L210W', 'T215FS', 'K219Q']",1,"['M41L', 'D67N', 'T69D', 'K70R', 'L210W', 'K219Q']"
591582,"E40F, M41L, D67N, K70Q, L210W, T215Y, K219R",200.0,"['E40F', 'M41L', 'D67N', 'K70Q', 'L210W', 'T215Y', 'K219R']",1,"['M41L', 'D67N', 'L210W', 'T215Y', 'K219R']"
592376,"M41L, E44ED, V75VIM, L210W",3.1,"['M41L', 'E44ED', 'V75VIM', 'L210W']",1,"['M41L', 'E44ED', 'L210W']"
592290,"M41ML, T215Y",58.0,"['M41ML', 'T215Y']",1,"['M41ML', 'T215Y']"
591474,"M41L, M184V, L210W, T215Y",5.5,"['M41L', 'M184V', 'L210W', 'T215Y']",1,"['M41L', 'M184V', 'L210W', 'T215Y']"
591868,"M41L, E44D, D67N, L74V, L210W, T215Y, K219NS",102.0,"['M41L', 'E44D', 'D67N', 'L74V', 'L210W', 'T215Y', 'K219NS']",1,"['M41L', 'E44D', 'D67N', 'L74V', 'L210W', 'T215Y']"
592398,,0.7,[],0,[]
591892,,0.9,[],0,[]
591982,,0.8,[],0,[]
591450,,0.6,[],0,[]
591904,"M41L, E44D, D67N, M184V, L210W, T215Y, K219DN",24.0,"['M41L', 'E44D', 'D67N', 'M184V', 'L210W', 'T215Y', 'K219DN']",1,"['M41L', 'E44D', 'D67N', 'M184V', 'L210W', 'T215Y']"
592110,"M41L, E44A, L74I, M184V, L210W, T215Y, K219R",25.0,"['M41L', 'E44A', 'L74I', 'M184V', 'L210W', 'T215Y', 'K219R']",1,"['M41L', 'E44A', 'L74I', 'M184V', 'L210W', 'T215Y', 'K219R']"
591598,"M41L, D67N, K70R, L74I, M184V, L210W, T215Y, K219E",17.0,"['M41L', 'D67N', 'K70R', 'L74I', 'M184V', 'L210W', 'T215Y', 'K219E']",1,"['M41L', 'D67N', 'K70R', 'L74I', 'M184V', 'L210W', 'T215Y', 'K219E']"
592044,"M41L, L74V, L210W, T215Y",2.8,"['M41L', 'L74V', 'L210W', 'T215Y']",1,"['M41L', 'L74V', 'L210W', 'T215Y']"
591768,"M41L, T69ADV, L74LI, M184V, L210W, T215Y, K219R",283.0,"['M41L', 'T69ADV', 'L74LI', 'M184V', 'L210W', 'T215Y', 'K219R']",1,"['M41L', 'L74LI', 'M184V', 'L210W', 'T215Y', 'K219R']"
591420,"S68G, L210W, T215Y",52.0,"['S68G', 'L210W', 'T215Y']",1,"['S68G', 'L210W', 'T215Y']"
591488,"M41L, D67N, T69D, M184V, L210W, T215F, K219R",97.0,"['M41L', 'D67N', 'T69D', 'M184V', 'L210W', 'T215F', 'K219R']",1,"['M41L', 'D67N', 'T69D', 'M184V', 'L210W', 'T215F', 'K219R']"
592442,"M41ML, L74LV",0.4,"['M41ML', 'L74LV']",0,"['M41ML', 'L74LV']"
592050,,0.4,[],0,[]
591524,"L74LV, Y115YF, M184MV",0.5,"['L74LV', 'Y115YF', 'M184MV']",0,"['L74LV', 'M184MV']"
592138,"M41L, E44A, D67G, S68G, M184V, L210W, T215Y",93.0,"['M41L', 'E44A', 'D67G', 'S68G', 'M184V', 'L210W', 'T215Y']",1,"['M41L', 'E44A', 'D67G', 'S68G', 'M184V', 'L210W', 'T215Y']"
592146,T215F,3.5,['T215F'],1,['T215F']
592064,"M41L, E44ED, D67N, T69D, M184V, L210W, T215Y",40.0,"['M41L', 'E44ED', 'D67N', 'T69D', 'M184V', 'L210W', 'T215Y']",1,"['M41L', 'E44ED', 'D67N', 'T69D', 'M184V', 'L210W', 'T215Y']"
591394,"K70KE, M184V",0.1,"['K70KE', 'M184V']",0,['M184V']
591612,"M41ML, E44ED, D67DN, L210LW, K219KN",0.8,"['M41ML', 'E44ED', 'D67DN', 'L210LW', 'K219KN']",0,"['M41ML', 'E44ED', 'D67DN', 'L210LW', 'K219KN']"
592382,"M41L, D67DN, M184V, L210W, T215Y, K219KN",21.0,"['M41L', 'D67DN', 'M184V', 'L210W', 'T215Y', 'K219KN']",1,"['M41L', 'D67DN', 'M184V', 'L210W', 'T215Y', 'K219KN']"
591726,"M41L, E44D, S68G, M184V, L210W, T215Y",43.0,"['M41L', 'E44D', 'S68G', 'M184V', 'L210W', 'T215Y']",1,"['M41L', 'E44D', 'S68G', 'M184V', 'L210W', 'T215Y']"
592258,"T69D, K70R",1.8,"['T69D', 'K70R']",0,"['T69D', 'K70R']"
591464,"D67N, K70R, M184V, K219Q",2.3,"['D67N', 'K70R', 'M184V', 'K219Q']",1,"['D67N', 'K70R', 'M184V', 'K219Q']"
591490,,0.9,[],0,[]
591672,"D67G, T69D, K70R, M184V, K219Q",1.4,"['D67G', 'T69D', 'K70R', 'M184V', 'K219Q']",0,"['D67G', 'T69D', 'K70R', 'M184V', 'K219Q']"
591818,"M41L, E44D, M184V, T215F",28.0,"['M41L', 'E44D', 'M184V', 'T215F']",1,"['M41L', 'E44D', 'M184V', 'T215F']"
591974,"M41L, E44D, D67N, L74V, M184V, L210W, T215Y, K219R",4.3,"['M41L', 'E44D', 'D67N', 'L74V', 'M184V', 'L210W', 'T215Y', 'K219R']",1,"['M41L', 'E44D', 'D67N', 'L74V', 'M184V', 'L210W', 'T215Y', 'K219R']"
591908,"M41L, D67DG, S68SG, M184MV, L210LW, T215Y, K219E",3.2,"['M41L', 'D67DG', 'S68SG', 'M184MV', 'L210LW', 'T215Y', 'K219E']",1,"['M41L', 'S68SG', 'M184MV', 'L210LW', 'T215Y', 'K219E']"
591666,"D67N, T69D, L74V, K219Q",0.3,"['D67N', 'T69D', 'L74V', 'K219Q']",0,"['D67N', 'T69D', 'L74V', 'K219Q']"
591428,,0.9,[],0,[]
592154,"M41L, D67N, V75M, F77L, T215F",38.0,"['M41L', 'D67N', 'V75M', 'F77L', 'T215F']",1,"['M41L', 'D67N', 'V75M', 'F77L', 'T215F']"
591514,M184MV,0.4,['M184MV'],0,['M184MV']
591604,"M41L, E44D, D67N, T69D, L210W",1.9,"['M41L', 'E44D', 'D67N', 'T69D', 'L210W']",1,"['M41L', 'E44D', 'D67N', 'T69D', 'L210W']"
592360,"M41ML, T215C",1.5,"['M41ML', 'T215C']",0,['M41ML']
592084,"D67N, K70R, L74I, M184V, T215F, K219E",2.8,"['D67N', 'K70R', 'L74I', 'M184V', 'T215F', 'K219E']",1,"['D67N', 'K70R', 'L74I', 'M184V', 'T215F', 'K219E']"
591866,"M41L, E44D, D67N, L74V, L210W, T215Y, K219N",205.0,"['M41L', 'E44D', 'D67N', 'L74V', 'L210W', 'T215Y', 'K219N']",1,"['M41L', 'E44D', 'D67N', 'L74V', 'L210W', 'T215Y', 'K219N']"
592204,"M41MIL, M184MV, T215L",0.5,"['M41MIL', 'M184MV', 'T215L']",0,['M184MV']
591948,"M41L, D67N, K70KR, T215F, K219E",42.0,"['M41L', 'D67N', 'K70KR', 'T215F', 'K219E']",1,"['M41L', 'D67N', 'K70KR', 'T215F', 'K219E']"
591622,"M41L, M184V, T215Y",11.0,"['M41L', 'M184V', 'T215Y']",1,"['M41L', 'M184V', 'T215Y']"
592260,"D67N, K70R, M184V, K219Q",1.1,"['D67N', 'K70R', 'M184V', 'K219Q']",0,"['D67N', 'K70R', 'M184V', 'K219Q']"
591996,,0.7,[],0,[]
591762,,0.6,[],0,[]
592334,"M41ML, D67DN, L74LV, M184MV, L210LW, K219KN",1.7,"['M41ML', 'D67DN', 'L74LV', 'M184MV', 'L210LW', 'K219KN']",0,"['M41ML', 'D67DN', 'L74LV', 'M184MV', 'L210LW', 'K219KN']"
592012,"M41L, D67G, S68G, M184V, T215Y, K219E",5.7,"['M41L', 'D67G', 'S68G', 'M184V', 'T215Y', 'K219E']",1,"['M41L', 'D67G', 'S68G', 'M184V', 'T215Y', 'K219E']"
591720,,2.1,[],1,[]
591390,"M41L, A62V, D67N, T69D, K70R, V75I, L210W, T215F, K219Q",128.0,"['M41L', 'A62V', 'D67N', 'T69D', 'K70R', 'V75I', 'L210W', 'T215F', 'K219Q']",1,"['M41L', 'A62V', 'D67N', 'T69D', 'K70R', 'V75I', 'L210W', 'T215F', 'K219Q']"
591842,,0.4,[],0,[]
591914,"M41L, L74I, M184V, L210W, T215Y",25.0,"['M41L', 'L74I', 'M184V', 'L210W', 'T215Y']",1,"['M41L', 'L74I', 'M184V', 'L210W', 'T215Y']"
592300,"M41L, E44D, D67N, T69D, V75M, M184V, L210W, T215Y",105.0,"['M41L', 'E44D', 'D67N', 'T69D', 'V75M', 'M184V', 'L210W', 'T215Y']",1,"['M41L', 'E44D', 'D67N', 'T69D', 'V75M', 'M184V', 'L210W', 'T215Y']"
591534,"D67DN, M184V, T215TI",0.6,"['D67DN', 'M184V', 'T215TI']",0,"['D67DN', 'M184V']"
592052,"M41L, S68G, L74I, M184V, L210W, T215Y",0.4,"['M41L', 'S68G', 'L74I', 'M184V', 'L210W', 'T215Y']",0,"['M41L', 'S68G', 'L74I', 'M184V', 'L210W', 'T215Y']"
591956,"A62AV, K65R, M184V, L210W",0.4,"['A62AV', 'K65R', 'M184V', 'L210W']",0,"['A62AV', 'K65R', 'M184V', 'L210W']"
591776,,0.9,[],0,[]
592326,"D67DN, K70R, K219EQ",39.0,"['D67DN', 'K70R', 'K219EQ']",1,"['D67DN', 'K70R']"
591848,,0.9,[],0,[]
592238,"D67N, K70R, V75I, K219E",14.0,"['D67N', 'K70R', 'V75I', 'K219E']",1,"['D67N', 'K70R', 'V75I', 'K219E']"
592036,"M41L, S68G, L74V, M184V, L210W, T215Y",2.2,"['M41L', 'S68G', 'L74V', 'M184V', 'L210W', 'T215Y']",1,"['M41L', 'S68G', 'L74V', 'M184V', 'L210W', 'T215Y']"
591646,"M41L, E44D, D67H, S68N, T69DN, K70KR, M184V, T215F, K219Q",2.8,"['M41L', 'E44D', 'D67H', 'S68N', 'T69DN', 'K70KR', 'M184V', 'T215F', 'K219Q']",1,"['M41L', 'E44D', 'K70KR', 'M184V', 'T215F', 'K219Q']"
591546,"M41L, D67G, T69DE, K70T, L74V, M184V, L210W, T215Y",5.7,"['M41L', 'D67G', 'T69DE', 'K70T', 'L74V', 'M184V', 'L210W', 'T215Y']",1,"['M41L', 'D67G', 'L74V', 'M184V', 'L210W', 'T215Y']"
592128,"M41L, D67N, T69D, K70R, L74I, V75M, M184V, T215F, K219Q",12.0,"['M41L', 'D67N', 'T69D', 'K70R', 'L74I', 'V75M', 'M184V', 'T215F', 'K219Q']",1,"['M41L', 'D67N', 'T69D', 'K70R', 'L74I', 'V75M', 'M184V', 'T215F', 'K219Q']"
591916,"M41L, V75I, L210W, T215Y",14.0,"['M41L', 'V75I', 'L210W', 'T215Y']",1,"['M41L', 'V75I', 'L210W', 'T215Y']"
592198,"M41L, E44D, D67N, K70KR, L74IV, M184V, T215Y, K219Q",5.4,"['M41L', 'E44D', 'D67N', 'K70KR', 'L74IV', 'M184V', 'T215Y', 'K219Q']",1,"['M41L', 'E44D', 'D67N', 'K70KR', 'M184V', 'T215Y', 'K219Q']"
591478,"M41L, E44A, D67N, V75M, L210W, T215FY, K219N",45.0,"['M41L', 'E44A', 'D67N', 'V75M', 'L210W', 'T215FY', 'K219N']",1,"['M41L', 'E44A', 'D67N', 'V75M', 'L210W', 'K219N']"
592292,,0.6,[],0,[]
591802,"D67N, K70KR, M184MV, K219Q",11.0,"['D67N', 'K70KR', 'M184MV', 'K219Q']",1,"['D67N', 'K70KR', 'M184MV', 'K219Q']"
591470,"S68G, L74V, V75S, K219KN",0.2,"['S68G', 'L74V', 'V75S', 'K219KN']",0,"['S68G', 'L74V', 'K219KN']"
592234,"M41L, S68G, K70KN, L74I, V75T, M184V, L210W, T215Y",0.8,"['M41L', 'S68G', 'K70KN', 'L74I', 'V75T', 'M184V', 'L210W', 'T215Y']",0,"['M41L', 'S68G', 'L74I', 'V75T', 'M184V', 'L210W', 'T215Y']"
591406,"M41L, L74LV, M184V, T215Y",3.6,"['M41L', 'L74LV', 'M184V', 'T215Y']",1,"['M41L', 'L74LV', 'M184V', 'T215Y']"
591716,"L74V, Y115F, M184V",0.2,"['L74V', 'Y115F', 'M184V']",0,"['L74V', 'Y115F', 'M184V']"
592324,"K70R, K219KQ",5.3,"['K70R', 'K219KQ']",1,['K70R']
591616,"M41L, D67N, L74LI, L210W, T215Y, K219R",100.0,"['M41L', 'D67N', 'L74LI', 'L210W', 'T215Y', 'K219R']",1,"['M41L', 'D67N', 'L74LI', 'L210W', 'T215Y', 'K219R']"
591364,"L210W, T215Y",4.0,"['L210W', 'T215Y']",1,"['L210W', 'T215Y']"
591778,,0.8,[],0,[]
591424,K219KR,0.9,['K219KR'],0,['K219KR']
592134,M184V,0.5,['M184V'],0,['M184V']
591498,"M41L, D67N, V75I, L210W, T215Y, K219KR",59.0,"['M41L', 'D67N', 'V75I', 'L210W', 'T215Y', 'K219KR']",1,"['M41L', 'D67N', 'V75I', 'L210W', 'T215Y', 'K219KR']"
592106,"M41ML, D67N, K70R, M184V, K219Q",2.7,"['M41ML', 'D67N', 'K70R', 'M184V', 'K219Q']",1,"['M41ML', 'D67N', 'K70R', 'M184V', 'K219Q']"
592108,"M41L, E44D, D67N, L74V, M184V, L210W, T215Y",21.0,"['M41L', 'E44D', 'D67N', 'L74V', 'M184V', 'L210W', 'T215Y']",1,"['M41L', 'E44D', 'D67N', 'L74V', 'M184V', 'L210W', 'T215Y']"
591454,,0.8,[],0,[]
591398,S68G,0.6,['S68G'],0,['S68G']
591936,"M41L, E44A, D67N, K70R, V75M, M184V, T215Y, K219E",53.0,"['M41L', 'E44A', 'D67N', 'K70R', 'V75M', 'M184V', 'T215Y', 'K219E']",1,"['M41L', 'E44A', 'D67N', 'K70R', 'V75M', 'M184V', 'T215Y', 'K219E']"
591820,,1.1,[],0,[]
591530,"D67N, K70R, M184MV, K219E",3.0,"['D67N', 'K70R', 'M184MV', 'K219E']",1,"['D67N', 'K70R', 'M184MV', 'K219E']"
592150,"M41L, K70R, L74I, Y115F, M184V, T215F, K219Q",28.0,"['M41L', 'K70R', 'L74I', 'Y115F', 'M184V', 'T215F', 'K219Q']",1,"['M41L', 'K70R', 'L74I', 'Y115F', 'M184V', 'T215F', 'K219Q']"
592264,"M41L, E44D, D67N, M184V, L210L*W, T215Y",10.0,"['M41L', 'E44D', 'D67N', 'M184V', 'L210L*W', 'T215Y']",1,"['M41L', 'E44D', 'D67N', 'M184V', 'T215Y']"
592436,"M41L, D67N, T69D, L74V, M184V, T215F, K219Q",1.4,"['M41L', 'D67N', 'T69D', 'L74V', 'M184V', 'T215F', 'K219Q']",0,"['M41L', 'D67N', 'T69D', 'L74V', 'M184V', 'T215F', 'K219Q']"
591926,D67DN,1.0,['D67DN'],0,['D67DN']
592240,"M41L, T215Y",96.0,"['M41L', 'T215Y']",1,"['M41L', 'T215Y']"
591656,"D67G, S68G, K70R, T215I, K219E",68.0,"['D67G', 'S68G', 'K70R', 'T215I', 'K219E']",1,"['D67G', 'S68G', 'K70R', 'K219E']"
591872,"D67N, K70R, K219Q",43.0,"['D67N', 'K70R', 'K219Q']",1,"['D67N', 'K70R', 'K219Q']"
591832,M184V,0.3,['M184V'],0,['M184V']
591952,M184MIV,0.7,['M184MIV'],0,[]
592408,,0.8,[],0,[]
591388,"M41L, D67N, K70R, V75T, L210W, T215Y, K219E",19.0,"['M41L', 'D67N', 'K70R', 'V75T', 'L210W', 'T215Y', 'K219E']",1,"['M41L', 'D67N', 'K70R', 'V75T', 'L210W', 'T215Y', 'K219E']"
592068,,1.1,[],0,[]
591806,"M41L, E44A, A62V, T215FY",161.0,"['M41L', 'E44A', 'A62V', 'T215FY']",1,"['M41L', 'E44A', 'A62V']"
592208,"M41L, E44D, D67N, T69D, M184V, L210W, T215Y",9.0,"['M41L', 'E44D', 'D67N', 'T69D', 'M184V', 'L210W', 'T215Y']",1,"['M41L', 'E44D', 'D67N', 'T69D', 'M184V', 'L210W', 'T215Y']"
592254,"E44D, D67N, T69D, M184V, L210W, T215Y",10.0,"['E44D', 'D67N', 'T69D', 'M184V', 'L210W', 'T215Y']",1,"['E44D', 'D67N', 'T69D', 'M184V', 'L210W', 'T215Y']"
592330,A62V,0.3,['A62V'],0,['A62V']
592078,"M41L, L74V, M184V, L210W, T215Y",1.6,"['M41L', 'L74V', 'M184V', 'L210W', 'T215Y']",0,"['M41L', 'L74V', 'M184V', 'L210W', 'T215Y']"
592072,,0.9,[],0,[]
591542,"M41L, E44D, D67N, L74V, M184V, L210W, T215Y, K219R",7.7,"['M41L', 'E44D', 'D67N', 'L74V', 'M184V', 'L210W', 'T215Y', 'K219R']",1,"['M41L', 'E44D', 'D67N', 'L74V', 'M184V', 'L210W', 'T215Y', 'K219R']"
591552,S68G,0.7,['S68G'],0,['S68G']
592122,"M41L, D67N, L74V, M184V, T215F, K219Q",1.6,"['M41L', 'D67N', 'L74V', 'M184V', 'T215F', 'K219Q']",0,"['M41L', 'D67N', 'L74V', 'M184V', 'T215F', 'K219Q']"
591796,,1.2,[],0,[]
591506,,0.6,[],0,[]
591560,"A62V, L74I",1.0,"['A62V', 'L74I']",0,"['A62V', 'L74I']"
592420,"M41L, E44D, D67N, T69D, M184V, L210W, T215Y",58.0,"['M41L', 'E44D', 'D67N', 'T69D', 'M184V', 'L210W', 'T215Y']",1,"['M41L', 'E44D', 'D67N', 'T69D', 'M184V', 'L210W', 'T215Y']"
591812,"M41L, E44A, D67N, V75M, F77L, M184V, L210W, T215Y, K219N",510.0,"['M41L', 'E44A', 'D67N', 'V75M', 'F77L', 'M184V', 'L210W', 'T215Y', 'K219N']",1,"['M41L', 'E44A', 'D67N', 'V75M', 'F77L', 'M184V', 'L210W', 'T215Y', 'K219N']"
592410,,1.2,[],0,[]
591686,T215TS,0.8,['T215TS'],0,[]
592242,"M41L, S68G, L74LV, M184V, L210W, T215F",3.0,"['M41L', 'S68G', 'L74LV', 'M184V', 'L210W', 'T215F']",1,"['M41L', 'S68G', 'L74LV', 'M184V', 'L210W', 'T215F']"
592416,,2.8,[],1,[]
591600,"D67N, K70R, L74I, M184V, T215F, K219Q",33.0,"['D67N', 'K70R', 'L74I', 'M184V', 'T215F', 'K219Q']",1,"['D67N', 'K70R', 'L74I', 'M184V', 'T215F', 'K219Q']"
592182,"D67N, T69D, K70R, L74I, M184V, K219Q",0.7,"['D67N', 'T69D', 'K70R', 'L74I', 'M184V', 'K219Q']",0,"['D67N', 'T69D', 'K70R', 'L74I', 'M184V', 'K219Q']"
592274,"M41L, E44D, S68G, K70S, L74LI, M184V, L210W, T215Y",2.4,"['M41L', 'E44D', 'S68G', 'K70S', 'L74LI', 'M184V', 'L210W', 'T215Y']",1,"['M41L', 'E44D', 'S68G', 'L74LI', 'M184V', 'L210W', 'T215Y']"
591852,,0.6,[],0,[]
592304,"M41L, L74IV, M184MV, T215Y",5.7,"['M41L', 'L74IV', 'M184MV', 'T215Y']",1,"['M41L', 'M184MV', 'T215Y']"
592296,"M41L, E44D, D67N, T69D, V75M, M184V, L210W, T215Y",30.0,"['M41L', 'E44D', 'D67N', 'T69D', 'V75M', 'M184V', 'L210W', 'T215Y']",1,"['M41L', 'E44D', 'D67N', 'T69D', 'V75M', 'M184V', 'L210W', 'T215Y']"
591460,"K65R, S68G, V75I, F77L, F116Y, Q151M",400.0,"['K65R', 'S68G', 'V75I', 'F77L', 'F116Y', 'Q151M']",1,"['K65R', 'S68G', 'V75I', 'F77L', 'F116Y', 'Q151M']"
592426,"M41L, E44A, D67N, M184V, L210W, T215Y, K219DN",5.5,"['M41L', 'E44A', 'D67N', 'M184V', 'L210W', 'T215Y', 'K219DN']",1,"['M41L', 'E44A', 'D67N', 'M184V', 'L210W', 'T215Y']"
591508,"M41L, D67N, T69D, K70R, V75M, M184V, L210W, T215F, K219Q",78.0,"['M41L', 'D67N', 'T69D', 'K70R', 'V75M', 'M184V', 'L210W', 'T215F', 'K219Q']",1,"['M41L', 'D67N', 'T69D', 'K70R', 'V75M', 'M184V', 'L210W', 'T215F', 'K219Q']"
591484,"M41L, D67E, S68G, V75M, M184V, L210W, T215C",5.0,"['M41L', 'D67E', 'S68G', 'V75M', 'M184V', 'L210W', 'T215C']",1,"['M41L', 'S68G', 'V75M', 'M184V', 'L210W']"
592102,,1.3,[],0,[]
591698,,0.8,[],0,[]
591694,"M41L, D67DG, M184MIV, T215Y",6.1,"['M41L', 'D67DG', 'M184MIV', 'T215Y']",1,"['M41L', 'T215Y']"
591738,"S68G, T69D",0.5,"['S68G', 'T69D']",0,"['S68G', 'T69D']"
591442,"M41L, E44D, M184V, L210W, T215Y",27.0,"['M41L', 'E44D', 'M184V', 'L210W', 'T215Y']",1,"['M41L', 'E44D', 'M184V', 'L210W', 'T215Y']"
591764,,1.1,[],0,[]
592022,"K65R, S68G",1.2,"['K65R', 'S68G']",0,"['K65R', 'S68G']"
592212,,0.8,[],0,[]
591418,"M41ML, S68G, M184MV, L210W, T215Y",43.0,"['M41ML', 'S68G', 'M184MV', 'L210W', 'T215Y']",1,"['M41ML', 'S68G', 'M184MV', 'L210W', 'T215Y']"
592386,"M41L, E44D, S68G, M184V, L210W, T215Y",20.0,"['M41L', 'E44D', 'S68G', 'M184V', 'L210W', 'T215Y']",1,"['M41L', 'E44D', 'S68G', 'M184V', 'L210W', 'T215Y']"
592028,"M41L, A62V, V75I",1.6,"['M41L', 'A62V', 'V75I']",0,"['M41L', 'A62V', 'V75I']"
592320,M184V,0.4,['M184V'],0,['M184V']
592358,"M41L, D67N, T69D, V75M, T215S, K219Q",1.3,"['M41L', 'D67N', 'T69D', 'V75M', 'T215S', 'K219Q']",0,"['M41L', 'D67N', 'T69D', 'V75M', 'K219Q']"
591358,T215TS,2.5,['T215TS'],1,[]
592270,"M41L, K70R, L74I, M184V, T215F, K219Q",3.5,"['M41L', 'K70R', 'L74I', 'M184V', 'T215F', 'K219Q']",1,"['M41L', 'K70R', 'L74I', 'M184V', 'T215F', 'K219Q']"
592282,"D67N, K70R, M184V, L210LW, K219Q",3.4,"['D67N', 'K70R', 'M184V', 'L210LW', 'K219Q']",1,"['D67N', 'K70R', 'M184V', 'L210LW', 'K219Q']"
592162,M184V,0.6,['M184V'],0,['M184V']
592302,"M41L, L74I, M184V, T215Y",7.2,"['M41L', 'L74I', 'M184V', 'T215Y']",1,"['M41L', 'L74I', 'M184V', 'T215Y']"
591888,"L74I, M184V",0.3,"['L74I', 'M184V']",0,"['L74I', 'M184V']"
591592,"L74V, Y115F, M184V",0.2,"['L74V', 'Y115F', 'M184V']",0,"['L74V', 'Y115F', 'M184V']"
591728,"D67N, K70R, M184V, T215Y, K219E",4.3,"['D67N', 'K70R', 'M184V', 'T215Y', 'K219E']",1,"['D67N', 'K70R', 'M184V', 'T215Y', 'K219E']"
591458,"M41L, E44EAD, D67N, T69D, V75M, F77L, M184V, L210W, T215Y",10.0,"['M41L', 'E44EAD', 'D67N', 'T69D', 'V75M', 'F77L', 'M184V', 'L210W', 'T215Y']",1,"['M41L', 'D67N', 'T69D', 'V75M', 'F77L', 'M184V', 'L210W', 'T215Y']"
592032,,0.7,[],0,[]
591792,"S68G, V75I, F77L, F116Y, Q151M",89.0,"['S68G', 'V75I', 'F77L', 'F116Y', 'Q151M']",1,"['S68G', 'V75I', 'F77L', 'F116Y', 'Q151M']"
592172,"M41L, K65KR, S68G, K70RS, V75I, F116Y, Q151M, T215C",13.0,"['M41L', 'K65KR', 'S68G', 'K70RS', 'V75I', 'F116Y', 'Q151M', 'T215C']",1,"['M41L', 'S68G', 'V75I', 'F116Y', 'Q151M']"
592424,"A62AV, D67G, K70R, M184V, K219Q",11.0,"['A62AV', 'D67G', 'K70R', 'M184V', 'K219Q']",1,"['A62AV', 'D67G', 'K70R', 'M184V', 'K219Q']"
591448,,0.3,[],0,[]
592220,"S68SN, M184MV",0.3,"['S68SN', 'M184MV']",0,['M184MV']
592088,"M41L, M184V, L210W, T215Y",5.1,"['M41L', 'M184V', 'L210W', 'T215Y']",1,"['M41L', 'M184V', 'L210W', 'T215Y']"
592244,"M41L, S68G, L210W, T215S",1.4,"['M41L', 'S68G', 'L210W', 'T215S']",0,"['M41L', 'S68G', 'L210W']"
591754,"M41L, T69G, K70R, M184V, T215Y, K219E",135.0,"['M41L', 'T69G', 'K70R', 'M184V', 'T215Y', 'K219E']",1,"['M41L', 'K70R', 'M184V', 'T215Y', 'K219E']"
591636,,0.9,[],0,[]
591572,,0.7,[],0,[]
591496,"M41L, D67DN, M184V, L210W, T215Y",41.0,"['M41L', 'D67DN', 'M184V', 'L210W', 'T215Y']",1,"['M41L', 'D67DN', 'M184V', 'L210W', 'T215Y']"
591810,"M41L, E44A, D67N, T69D, L74V, M184V, L210W, T215Y",2.1,"['M41L', 'E44A', 'D67N', 'T69D', 'L74V', 'M184V', 'L210W', 'T215Y']",1,"['M41L', 'E44A', 'D67N', 'T69D', 'L74V', 'M184V', 'L210W', 'T215Y']"
591564,,0.8,[],0,[]
591864,"D67N, K70E, M184V",0.3,"['D67N', 'K70E', 'M184V']",0,"['D67N', 'M184V']"
591626,,0.7,[],0,[]
591494,"M41L, D67N, K70R, M184V, T215Y, K219E",5.5,"['M41L', 'D67N', 'K70R', 'M184V', 'T215Y', 'K219E']",1,"['M41L', 'D67N', 'K70R', 'M184V', 'T215Y', 'K219E']"
591932,"M184MIV, T215FS",4.6,"['M184MIV', 'T215FS']",1,[]
591924,K65R,0.8,['K65R'],0,['K65R']
591826,"D67N, T69D, K219N",1.1,"['D67N', 'T69D', 'K219N']",0,"['D67N', 'T69D', 'K219N']"
592158,"M41L, E44D, D67N, V75I, L210W, T215Y, K219R",200.0,"['M41L', 'E44D', 'D67N', 'V75I', 'L210W', 'T215Y', 'K219R']",1,"['M41L', 'E44D', 'D67N', 'V75I', 'L210W', 'T215Y', 'K219R']"
591502,"L210LW, T215AD",0.4,"['L210LW', 'T215AD']",0,['L210LW']
592196,"M41L, T69DN, K70R, V75M, M184V, L210W, T215C",2.7,"['M41L', 'T69DN', 'K70R', 'V75M', 'M184V', 'L210W', 'T215C']",1,"['M41L', 'K70R', 'V75M', 'M184V', 'L210W']"
592352,,0.9,[],0,[]
591910,"D67HN, K70R, L74LI, M184V, T215Y, K219E",2.9,"['D67HN', 'K70R', 'L74LI', 'M184V', 'T215Y', 'K219E']",1,"['K70R', 'L74LI', 'M184V', 'T215Y', 'K219E']"
591732,"M41L, D67DN, L210W, T215D",2.6,"['M41L', 'D67DN', 'L210W', 'T215D']",1,"['M41L', 'D67DN', 'L210W', 'T215D']"
591800,M41MIL,1.3,['M41MIL'],0,[]
591606,"A62AV, K65R, S68G, M184V",0.4,"['A62AV', 'K65R', 'S68G', 'M184V']",0,"['A62AV', 'K65R', 'S68G', 'M184V']"
592378,"M41L, L210W, T215C",1.1,"['M41L', 'L210W', 'T215C']",0,"['M41L', 'L210W']"
592104,"M41L, D67NT, L210W, T215F, K219KR",200.0,"['M41L', 'D67NT', 'L210W', 'T215F', 'K219KR']",1,"['M41L', 'L210W', 'T215F', 'K219KR']"
592432,,0.7,[],0,[]
592268,"D67DN, K219KR",3.6,"['D67DN', 'K219KR']",1,"['D67DN', 'K219KR']"
591746,,1.7,[],0,[]
591376,"M41L, D67N, K70R, T215F, K219Q",240.0,"['M41L', 'D67N', 'K70R', 'T215F', 'K219Q']",1,"['M41L', 'D67N', 'K70R', 'T215F', 'K219Q']"
592126,"M41ML, S68SG, K70KR, M184V",0.8,"['M41ML', 'S68SG', 'K70KR', 'M184V']",0,"['M41ML', 'S68SG', 'K70KR', 'M184V']"
591556,"D67N, K70G, M184V, T215F, K219Q",0.6,"['D67N', 'K70G', 'M184V', 'T215F', 'K219Q']",0,"['D67N', 'K70G', 'M184V', 'T215F', 'K219Q']"
591434,"D67G, S68G, K70R, V75I, F116Y, Q151M, M184V, T215V, K219E",33.0,"['D67G', 'S68G', 'K70R', 'V75I', 'F116Y', 'Q151M', 'M184V', 'T215V', 'K219E']",1,"['D67G', 'S68G', 'K70R', 'V75I', 'F116Y', 'Q151M', 'M184V', 'K219E']"
591962,,0.6,[],0,[]
591682,"M41ML, L74LI, M184MIV, L210LW",0.7,"['M41ML', 'L74LI', 'M184MIV', 'L210LW']",0,"['M41ML', 'L74LI', 'L210LW']"
592346,"M41L, D67N, K70R, T215F, K219Q",200.0,"['M41L', 'D67N', 'K70R', 'T215F', 'K219Q']",1,"['M41L', 'D67N', 'K70R', 'T215F', 'K219Q']"
591840,,0.8,[],0,[]
592174,,0.6,[],0,[]
591700,"D67N, K70R, T215F, K219Q",324.0,"['D67N', 'K70R', 'T215F', 'K219Q']",1,"['D67N', 'K70R', 'T215F', 'K219Q']"
592400,,1.0,[],0,[]
591870,,0.6,[],0,[]
592130,"M41L, D67N, T69D, K70R, L74I, V75M, M184V, T215F, K219Q",65.0,"['M41L', 'D67N', 'T69D', 'K70R', 'L74I', 'V75M', 'M184V', 'T215F', 'K219Q']",1,"['M41L', 'D67N', 'T69D', 'K70R', 'L74I', 'V75M', 'M184V', 'T215F', 'K219Q']"
592216,,0.9,[],0,[]
592310,"M41L, D67G, S68G, K70R, M184V, T215F, K219E",46.0,"['M41L', 'D67G', 'S68G', 'K70R', 'M184V', 'T215F', 'K219E']",1,"['M41L', 'D67G', 'S68G', 'K70R', 'M184V', 'T215F', 'K219E']"
592166,"M41L, D67N, T69D, M184V, L210W, T215Y",14.0,"['M41L', 'D67N', 'T69D', 'M184V', 'L210W', 'T215Y']",1,"['M41L', 'D67N', 'T69D', 'M184V', 'L210W', 'T215Y']"
591588,"D67N, K70R, M184V, T215I, K219E",4.1,"['D67N', 'K70R', 'M184V', 'T215I', 'K219E']",1,"['D67N', 'K70R', 'M184V', 'K219E']"
591896,"M41L, D67N, M184V, T215Y",3.9,"['M41L', 'D67N', 'M184V', 'T215Y']",1,"['M41L', 'D67N', 'M184V', 'T215Y']"
592434,,0.6,[],0,[]
592004,"M41L, E44A, D67N, V75M, F77L, M184V, L210W, T215Y, K219KR",301.0,"['M41L', 'E44A', 'D67N', 'V75M', 'F77L', 'M184V', 'L210W', 'T215Y', 'K219KR']",1,"['M41L', 'E44A', 'D67N', 'V75M', 'F77L', 'M184V', 'L210W', 'T215Y', 'K219KR']"
591968,"D67N, M184V",0.2,"['D67N', 'M184V']",0,"['D67N', 'M184V']"
591710,"D67N, K70R, K219Q",56.0,"['D67N', 'K70R', 'K219Q']",1,"['D67N', 'K70R', 'K219Q']"
592248,M41ML,2.5,['M41ML'],1,['M41ML']
592372,"M41L, M184V, L210W, T215Y",13.0,"['M41L', 'M184V', 'L210W', 'T215Y']",1,"['M41L', 'M184V', 'L210W', 'T215Y']"
591930,"M41L, T215Y",28.0,"['M41L', 'T215Y']",1,"['M41L', 'T215Y']"
591548,"M41L, D67N, T215Y, K219KR",382.0,"['M41L', 'D67N', 'T215Y', 'K219KR']",1,"['M41L', 'D67N', 'T215Y', 'K219KR']"
592294,,0.6,[],0,[]
592418,,1.6,[],0,[]
591990,"D67N, K70KR, L74V, M184V, K219E",0.5,"['D67N', 'K70KR', 'L74V', 'M184V', 'K219E']",0,"['D67N', 'K70KR', 'L74V', 'M184V', 'K219E']"
592394,,0.3,[],0,[]
591692,,0.7,[],0,[]
591652,"M41L, M184V, T215C",0.4,"['M41L', 'M184V', 'T215C']",0,"['M41L', 'M184V']"
591654,"M41L, M184MV, T215C",0.5,"['M41L', 'M184MV', 'T215C']",0,"['M41L', 'M184MV']"
591414,,1.4,[],0,[]
591942,"M41L, E44D, D67N, T69D, L210W",0.7,"['M41L', 'E44D', 'D67N', 'T69D', 'L210W']",0,"['M41L', 'E44D', 'D67N', 'T69D', 'L210W']"
592222,,0.9,[],0,[]
591976,"M41L, E44EA, T69G, K70R, L74I, V75A, M184V, T215F, K219E",541.0,"['M41L', 'E44EA', 'T69G', 'K70R', 'L74I', 'V75A', 'M184V', 'T215F', 'K219E']",1,"['M41L', 'K70R', 'L74I', 'M184V', 'T215F', 'K219E']"
591404,"M41L, E44D, D67N, M184V, L210W, T215Y, K219N",22.0,"['M41L', 'E44D', 'D67N', 'M184V', 'L210W', 'T215Y', 'K219N']",1,"['M41L', 'E44D', 'D67N', 'M184V', 'L210W', 'T215Y', 'K219N']"
591988,"K65R, M184MV",0.3,"['K65R', 'M184MV']",0,"['K65R', 'M184MV']"
591860,"M41ML, L74LV",3.2,"['M41ML', 'L74LV']",1,"['M41ML', 'L74LV']"
592236,"D67N, K70R, V75IT, M184V, K219E",2.4,"['D67N', 'K70R', 'V75IT', 'M184V', 'K219E']",1,"['D67N', 'K70R', 'M184V', 'K219E']"
592090,"K65R, S68G, M184V",0.7,"['K65R', 'S68G', 'M184V']",0,"['K65R', 'S68G', 'M184V']"
592020,"A62AV, K65KR, S68G",1.3,"['A62AV', 'K65KR', 'S68G']",0,"['A62AV', 'S68G']"
591472,"M41L, E44D, D67N, L210W, T215Y, K219N",200.0,"['M41L', 'E44D', 'D67N', 'L210W', 'T215Y', 'K219N']",1,"['M41L', 'E44D', 'D67N', 'L210W', 'T215Y', 'K219N']"
591858,"M41L, L210W, T215Y",200.0,"['M41L', 'L210W', 'T215Y']",1,"['M41L', 'L210W', 'T215Y']"
591836,,0.8,[],0,[]
591890,,0.4,[],0,[]
591882,"M41L, D67N, K70R, Q151M, T215V, K219E",47.0,"['M41L', 'D67N', 'K70R', 'Q151M', 'T215V', 'K219E']",1,"['M41L', 'D67N', 'K70R', 'Q151M', 'K219E']"
592082,"M41L, E44DG, A62V, D67N, T69D, V75I, L210W, T215F, K219QR",36.0,"['M41L', 'E44DG', 'A62V', 'D67N', 'T69D', 'V75I', 'L210W', 'T215F', 'K219QR']",1,"['M41L', 'A62V', 'D67N', 'T69D', 'V75I', 'L210W', 'T215F']"
592298,"M41L, E44D, D67N, T69D, V75M, M184V, L210W, T215Y",37.0,"['M41L', 'E44D', 'D67N', 'T69D', 'V75M', 'M184V', 'L210W', 'T215Y']",1,"['M41L', 'E44D', 'D67N', 'T69D', 'V75M', 'M184V', 'L210W', 'T215Y']"
592200,"M41L, D67DN, L74I, M184V, L210W, T215Y",31.0,"['M41L', 'D67DN', 'L74I', 'M184V', 'L210W', 'T215Y']",1,"['M41L', 'D67DN', 'L74I', 'M184V', 'L210W', 'T215Y']"
591520,"M41L, S68SG, L74V, M184V, L210W, T215Y",7.3,"['M41L', 'S68SG', 'L74V', 'M184V', 'L210W', 'T215Y']",1,"['M41L', 'S68SG', 'L74V', 'M184V', 'L210W', 'T215Y']"
591584,M184MV,0.4,['M184MV'],0,['M184MV']
592016,,0.6,[],0,[]
591740,"D67N, K70R, M184V, T215Y, K219E",4.2,"['D67N', 'K70R', 'M184V', 'T215Y', 'K219E']",1,"['D67N', 'K70R', 'M184V', 'T215Y', 'K219E']"
591384,"M41L, M184V, L210W, T215Y, K219R",9.5,"['M41L', 'M184V', 'L210W', 'T215Y', 'K219R']",1,"['M41L', 'M184V', 'L210W', 'T215Y', 'K219R']"
591486,"D67N, K70R, L74I, M184V, T215F, K219Q",6.5,"['D67N', 'K70R', 'L74I', 'M184V', 'T215F', 'K219Q']",1,"['D67N', 'K70R', 'L74I', 'M184V', 'T215F', 'K219Q']"
592178,"M41L, E44A, D67N, L74V, M184V, L210W, T215Y",5.8,"['M41L', 'E44A', 'D67N', 'L74V', 'M184V', 'L210W', 'T215Y']",1,"['M41L', 'E44A', 'D67N', 'L74V', 'M184V', 'L210W', 'T215Y']"
592276,,0.9,[],0,[]
591468,S68SG,0.9,['S68SG'],0,['S68SG']
591736,"S68G, T69D",0.4,"['S68G', 'T69D']",0,"['S68G', 'T69D']"
592342,,0.7,[],0,[]
591392,"M41L, A62V, D67N, T69D, K70R, V75I, L210W, T215F, K219Q",130.0,"['M41L', 'A62V', 'D67N', 'T69D', 'K70R', 'V75I', 'L210W', 'T215F', 'K219Q']",1,"['M41L', 'A62V', 'D67N', 'T69D', 'K70R', 'V75I', 'L210W', 'T215F', 'K219Q']"
591362,"M41L, E44ED, M184V, L210W, T215Y",52.0,"['M41L', 'E44ED', 'M184V', 'L210W', 'T215Y']",1,"['M41L', 'E44ED', 'M184V', 'L210W', 'T215Y']"
592362,"D67N, T69D, K70R, M184V, K219Q",1.0,"['D67N', 'T69D', 'K70R', 'M184V', 'K219Q']",0,"['D67N', 'T69D', 'K70R', 'M184V', 'K219Q']"
592286,"M184MV, L210LW, T215Y",4.7,"['M184MV', 'L210LW', 'T215Y']",1,"['M184MV', 'L210LW', 'T215Y']"
591830,"M41L, D67N, K70R, M184V, L210W, T215Y, K219E",26.0,"['M41L', 'D67N', 'K70R', 'M184V', 'L210W', 'T215Y', 'K219E']",1,"['M41L', 'D67N', 'K70R', 'M184V', 'L210W', 'T215Y', 'K219E']"
591596,D67DN,0.8,['D67DN'],0,['D67DN']
592338,"M41L, D67N, M184V, T215Y",5.6,"['M41L', 'D67N', 'M184V', 'T215Y']",1,"['M41L', 'D67N', 'M184V', 'T215Y']"
592114,K219N,0.5,['K219N'],0,['K219N']
591784,D67DN,0.5,['D67DN'],0,['D67DN']
591912,"M41L, E44D, D67N, M184V, L210W, T215Y",79.0,"['M41L', 'E44D', 'D67N', 'M184V', 'L210W', 'T215Y']",1,"['M41L', 'E44D', 'D67N', 'M184V', 'L210W', 'T215Y']"
592008,,1.1,[],0,[]
592314,M184V,0.4,['M184V'],0,['M184V']
591782,"M41L, D67N, T69D, L74I, M184V, L210W, T215Y, K219R",43.0,"['M41L', 'D67N', 'T69D', 'L74I', 'M184V', 'L210W', 'T215Y', 'K219R']",1,"['M41L', 'D67N', 'T69D', 'L74I', 'M184V', 'L210W', 'T215Y', 'K219R']"
591900,"M41ML, T69G, K70R, M184V, T215F, K219EQ",370.0,"['M41ML', 'T69G', 'K70R', 'M184V', 'T215F', 'K219EQ']",1,"['M41ML', 'K70R', 'M184V', 'T215F']"
592142,"M41L, E44D, L74V, M184MV, L210L*W",4.4,"['M41L', 'E44D', 'L74V', 'M184MV', 'L210L*W']",1,"['M41L', 'E44D', 'L74V', 'M184MV']"
591576,"M41L, M184MV, T215Y",5.0,"['M41L', 'M184MV', 'T215Y']",1,"['M41L', 'M184MV', 'T215Y']"
592440,"K65R, S68G, M184V",0.3,"['K65R', 'S68G', 'M184V']",0,"['K65R', 'S68G', 'M184V']"
591512,"M41L, D67N, M184V, T215Y",9.7,"['M41L', 'D67N', 'M184V', 'T215Y']",1,"['M41L', 'D67N', 'M184V', 'T215Y']"
591704,"D67N, K70E, M184V, T215F, K219Q",0.9,"['D67N', 'K70E', 'M184V', 'T215F', 'K219Q']",0,"['D67N', 'M184V', 'T215F', 'K219Q']"
591724,M184MV,0.4,['M184MV'],0,['M184MV']
592306,M184V,0.2,['M184V'],0,['M184V']
592350,"M41L, E44D, D67N, T69D, M184V, L210W, T215Y",2.4,"['M41L', 'E44D', 'D67N', 'T69D', 'M184V', 'L210W', 'T215Y']",1,"['M41L', 'E44D', 'D67N', 'T69D', 'M184V', 'L210W', 'T215Y']"
591430,"M41L, M184V, L210W, T215Y",167.0,"['M41L', 'M184V', 'L210W', 'T215Y']",1,"['M41L', 'M184V', 'L210W', 'T215Y']"
592184,"M41L, T69G, K70R, M184V, T215F, K219E",322.0,"['M41L', 'T69G', 'K70R', 'M184V', 'T215F', 'K219E']",1,"['M41L', 'K70R', 'M184V', 'T215F', 'K219E']"
591372,T215D,0.3,['T215D'],0,['T215D']
591770,"M41L, S68G, M184V, L210W, T215Y",9.5,"['M41L', 'S68G', 'M184V', 'L210W', 'T215Y']",1,"['M41L', 'S68G', 'M184V', 'L210W', 'T215Y']"
591620,T215Y,5.2,['T215Y'],1,['T215Y']
592014,S68G,0.7,['S68G'],0,['S68G']
592226,"D67N, K70R, L74LI, M184V, T215I, K219Q",8.9,"['D67N', 'K70R', 'L74LI', 'M184V', 'T215I', 'K219Q']",1,"['D67N', 'K70R', 'L74LI', 'M184V', 'K219Q']"
591602,"D67N, K70KR, M184V, T215Y, K219E",1.6,"['D67N', 'K70KR', 'M184V', 'T215Y', 'K219E']",0,"['D67N', 'K70KR', 'M184V', 'T215Y', 'K219E']"
591994,,0.5,[],0,[]
591946,"M41ML, D67N, V75VIM, M184V, T215Y",16.0,"['M41ML', 'D67N', 'V75VIM', 'M184V', 'T215Y']",1,"['M41ML', 'D67N', 'M184V', 'T215Y']"
592332,"M41L, D67N, L74V, M184V, L210W, T215Y, K219DN",5.5,"['M41L', 'D67N', 'L74V', 'M184V', 'L210W', 'T215Y', 'K219DN']",1,"['M41L', 'D67N', 'L74V', 'M184V', 'L210W', 'T215Y']"
591850,,0.3,[],0,[]
591570,"D67N, K70R, L74I, M184V, T215F, K219E",82.0,"['D67N', 'K70R', 'L74I', 'M184V', 'T215F', 'K219E']",1,"['D67N', 'K70R', 'L74I', 'M184V', 'T215F', 'K219E']"
591580,"K70Q, M184V",0.2,"['K70Q', 'M184V']",0,['M184V']
591558,"A62V, L74I",0.8,"['A62V', 'L74I']",0,"['A62V', 'L74I']"
592288,"M41ML, T215Y",10.0,"['M41ML', 'T215Y']",1,"['M41ML', 'T215Y']"
591958,"M41L, D67N, T69D, K70R, L74I, V75T, M184V, T215F, K219Q",4.4,"['M41L', 'D67N', 'T69D', 'K70R', 'L74I', 'V75T', 'M184V', 'T215F', 'K219Q']",1,"['M41L', 'D67N', 'T69D', 'K70R', 'L74I', 'V75T', 'M184V', 'T215F', 'K219Q']"
592262,"M184MV, K219KQ",0.4,"['M184MV', 'K219KQ']",0,['M184MV']
591426,M184MV,1.5,['M184MV'],0,['M184MV']
591760,,0.7,[],0,[]
592086,"M41L, M184V, L210W, T215Y",6.5,"['M41L', 'M184V', 'L210W', 'T215Y']",1,"['M41L', 'M184V', 'L210W', 'T215Y']"
592070,"M41L, D67N, T69D, M184V, L210W, T215Y, K219R",50.0,"['M41L', 'D67N', 'T69D', 'M184V', 'L210W', 'T215Y', 'K219R']",1,"['M41L', 'D67N', 'T69D', 'M184V', 'L210W', 'T215Y', 'K219R']"
591410,,0.6,[],0,[]
592272,"M41L, D67E, T69G, T215Y",200.0,"['M41L', 'D67E', 'T69G', 'T215Y']",1,"['M41L', 'T215Y']"
591918,"M41L, V75I, L210W, T215Y",12.0,"['M41L', 'V75I', 'L210W', 'T215Y']",1,"['M41L', 'V75I', 'L210W', 'T215Y']"
592202,"M41L, E44ED, D67G, S68G, K70KT, L74LV, M184V, L210W, T215Y, K219KN",224.0,"['M41L', 'E44ED', 'D67G', 'S68G', 'K70KT', 'L74LV', 'M184V', 'L210W', 'T215Y', 'K219KN']",1,"['M41L', 'E44ED', 'D67G', 'S68G', 'L74LV', 'M184V', 'L210W', 'T215Y', 'K219KN']"
592414,"D67N, K70R, T215F, K219Q",93.0,"['D67N', 'K70R', 'T215F', 'K219Q']",1,"['D67N', 'K70R', 'T215F', 'K219Q']"
592024,S68G,0.8,['S68G'],0,['S68G']
592100,,0.7,[],0,[]
592116,"M184V, T215F",2.2,"['M184V', 'T215F']",1,"['M184V', 'T215F']"
592038,"M41L, E44ED, D67N, L74LI, M184V, L210W, T215Y",42.0,"['M41L', 'E44ED', 'D67N', 'L74LI', 'M184V', 'L210W', 'T215Y']",1,"['M41L', 'E44ED', 'D67N', 'L74LI', 'M184V', 'L210W', 'T215Y']"
591696,"M41L, E44A, D67N, T69D, M184V, L210W, T215Y",626.0,"['M41L', 'E44A', 'D67N', 'T69D', 'M184V', 'L210W', 'T215Y']",1,"['M41L', 'E44A', 'D67N', 'T69D', 'M184V', 'L210W', 'T215Y']"
591722,"M41L, M184V, L210W, T215Y, K219E",1.3,"['M41L', 'M184V', 'L210W', 'T215Y', 'K219E']",0,"['M41L', 'M184V', 'L210W', 'T215Y', 'K219E']"
591476,"M41L, D67N, M184V, L210LW, T215Y",9.5,"['M41L', 'D67N', 'M184V', 'L210LW', 'T215Y']",1,"['M41L', 'D67N', 'M184V', 'L210LW', 'T215Y']"
591644,"M41L, S68G, L74V, M184V, T215Y",3.2,"['M41L', 'S68G', 'L74V', 'M184V', 'T215Y']",1,"['M41L', 'S68G', 'L74V', 'M184V', 'T215Y']"
591690,"M41L, S68SG, M184V, L210W, T215Y",1.1,"['M41L', 'S68SG', 'M184V', 'L210W', 'T215Y']",0,"['M41L', 'S68SG', 'M184V', 'L210W', 'T215Y']"
592328,"M41L, M184V, L210W, T215Y",6.0,"['M41L', 'M184V', 'L210W', 'T215Y']",1,"['M41L', 'M184V', 'L210W', 'T215Y']"
591568,"D67NT, T69DN, K70R, M184V, T215F, K219E",17.0,"['D67NT', 'T69DN', 'K70R', 'M184V', 'T215F', 'K219E']",1,"['K70R', 'M184V', 'T215F', 'K219E']"
591544,"M41L, E44D, D67N, L210W, K219E",1.8,"['M41L', 'E44D', 'D67N', 'L210W', 'K219E']",0,"['M41L', 'E44D', 'D67N', 'L210W', 'K219E']"
591844,"M41L, L74LI, M184V, T215Y",1.6,"['M41L', 'L74LI', 'M184V', 'T215Y']",0,"['M41L', 'L74LI', 'M184V', 'T215Y']"
591774,,0.4,[],0,[]
591386,"M41L, D67N, K70KR, V75T, L210W, T215Y, K219E",8.6,"['M41L', 'D67N', 'K70KR', 'V75T', 'L210W', 'T215Y', 'K219E']",1,"['M41L', 'D67N', 'K70KR', 'V75T', 'L210W', 'T215Y', 'K219E']"
592232,S68SG,0.9,['S68SG'],0,['S68SG']
591366,"M41L, L210W, T215S",0.9,"['M41L', 'L210W', 'T215S']",0,"['M41L', 'L210W']"
592030,,1.4,[],0,[]
591516,M184MV,0.6,['M184MV'],0,['M184MV']
592144,"M41L, E44D, L74V, L210LW",1.6,"['M41L', 'E44D', 'L74V', 'L210LW']",0,"['M41L', 'E44D', 'L74V', 'L210LW']"
592318,M184V,0.3,['M184V'],0,['M184V']
591526,,1.0,[],0,[]
591618,"M41L, T69D, M184V, L210W, T215Y, K219KR",78.0,"['M41L', 'T69D', 'M184V', 'L210W', 'T215Y', 'K219KR']",1,"['M41L', 'T69D', 'M184V', 'L210W', 'T215Y', 'K219KR']"
591920,,0.9,[],0,[]
591894,"M41L, D67N, L74V, V75T, Y115F, M184V, K219KQ",0.3,"['M41L', 'D67N', 'L74V', 'V75T', 'Y115F', 'M184V', 'K219KQ']",0,"['M41L', 'D67N', 'L74V', 'V75T', 'Y115F', 'M184V']"
591518,,0.9,[],0,[]
591396,S68G,1.1,['S68G'],0,['S68G']
591834,,0.6,[],0,[]
591664,M41ML,1.4,['M41ML'],0,['M41ML']
591630,"M41L, D67DN, V75VA, M184V, L210W, T215Y",8.4,"['M41L', 'D67DN', 'V75VA', 'M184V', 'L210W', 'T215Y']",1,"['M41L', 'D67DN', 'M184V', 'L210W', 'T215Y']"
591794,"M41L, E44A, V75M, M184V, L210W, T215Y, K219N",26.0,"['M41L', 'E44A', 'V75M', 'M184V', 'L210W', 'T215Y', 'K219N']",1,"['M41L', 'E44A', 'V75M', 'M184V', 'L210W', 'T215Y', 'K219N']"
591766,"D67DN, M184V, T215L, K219Q",0.5,"['D67DN', 'M184V', 'T215L', 'K219Q']",0,"['D67DN', 'M184V', 'K219Q']"
591902,"M41L, T215Y",12.0,"['M41L', 'T215Y']",1,"['M41L', 'T215Y']"
591680,"M41L, L74LI, M184V, L210LW, T215Y",3.3,"['M41L', 'L74LI', 'M184V', 'L210LW', 'T215Y']",1,"['M41L', 'L74LI', 'M184V', 'L210LW', 'T215Y']"
591408,K70KR,1.6,['K70KR'],0,['K70KR']
591482,"M41L, D67E, S68G, V75M, M184V, L210W, T215C",2.9,"['M41L', 'D67E', 'S68G', 'V75M', 'M184V', 'L210W', 'T215C']",1,"['M41L', 'S68G', 'V75M', 'M184V', 'L210W']"
592000,"M41L, D67N, K70KR, T215F, K219Q",46.0,"['M41L', 'D67N', 'K70KR', 'T215F', 'K219Q']",1,"['M41L', 'D67N', 'K70KR', 'T215F', 'K219Q']"
591676,,0.7,[],0,[]
592368,"K70E, M184V",0.2,"['K70E', 'M184V']",0,['M184V']
591816,,1.2,[],0,[]
591906,"M41L, M184V, T215Y",3.2,"['M41L', 'M184V', 'T215Y']",1,"['M41L', 'M184V', 'T215Y']"
591814,,1.0,[],0,[]
592098,"D67N, K70R, L74LI, Y115YF, M184MV, K219HQ",2.4,"['D67N', 'K70R', 'L74LI', 'Y115YF', 'M184MV', 'K219HQ']",1,"['D67N', 'K70R', 'L74LI', 'M184MV']"
591984,,0.8,[],0,[]
591750,M184V,0.6,['M184V'],0,['M184V']
592406,"M41L, M184V, L210W, T215Y, K219KN",8.9,"['M41L', 'M184V', 'L210W', 'T215Y', 'K219KN']",1,"['M41L', 'M184V', 'L210W', 'T215Y', 'K219KN']"
592152,,0.7,[],0,[]
591788,"M41L, E44D, A62AV, D67N, K70R, V75I, M184V, L210W, T215F, K219EQ",65.0,"['M41L', 'E44D', 'A62AV', 'D67N', 'K70R', 'V75I', 'M184V', 'L210W', 'T215F', 'K219EQ']",1,"['M41L', 'E44D', 'A62AV', 'D67N', 'K70R', 'V75I', 'M184V', 'L210W', 'T215F']"
591998,"M41L, E44D, D67N, T69D, L210W, T215CSY, K219KR",12.0,"['M41L', 'E44D', 'D67N', 'T69D', 'L210W', 'T215CSY', 'K219KR']",1,"['M41L', 'E44D', 'D67N', 'T69D', 'L210W', 'K219KR']"
592180,"K70R, M184V, T215F, K219E",11.0,"['K70R', 'M184V', 'T215F', 'K219E']",1,"['K70R', 'M184V', 'T215F', 'K219E']"
592214,,0.7,[],0,[]
592206,"M41MIL, T215L",0.9,"['M41MIL', 'T215L']",0,[]
592112,K219N,0.6,['K219N'],0,['K219N']
591862,"M41L, L74LV",5.1,"['M41L', 'L74LV']",1,"['M41L', 'L74LV']"
591876,K219KQ,1.5,['K219KQ'],0,[]
591540,"M41L, E44D, D67GS, T69DE, L210W, T215Y, K219R",200.0,"['M41L', 'E44D', 'D67GS', 'T69DE', 'L210W', 'T215Y', 'K219R']",1,"['M41L', 'E44D', 'L210W', 'T215Y', 'K219R']"
591708,"D67N, K70R, T215F, K219Q",419.0,"['D67N', 'K70R', 'T215F', 'K219Q']",1,"['D67N', 'K70R', 'T215F', 'K219Q']"
591940,"M41L, E44ED, T69D, V75M, M184V, L210W, T215Y, K219R",6.6,"['M41L', 'E44ED', 'T69D', 'V75M', 'M184V', 'L210W', 'T215Y', 'K219R']",1,"['M41L', 'E44ED', 'T69D', 'V75M', 'M184V', 'L210W', 'T215Y', 'K219R']"
592076,"M41L, S68G, M184V, T215Y",4.6,"['M41L', 'S68G', 'M184V', 'T215Y']",1,"['M41L', 'S68G', 'M184V', 'T215Y']"
591562,"M41L, D67N, M184V, L210W, T215Y, K219KN",144.0,"['M41L', 'D67N', 'M184V', 'L210W', 'T215Y', 'K219KN']",1,"['M41L', 'D67N', 'M184V', 'L210W', 'T215Y', 'K219KN']"
591954,"D67G, K70R, L74V, Y115F, M184V, K219Q",0.7,"['D67G', 'K70R', 'L74V', 'Y115F', 'M184V', 'K219Q']",0,"['D67G', 'K70R', 'L74V', 'Y115F', 'M184V', 'K219Q']"
592384,"D67H, K70R, L74I, M184V, T215I, K219E",2.3,"['D67H', 'K70R', 'L74I', 'M184V', 'T215I', 'K219E']",1,"['K70R', 'L74I', 'M184V', 'K219E']"
591444,"M41L, D67N, T215Y",165.0,"['M41L', 'D67N', 'T215Y']",1,"['M41L', 'D67N', 'T215Y']"
592428,,0.4,[],0,[]
592192,"D67G, S68G, K70R, V75M, M184V, K219Q",11.0,"['D67G', 'S68G', 'K70R', 'V75M', 'M184V', 'K219Q']",1,"['D67G', 'S68G', 'K70R', 'V75M', 'M184V', 'K219Q']"
591854,,0.3,[],0,[]
592054,"M41L, E44ED, D67N, T69D, K70R, M184V, T215FY, K219Q",2.6,"['M41L', 'E44ED', 'D67N', 'T69D', 'K70R', 'M184V', 'T215FY', 'K219Q']",1,"['M41L', 'E44ED', 'D67N', 'T69D', 'K70R', 'M184V', 'K219Q']"
591960,"M41L, D67N, S68G, L74V, M184V, L210W, T215Y, K219N",4.5,"['M41L', 'D67N', 'S68G', 'L74V', 'M184V', 'L210W', 'T215Y', 'K219N']",1,"['M41L', 'D67N', 'S68G', 'L74V', 'M184V', 'L210W', 'T215Y', 'K219N']"
591648,"M41ML, M184V, T215Y",1.8,"['M41ML', 'M184V', 'T215Y']",0,"['M41ML', 'M184V', 'T215Y']"
592210,"L74V, Y115F, M184V, T215Y",0.4,"['L74V', 'Y115F', 'M184V', 'T215Y']",0,"['L74V', 'Y115F', 'M184V', 'T215Y']"
591528,,0.4,[],0,[]
592046,"M41L, L74V, L210W, T215Y",3.0,"['M41L', 'L74V', 'L210W', 'T215Y']",1,"['M41L', 'L74V', 'L210W', 'T215Y']"
592266,"D67N, K70KN, T215Y, K219KR",10.0,"['D67N', 'K70KN', 'T215Y', 'K219KR']",1,"['D67N', 'T215Y', 'K219KR']"
591550,"K70KR, M184V",0.7,"['K70KR', 'M184V']",0,"['K70KR', 'M184V']"
592026,"M41L, D67N, M184V, L210W, T215Y",10.0,"['M41L', 'D67N', 'M184V', 'L210W', 'T215Y']",1,"['M41L', 'D67N', 'M184V', 'L210W', 'T215Y']"
592230,"M184V, K219E",0.2,"['M184V', 'K219E']",0,"['M184V', 'K219E']"
591898,"M184V, T215E",0.2,"['M184V', 'T215E']",0,['M184V']
591798,"M41L, L74I, L210W, T215Y",123.0,"['M41L', 'L74I', 'L210W', 'T215Y']",1,"['M41L', 'L74I', 'L210W', 'T215Y']"
592322,"M41L, S68G, L74I, M184V, L210W, T215Y, K219N",1.8,"['M41L', 'S68G', 'L74I', 'M184V', 'L210W', 'T215Y', 'K219N']",0,"['M41L', 'S68G', 'L74I', 'M184V', 'L210W', 'T215Y', 'K219N']"
592136,"M41L, E44EA, D67G, S68G, L74LI, M184V, L210W, T215Y",200.0,"['M41L', 'E44EA', 'D67G', 'S68G', 'L74LI', 'M184V', 'L210W', 'T215Y']",1,"['M41L', 'D67G', 'S68G', 'L74LI', 'M184V', 'L210W', 'T215Y']"
591804,"M41L, L74I, M184V, T215Y",3.3,"['M41L', 'L74I', 'M184V', 'T215Y']",1,"['M41L', 'L74I', 'M184V', 'T215Y']"
592438,"M41L, D67N, T69D, L74V, M184V, T215F, K219Q",1.6,"['M41L', 'D67N', 'T69D', 'L74V', 'M184V', 'T215F', 'K219Q']",0,"['M41L', 'D67N', 'T69D', 'L74V', 'M184V', 'T215F', 'K219Q']"
591590,,0.5,[],0,[]
592370,"M41L, M184V, L210W, T215Y",13.0,"['M41L', 'M184V', 'L210W', 'T215Y']",1,"['M41L', 'M184V', 'L210W', 'T215Y']"
592042,"M41L, E44D, D67N, K70R, M184V, L210W, T215Y, K219E",82.0,"['M41L', 'E44D', 'D67N', 'K70R', 'M184V', 'L210W', 'T215Y', 'K219E']",1,"['M41L', 'E44D', 'D67N', 'K70R', 'M184V', 'L210W', 'T215Y', 'K219E']"
592356,"M41L, D67N, T69D, V75M, T215S, K219Q",0.8,"['M41L', 'D67N', 'T69D', 'V75M', 'T215S', 'K219Q']",0,"['M41L', 'D67N', 'T69D', 'V75M', 'K219Q']"
591668,"D67N, K70R, M184V, L210W, T215E, K219Q",21.0,"['D67N', 'K70R', 'M184V', 'L210W', 'T215E', 'K219Q']",1,"['D67N', 'K70R', 'M184V', 'L210W', 'K219Q']"
592066,,0.7,[],0,[]
592094,"M41L, M184V, T215Y",1.1,"['M41L', 'M184V', 'T215Y']",0,"['M41L', 'M184V', 'T215Y']"
591938,"M41L, L74V, M184V, L210W, T215Y",35.0,"['M41L', 'L74V', 'M184V', 'L210W', 'T215Y']",1,"['M41L', 'L74V', 'M184V', 'L210W', 'T215Y']"
591452,"M41L, D67N, K70KR, L74LV, M184V, T215F, K219Q",6.0,"['M41L', 'D67N', 'K70KR', 'L74LV', 'M184V', 'T215F', 'K219Q']",1,"['M41L', 'D67N', 'K70KR', 'L74LV', 'M184V', 'T215F', 'K219Q']"
592120,"D67N, T69D, T215C, K219Q",0.8,"['D67N', 'T69D', 'T215C', 'K219Q']",0,"['D67N', 'T69D', 'K219Q']"
592058,"V75M, F77L, M184V, T215Y",5.1,"['V75M', 'F77L', 'M184V', 'T215Y']",1,"['V75M', 'F77L', 'M184V', 'T215Y']"
591790,"S68G, V75I, F77L, F116Y, Q151M",54.0,"['S68G', 'V75I', 'F77L', 'F116Y', 'Q151M']",1,"['S68G', 'V75I', 'F77L', 'F116Y', 'Q151M']"
592148,T215F,1.9,['T215F'],1,['T215F']
592168,"A62V, D67N, K70R, V75I, F77L, Y115F, F116Y, Q151M, M184V, T215I, K219E",802.0,"['A62V', 'D67N', 'K70R', 'V75I', 'F77L', 'Y115F', 'F116Y', 'Q151M', 'M184V', 'T215I', 'K219E']",1,"['A62V', 'D67N', 'K70R', 'V75I', 'F77L', 'Y115F', 'F116Y', 'Q151M', 'M184V', 'K219E']"
591718,"L74LV, Y115YF, M184MV",0.4,"['L74LV', 'Y115YF', 'M184MV']",0,"['L74LV', 'M184MV']"
591950,"M41L, E44D, A62V, L74LV, M184V, L210W, T215Y",8.4,"['M41L', 'E44D', 'A62V', 'L74LV', 'M184V', 'L210W', 'T215Y']",1,"['M41L', 'E44D', 'A62V', 'L74LV', 'M184V', 'L210W', 'T215Y']"
591422,,0.5,[],0,[]
591980,,0.7,[],0,[]
591944,"M41L, E44D, D67N, T69D, L210W, T215D",0.4,"['M41L', 'E44D', 'D67N', 'T69D', 'L210W', 'T215D']",0,"['M41L', 'E44D', 'D67N', 'T69D', 'L210W', 'T215D']"
591438,,0.8,[],0,[]
592188,"A62V, S68G, K70T, V75I, F116Y, Q151M, M184V",42.0,"['A62V', 'S68G', 'K70T', 'V75I', 'F116Y', 'Q151M', 'M184V']",1,"['A62V', 'S68G', 'V75I', 'F116Y', 'Q151M', 'M184V']"
592340,,1.1,[],0,[]
591714,,0.7,[],0,[]
591928,"M41L, E44D, T69D, M184V, L210W, T215Y, K219R",6.9,"['M41L', 'E44D', 'T69D', 'M184V', 'L210W', 'T215Y', 'K219R']",1,"['M41L', 'E44D', 'T69D', 'M184V', 'L210W', 'T215Y', 'K219R']"
591874,"M41L, E44D, D67N, M184V, L210W, T215Y, K219N",344.0,"['M41L', 'E44D', 'D67N', 'M184V', 'L210W', 'T215Y', 'K219N']",1,"['M41L', 'E44D', 'D67N', 'M184V', 'L210W', 'T215Y', 'K219N']"
592422,"M41L, D67N, F77L, M184V, L210W, T215Y, K219N",4.8,"['M41L', 'D67N', 'F77L', 'M184V', 'L210W', 'T215Y', 'K219N']",1,"['M41L', 'D67N', 'F77L', 'M184V', 'L210W', 'T215Y', 'K219N']"
591972,M184V,0.3,['M184V'],0,['M184V']
591382,"M41L, D67N, T69D, K70R, M184V, T215F, K219Q",34.0,"['M41L', 'D67N', 'T69D', 'K70R', 'M184V', 'T215F', 'K219Q']",1,"['M41L', 'D67N', 'T69D', 'K70R', 'M184V', 'T215F', 'K219Q']"
591670,,0.9,[],0,[]
591808,"M41L, D67N, S68SG, K70KR, M184V, L210W, T215Y, K219E",11.0,"['M41L', 'D67N', 'S68SG', 'K70KR', 'M184V', 'L210W', 'T215Y', 'K219E']",1,"['M41L', 'D67N', 'S68SG', 'K70KR', 'M184V', 'L210W', 'T215Y', 'K219E']"
591658,"D67G, S68G, K70R, T215I, K219E",34.0,"['D67G', 'S68G', 'K70R', 'T215I', 'K219E']",1,"['D67G', 'S68G', 'K70R', 'K219E']"
591532,"M41L, D67N, T69D, V75I, M184V, L210W, T215Y",32.0,"['M41L', 'D67N', 'T69D', 'V75I', 'M184V', 'L210W', 'T215Y']",1,"['M41L', 'D67N', 'T69D', 'V75I', 'M184V', 'L210W', 'T215Y']"
592256,"T69D, K70R",2.3,"['T69D', 'K70R']",1,"['T69D', 'K70R']"
743974,M184V,0.5,['M184V'],0,['M184V']
692618,,1.7,[],0,[]
692622,,1.5,[],0,[]
692619,,0.3,[],0,[]
743968,M184V,0.1,['M184V'],0,['M184V']
743969,M184V,0.1,['M184V'],0,['M184V']
692621,,0.8,[],0,[]
743971,,0.2,[],0,[]
692616,,0.3,[],0,[]
743973,"K65R, M184V",0.1,"['K65R', 'M184V']",0,"['K65R', 'M184V']"
743972,M184V,0.2,['M184V'],0,['M184V']
743970,K65R,1.0,['K65R'],0,['K65R']
692620,,1.4,[],0,[]
692617,,1.9,[],1,[]
63812,"M41L, E44D, D67N, T69D, L74V, M184V, L210W, T215Y, K219KN",8.9,"['M41L', 'E44D', 'D67N', 'T69D', 'L74V', 'M184V', 'L210W', 'T215Y', 'K219KN']",1,"['M41L', 'E44D', 'D67N', 'T69D', 'L74V', 'M184V', 'L210W', 'T215Y', 'K219KN']"
48168,,0.6,[],0,[]
38097,"M41L, L74V, L210W, T215Y",0.4,"['M41L', 'L74V', 'L210W', 'T215Y']",0,"['M41L', 'L74V', 'L210W', 'T215Y']"
41335,"M41ML, D67N, K70R, M184V, L210LW, T215F, K219EG",27.0,"['M41ML', 'D67N', 'K70R', 'M184V', 'L210LW', 'T215F', 'K219EG']",1,"['M41ML', 'D67N', 'K70R', 'M184V', 'L210LW', 'T215F']"
37679,"D67N, M184V, T215C, K219E",0.5,"['D67N', 'M184V', 'T215C', 'K219E']",0,"['D67N', 'M184V', 'K219E']"
35054,"K70R, T215TA",27.0,"['K70R', 'T215TA']",1,['K70R']
41303,"M41L, D67N, K70R, V75VIM, L210W, T215Y, K219E",190.0,"['M41L', 'D67N', 'K70R', 'V75VIM', 'L210W', 'T215Y', 'K219E']",1,"['M41L', 'D67N', 'K70R', 'L210W', 'T215Y', 'K219E']"
42612,"M41L, E44D, D67N, K70R, L74V, L210W, T215Y, K219Q",934.0,"['M41L', 'E44D', 'D67N', 'K70R', 'L74V', 'L210W', 'T215Y', 'K219Q']",1,"['M41L', 'E44D', 'D67N', 'K70R', 'L74V', 'L210W', 'T215Y', 'K219Q']"
42626,"M41L, V75M, F77L, M184V, T215FY",3.4,"['M41L', 'V75M', 'F77L', 'M184V', 'T215FY']",1,"['M41L', 'V75M', 'F77L', 'M184V']"
37865,"M41L, E44A, T69D, L74V, M184V, L210W, T215Y, K219R",272.0,"['M41L', 'E44A', 'T69D', 'L74V', 'M184V', 'L210W', 'T215Y', 'K219R']",1,"['M41L', 'E44A', 'T69D', 'L74V', 'M184V', 'L210W', 'T215Y', 'K219R']"
42734,"M41L, E44A, T69D, M184MV, L210W, T215Y, K219R",500.0,"['M41L', 'E44A', 'T69D', 'M184MV', 'L210W', 'T215Y', 'K219R']",1,"['M41L', 'E44A', 'T69D', 'M184MV', 'L210W', 'T215Y', 'K219R']"
63964,"M41L, E44A, D67N, T69D, V75M, M184V, L210W, T215F",657.0,"['M41L', 'E44A', 'D67N', 'T69D', 'V75M', 'M184V', 'L210W', 'T215F']",1,"['M41L', 'E44A', 'D67N', 'T69D', 'V75M', 'M184V', 'L210W', 'T215F']"
48124,"M41L, E44D, D67N, T69AD, M184MV, L210W, T215Y, K219KR",500.0,"['M41L', 'E44D', 'D67N', 'T69AD', 'M184MV', 'L210W', 'T215Y', 'K219KR']",1,"['M41L', 'E44D', 'D67N', 'M184MV', 'L210W', 'T215Y', 'K219KR']"
