IsolateID,NRTIDRMs,D4T_FoldChange,Mutation_List,resistance,MutationListFiltered
9918,M184V,1.0,['M184V'],0,[]
3832,"M41L, L74LV, M184V, L210W, T215Y",1.9,"['M41L', 'L74LV', 'M184V', 'L210W', 'T215Y']",1,[]
10464,"M41L, E44A, D67N, T69D, M184V, L210W, T215Y",6.4,"['M41L', 'E44A', 'D67N', 'T69D', 'M184V', 'L210W', 'T215Y']",1,[]
9928,"M41L, M184V, T215Y",1.6,"['M41L', 'M184V', 'T215Y']",0,[]
4372,"D67N, K70G, M184V, T215F, K219Q",1.3,"['D67N', 'K70G', 'M184V', 'T215F', 'K219Q']",0,[]
4391,"D67N, K70R, M184V, K219Q",1.3,"['D67N', 'K70R', 'M184V', 'K219Q']",0,[]
9912,"E40F, M41L, D67N, V75M, M184V, L210W, T215Y, K219Q",11.0,"['E40F', 'M41L', 'D67N', 'V75M', 'M184V', 'L210W', 'T215Y', 'K219Q']",1,[]
9945,"M41L, D67N, T69D, K70R, V75M, M184V, T215F, K219W",10.0,"['M41L', 'D67N', 'T69D', 'K70R', 'V75M', 'M184V', 'T215F', 'K219W']",1,[]
9916,"D67N, K70R, M184V, K219Q",2.3,"['D67N', 'K70R', 'M184V', 'K219Q']",1,[]
9944,"M41L, M184V, L210W, T215Y",1.7,"['M41L', 'M184V', 'L210W', 'T215Y']",1,[]
3871,"M41L, L74V, M184V, L210W, T215Y",1.8,"['M41L', 'L74V', 'M184V', 'L210W', 'T215Y']",1,[]
10474,"M41L, M184V, T215Y",1.7,"['M41L', 'M184V', 'T215Y']",1,[]
9919,"A62V, S68G, K70G, V75I, F77L, Y115F, F116Y, Q151M, M184V",11.0,"['A62V', 'S68G', 'K70G', 'V75I', 'F77L', 'Y115F', 'F116Y', 'Q151M', 'M184V']",1,[]
2633,"M41L, M184V, L210W, T215Y",1.4,"['M41L', 'M184V', 'L210W', 'T215Y']",0,[]
9435,"M41L, E44D, D67N, T69D, M184V, L210W, T215Y",3.3,"['M41L', 'E44D', 'D67N', 'T69D', 'M184V', 'L210W', 'T215Y']",1,[]
10470,"M41L, E44D, D67N, K70R, L74I, L210W, K219E",3.2,"['M41L', 'E44D', 'D67N', 'K70R', 'L74I', 'L210W', 'K219E']",1,[]
10499,"M41L, D67N, K70R, T215Y, K219Q",3.0,"['M41L', 'D67N', 'K70R', 'T215Y', 'K219Q']",1,[]
9949,M184V,0.8,['M184V'],0,[]
10465,"M41L, E44D, M184V, L210W, T215Y",1.7,"['M41L', 'E44D', 'M184V', 'L210W', 'T215Y']",1,[]
9915,"M41L, E44D, D67N, M184V, L210W, T215Y, K219N",3.9,"['M41L', 'E44D', 'D67N', 'M184V', 'L210W', 'T215Y', 'K219N']",1,[]
11265,M184V,1.0,['M184V'],0,[]
11259,M184V,1.0,['M184V'],0,[]
11267,"M41L, M184V, L210W, T215Y",2.7,"['M41L', 'M184V', 'L210W', 'T215Y']",1,[]
15465,"M41L, D67N, M184V, L210W, T215Y, K219Q",2.1,"['M41L', 'D67N', 'M184V', 'L210W', 'T215Y', 'K219Q']",1,[]
15058,"M41L, A62V, T69S_SA, L210W, T215Y",13.0,"['M41L', 'A62V', 'T69S_SA', 'L210W', 'T215Y']",1,[]
15052,M184I,0.8,['M184I'],0,[]
15479,"M41L, L210W, T215F",2.0,"['M41L', 'L210W', 'T215F']",1,[]
15049,"M41L, T215Y",1.5,"['M41L', 'T215Y']",0,[]
15059,Q151M,2.9,['Q151M'],1,[]
15060,"A62V, V75I, F77L, F116Y, Q151M, M184V",12.0,"['A62V', 'V75I', 'F77L', 'F116Y', 'Q151M', 'M184V']",1,[]
15467,"D67N, T69D, K70R, M184V, K219Q",1.5,"['D67N', 'T69D', 'K70R', 'M184V', 'K219Q']",0,[]
15053,"M41L, D67N, K70R, M184V, T215Y, K219Q",1.4,"['M41L', 'D67N', 'K70R', 'M184V', 'T215Y', 'K219Q']",0,[]
15050,"M41L, D67N, K70R, T215Y, K219Q",1.9,"['M41L', 'D67N', 'K70R', 'T215Y', 'K219Q']",1,[]
15051,M184V,0.8,['M184V'],0,[]
15463,"M41L, D67N, K70R, M184V, L210W, T215Y",1.6,"['M41L', 'D67N', 'K70R', 'M184V', 'L210W', 'T215Y']",0,[]
15475,"M41L, L74V, M184V, T215Y",1.1,"['M41L', 'L74V', 'M184V', 'T215Y']",0,[]
15056,L74V,0.9,['L74V'],0,[]
15054,"M41L, D67N, K70R, T215Y, K219Q",1.4,"['M41L', 'D67N', 'K70R', 'T215Y', 'K219Q']",0,[]
15473,"D67N, K219Q",0.7,"['D67N', 'K219Q']",0,[]
15469,,0.8,[],0,[]
15057,V75T,1.9,['V75T'],1,[]
15055,K65R,1.7,['K65R'],1,[]
15477,"M41L, D67N, M184V, L210W, T215Y",2.8,"['M41L', 'D67N', 'M184V', 'L210W', 'T215Y']",1,[]
82898,"M41L, A62V, T69S_SA, T215Y",8.0,"['M41L', 'A62V', 'T69S_SA', 'T215Y']",1,[]
19034,"M41L, M184V, T215Y",1.3,"['M41L', 'M184V', 'T215Y']",0,[]
19035,"Q151M, M184V",2.4,"['Q151M', 'M184V']",1,[]
19772,"M41L, L74V, M184V, T215Y",1.3,"['M41L', 'L74V', 'M184V', 'T215Y']",0,[]
19750,"M41L, S68G, M184V, L210W, T215Y",1.7,"['M41L', 'S68G', 'M184V', 'L210W', 'T215Y']",1,[]
19760,M184V,0.7,['M184V'],0,[]
19784,"D67N, T69D, K70R, T215F, K219Q",4.3,"['D67N', 'T69D', 'K70R', 'T215F', 'K219Q']",1,[]
19806,"M41L, S68G, M184V, L210W, T215Y",2.4,"['M41L', 'S68G', 'M184V', 'L210W', 'T215Y']",1,[]
19744,"M41L, A62AV, L74I, M184V, L210W, T215Y",1.9,"['M41L', 'A62AV', 'L74I', 'M184V', 'L210W', 'T215Y']",1,[]
19810,M184V,0.6,['M184V'],0,[]
19726,M184V,0.8,['M184V'],0,[]
19770,"M41L, M184V, T215Y",1.6,"['M41L', 'M184V', 'T215Y']",0,[]
19764,"D67N, K70R, M184V, K219Q",1.2,"['D67N', 'K70R', 'M184V', 'K219Q']",0,[]
19820,"L74V, M184V",1.0,"['L74V', 'M184V']",0,[]
19780,"D67N, T69D, K70R, M184V, T215F, K219Q",3.4,"['D67N', 'T69D', 'K70R', 'M184V', 'T215F', 'K219Q']",1,[]
19804,"M41L, S68G, M184V, L210W, T215Y",2.1,"['M41L', 'S68G', 'M184V', 'L210W', 'T215Y']",1,[]
19730,"M184V, T215Y",1.1,"['M184V', 'T215Y']",0,[]
19812,M184V,0.9,['M184V'],0,[]
19758,K70R,1.3,['K70R'],0,[]
19786,"M41L, M184V, T215Y",1.3,"['M41L', 'M184V', 'T215Y']",0,[]
10626,"D67N, T69D, K70R, T215F, K219Q",1.6,"['D67N', 'T69D', 'K70R', 'T215F', 'K219Q']",0,[]
15983,"M41L, D67N, M184V, L210W, T215Y",2.2,"['M41L', 'D67N', 'M184V', 'L210W', 'T215Y']",1,[]
11732,"M41L, L74V, L210W, T215Y",2.6,"['M41L', 'L74V', 'L210W', 'T215Y']",1,[]
35533,K70R,1.1,['K70R'],0,[]
11961,"D67N, K70R, M184V, T215V, K219Q",1.5,"['D67N', 'K70R', 'M184V', 'T215V', 'K219Q']",0,[]
11193,"E40F, M41L, D67N, L210W, T215Y, K219N",6.4,"['E40F', 'M41L', 'D67N', 'L210W', 'T215Y', 'K219N']",1,[]
35545,"M41L, M184V, L210W, T215Y",1.3,"['M41L', 'M184V', 'L210W', 'T215Y']",0,[]
24202,"M41L, T69S_SS, L210W, T215Y",11.0,"['M41L', 'T69S_SS', 'L210W', 'T215Y']",1,[]
13897,"M41L, A62V, V75T, M184V, T215Y",1.6,"['M41L', 'A62V', 'V75T', 'M184V', 'T215Y']",0,[]
4364,"S68G, F116Y, Q151M",5.4,"['S68G', 'F116Y', 'Q151M']",1,[]
10967,"A62V, L74V, V75T",1.0,"['A62V', 'L74V', 'V75T']",0,[]
16903,"M41L, D67N, T215Y",2.4,"['M41L', 'D67N', 'T215Y']",1,[]
35535,"S68G, V75I, F77L, Y115F, F116Y, Q151M, M184V",11.0,"['S68G', 'V75I', 'F77L', 'Y115F', 'F116Y', 'Q151M', 'M184V']",1,[]
35549,"M41L, E44D, D67N, V75M, M184V, L210W, T215Y, K219N",5.3,"['M41L', 'E44D', 'D67N', 'V75M', 'M184V', 'L210W', 'T215Y', 'K219N']",1,[]
22661,"E40F, M41L, D67N, T69D, M184V, L210W, T215Y",8.8,"['E40F', 'M41L', 'D67N', 'T69D', 'M184V', 'L210W', 'T215Y']",1,[]
22813,"M41L, D67N, K70R, M184V, T215F, K219E",2.7,"['M41L', 'D67N', 'K70R', 'M184V', 'T215F', 'K219E']",1,[]
22841,"D67N, K70R, K219Q",1.6,"['D67N', 'K70R', 'K219Q']",0,[]
22701,"K65R, S68G",1.6,"['K65R', 'S68G']",0,[]
22711,,1.1,[],0,[]
22817,"M41L, E44D, D67N, V75VA, M184V, L210W, T215Y",3.0,"['M41L', 'E44D', 'D67N', 'V75VA', 'M184V', 'L210W', 'T215Y']",1,[]
22739,"K70KR, M184V",0.8,"['K70KR', 'M184V']",0,[]
22707,"D67N, T69ND, K70R, M184V, T215F, K219Q",1.7,"['D67N', 'T69ND', 'K70R', 'M184V', 'T215F', 'K219Q']",1,[]
22837,"M41L, L210W, T215Y",2.6,"['M41L', 'L210W', 'T215Y']",1,[]
22759,"M41L, D67N, T69D, M184V, T215Y",2.1,"['M41L', 'D67N', 'T69D', 'M184V', 'T215Y']",1,[]
22881,"M41L, D67N, L74I, M184V, L210W, T215Y, K219Q",3.2,"['M41L', 'D67N', 'L74I', 'M184V', 'L210W', 'T215Y', 'K219Q']",1,[]
22827,,0.8,[],0,[]
22879,"M41L, M184V, T215F",1.6,"['M41L', 'M184V', 'T215F']",0,[]
22695,"M41L, E44D, D67N, T69D, M184V, L210W, T215Y",3.3,"['M41L', 'E44D', 'D67N', 'T69D', 'M184V', 'L210W', 'T215Y']",1,[]
22741,"M184V, T215Y",1.7,"['M184V', 'T215Y']",1,[]
22761,"M41L, E44ED, S68G, M184V, L210W, T215Y",1.9,"['M41L', 'E44ED', 'S68G', 'M184V', 'L210W', 'T215Y']",1,[]
22673,"M41L, E44D, T69D, M184V, L210W, T215Y, K219R",4.9,"['M41L', 'E44D', 'T69D', 'M184V', 'L210W', 'T215Y', 'K219R']",1,[]
22683,"M41L, E44D, D67N, V75M, L210W, T215Y",4.3,"['M41L', 'E44D', 'D67N', 'V75M', 'L210W', 'T215Y']",1,[]
22727,"M41L, A62AV, M184V, T215Y",1.4,"['M41L', 'A62AV', 'M184V', 'T215Y']",0,[]
22745,"M41L, D67N, T215Y",2.2,"['M41L', 'D67N', 'T215Y']",1,[]
22753,"M41L, D67N, K70R, T215F, K219E",2.3,"['M41L', 'D67N', 'K70R', 'T215F', 'K219E']",1,[]
22853,"M41L, E44D, D67N, T69D, M184V, L210W, T215Y",3.9,"['M41L', 'E44D', 'D67N', 'T69D', 'M184V', 'L210W', 'T215Y']",1,[]
22807,"M41L, E44ED, D67N, K70R, M184V, L210W, T215Y, K219E",2.4,"['M41L', 'E44ED', 'D67N', 'K70R', 'M184V', 'L210W', 'T215Y', 'K219E']",1,[]
22797,"M41ML, D67N, K70R, T215Y",1.9,"['M41ML', 'D67N', 'K70R', 'T215Y']",1,[]
22719,"M41L, D67N, M184V, L210W, T215Y, K219KE",3.1,"['M41L', 'D67N', 'M184V', 'L210W', 'T215Y', 'K219KE']",1,[]
22799,"M41L, D67N, K70R, M184V, T215F, K219Q",1.8,"['M41L', 'D67N', 'K70R', 'M184V', 'T215F', 'K219Q']",1,[]
22721,"M41L, E44D, D67N, V75M, L210W, T215Y",5.1,"['M41L', 'E44D', 'D67N', 'V75M', 'L210W', 'T215Y']",1,[]
22863,"D67N, K70G, M184V, T215F, K219Q",1.4,"['D67N', 'K70G', 'M184V', 'T215F', 'K219Q']",0,[]
22709,,1.0,[],0,[]
22839,"M41L, E44EA, M184V, L210W, T215Y",2.2,"['M41L', 'E44EA', 'M184V', 'L210W', 'T215Y']",1,[]
22667,"M41L, A62AV, K70KT, V75I, M184V",0.9,"['M41L', 'A62AV', 'K70KT', 'V75I', 'M184V']",0,[]
22819,M184V,0.9,['M184V'],0,[]
22861,M184V,0.9,['M184V'],0,[]
22675,"D67N, K70R, T215I, K219Q",1.7,"['D67N', 'K70R', 'T215I', 'K219Q']",1,[]
22835,"M41L, E44D, D67N, L210W, T215Y",3.6,"['M41L', 'E44D', 'D67N', 'L210W', 'T215Y']",1,[]
22717,M184V,0.8,['M184V'],0,[]
22735,"M41L, E44D, S68SG, L210W, T215Y",3.0,"['M41L', 'E44D', 'S68SG', 'L210W', 'T215Y']",1,[]
22805,"M41L, T215Y, K219KQ",2.0,"['M41L', 'T215Y', 'K219KQ']",1,[]
22725,"D67N, K70R, M184V",1.1,"['D67N', 'K70R', 'M184V']",0,[]
22825,"M41L, D67N, M184V, T215Y",1.8,"['M41L', 'D67N', 'M184V', 'T215Y']",1,[]
22779,"M41L, D67DN, K70R, M184V, T215Y",1.7,"['M41L', 'D67DN', 'K70R', 'M184V', 'T215Y']",1,[]
22775,"M41L, M184V, T215Y",1.9,"['M41L', 'M184V', 'T215Y']",1,[]
22831,"D67N, K70G, F116Y, Q151M, L210LW, T215Y",8.8,"['D67N', 'K70G', 'F116Y', 'Q151M', 'L210LW', 'T215Y']",1,[]
23199,"D67N, K70R, T215Y, K219Q",1.7,"['D67N', 'K70R', 'T215Y', 'K219Q']",1,[]
26679,,0.8,[],0,[]
26707,,1.2,[],0,[]
26699,,0.9,[],0,[]
26697,,1.0,[],0,[]
26703,,0.7,[],0,[]
26711,"A62V, L210W, T215D",1.3,"['A62V', 'L210W', 'T215D']",0,[]
26639,L210W,1.2,['L210W'],0,[]
26659,,1.2,[],0,[]
26645,,1.0,[],0,[]
26675,K70R,1.0,['K70R'],0,[]
26689,,1.4,[],0,[]
26691,M184V,0.7,['M184V'],0,[]
26665,,0.7,[],0,[]
26655,"D67N, L210W, T215Y",2.6,"['D67N', 'L210W', 'T215Y']",1,[]
26649,,1.1,[],0,[]
26701,,0.7,[],0,[]
26695,,0.9,[],0,[]
26705,,1.0,[],0,[]
26661,"D67N, T215L, K219Q",1.2,"['D67N', 'T215L', 'K219Q']",0,[]
26709,,0.8,[],0,[]
26641,,1.0,[],0,[]
26713,,1.1,[],0,[]
26671,,1.1,[],0,[]
26647,,0.8,[],0,[]
26673,,1.1,[],0,[]
26667,"M41L, T215Y",2.1,"['M41L', 'T215Y']",1,[]
26687,M184V,0.8,['M184V'],0,[]
26643,,0.8,[],0,[]
26657,,1.1,[],0,[]
26683,M184V,1.0,['M184V'],0,[]
26681,,1.2,[],0,[]
26677,"D67N, T69D, T215Y, K219N",1.7,"['D67N', 'T69D', 'T215Y', 'K219N']",1,[]
26693,,0.9,[],0,[]
35531,"M41L, L74V, T215Y",1.3,"['M41L', 'L74V', 'T215Y']",0,[]
34671,K219N,0.8,['K219N'],0,[]
13105,"S68G, L74V, M184V, K219E",0.7,"['S68G', 'L74V', 'M184V', 'K219E']",0,[]
35553,"M41L, M184V, T215F",2.0,"['M41L', 'M184V', 'T215F']",1,[]
7970,"A62V, T69S_SS, K70R, M184V",1.2,"['A62V', 'T69S_SS', 'K70R', 'M184V']",0,[]
12495,"M41L, E44D, D67N, L210W, T215Y, K219KR",6.7,"['M41L', 'E44D', 'D67N', 'L210W', 'T215Y', 'K219KR']",1,[]
9129,"D67N, K70R, M184V, T215F, K219Q",2.0,"['D67N', 'K70R', 'M184V', 'T215F', 'K219Q']",1,[]
29298,"L210W, T215Y",1.7,"['L210W', 'T215Y']",1,[]
29310,"M41L, D67N, M184V, L210W, T215Y",2.5,"['M41L', 'D67N', 'M184V', 'L210W', 'T215Y']",1,[]
29288,,1.0,[],0,[]
29292,"M41L, M184V, L210W, T215Y",1.4,"['M41L', 'M184V', 'L210W', 'T215Y']",0,[]
29282,"M41L, D67E, T69S_SG, K70R, V75M, T215Y",15.0,"['M41L', 'D67E', 'T69S_SG', 'K70R', 'V75M', 'T215Y']",1,[]
29306,"M41L, S68G, M184V, T215Y",1.4,"['M41L', 'S68G', 'M184V', 'T215Y']",0,[]
29302,"M41L, E44D, A62AV, M184V, T215Y",1.1,"['M41L', 'E44D', 'A62AV', 'M184V', 'T215Y']",0,[]
29290,"M41L, M184V, L210LW, T215Y",1.8,"['M41L', 'M184V', 'L210LW', 'T215Y']",1,[]
29286,T215Y,1.7,['T215Y'],1,[]
29304,"M41L, D67N, K70R, L74I, V75S, M184V, T215F, K219Q",3.8,"['M41L', 'D67N', 'K70R', 'L74I', 'V75S', 'M184V', 'T215F', 'K219Q']",1,[]
29284,,1.1,[],0,[]
29312,"M41L, E44D, D67N, V75M, L210W, T215Y",6.1,"['M41L', 'E44D', 'D67N', 'V75M', 'L210W', 'T215Y']",1,[]
29300,"M41L, E44A, D67N, K70R, V75M, M184V, T215Y",2.0,"['M41L', 'E44A', 'D67N', 'K70R', 'V75M', 'M184V', 'T215Y']",1,[]
29294,,0.8,[],0,[]
35460,"M41L, A62V, T69S_SA, L74V, M184V, L210W, T215Y",9.0,"['M41L', 'A62V', 'T69S_SA', 'L74V', 'M184V', 'L210W', 'T215Y']",1,[]
35470,"D67N, T69D, K70R, T215F, K219Q",3.2,"['D67N', 'T69D', 'K70R', 'T215F', 'K219Q']",1,[]
35478,"M41L, E44D, D67N, M184V, L210W, T215Y, K219E",1.3,"['M41L', 'E44D', 'D67N', 'M184V', 'L210W', 'T215Y', 'K219E']",0,[]
35464,"M41L, M184V, T215Y",1.0,"['M41L', 'M184V', 'T215Y']",0,[]
35472,"M41L, D67N, K70R, M184V, T215Y, K219E",1.7,"['M41L', 'D67N', 'K70R', 'M184V', 'T215Y', 'K219E']",1,[]
35468,"M41L, D67N, L210W, T215Y",6.9,"['M41L', 'D67N', 'L210W', 'T215Y']",1,[]
35476,"M41L, D67N, V75M, L210W, T215Y",2.3,"['M41L', 'D67N', 'V75M', 'L210W', 'T215Y']",1,[]
35462,"A62V, V75I, F77L, F116Y, Q151M, M184V",11.0,"['A62V', 'V75I', 'F77L', 'F116Y', 'Q151M', 'M184V']",1,[]
35474,M184V,0.7,['M184V'],0,[]
35466,"D67N, T69D, K70R, T215F, K219Q",3.3,"['D67N', 'T69D', 'K70R', 'T215F', 'K219Q']",1,[]
17367,"M41ML, T69S_SG, V75M, L210W, T215Y",6.2,"['M41ML', 'T69S_SG', 'V75M', 'L210W', 'T215Y']",1,[]
24573,"M41L, D67N, V75M, M184V, L210W, T215Y",1.7,"['M41L', 'D67N', 'V75M', 'M184V', 'L210W', 'T215Y']",1,[]
24633,"M41L, L74V, M184V, L210W, T215F",2.6,"['M41L', 'L74V', 'M184V', 'L210W', 'T215F']",1,[]
16447,Q151M,2.4,['Q151M'],1,[]
36826,K65R,1.6,['K65R'],0,[]
36827,"K65R, S68G",1.8,"['K65R', 'S68G']",1,[]
36828,"A62V, K65R",1.4,"['A62V', 'K65R']",0,[]
37039,"M41L, D67N, T69D, L74V, M184V, T215Y",1.3,"['M41L', 'D67N', 'T69D', 'L74V', 'M184V', 'T215Y']",0,[]
37041,"K65R, T69D, K70R",1.6,"['K65R', 'T69D', 'K70R']",0,[]
37040,"M184V, L210W, T215Y, K219N",1.5,"['M184V', 'L210W', 'T215Y', 'K219N']",0,[]
42566,"K65R, L74V, M184V",1.2,"['K65R', 'L74V', 'M184V']",0,[]
42563,"K65R, M184V",1.0,"['K65R', 'M184V']",0,[]
42561,Y115F,0.8,['Y115F'],0,[]
42565,"Y115F, M184V",0.9,"['Y115F', 'M184V']",0,[]
42558,,0.8,[],0,[]
42562,M184V,0.9,['M184V'],0,[]
42560,L74V,1.1,['L74V'],0,[]
42564,"L74V, M184V",0.9,"['L74V', 'M184V']",0,[]
42559,K65R,1.8,['K65R'],1,[]
46877,"M41L, M184V, T215F",1.4,"['M41L', 'M184V', 'T215F']",0,[]
46647,"M41L, S68G, M184V, T215Y",1.3,"['M41L', 'S68G', 'M184V', 'T215Y']",0,[]
46417,M184V,0.7,['M184V'],0,[]
46559,M184V,0.7,['M184V'],0,[]
46449,"K70R, M184V",0.9,"['K70R', 'M184V']",0,[]
46565,"K70R, M184V",0.8,"['K70R', 'M184V']",0,[]
47003,M184V,0.7,['M184V'],0,[]
47145,"M184V, T215Y",1.4,"['M184V', 'T215Y']",0,[]
47107,M184V,0.8,['M184V'],0,[]
47131,M184V,0.9,['M184V'],0,[]
46663,M184V,0.9,['M184V'],0,[]
46843,S68G,1.0,['S68G'],0,[]
46965,M184V,1.0,['M184V'],0,[]
46699,"S68N, M184V, T215D",0.7,"['S68N', 'M184V', 'T215D']",0,[]
46729,M184V,0.7,['M184V'],0,[]
46469,"M41L, M184V, T215Y",1.5,"['M41L', 'M184V', 'T215Y']",0,[]
47123,"M41L, S68G, M184V, L210LW, T215Y",1.7,"['M41L', 'S68G', 'M184V', 'L210LW', 'T215Y']",1,[]
46715,M184V,0.7,['M184V'],0,[]
46853,M184V,0.7,['M184V'],0,[]
46709,M184V,0.8,['M184V'],0,[]
47045,"M184V, T215Y",1.1,"['M184V', 'T215Y']",0,[]
46783,M184V,0.7,['M184V'],0,[]
46817,M184V,0.7,['M184V'],0,[]
46515,"M41L, M184V, L210W, T215Y",2.0,"['M41L', 'M184V', 'L210W', 'T215Y']",1,[]
46925,,1.1,[],0,[]
46427,"K70R, M184V",0.7,"['K70R', 'M184V']",0,[]
46397,M184V,0.6,['M184V'],0,[]
46951,"K70R, M184V",0.6,"['K70R', 'M184V']",0,[]
46535,M184V,0.7,['M184V'],0,[]
46763,"K70R, M184V",0.7,"['K70R', 'M184V']",0,[]
46937,M184V,0.7,['M184V'],0,[]
46621,M184V,1.0,['M184V'],0,[]
46605,"M41L, M184V",0.9,"['M41L', 'M184V']",0,[]
46615,"D67N, F77L, F116FY, Q151M, M184V",4.3,"['D67N', 'F77L', 'F116FY', 'Q151M', 'M184V']",1,[]
46543,M184V,0.7,['M184V'],0,[]
46887,,1.0,[],0,[]
46859,M184V,0.8,['M184V'],0,[]
46637,M184V,0.7,['M184V'],0,[]
46771,M184V,0.9,['M184V'],0,[]
47179,M184V,0.6,['M184V'],0,[]
47021,M184V,0.6,['M184V'],0,[]
46679,"K70R, M184V",0.4,"['K70R', 'M184V']",0,[]
47067,M184V,0.9,['M184V'],0,[]
46675,"S68G, M184V",0.8,"['S68G', 'M184V']",0,[]
26633,"M41L, M184V, L210W, T215Y",1.6,"['M41L', 'M184V', 'L210W', 'T215Y']",0,[]
26636,"D67N, K70R, M184V, T215F, K219Q",1.8,"['D67N', 'K70R', 'M184V', 'T215F', 'K219Q']",1,[]
37237,,0.8,[],0,[]
26625,"E40F, M41L, D67N, M184V, L210W, T215Y",5.4,"['E40F', 'M41L', 'D67N', 'M184V', 'L210W', 'T215Y']",1,[]
26608,"M41L, D67N, M184V, L210W, T215Y",2.2,"['M41L', 'D67N', 'M184V', 'L210W', 'T215Y']",1,[]
26629,"D67N, K70R, T215F, K219Q",1.4,"['D67N', 'K70R', 'T215F', 'K219Q']",0,[]
26619,"K65R, Y115F",0.9,"['K65R', 'Y115F']",0,[]
37240,"A62V, K65R, S68G, V75I, F77L, Q151M",20.0,"['A62V', 'K65R', 'S68G', 'V75I', 'F77L', 'Q151M']",1,[]
26602,"M41L, M184V, L210W, T215Y",2.3,"['M41L', 'M184V', 'L210W', 'T215Y']",1,[]
26609,"D67N, M184V, L210W, T215Y, K219R",2.2,"['D67N', 'M184V', 'L210W', 'T215Y', 'K219R']",1,[]
26622,"D67N, K70R, T215F, K219Q",2.4,"['D67N', 'K70R', 'T215F', 'K219Q']",1,[]
26613,"M41L, E44D, D67N, K70R, M184V, L210W, T215Y, K219Q",3.0,"['M41L', 'E44D', 'D67N', 'K70R', 'M184V', 'L210W', 'T215Y', 'K219Q']",1,[]
26612,"M41L, E44D, D67N, K70R, M184V, L210W, T215Y, K219Q",2.9,"['M41L', 'E44D', 'D67N', 'K70R', 'M184V', 'L210W', 'T215Y', 'K219Q']",1,[]
26624,"F116Y, Q151M",7.1,"['F116Y', 'Q151M']",1,[]
26595,,1.0,[],0,[]
26638,"M41L, M184V, T215Y",1.6,"['M41L', 'M184V', 'T215Y']",0,[]
26628,"D67N, K70R, T215F, K219Q",1.1,"['D67N', 'K70R', 'T215F', 'K219Q']",0,[]
26604,"M41L, D67G, M184V, L210W, T215Y",2.0,"['M41L', 'D67G', 'M184V', 'L210W', 'T215Y']",1,[]
37238,"M184V, T215Y",1.0,"['M184V', 'T215Y']",0,[]
26597,"D67N, S68G, K70R, T215F, K219E",2.2,"['D67N', 'S68G', 'K70R', 'T215F', 'K219E']",1,[]
37241,"M41L, E44D, D67N, T69D, L210W, T215Y",7.1,"['M41L', 'E44D', 'D67N', 'T69D', 'L210W', 'T215Y']",1,[]
26621,"D67N, K70R, T215I, K219Q",2.0,"['D67N', 'K70R', 'T215I', 'K219Q']",1,[]
37239,"M184V, T215Y",1.3,"['M184V', 'T215Y']",0,[]
26603,"M41L, V75A, M184V, L210W, T215Y",2.5,"['M41L', 'V75A', 'M184V', 'L210W', 'T215Y']",1,[]
26630,"D67N, K70R, M184V, T215F, K219Q",1.5,"['D67N', 'K70R', 'M184V', 'T215F', 'K219Q']",0,[]
37236,"M41L, D67N, T69G, M184V, L210W, T215Y",2.0,"['M41L', 'D67N', 'T69G', 'M184V', 'L210W', 'T215Y']",1,[]
26637,"M41L, D67N, K70R, M184V, T215F, K219Q",2.3,"['M41L', 'D67N', 'K70R', 'M184V', 'T215F', 'K219Q']",1,[]
48754,K70KR,1.0,['K70KR'],0,[]
48764,,0.9,[],0,[]
48761,T215Y,1.4,['T215Y'],0,[]
48747,"L210W, T215Y",1.3,"['L210W', 'T215Y']",0,[]
48757,,1.1,[],0,[]
48746,,1.2,[],0,[]
48753,K70R,1.6,['K70R'],0,[]
48765,,1.0,[],0,[]
48756,,0.8,[],0,[]
48749,"D67N, K70R, K219Q",2.0,"['D67N', 'K70R', 'K219Q']",1,[]
48752,"D67N, K70R, T215F, K219Q",1.9,"['D67N', 'K70R', 'T215F', 'K219Q']",1,[]
48744,,0.9,[],0,[]
48759,"M41L, L210W, T215Y",2.0,"['M41L', 'L210W', 'T215Y']",1,[]
48755,"M41L, S68G, T215SY",1.2,"['M41L', 'S68G', 'T215SY']",0,[]
48748,"M41L, T215Y",1.4,"['M41L', 'T215Y']",0,[]
48758,,0.6,[],0,[]
48743,,1.0,[],0,[]
48751,K70R,0.8,['K70R'],0,[]
48763,"M41L, D67DN, L210W, T215Y",2.6,"['M41L', 'D67DN', 'L210W', 'T215Y']",1,[]
42013,,0.9,[],0,[]
42011,,0.9,[],0,[]
16894,"M41L, D67N, L210W, T215Y, K219N",2.6,"['M41L', 'D67N', 'L210W', 'T215Y', 'K219N']",1,[]
38131,M184V,0.7,['M184V'],0,[]
38023,"M41L, E44A, D67N, T69D, V75M, M184V, L210W, T215F",4.7,"['M41L', 'E44A', 'D67N', 'T69D', 'V75M', 'M184V', 'L210W', 'T215F']",1,[]
21200,"D67N, K70R, K219Q",2.3,"['D67N', 'K70R', 'K219Q']",1,[]
24044,,0.7,[],0,[]
7736,"M41L, D67G, S68G, K70R, L74V, T215Y, K219E",2.9,"['M41L', 'D67G', 'S68G', 'K70R', 'L74V', 'T215Y', 'K219E']",1,[]
34294,"D67N, T69D, M184V, T215F, K219Q",0.9,"['D67N', 'T69D', 'M184V', 'T215F', 'K219Q']",0,[]
37774,"M41L, D67N, T69D, M184V, T215V, K219Q",1.2,"['M41L', 'D67N', 'T69D', 'M184V', 'T215V', 'K219Q']",0,[]
41273,"M41L, D67N, K70R, M184V, T215F, K219Q",2.1,"['M41L', 'D67N', 'K70R', 'M184V', 'T215F', 'K219Q']",1,[]
15890,"S68G, M184V",0.6,"['S68G', 'M184V']",0,[]
48172,"D67N, T69D, K70R, M184V, T215F, K219Q",1.4,"['D67N', 'T69D', 'K70R', 'M184V', 'T215F', 'K219Q']",0,[]
12433,"M41L, M184V, L210W, T215Y",2.0,"['M41L', 'M184V', 'L210W', 'T215Y']",1,[]
71565,"M41L, A62V, T69G, L74V, M184V, L210W, T215Y",23.0,"['M41L', 'A62V', 'T69G', 'L74V', 'M184V', 'L210W', 'T215Y']",1,[]
21069,"F116Y, Q151M",7.1,"['F116Y', 'Q151M']",1,[]
17429,"M41L, S68G, L74V, M184V, T215Y",1.2,"['M41L', 'S68G', 'L74V', 'M184V', 'T215Y']",0,[]
48196,"D67N, K70G, M184V, K219Q",0.7,"['D67N', 'K70G', 'M184V', 'K219Q']",0,[]
20184,"M41L, A62V, V75T, M184V, L210W, T215Y",1.4,"['M41L', 'A62V', 'V75T', 'M184V', 'L210W', 'T215Y']",0,[]
42786,"K65KR, S68SG, L74LV",1.1,"['K65KR', 'S68SG', 'L74LV']",0,[]
42684,"M41L, E44A, D67N, T69D, V75M, M184V, L210W, T215F",4.1,"['M41L', 'E44A', 'D67N', 'T69D', 'V75M', 'M184V', 'L210W', 'T215F']",1,[]
20180,"D67G, S68G, K70R, M184V, T215F, K219Q",1.4,"['D67G', 'S68G', 'K70R', 'M184V', 'T215F', 'K219Q']",0,[]
48080,"M41L, E44EA, D67N, K70R, L74LI, M184V, L210W, T215Y, K219Q",4.2,"['M41L', 'E44EA', 'D67N', 'K70R', 'L74LI', 'M184V', 'L210W', 'T215Y', 'K219Q']",1,[]
34731,"S68SG, M184V, T215F",1.0,"['S68SG', 'M184V', 'T215F']",0,[]
38927,"S68SG, M184V, T215Y",1.0,"['S68SG', 'M184V', 'T215Y']",0,[]
26618,T215Y,1.2,['T215Y'],0,[]
26606,"M41L, M184V, T215Y",0.9,"['M41L', 'M184V', 'T215Y']",0,[]
26632,"M41L, D67N, M184V, L210W, T215Y",4.1,"['M41L', 'D67N', 'M184V', 'L210W', 'T215Y']",1,[]
26610,"M41L, E44D, D67N, T69D, M184V, L210W, T215Y",3.9,"['M41L', 'E44D', 'D67N', 'T69D', 'M184V', 'L210W', 'T215Y']",1,[]
51392,"K65R, M184V",1.2,"['K65R', 'M184V']",0,[]
26626,"M41L, D67N, M184V, L210W, T215Y",2.3,"['M41L', 'D67N', 'M184V', 'L210W', 'T215Y']",1,[]
26614,"M41L, E44D, D67N, L210W, T215Y, K219N",4.2,"['M41L', 'E44D', 'D67N', 'L210W', 'T215Y', 'K219N']",1,[]
26635,"D67N, K70R, M184V, T215F, K219Q",1.9,"['D67N', 'K70R', 'M184V', 'T215F', 'K219Q']",1,[]
26596,"M41L, D67N, K70R, T215F, K219E",2.6,"['M41L', 'D67N', 'K70R', 'T215F', 'K219E']",1,[]
26617,T215Y,1.8,['T215Y'],1,[]
26605,"M41L, M184V",0.6,"['M41L', 'M184V']",0,[]
26616,T215Y,1.5,['T215Y'],0,[]
26598,"D67N, S68G, K70R, T215F, K219E",2.3,"['D67N', 'S68G', 'K70R', 'T215F', 'K219E']",1,[]
26607,"A62V, S68G, K70G, V75I, F77L, Y115F, F116Y, Q151M, M184V",11.0,"['A62V', 'S68G', 'K70G', 'V75I', 'F77L', 'Y115F', 'F116Y', 'Q151M', 'M184V']",1,[]
51390,K65R,1.9,['K65R'],1,[]
26600,"M41L, L74V, T215Y",1.5,"['M41L', 'L74V', 'T215Y']",0,[]
26623,"A62V, V75I, F77L, F116Y, Q151M",11.0,"['A62V', 'V75I', 'F77L', 'F116Y', 'Q151M']",1,[]
26620,"M41L, A62V, D67N, V75I, M184V, L210W, T215Y",2.5,"['M41L', 'A62V', 'D67N', 'V75I', 'M184V', 'L210W', 'T215Y']",1,[]
26615,T215Y,1.7,['T215Y'],1,[]
26631,"K65R, S68G, K70R, V75I, F77L, Y115F, F116Y, Q151M",20.0,"['K65R', 'S68G', 'K70R', 'V75I', 'F77L', 'Y115F', 'F116Y', 'Q151M']",1,[]
26599,T215Y,1.3,['T215Y'],0,[]
26611,"M41L, E44D, D67N, T69D, L210W, T215Y",6.7,"['M41L', 'E44D', 'D67N', 'T69D', 'L210W', 'T215Y']",1,[]
26627,"M41L, T69S_SS, L74V, M184V, L210W, T215Y",9.0,"['M41L', 'T69S_SS', 'L74V', 'M184V', 'L210W', 'T215Y']",1,[]
56243,M184MV,0.8,['M184MV'],0,[]
56263,,0.8,[],0,[]
56195,"D67DN, M184V",0.7,"['D67DN', 'M184V']",0,[]
56233,"M41L, D67N, T69ND, K70KR, V75I, F77L, F116Y, Q151M, M184V, T215FV, K219Q",11.0,"['M41L', 'D67N', 'T69ND', 'K70KR', 'V75I', 'F77L', 'F116Y', 'Q151M', 'M184V', 'T215FV', 'K219Q']",1,[]
56273,"M41ML, D67DN, M184MV, K219KE",1.3,"['M41ML', 'D67DN', 'M184MV', 'K219KE']",0,[]
56399,"D67N, T69D, K70R, T215F, K219Q",2.4,"['D67N', 'T69D', 'K70R', 'T215F', 'K219Q']",1,[]
56291,"M41L, E44D, D67N, V75M, L210W, T215Y",4.0,"['M41L', 'E44D', 'D67N', 'V75M', 'L210W', 'T215Y']",1,[]
56255,"D67N, K70R, M184V, T215F, K219E",1.4,"['D67N', 'K70R', 'M184V', 'T215F', 'K219E']",0,[]
56321,"M41L, D67N, T215Y",1.4,"['M41L', 'D67N', 'T215Y']",0,[]
56269,,1.0,[],0,[]
56187,M184MV,0.7,['M184MV'],0,[]
56383,"A62V, D67N, S68N, K70G, F116Y, Q151M, M184I, L210LW, T215Y",5.5,"['A62V', 'D67N', 'S68N', 'K70G', 'F116Y', 'Q151M', 'M184I', 'L210LW', 'T215Y']",1,[]
56199,"M41L, M184V, L210LW, T215Y",2.3,"['M41L', 'M184V', 'L210LW', 'T215Y']",1,[]
56347,"M41L, S68N, L74V, M184V, L210W, T215Y",1.4,"['M41L', 'S68N', 'L74V', 'M184V', 'L210W', 'T215Y']",0,[]
56403,"D67N, T69D, K70R, T215F, K219Q",2.2,"['D67N', 'T69D', 'K70R', 'T215F', 'K219Q']",1,[]
56363,M184V,0.9,['M184V'],0,[]
56283,"M41L, D67N, T69D, M184V, L210W, T215Y",2.9,"['M41L', 'D67N', 'T69D', 'M184V', 'L210W', 'T215Y']",1,[]
56277,"M41L, E44D, T69D, M184V, L210W, T215Y, K219R",3.3,"['M41L', 'E44D', 'T69D', 'M184V', 'L210W', 'T215Y', 'K219R']",1,[]
56323,"M41L, D67N, L74LV, T215Y",1.7,"['M41L', 'D67N', 'L74LV', 'T215Y']",1,[]
56373,"D67G, S68G, K70R, T215F, K219Q",1.3,"['D67G', 'S68G', 'K70R', 'T215F', 'K219Q']",0,[]
56299,S68G,0.7,['S68G'],0,[]
56221,"M41L, E44D, D67N, L210W, T215Y, K219R",6.5,"['M41L', 'E44D', 'D67N', 'L210W', 'T215Y', 'K219R']",1,[]
56215,"M41L, A62AV, T215Y",1.5,"['M41L', 'A62AV', 'T215Y']",0,[]
56349,"M41L, L210W, T215Y",3.9,"['M41L', 'L210W', 'T215Y']",1,[]
56177,M184MV,0.9,['M184MV'],0,[]
56315,"M41ML, M184V, T215Y",1.7,"['M41ML', 'M184V', 'T215Y']",1,[]
56279,"M41L, E44D, T69D, L74V, L210W, T215Y, K219R",5.1,"['M41L', 'E44D', 'T69D', 'L74V', 'L210W', 'T215Y', 'K219R']",1,[]
56345,"M41L, D67N, T69D, M184V, T215Y",1.8,"['M41L', 'D67N', 'T69D', 'M184V', 'T215Y']",1,[]
56329,"M41L, D67N, K70R, V75VIM, T215F, K219E",3.2,"['M41L', 'D67N', 'K70R', 'V75VIM', 'T215F', 'K219E']",1,[]
56219,"M41L, E44D, D67N, M184V, L210W, T215Y, K219KR",3.2,"['M41L', 'E44D', 'D67N', 'M184V', 'L210W', 'T215Y', 'K219KR']",1,[]
56311,"M184V, T215Y",1.9,"['M184V', 'T215Y']",1,[]
56201,"M41L, M184MV, L210LW, T215SY",1.9,"['M41L', 'M184MV', 'L210LW', 'T215SY']",1,[]
56389,"M41L, E44D, D67N, T69D, M184V, L210W, T215Y",4.6,"['M41L', 'E44D', 'D67N', 'T69D', 'M184V', 'L210W', 'T215Y']",1,[]
56257,"M41L, M184V, T215Y",1.2,"['M41L', 'M184V', 'T215Y']",0,[]
56169,"D67N, K70R, M184V, T215F, K219Q",2.5,"['D67N', 'K70R', 'M184V', 'T215F', 'K219Q']",1,[]
56247,M184V,0.9,['M184V'],0,[]
56249,"L74V, M184V",0.6,"['L74V', 'M184V']",0,[]
56377,"M41L, D67N, K70R, M184V, T215F, K219E",2.4,"['M41L', 'D67N', 'K70R', 'M184V', 'T215F', 'K219E']",1,[]
56355,"D67DN, T215Y",1.9,"['D67DN', 'T215Y']",1,[]
56163,"L74LV, M184V",0.8,"['L74LV', 'M184V']",0,[]
56341,"M41L, D67N, T69D, M184V, T215Y",4.0,"['M41L', 'D67N', 'T69D', 'M184V', 'T215Y']",1,[]
56371,"D67DEG, S68SG, K70R, T215IF, K219Q",1.6,"['D67DEG', 'S68SG', 'K70R', 'T215IF', 'K219Q']",0,[]
56175,,0.7,[],0,[]
56405,"D67NT, T69D, K70R, T215F, K219Q",2.5,"['D67NT', 'T69D', 'K70R', 'T215F', 'K219Q']",1,[]
56295,"D67N, K70R, T215F, K219E",1.6,"['D67N', 'K70R', 'T215F', 'K219E']",0,[]
56385,"A62V, D67N, S68N, K70G, V75I, F77L, Y115F, F116Y, Q151M, M184I, T215Y",11.0,"['A62V', 'D67N', 'S68N', 'K70G', 'V75I', 'F77L', 'Y115F', 'F116Y', 'Q151M', 'M184I', 'T215Y']",1,[]
56185,"M41L, E44A, D67N, K70R, V75M, L210W, T215Y, K219HQ",6.0,"['M41L', 'E44A', 'D67N', 'K70R', 'V75M', 'L210W', 'T215Y', 'K219HQ']",1,[]
56205,,0.8,[],0,[]
56253,"D67NH, K70KR, M184V, T215FV, K219E",1.5,"['D67NH', 'K70KR', 'M184V', 'T215FV', 'K219E']",0,[]
56397,"D67N, T69D, K70R, T215F, K219Q",2.3,"['D67N', 'T69D', 'K70R', 'T215F', 'K219Q']",1,[]
56369,"D67DEG, S68G, K70R, T215F, K219Q",1.6,"['D67DEG', 'S68G', 'K70R', 'T215F', 'K219Q']",0,[]
56297,S68G,1.1,['S68G'],0,[]
56167,,0.7,[],0,[]
56229,"M41L, M184V, T215F",1.6,"['M41L', 'M184V', 'T215F']",0,[]
56181,"D67N, K70KR, M184MV",1.0,"['D67N', 'K70KR', 'M184MV']",0,[]
56211,M184MV,0.7,['M184MV'],0,[]
56381,"D67N, S68N, K70G, F116Y, Q151M, T215Y",11.0,"['D67N', 'S68N', 'K70G', 'F116Y', 'Q151M', 'T215Y']",1,[]
56171,"D67N, K70R, L74V, M184V, T215F, K219Q",2.1,"['D67N', 'K70R', 'L74V', 'M184V', 'T215F', 'K219Q']",1,[]
56331,"M41L, D67N, K70R, V75M, M184V, T215F, K219E",2.0,"['M41L', 'D67N', 'K70R', 'V75M', 'M184V', 'T215F', 'K219E']",1,[]
56237,"M41ML, D67NS, K70R, V75I, F77L, F116Y, Q151M, M184V, T215V, K219Q",10.0,"['M41ML', 'D67NS', 'K70R', 'V75I', 'F77L', 'F116Y', 'Q151M', 'M184V', 'T215V', 'K219Q']",1,[]
56197,,1.1,[],0,[]
56191,,0.8,[],0,[]
56319,"M41L, D67N, T215Y",2.1,"['M41L', 'D67N', 'T215Y']",1,[]
56361,M184V,1.1,['M184V'],0,[]
56401,"D67N, T69D, K70R, T215F, K219Q",2.5,"['D67N', 'T69D', 'K70R', 'T215F', 'K219Q']",1,[]
56343,"M41L, D67N, T69D, M184V, T215Y",2.2,"['M41L', 'D67N', 'T69D', 'M184V', 'T215Y']",1,[]
56275,"M41ML, D67DN, M184MV",1.1,"['M41ML', 'D67DN', 'M184MV']",0,[]
56281,"M41L, D67N, T69D, M184V, L210W, T215Y",2.8,"['M41L', 'D67N', 'T69D', 'M184V', 'L210W', 'T215Y']",1,[]
56375,"M41L, D67N, K70R, M184V, T215F, K219E",2.7,"['M41L', 'D67N', 'K70R', 'M184V', 'T215F', 'K219E']",1,[]
56203,M184V,0.9,['M184V'],0,[]
56213,"M41L, M184V, T215Y",1.6,"['M41L', 'M184V', 'T215Y']",0,[]
56251,"A62AV, M184V",0.7,"['A62AV', 'M184V']",0,[]
56179,"D67DN, M184V",1.2,"['D67DN', 'M184V']",0,[]
56183,"M41L, E44A, D67N, K70R, V75M, L210W, T215FY, K219HQ",6.7,"['M41L', 'E44A', 'D67N', 'K70R', 'V75M', 'L210W', 'T215FY', 'K219HQ']",1,[]
56313,"M184V, T215Y",2.0,"['M184V', 'T215Y']",1,[]
56393,M184V,0.6,['M184V'],0,[]
56339,"M41L, D67N, T69D, M184V, T215Y",2.0,"['M41L', 'D67N', 'T69D', 'M184V', 'T215Y']",1,[]
56317,"M41L, D67N, T215Y",1.8,"['M41L', 'D67N', 'T215Y']",1,[]
56193,"D67DN, M184V",0.8,"['D67DN', 'M184V']",0,[]
56285,"M41L, K70T, V75I, M184V",0.8,"['M41L', 'K70T', 'V75I', 'M184V']",0,[]
56407,"D67N, T69D, K70R, T215F, K219Q",2.5,"['D67N', 'T69D', 'K70R', 'T215F', 'K219Q']",1,[]
56387,"A62V, D67N, S68N, K70G, V75I, F77L, Y115F, F116Y, Q151M, M184I, T215Y",13.0,"['A62V', 'D67N', 'S68N', 'K70G', 'V75I', 'F77L', 'Y115F', 'F116Y', 'Q151M', 'M184I', 'T215Y']",1,[]
56335,"K70KE, L210W, T215Y",1.8,"['K70KE', 'L210W', 'T215Y']",1,[]
56217,,0.8,[],0,[]
56261,"M41ML, A62AV, F116FY, Q151M, M184V",3.0,"['M41ML', 'A62AV', 'F116FY', 'Q151M', 'M184V']",1,[]
56207,,0.9,[],0,[]
56231,"M41L, M184V, T215F",1.2,"['M41L', 'M184V', 'T215F']",0,[]
56357,"M41ML, L210LW, T215Y",2.4,"['M41ML', 'L210LW', 'T215Y']",1,[]
56245,"K65R, S68G, V75A",3.3,"['K65R', 'S68G', 'V75A']",1,[]
56259,"M41L, L74V, M184V, T215Y",1.2,"['M41L', 'L74V', 'M184V', 'T215Y']",0,[]
56161,M184V,0.7,['M184V'],0,[]
56379,"D67N, K70R, K219KN",1.9,"['D67N', 'K70R', 'K219KN']",1,[]
62907,,0.9,[],0,[]
62915,,0.8,[],0,[]
62925,,0.8,[],0,[]
62911,,0.9,[],0,[]
62921,,0.7,[],0,[]
62931,,1.0,[],0,[]
62917,,0.9,[],0,[]
62905,,0.8,[],0,[]
62935,,1.0,[],0,[]
62927,,0.6,[],0,[]
62909,,1.0,[],0,[]
62923,,1.0,[],0,[]
62903,,0.9,[],0,[]
62933,,1.0,[],0,[]
62929,,0.8,[],0,[]
62937,S68G,0.8,['S68G'],0,[]
62919,,1.0,[],0,[]
62913,,0.7,[],0,[]
63860,"M41L, D67N, L74V, M184V, L210W, T215Y",3.2,"['M41L', 'D67N', 'L74V', 'M184V', 'L210W', 'T215Y']",1,[]
41183,"M41L, E44D, D67N, S68SG, K70KR, M184V, L210W, T215Y, K219E",1.7,"['M41L', 'E44D', 'D67N', 'S68SG', 'K70KR', 'M184V', 'L210W', 'T215Y', 'K219E']",1,[]
63842,,0.8,[],0,[]
50044,M184V,0.7,['M184V'],0,[]
55465,"D67G, S68G, L74V, Y115F, M184V, T215F, K219E",0.8,"['D67G', 'S68G', 'L74V', 'Y115F', 'M184V', 'T215F', 'K219E']",0,[]
20217,"M41L, T215E",0.8,"['M41L', 'T215E']",0,[]
63788,,0.8,[],0,[]
21689,"M41L, T215F",1.8,"['M41L', 'T215F']",1,[]
55479,"M41L, E44D, D67N, M184V, L210W, T215Y",3.2,"['M41L', 'E44D', 'D67N', 'M184V', 'L210W', 'T215Y']",1,[]
50052,M184V,0.7,['M184V'],0,[]
43048,M41L,0.9,['M41L'],0,[]
42015,"D67N, K70R, M184V, K219Q",1.6,"['D67N', 'K70R', 'M184V', 'K219Q']",0,[]
43034,T215C,1.1,['T215C'],0,[]
58144,,0.9,[],0,[]
37764,"D67N, K70R, T215F, K219Q",2.3,"['D67N', 'K70R', 'T215F', 'K219Q']",1,[]
27647,"M184V, T215Y",1.5,"['M184V', 'T215Y']",0,[]
20189,"D67G, S68G, K70R, M184V, T215F, K219Q",1.7,"['D67G', 'S68G', 'K70R', 'M184V', 'T215F', 'K219Q']",1,[]
63746,"K70R, M184V",0.7,"['K70R', 'M184V']",0,[]
63734,"M41L, E44D, D67N, T69D, M184V, L210W, T215Y",2.5,"['M41L', 'E44D', 'D67N', 'T69D', 'M184V', 'L210W', 'T215Y']",1,[]
33147,,0.9,[],0,[]
59237,"M41L, E44D, D67N, M184V, L210W, T215Y, K219DN",2.2,"['M41L', 'E44D', 'D67N', 'M184V', 'L210W', 'T215Y', 'K219DN']",1,[]
57652,"M41L, E44D, D67G, T69D, V75M, F77L, M184V, L210W",1.0,"['M41L', 'E44D', 'D67G', 'T69D', 'V75M', 'F77L', 'M184V', 'L210W']",0,[]
63724,"M41L, E44D, D67N, M184V, L210W, T215Y",2.4,"['M41L', 'E44D', 'D67N', 'M184V', 'L210W', 'T215Y']",1,[]
43020,,0.7,[],0,[]
63768,"D67N, K70R, M184V, K219Q",0.9,"['D67N', 'K70R', 'M184V', 'K219Q']",0,[]
55388,T215CS,1.3,['T215CS'],0,[]
43086,,1.0,[],0,[]
43080,,0.8,[],0,[]
57630,"M41L, D67N, K70R, T215F, K219Q",2.6,"['M41L', 'D67N', 'K70R', 'T215F', 'K219Q']",1,[]
63792,,1.3,[],0,[]
61376,"M41L, E44D, D67N, L210W, T215Y, K219R",5.3,"['M41L', 'E44D', 'D67N', 'L210W', 'T215Y', 'K219R']",1,[]
19917,"M41L, D67N, K70R, T215F, K219Q",2.6,"['M41L', 'D67N', 'K70R', 'T215F', 'K219Q']",1,[]
43062,,0.9,[],0,[]
55469,"D67N, T69D, K70R, T215F, K219Q",1.8,"['D67N', 'T69D', 'K70R', 'T215F', 'K219Q']",1,[]
37953,M184I,0.9,['M184I'],0,[]
43078,M184I,0.6,['M184I'],0,[]
42974,"M41L, D67N, M184V, L210W, T215Y",2.8,"['M41L', 'D67N', 'M184V', 'L210W', 'T215Y']",1,[]
63850,"M41L, L74V, M184V, T215FY",1.1,"['M41L', 'L74V', 'M184V', 'T215FY']",0,[]
63832,"M41L, D67N, T69D, V75M, M184V, L210W, T215F, K219W",23.0,"['M41L', 'D67N', 'T69D', 'V75M', 'M184V', 'L210W', 'T215F', 'K219W']",1,[]
42572,"D67G, K70R, V75T, L210LW, K219Q",6.7,"['D67G', 'K70R', 'V75T', 'L210LW', 'K219Q']",1,[]
63770,,0.9,[],0,[]
63796,"M41L, D67N, L74I, V75T, M184MV, L210W, T215Y",3.5,"['M41L', 'D67N', 'L74I', 'V75T', 'M184MV', 'L210W', 'T215Y']",1,[]
55481,"M41L, E44D, D67N, M184V, L210W, T215Y",2.6,"['M41L', 'E44D', 'D67N', 'M184V', 'L210W', 'T215Y']",1,[]
59333,,0.6,[],0,[]
63752,"L74V, Y115F, M184V",1.2,"['L74V', 'Y115F', 'M184V']",0,[]
55475,"D67N, K70R, M184V, K219E",1.9,"['D67N', 'K70R', 'M184V', 'K219E']",1,[]
42029,"M41L, D67N, T69D, K70R, T215F, K219Q",3.1,"['M41L', 'D67N', 'T69D', 'K70R', 'T215F', 'K219Q']",1,[]
41191,"D67N, K70R, L74V, M184V, K219Q",1.5,"['D67N', 'K70R', 'L74V', 'M184V', 'K219Q']",0,[]
55463,"M41L, M184V, L210W, T215Y",1.7,"['M41L', 'M184V', 'L210W', 'T215Y']",1,[]
63784,,0.9,[],0,[]
63846,"M41L, E44D, D67N, M184V, L210W, T215Y, K219N",4.2,"['M41L', 'E44D', 'D67N', 'M184V', 'L210W', 'T215Y', 'K219N']",1,[]
63716,,1.0,[],0,[]
63720,"K70R, M184V, K219Q",1.0,"['K70R', 'M184V', 'K219Q']",0,[]
21691,M184V,0.8,['M184V'],0,[]
63760,,0.8,[],0,[]
63774,,1.0,[],0,[]
42574,"D67NH, K70R, M184V, T215F, K219Q",2.6,"['D67NH', 'K70R', 'M184V', 'T215F', 'K219Q']",1,[]
43088,M184V,0.8,['M184V'],0,[]
42037,"A62V, K65R, M184V",1.1,"['A62V', 'K65R', 'M184V']",0,[]
63828,"M41L, E44D, D67N, K70R, V75M, L210W, T215Y, K219Q",8.7,"['M41L', 'E44D', 'D67N', 'K70R', 'V75M', 'L210W', 'T215Y', 'K219Q']",1,[]
43070,,0.7,[],0,[]
43068,M184V,0.7,['M184V'],0,[]
63800,"D67N, T69ND, K70RG, L74V, M184V, K219QE",1.3,"['D67N', 'T69ND', 'K70RG', 'L74V', 'M184V', 'K219QE']",0,[]
63856,"M41L, E44D, D67N, L74V, M184MV, L210W, T215Y, K219R",5.8,"['M41L', 'E44D', 'D67N', 'L74V', 'M184MV', 'L210W', 'T215Y', 'K219R']",1,[]
63840,,1.1,[],0,[]
34267,K70R,0.8,['K70R'],0,[]
50907,"D67N, K70R, M184V, T215Y, K219E",1.4,"['D67N', 'K70R', 'M184V', 'T215Y', 'K219E']",0,[]
42031,"M41L, V75M, M184V, L210W, T215Y",10.0,"['M41L', 'V75M', 'M184V', 'L210W', 'T215Y']",1,[]
55473,"M41L, T215Y",1.4,"['M41L', 'T215Y']",0,[]
21667,"M41L, M184V, T215F",1.5,"['M41L', 'M184V', 'T215F']",0,[]
63726,"D67G, K70E, M184V, K219R",0.8,"['D67G', 'K70E', 'M184V', 'K219R']",0,[]
63730,"D67N, K70R, M184V, K219Q",1.6,"['D67N', 'K70R', 'M184V', 'K219Q']",0,[]
55453,"D67N, K70R, K219Q",1.1,"['D67N', 'K70R', 'K219Q']",0,[]
63780,"D67N, K70R, T215F, K219E",2.1,"['D67N', 'K70R', 'T215F', 'K219E']",1,[]
63834,,0.8,[],0,[]
42045,"M41L, S68G, L74V, M184V, L210W, T215Y",2.4,"['M41L', 'S68G', 'L74V', 'M184V', 'L210W', 'T215Y']",1,[]
24531,"A62V, V75T, M184V",0.8,"['A62V', 'V75T', 'M184V']",0,[]
60774,K65R,1.3,['K65R'],0,[]
63804,,0.8,[],0,[]
42017,"D67N, T69ND, K70R, K219Q",1.3,"['D67N', 'T69ND', 'K70R', 'K219Q']",0,[]
63722,"M41L, E44D, D67N, L74V, M184V, L210W, T215Y, K219N",3.5,"['M41L', 'E44D', 'D67N', 'L74V', 'M184V', 'L210W', 'T215Y', 'K219N']",1,[]
63864,"M41L, M184V, T215Y",0.9,"['M41L', 'M184V', 'T215Y']",0,[]
43030,,0.8,[],0,[]
23545,"D67N, K70R, L74V, M184V, K219Q",1.3,"['D67N', 'K70R', 'L74V', 'M184V', 'K219Q']",0,[]
38421,,0.8,[],0,[]
63822,"M41L, D67N, K70G, L74LV, T215F, K219Q",2.2,"['M41L', 'D67N', 'K70G', 'L74LV', 'T215F', 'K219Q']",1,[]
43040,"D67N, K70R, T215I, K219E",1.6,"['D67N', 'K70R', 'T215I', 'K219E']",0,[]
43076,,0.9,[],0,[]
43052,,1.1,[],0,[]
42041,"K65R, Y115YF",1.3,"['K65R', 'Y115YF']",0,[]
21673,"M41L, D67N, M184V, L210W, T215Y",2.9,"['M41L', 'D67N', 'M184V', 'L210W', 'T215Y']",1,[]
20798,"E40F, M41L, D67N, L210W, T215Y, K219R",20.0,"['E40F', 'M41L', 'D67N', 'L210W', 'T215Y', 'K219R']",1,[]
43064,"M41L, D67N, M184V, L210W, T215Y",3.3,"['M41L', 'D67N', 'M184V', 'L210W', 'T215Y']",1,[]
21701,M184V,1.0,['M184V'],0,[]
35225,"M41L, T215D",0.8,"['M41L', 'T215D']",0,[]
63740,"M41L, E44A, A62V, D67N, K70R, L74I, V75T, M184V, L210W, T215Y, K219E",7.6,"['M41L', 'E44A', 'A62V', 'D67N', 'K70R', 'L74I', 'V75T', 'M184V', 'L210W', 'T215Y', 'K219E']",1,[]
57632,,1.3,[],0,[]
51393,K65R,1.9,['K65R'],1,[]
43054,,0.9,[],0,[]
63742,"M41L, D67N, L74V, M184V, T215Y, K219Q",2.0,"['M41L', 'D67N', 'L74V', 'M184V', 'T215Y', 'K219Q']",1,[]
63808,,0.9,[],0,[]
21096,"D67G, T69D, K70R, M184V, K219Q",1.2,"['D67G', 'T69D', 'K70R', 'M184V', 'K219Q']",0,[]
42568,,0.6,[],0,[]
21141,K70R,0.8,['K70R'],0,[]
63766,"M41L, D67N, L74V, M184V, L210W, T215Y, K219N",1.7,"['M41L', 'D67N', 'L74V', 'M184V', 'L210W', 'T215Y', 'K219N']",1,[]
43022,,0.8,[],0,[]
63814,"M41L, E44D, D67N, K70R, L210W, T215Y",2.6,"['M41L', 'E44D', 'D67N', 'K70R', 'L210W', 'T215Y']",1,[]
21668,"M41L, D67N, M184V, L210W, T215Y",3.0,"['M41L', 'D67N', 'M184V', 'L210W', 'T215Y']",1,[]
63806,"M41L, E44D, D67N, L74I, M184V, L210W, T215Y",4.7,"['M41L', 'E44D', 'D67N', 'L74I', 'M184V', 'L210W', 'T215Y']",1,[]
55447,,0.9,[],0,[]
63736,"D67G, S68G, K70R, M184V, T215F, K219E",1.4,"['D67G', 'S68G', 'K70R', 'M184V', 'T215F', 'K219E']",0,[]
63744,"K70R, K219Q",1.1,"['K70R', 'K219Q']",0,[]
35555,"D67N, K70R, M184V, T215I, K219E",1.1,"['D67N', 'K70R', 'M184V', 'T215I', 'K219E']",0,[]
8417,"T69E_KS, V75M, L210W, T215F",16.0,"['T69E_KS', 'V75M', 'L210W', 'T215F']",1,[]
63824,,1.0,[],0,[]
63718,"S68G, M184V, T215Y",0.9,"['S68G', 'M184V', 'T215Y']",0,[]
63844,"M41L, S68SG, T69T_SS, L74I, M184V, L210W",0.8,"['M41L', 'S68SG', 'T69T_SS', 'L74I', 'M184V', 'L210W']",0,[]
63810,"M41L, D67G, K70R, L74V, T215F, K219Q",2.0,"['M41L', 'D67G', 'K70R', 'L74V', 'T215F', 'K219Q']",1,[]
55467,"D67G, S68G, L74V, Y115F, M184V, T215F, K219E",1.3,"['D67G', 'S68G', 'L74V', 'Y115F', 'M184V', 'T215F', 'K219E']",0,[]
43082,M184V,0.6,['M184V'],0,[]
63714,"E44D, D67~, S68G, T69G, K70R, T215I, K219Q",2.5,"['E44D', 'D67~', 'S68G', 'T69G', 'K70R', 'T215I', 'K219Q']",1,[]
39194,"D67N, K70R, M184V, K219E",1.0,"['D67N', 'K70R', 'M184V', 'K219E']",0,[]
50054,M184V,0.6,['M184V'],0,[]
63754,M184V,0.7,['M184V'],0,[]
43058,"M41L, E44D, D67N, K70R, L74V, M184V, L210W, T215Y, K219E",4.0,"['M41L', 'E44D', 'D67N', 'K70R', 'L74V', 'M184V', 'L210W', 'T215Y', 'K219E']",1,[]
42578,S68G,1.0,['S68G'],0,[]
42019,"M41L, D67N, T69D, L210W, T215Y",4.3,"['M41L', 'D67N', 'T69D', 'L210W', 'T215Y']",1,[]
63818,"M41L, D67N, L210W, T215Y",4.4,"['M41L', 'D67N', 'L210W', 'T215Y']",1,[]
51394,K65R,1.1,['K65R'],0,[]
55483,"M41L, E44D, D67N, T69D, K70R, V75M, L210W, T215F, K219Q",3.6,"['M41L', 'E44D', 'D67N', 'T69D', 'K70R', 'V75M', 'L210W', 'T215F', 'K219Q']",1,[]
63772,,1.0,[],0,[]
35112,,1.0,[],0,[]
23888,"D67N, K70R, M184V, K219E",1.9,"['D67N', 'K70R', 'M184V', 'K219E']",1,[]
43084,,0.8,[],0,[]
43036,"M41L, L74V, M184V, L210W, T215Y",2.7,"['M41L', 'L74V', 'M184V', 'L210W', 'T215Y']",1,[]
63782,,1.0,[],0,[]
23718,"D67G, T69D, K70R, M184V, K219Q",1.4,"['D67G', 'T69D', 'K70R', 'M184V', 'K219Q']",0,[]
50943,"M41L, D67N, K70R, M184V, T215F, K219Q",1.5,"['M41L', 'D67N', 'K70R', 'M184V', 'T215F', 'K219Q']",0,[]
63820,"D67N, K70R, M184I, T215F, K219Q",1.3,"['D67N', 'K70R', 'M184I', 'T215F', 'K219Q']",0,[]
63758,,1.1,[],0,[]
21687,"D67N, K70R, M184V, K219E",0.9,"['D67N', 'K70R', 'M184V', 'K219E']",0,[]
21707,,1.0,[],0,[]
55461,"M41L, A62V, M184V, L210W, T215Y",1.1,"['M41L', 'A62V', 'M184V', 'L210W', 'T215Y']",0,[]
34308,"D67N, K70KR, M184V, T215F, K219E",0.6,"['D67N', 'K70KR', 'M184V', 'T215F', 'K219E']",0,[]
21697,"M41L, M184V, T215Y",1.7,"['M41L', 'M184V', 'T215Y']",1,[]
43024,"L74V, M184V",0.9,"['L74V', 'M184V']",0,[]
55485,"M41L, E44D, D67N, T69D, K70R, V75M, L210W, T215F, K219Q",4.1,"['M41L', 'E44D', 'D67N', 'T69D', 'K70R', 'V75M', 'L210W', 'T215F', 'K219Q']",1,[]
63710,"D67N, K70R, M184V, K219Q",0.9,"['D67N', 'K70R', 'M184V', 'K219Q']",0,[]
43046,,0.8,[],0,[]
21113,"D67G, S68G, K70R, T215F, K219E",1.7,"['D67G', 'S68G', 'K70R', 'T215F', 'K219E']",1,[]
55455,"D67N, K70R, M184V, K219Q",1.4,"['D67N', 'K70R', 'M184V', 'K219Q']",0,[]
43060,"M41L, L210W, T215Y",2.0,"['M41L', 'L210W', 'T215Y']",1,[]
20247,,0.8,[],0,[]
63794,"M41L, L74V, T215Y",1.4,"['M41L', 'L74V', 'T215Y']",0,[]
40734,"D67N, K70R, L74V, M184V, K219Q",1.5,"['D67N', 'K70R', 'L74V', 'M184V', 'K219Q']",0,[]
42886,"M41L, D67N, T69D, V75T, L210W, T215Y, K219N",5.2,"['M41L', 'D67N', 'T69D', 'V75T', 'L210W', 'T215Y', 'K219N']",1,[]
63830,"M41L, M184V, L210W, T215Y",2.3,"['M41L', 'M184V', 'L210W', 'T215Y']",1,[]
63866,"D67N, K70R, L74V, K219Q",2.7,"['D67N', 'K70R', 'L74V', 'K219Q']",1,[]
63750,M184V,0.9,['M184V'],0,[]
63778,"M41L, D67N, M184V, T215F",1.9,"['M41L', 'D67N', 'M184V', 'T215F']",1,[]
42023,"D67N, M184V, L210W, T215Y, K219N",2.8,"['D67N', 'M184V', 'L210W', 'T215Y', 'K219N']",1,[]
55471,"M184V, L210W, T215Y",0.9,"['M184V', 'L210W', 'T215Y']",0,[]
43066,"M41L, E44D, D67N, L74V, M184V, L210W, T215Y, K219N",3.6,"['M41L', 'E44D', 'D67N', 'L74V', 'M184V', 'L210W', 'T215Y', 'K219N']",1,[]
43074,"M41L, E44D, D67N, T69D, L210W, T215Y, K219KR",5.4,"['M41L', 'E44D', 'D67N', 'T69D', 'L210W', 'T215Y', 'K219KR']",1,[]
63836,"M41L, E44D, D67N, K70KR, L74LI, M184V, L210W, T215Y, K219Q",2.7,"['M41L', 'E44D', 'D67N', 'K70KR', 'L74LI', 'M184V', 'L210W', 'T215Y', 'K219Q']",1,[]
55477,"M41L, E44D, D67N, M184V, L210W, T215Y",2.1,"['M41L', 'E44D', 'D67N', 'M184V', 'L210W', 'T215Y']",1,[]
55457,,1.2,[],0,[]
42686,K70N,1.2,['K70N'],0,[]
42043,"M41L, D67N, L74V, M184V, L210W, T215Y",3.2,"['M41L', 'D67N', 'L74V', 'M184V', 'L210W', 'T215Y']",1,[]
43028,"K65R, M184V",0.9,"['K65R', 'M184V']",0,[]
50893,"M41L, E44D, D67N, L74I, M184V, L210W, T215Y",3.0,"['M41L', 'E44D', 'D67N', 'L74I', 'M184V', 'L210W', 'T215Y']",1,[]
43090,,1.0,[],0,[]
55451,,1.1,[],0,[]
63862,T215Y,1.6,['T215Y'],0,[]
40739,"K70R, L74I, Y115F, M184V",0.8,"['K70R', 'L74I', 'Y115F', 'M184V']",0,[]
63762,"M41L, M184V, T215Y",1.6,"['M41L', 'M184V', 'T215Y']",0,[]
43044,"M41L, T69D, V75M, L210W, T215Y, K219R",4.1,"['M41L', 'T69D', 'V75M', 'L210W', 'T215Y', 'K219R']",1,[]
43056,,0.9,[],0,[]
63776,"M41L, M184V",0.8,"['M41L', 'M184V']",0,[]
42570,,1.0,[],0,[]
21174,"M41L, D67N, K70R, M184V, T215F, K219Q",2.1,"['M41L', 'D67N', 'K70R', 'M184V', 'T215F', 'K219Q']",1,[]
39023,"M41L, M184V, L210W, T215Y",2.6,"['M41L', 'M184V', 'L210W', 'T215Y']",1,[]
63826,,0.8,[],0,[]
63852,"M41L, D67G, S68G, L74V, V75VA, M184V, L210W, T215Y, K219N",5.8,"['M41L', 'D67G', 'S68G', 'L74V', 'V75VA', 'M184V', 'L210W', 'T215Y', 'K219N']",1,[]
63712,,1.2,[],0,[]
59287,"M41L, L74V, M184V, L210W, T215Y",1.8,"['M41L', 'L74V', 'M184V', 'L210W', 'T215Y']",1,[]
43072,"M41L, L74I, M184V, L210W, T215Y",1.8,"['M41L', 'L74I', 'M184V', 'L210W', 'T215Y']",1,[]
43050,"M41L, A62V, T69D, V75T, L210W, T215Y",3.3,"['M41L', 'A62V', 'T69D', 'V75T', 'L210W', 'T215Y']",1,[]
43018,"L74V, Y115F, M184V, K219E",0.6,"['L74V', 'Y115F', 'M184V', 'K219E']",0,[]
42027,"S68N, K70T, L74V, V75T, Y115F, Q151M, M184V",6.6,"['S68N', 'K70T', 'L74V', 'V75T', 'Y115F', 'Q151M', 'M184V']",1,[]
63858,"M41L, T215Y, K219R",2.0,"['M41L', 'T215Y', 'K219R']",1,[]
21675,"M41L, D67N, K70R, L74V, M184V, L210W, T215Y, K219E",3.4,"['M41L', 'D67N', 'K70R', 'L74V', 'M184V', 'L210W', 'T215Y', 'K219E']",1,[]
41189,"M41L, M184V, T215Y",1.2,"['M41L', 'M184V', 'T215Y']",0,[]
51395,"K65R, M184V",1.0,"['K65R', 'M184V']",0,[]
60958,,0.9,[],0,[]
63732,"E44D, D67N, T69D, L210W, T215D",0.9,"['E44D', 'D67N', 'T69D', 'L210W', 'T215D']",0,[]
48426,"D67DN, K70KR, M184MV",2.7,"['D67DN', 'K70KR', 'M184MV']",1,[]
38305,,0.8,[],0,[]
55459,,0.7,[],0,[]
55449,"D67N, K70R, T215F, K219E",2.1,"['D67N', 'K70R', 'T215F', 'K219E']",1,[]
43038,"M41L, D67DN, M184V, L210W, T215Y, K219KN",2.3,"['M41L', 'D67DN', 'M184V', 'L210W', 'T215Y', 'K219KN']",1,[]
63786,"M41L, D67N, T69D, M184V, L210W, T215Y",2.7,"['M41L', 'D67N', 'T69D', 'M184V', 'L210W', 'T215Y']",1,[]
43032,,1.0,[],0,[]
43042,S68G,0.9,['S68G'],0,[]
63738,"M41L, E44D, D67N, L74V, M184V, L210W, T215Y",2.9,"['M41L', 'E44D', 'D67N', 'L74V', 'M184V', 'L210W', 'T215Y']",1,[]
63728,"D67N, K70R, T215F, K219E",1.8,"['D67N', 'K70R', 'T215F', 'K219E']",1,[]
34521,"D67G, S68G, K70R, M184V, T215V, K219E",1.4,"['D67G', 'S68G', 'K70R', 'M184V', 'T215V', 'K219E']",0,[]
92196,"M41L, L74V, M184V, L210W, T215Y",1.6,"['M41L', 'L74V', 'M184V', 'L210W', 'T215Y']",0,[]
91781,"M41ML, A62AV, M184V, L210LW, T215Y",1.7,"['M41ML', 'A62AV', 'M184V', 'L210LW', 'T215Y']",1,[]
92269,"D67N, T69D, K70R, M184V, T215F, K219Q",1.0,"['D67N', 'T69D', 'K70R', 'M184V', 'T215F', 'K219Q']",0,[]
91795,"M41L, D67N, L74I, V75T, M184V, L210W, T215Y, K219Q",5.5,"['M41L', 'D67N', 'L74I', 'V75T', 'M184V', 'L210W', 'T215Y', 'K219Q']",1,[]
91811,"M41L, D67N, M184V, L210W, T215Y",3.6,"['M41L', 'D67N', 'M184V', 'L210W', 'T215Y']",1,[]
91867,"M41L, E44ED, M184V, L210W, T215F",2.1,"['M41L', 'E44ED', 'M184V', 'L210W', 'T215F']",1,[]
91879,"M41L, E44D, D67N, K70R, L74V, L210W, T215Y, K219E",3.4,"['M41L', 'E44D', 'D67N', 'K70R', 'L74V', 'L210W', 'T215Y', 'K219E']",1,[]
91807,"M41L, E44D, D67N, L210W, T215Y, K219N",3.8,"['M41L', 'E44D', 'D67N', 'L210W', 'T215Y', 'K219N']",1,[]
92283,"M41L, D67N, K70R, L210W, T215Y, K219E",2.9,"['M41L', 'D67N', 'K70R', 'L210W', 'T215Y', 'K219E']",1,[]
92249,"M41L, D67N, L74V, M184V, L210W, T215Y",3.0,"['M41L', 'D67N', 'L74V', 'M184V', 'L210W', 'T215Y']",1,[]
91716,"M41L, D67N, T69D, L210W, T215Y",3.4,"['M41L', 'D67N', 'T69D', 'L210W', 'T215Y']",1,[]
91694,"M41L, D67N, K70G, L74I, V75T, T215F, K219Q",2.6,"['M41L', 'D67N', 'K70G', 'L74I', 'V75T', 'T215F', 'K219Q']",1,[]
91772,"M41L, D67GV, S68G, K70R, L74I, L210W, T215F, K219E",4.4,"['M41L', 'D67GV', 'S68G', 'K70R', 'L74I', 'L210W', 'T215F', 'K219E']",1,[]
92172,"E40F, M41L, D67N, L74V, L210W, T215Y, K219N",5.9,"['E40F', 'M41L', 'D67N', 'L74V', 'L210W', 'T215Y', 'K219N']",1,[]
92202,"M41L, A62V, V75I, T215Y",1.9,"['M41L', 'A62V', 'V75I', 'T215Y']",1,[]
91831,"M41L, E44D, D67N, T69D, V75M, L210W, T215Y",3.4,"['M41L', 'E44D', 'D67N', 'T69D', 'V75M', 'L210W', 'T215Y']",1,[]
91698,"D67N, T215F",1.7,"['D67N', 'T215F']",1,[]
91823,"M41L, L210W, T215Y",2.1,"['M41L', 'L210W', 'T215Y']",1,[]
91873,"M41L, M184MV, T215Y",1.6,"['M41L', 'M184MV', 'T215Y']",0,[]
92271,"M41L, E44D, D67N, T69D, L74V, L210W, T215Y",4.1,"['M41L', 'E44D', 'D67N', 'T69D', 'L74V', 'L210W', 'T215Y']",1,[]
91750,"M41L, D67N, L210W, T215Y, K219R",2.6,"['M41L', 'D67N', 'L210W', 'T215Y', 'K219R']",1,[]
91799,"M41L, E44D, D67N, L74V, L210W, T215Y, K219N",3.8,"['M41L', 'E44D', 'D67N', 'L74V', 'L210W', 'T215Y', 'K219N']",1,[]
91847,"M41ML, D67N, T69D, K219R",1.3,"['M41ML', 'D67N', 'T69D', 'K219R']",0,[]
91742,"M41L, D67N, T69D, K70R, V75MT, T215F, K219Q",2.9,"['M41L', 'D67N', 'T69D', 'K70R', 'V75MT', 'T215F', 'K219Q']",1,[]
91901,"M41L, E44EAD, D67N, M184V, L210W, T215Y",2.7,"['M41L', 'E44EAD', 'D67N', 'M184V', 'L210W', 'T215Y']",1,[]
92294,"M41L, E44D, D67E, S68G, L74I, V75M, M184V, L210W, T215Y",3.1,"['M41L', 'E44D', 'D67E', 'S68G', 'L74I', 'V75M', 'M184V', 'L210W', 'T215Y']",1,[]
91913,"M41L, T215Y",1.3,"['M41L', 'T215Y']",0,[]
91728,"A62V, K65R, K70T, V75I, F77L, Y115F, F116Y, Q151M, M184V",25.0,"['A62V', 'K65R', 'K70T', 'V75I', 'F77L', 'Y115F', 'F116Y', 'Q151M', 'M184V']",1,[]
91885,"M41L, D67N, L74I, M184V, T215Y",1.8,"['M41L', 'D67N', 'L74I', 'M184V', 'T215Y']",1,[]
91785,"M41L, D67N, K70R, L74V, L210W, T215F, K219W",30.0,"['M41L', 'D67N', 'K70R', 'L74V', 'L210W', 'T215F', 'K219W']",1,[]
91917,,1.0,[],0,[]
91726,"M41L, D67N, T69D, K70R, T215F, K219Q",3.7,"['M41L', 'D67N', 'T69D', 'K70R', 'T215F', 'K219Q']",1,[]
91859,"M41L, E44D, D67N, V75A, M184V, L210W, T215Y",2.9,"['M41L', 'E44D', 'D67N', 'V75A', 'M184V', 'L210W', 'T215Y']",1,[]
91708,,0.9,[],0,[]
91801,M184V,0.7,['M184V'],0,[]
91887,"D67H, K70R, M184V, T215F, K219*E",1.4,"['D67H', 'K70R', 'M184V', 'T215F', 'K219*E']",0,[]
91762,"M41L, D67N, V75M, L210W, T215Y",3.7,"['M41L', 'D67N', 'V75M', 'L210W', 'T215Y']",1,[]
92182,"M41L, E44ED, D67N, V75ILM, L210W, T215Y, K219R",4.5,"['M41L', 'E44ED', 'D67N', 'V75ILM', 'L210W', 'T215Y', 'K219R']",1,[]
91776,,0.9,[],0,[]
91787,"M41L, A62V, V75I, T215Y",1.6,"['M41L', 'A62V', 'V75I', 'T215Y']",0,[]
92225,"M41L, S68G, M184V, T215Y",1.2,"['M41L', 'S68G', 'M184V', 'T215Y']",0,[]
92208,"D67N, S68N, L74V, T215Y, K219E",1.2,"['D67N', 'S68N', 'L74V', 'T215Y', 'K219E']",0,[]
91758,"D67DN, T215Y",1.5,"['D67DN', 'T215Y']",0,[]
92178,"L74V, Y115F, M184V",8.3,"['L74V', 'Y115F', 'M184V']",1,[]
91861,"K70KN, L74V, Y115F, Q151M, M184V, K219Q",4.4,"['K70KN', 'L74V', 'Y115F', 'Q151M', 'M184V', 'K219Q']",1,[]
91837,"D67N, L74IV, M184V, T215I, K219E",0.6,"['D67N', 'L74IV', 'M184V', 'T215I', 'K219E']",0,[]
91738,"M41L, D67N, L210W, T215Y, K219N",2.2,"['M41L', 'D67N', 'L210W', 'T215Y', 'K219N']",1,[]
92233,"M41ML, E44ED, T69AD, L210LW, K219KR",3.6,"['M41ML', 'E44ED', 'T69AD', 'L210LW', 'K219KR']",1,[]
92273,"M41L, E44D, D67S, T69T_VT, L210W, T215Y",21.0,"['M41L', 'E44D', 'D67S', 'T69T_VT', 'L210W', 'T215Y']",1,[]
91827,"M41L, D67DN, M184V, T215Y",1.3,"['M41L', 'D67DN', 'M184V', 'T215Y']",0,[]
91905,"K65R, S68G, Q151M",8.0,"['K65R', 'S68G', 'Q151M']",1,[]
91911,"M41L, E44D, D67G, S68G, V75M, L210W, T215Y",3.3,"['M41L', 'E44D', 'D67G', 'S68G', 'V75M', 'L210W', 'T215Y']",1,[]
92287,"M41L, S68G, M184V, L210W, T215Y",1.5,"['M41L', 'S68G', 'M184V', 'L210W', 'T215Y']",0,[]
92265,"M41L, D67N, L210W, T215Y",2.2,"['M41L', 'D67N', 'L210W', 'T215Y']",1,[]
92192,"M41L, M184V, L210W, T215Y, K219E",1.2,"['M41L', 'M184V', 'L210W', 'T215Y', 'K219E']",0,[]
91791,"M41L, K65KE, L74V, M184V, T215Y",1.6,"['M41L', 'K65KE', 'L74V', 'M184V', 'T215Y']",0,[]
91754,"M41L, L74V, M184V, L210W, T215Y",1.4,"['M41L', 'L74V', 'M184V', 'L210W', 'T215Y']",0,[]
91897,"D67N, K70R, T215F, K219Q",2.2,"['D67N', 'K70R', 'T215F', 'K219Q']",1,[]
92200,"D67N, K70R, K219Q",1.3,"['D67N', 'K70R', 'K219Q']",0,[]
91734,T215Y,1.9,['T215Y'],1,[]
92174,"M41L, E44D, D67N, T69DN, K70R, L74I, L210W, T215F, K219Q",4.1,"['M41L', 'E44D', 'D67N', 'T69DN', 'K70R', 'L74I', 'L210W', 'T215F', 'K219Q']",1,[]
91748,"M41L, D67N, L210W, T215Y, K219R",3.4,"['M41L', 'D67N', 'L210W', 'T215Y', 'K219R']",1,[]
92277,"M41L, E44A, D67N, T69D, V75M, M184V, L210W, T215Y",2.7,"['M41L', 'E44A', 'D67N', 'T69D', 'V75M', 'M184V', 'L210W', 'T215Y']",1,[]
91817,"M41ML, D67N, T69DY, K70R, M184V, T215F, K219Q",1.4,"['M41ML', 'D67N', 'T69DY', 'K70R', 'M184V', 'T215F', 'K219Q']",0,[]
91863,M184MV,0.9,['M184MV'],0,[]
92241,"M41L, D67N, L74V, M184V, L210W, T215Y, K219N",3.2,"['M41L', 'D67N', 'L74V', 'M184V', 'L210W', 'T215Y', 'K219N']",1,[]
91712,"M41L, M184V, L210W, T215Y",2.2,"['M41L', 'M184V', 'L210W', 'T215Y']",1,[]
92229,"S68G, F116Y, Q151M, M184V",5.3,"['S68G', 'F116Y', 'Q151M', 'M184V']",1,[]
91704,"D67N, K70GR, L74LV, T215I, K219E",1.4,"['D67N', 'K70GR', 'L74LV', 'T215I', 'K219E']",0,[]
91821,"K65KR, S68G, K70R, V75I, F77L, Y115F, F116Y, Q151M, K219E",24.0,"['K65KR', 'S68G', 'K70R', 'V75I', 'F77L', 'Y115F', 'F116Y', 'Q151M', 'K219E']",1,[]
91702,,1.1,[],0,[]
91853,"M41L, E44A, D67N, L74I, V75M, M184V, L210W, T215Y, K219KN",2.9,"['M41L', 'E44A', 'D67N', 'L74I', 'V75M', 'M184V', 'L210W', 'T215Y', 'K219KN']",1,[]
92216,"D67N, T69D, K70R, L74V, M184V, K219Q",1.1,"['D67N', 'T69D', 'K70R', 'L74V', 'M184V', 'K219Q']",0,[]
91919,"A62V, T69T_T, V75T",8.0,"['A62V', 'T69T_T', 'V75T']",1,[]
91779,"D67N, K70R, T215F, K219E",2.0,"['D67N', 'K70R', 'T215F', 'K219E']",1,[]
91825,"M41L, D67N, L210W, T215Y, K219KN",3.9,"['M41L', 'D67N', 'L210W', 'T215Y', 'K219KN']",1,[]
91903,"M41L, E44ED, L74V, M184V, L210LW, T215Y",1.8,"['M41L', 'E44ED', 'L74V', 'M184V', 'L210LW', 'T215Y']",1,[]
91696,"M41L, T69S_SS, L210W, T215Y",9.2,"['M41L', 'T69S_SS', 'L210W', 'T215Y']",1,[]
91764,"M41L, D67N, V75M, L210W, T215Y",3.6,"['M41L', 'D67N', 'V75M', 'L210W', 'T215Y']",1,[]
92204,"M41L, D67N, L74V, L210W, T215Y, K219R",5.9,"['M41L', 'D67N', 'L74V', 'L210W', 'T215Y', 'K219R']",1,[]
91700,"D67N, K70R, K219Q",1.3,"['D67N', 'K70R', 'K219Q']",0,[]
91895,"M41L, E44D, D67N, M184V, L210W, T215Y, K219N",3.7,"['M41L', 'E44D', 'D67N', 'M184V', 'L210W', 'T215Y', 'K219N']",1,[]
92279,"M41L, D67N, L210LW, T215Y, K219R",3.1,"['M41L', 'D67N', 'L210LW', 'T215Y', 'K219R']",1,[]
91813,"M41L, D67N, T69D, K70R, V75M, T215Y, K219Q",3.2,"['M41L', 'D67N', 'T69D', 'K70R', 'V75M', 'T215Y', 'K219Q']",1,[]
91833,"M41L, E44D, D67N, T69D, V75M, L210W, T215Y",3.2,"['M41L', 'E44D', 'D67N', 'T69D', 'V75M', 'L210W', 'T215Y']",1,[]
92231,"E40F, M41L, T69D, V75M, L210W, T215Y",9.8,"['E40F', 'M41L', 'T69D', 'V75M', 'L210W', 'T215Y']",1,[]
91740,,0.8,[],0,[]
91877,T215Y,1.8,['T215Y'],1,[]
91746,"M41L, L74V, V75S, M184V, T215Y",3.2,"['M41L', 'L74V', 'V75S', 'M184V', 'T215Y']",1,[]
92255,"M41L, L74V, V75S, M184V, T215Y",1.7,"['M41L', 'L74V', 'V75S', 'M184V', 'T215Y']",1,[]
92180,"D67N, K70R, M184V, T215V, K219Q",1.8,"['D67N', 'K70R', 'M184V', 'T215V', 'K219Q']",1,[]
92289,"M41L, L74LFI, V75VI, L210W, T215Y",3.3,"['M41L', 'L74LFI', 'V75VI', 'L210W', 'T215Y']",1,[]
92292,"M41L, E44A, D67N, T69D, L210W, T215Y",5.3,"['M41L', 'E44A', 'D67N', 'T69D', 'L210W', 'T215Y']",1,[]
92221,"M41L, D67N, L210W, T215Y",4.6,"['M41L', 'D67N', 'L210W', 'T215Y']",1,[]
91915,M41L,1.5,['M41L'],0,[]
91907,"M41L, D67N, L74V, L210W, T215Y, K219N",3.5,"['M41L', 'D67N', 'L74V', 'L210W', 'T215Y', 'K219N']",1,[]
91883,"D67N, L74LV, L210LW, T215NY, K219N",2.9,"['D67N', 'L74LV', 'L210LW', 'T215NY', 'K219N']",1,[]
91789,"M41L, D67N, T69D, L210W, T215Y, K219R",4.5,"['M41L', 'D67N', 'T69D', 'L210W', 'T215Y', 'K219R']",1,[]
91774,"A62V, K65R, D67N, S68G, V75I, F77L, Y115F, F116Y, Q151M, K219E",23.0,"['A62V', 'K65R', 'D67N', 'S68G', 'V75I', 'F77L', 'Y115F', 'F116Y', 'Q151M', 'K219E']",1,[]
92198,"M41L, M184V, T215Y",1.4,"['M41L', 'M184V', 'T215Y']",0,[]
92251,"M41L, E44D, D67N, L74LV, M184V, L210W, T215Y, K219N",4.5,"['M41L', 'E44D', 'D67N', 'L74LV', 'M184V', 'L210W', 'T215Y', 'K219N']",1,[]
92186,,1.4,[],0,[]
91710,"M41L, L210W, T215Y",2.5,"['M41L', 'L210W', 'T215Y']",1,[]
91891,"M41L, D67DN, M184V, L210W, T215Y",1.5,"['M41L', 'D67DN', 'M184V', 'L210W', 'T215Y']",0,[]
91730,"M41L, E44D, T69D, L210W, T215Y, K219R",6.4,"['M41L', 'E44D', 'T69D', 'L210W', 'T215Y', 'K219R']",1,[]
92261,"D67N, K70R, M184V, T215F, K219Q",1.7,"['D67N', 'K70R', 'M184V', 'T215F', 'K219Q']",1,[]
92247,"M41L, M184V, L210W, T215Y",1.9,"['M41L', 'M184V', 'L210W', 'T215Y']",1,[]
92206,"M41L, M184V, L210W, T215Y",1.6,"['M41L', 'M184V', 'L210W', 'T215Y']",0,[]
92237,"M41L, E44D, D67N, T69D, M184V, L210W, T215Y, K219KR",3.8,"['M41L', 'E44D', 'D67N', 'T69D', 'M184V', 'L210W', 'T215Y', 'K219KR']",1,[]
91819,"M41L, E44D, D67N, L74I, V75A, M184V, L210L*W, T215Y",5.1,"['M41L', 'E44D', 'D67N', 'L74I', 'V75A', 'M184V', 'L210L*W', 'T215Y']",1,[]
91845,"D67N, K70G, T215F, K219Q",1.5,"['D67N', 'K70G', 'T215F', 'K219Q']",0,[]
91865,"M41L, E44D, D67N, L74V, T215Y",3.1,"['M41L', 'E44D', 'D67N', 'L74V', 'T215Y']",1,[]
91736,M184V,0.9,['M184V'],0,[]
92285,"M41L, S68G, M184V, L210W, T215Y",2.1,"['M41L', 'S68G', 'M184V', 'L210W', 'T215Y']",1,[]
91839,"M41L, T69T_ST, V75M, M184V, T215Y",3.6,"['M41L', 'T69T_ST', 'V75M', 'M184V', 'T215Y']",1,[]
92218,"M41L, M184V, L210W, T215Y",1.7,"['M41L', 'M184V', 'L210W', 'T215Y']",1,[]
91855,"T69G_SG, V75M, M184V, T215F",7.0,"['T69G_SG', 'V75M', 'M184V', 'T215F']",1,[]
91881,"M41L, E44D, D67N, K70R, L74V, L210W, T215Y, K219E",6.3,"['M41L', 'E44D', 'D67N', 'K70R', 'L74V', 'L210W', 'T215Y', 'K219E']",1,[]
92190,T215Y,1.7,['T215Y'],1,[]
92239,"M41L, E44D, D67N, T69D, M184V, L210W, T215Y, K219KR",3.3,"['M41L', 'E44D', 'D67N', 'T69D', 'M184V', 'L210W', 'T215Y', 'K219KR']",1,[]
92227,"M41L, E44D, D67N, T69D, L74V, F77FL, M184V, L210W, T215Y",1.9,"['M41L', 'E44D', 'D67N', 'T69D', 'L74V', 'F77FL', 'M184V', 'L210W', 'T215Y']",1,[]
91724,"M41L, L210LW, T215Y",1.8,"['M41L', 'L210LW', 'T215Y']",1,[]
91805,"D67N, K70R, L74V, Y115F, M184V, K219E",0.9,"['D67N', 'K70R', 'L74V', 'Y115F', 'M184V', 'K219E']",0,[]
91857,"M41L, E44D, D67N, M184V, L210W, T215Y",2.0,"['M41L', 'E44D', 'D67N', 'M184V', 'L210W', 'T215Y']",1,[]
92188,T215Y,1.5,['T215Y'],0,[]
92223,"M41L, L74V, Y115F, M184V, T215Y, K219E",1.2,"['M41L', 'L74V', 'Y115F', 'M184V', 'T215Y', 'K219E']",0,[]
91714,"L74V, M184V",0.9,"['L74V', 'M184V']",0,[]
91809,"M41L, M184V, T215CY",1.2,"['M41L', 'M184V', 'T215CY']",0,[]
91841,"M41L, E44D, D67N, L210W, T215Y",3.4,"['M41L', 'E44D', 'D67N', 'L210W', 'T215Y']",1,[]
91756,"A62V, D67DG, T69DN, K70KN, V75T, M184V",1.6,"['A62V', 'D67DG', 'T69DN', 'K70KN', 'V75T', 'M184V']",0,[]
91889,"D67N, K70KR, T215TI, K219Q",2.0,"['D67N', 'K70KR', 'T215TI', 'K219Q']",1,[]
91720,"M41L, A62V, T69S_SS, M184I, L210W, T215Y",5.4,"['M41L', 'A62V', 'T69S_SS', 'M184I', 'L210W', 'T215Y']",1,[]
91851,"D67N, K70R, M184V, T215I, K219E",1.1,"['D67N', 'K70R', 'M184V', 'T215I', 'K219E']",0,[]
91815,"M41L, D67N, K70R, L210W, T215F, K219Q",4.9,"['M41L', 'D67N', 'K70R', 'L210W', 'T215F', 'K219Q']",1,[]
92235,"M41L, L74V, M184V, L210W, T215Y",1.4,"['M41L', 'L74V', 'M184V', 'L210W', 'T215Y']",0,[]
91718,,1.0,[],0,[]
91797,"A62V, D67N, V75I, F116FY, T215NY, K219Q",6.5,"['A62V', 'D67N', 'V75I', 'F116FY', 'T215NY', 'K219Q']",1,[]
91706,"M41L, D67N, T69D, K70R, M184V, T215F, K219Q",1.6,"['M41L', 'D67N', 'T69D', 'K70R', 'M184V', 'T215F', 'K219Q']",0,[]
91752,"D67N, K70R, L74LV, K219Q",4.3,"['D67N', 'K70R', 'L74LV', 'K219Q']",1,[]
92259,"M41L, E44D, D67N, T69D, L74LI, V75A, M184V, L210W, T215Y",3.5,"['M41L', 'E44D', 'D67N', 'T69D', 'L74LI', 'V75A', 'M184V', 'L210W', 'T215Y']",1,[]
92210,"M41L, D67N, T69D, K70R, L74V, V75T, T215F, K219Q",4.0,"['M41L', 'D67N', 'T69D', 'K70R', 'L74V', 'V75T', 'T215F', 'K219Q']",1,[]
92267,"M41L, E44ED, D67G, T69D, V75M, M184MV, L210W, T215Y, K219R",6.0,"['M41L', 'E44ED', 'D67G', 'T69D', 'V75M', 'M184MV', 'L210W', 'T215Y', 'K219R']",1,[]
92176,T215L,1.1,['T215L'],0,[]
91732,"M41L, E44D, T69D, M184V, L210W, T215Y, K219R",4.1,"['M41L', 'E44D', 'T69D', 'M184V', 'L210W', 'T215Y', 'K219R']",1,[]
91869,"M41L, E44ED, L210W, T215F",1.7,"['M41L', 'E44ED', 'L210W', 'T215F']",1,[]
91899,"M41L, E44EAD, D67N, M184V, L210W, T215Y",3.9,"['M41L', 'E44EAD', 'D67N', 'M184V', 'L210W', 'T215Y']",1,[]
92184,"D67N, K70R, T215F, K219Q",1.9,"['D67N', 'K70R', 'T215F', 'K219Q']",1,[]
92275,"M41L, D67N, T69D, K70R, L74I, V75T, L210LW, T215F, K219Q",3.2,"['M41L', 'D67N', 'T69D', 'K70R', 'L74I', 'V75T', 'L210LW', 'T215F', 'K219Q']",1,[]
125417,E44D,1.1,['E44D'],0,[]
128485,,0.6,[],0,[]
183806,"M41L, T215D",1.1,"['M41L', 'T215D']",0,[]
183803,S68G,1.1,['S68G'],0,[]
183800,"M41L, T215Y",2.0,"['M41L', 'T215Y']",1,[]
183798,"M41L, L74V, M184V, T215Y",1.9,"['M41L', 'L74V', 'M184V', 'T215Y']",1,[]
183801,,1.5,[],0,[]
183799,"M41L, D67G, L74I, M184V, T215Y",1.6,"['M41L', 'D67G', 'L74I', 'M184V', 'T215Y']",0,[]
183804,"M41L, T215F",1.9,"['M41L', 'T215F']",1,[]
183802,"K70R, M184V, T215F",2.0,"['K70R', 'M184V', 'T215F']",1,[]
183808,"M41L, L210W, T215Y",3.2,"['M41L', 'L210W', 'T215Y']",1,[]
183805,"M41L, E44D, D67N, T69D, L74I, L210W, T215Y",7.8,"['M41L', 'E44D', 'D67N', 'T69D', 'L74I', 'L210W', 'T215Y']",1,[]
184293,K70~,1.0,['K70~'],0,[]
184294,"K70~, Q151M",4.7,"['K70~', 'Q151M']",1,[]
184295,"K70~, L74V",4.6,"['K70~', 'L74V']",1,[]
184292,Q151M,3.8,['Q151M'],1,[]
184296,L74V,1.2,['L74V'],0,[]
184297,,1.0,[],0,[]
184306,M184V,0.8,['M184V'],0,[]
184309,,1.0,[],0,[]
184305,M184I,0.7,['M184I'],0,[]
184308,M184V,1.0,['M184V'],0,[]
184304,,1.2,[],0,[]
184307,M184I,1.0,['M184I'],0,[]
184320,"M41L, D67N, K70R, M184V, T215F, K219Q",3.7,"['M41L', 'D67N', 'K70R', 'M184V', 'T215F', 'K219Q']",1,[]
184326,"M41L, D67G, K70R, L74I, M184V, T215F, K219Q",2.9,"['M41L', 'D67G', 'K70R', 'L74I', 'M184V', 'T215F', 'K219Q']",1,[]
184319,"D67N, K70R",2.4,"['D67N', 'K70R']",1,[]
184318,"D67N, K70R, T215E, K219Q",3.7,"['D67N', 'K70R', 'T215E', 'K219Q']",1,[]
184323,"M41L, D67N, T69D, V75T, L210W, T215Y",4.5,"['M41L', 'D67N', 'T69D', 'V75T', 'L210W', 'T215Y']",1,[]
184321,"M41L, D67N, K70R, M184V, T215F, K219Q",2.8,"['M41L', 'D67N', 'K70R', 'M184V', 'T215F', 'K219Q']",1,[]
184327,"M41L, D67G, K70R, L74I, M184V, T215F, K219Q",2.2,"['M41L', 'D67G', 'K70R', 'L74I', 'M184V', 'T215F', 'K219Q']",1,[]
184324,"D67N, K70R, L74I, M184V, T215F, K219Q",2.3,"['D67N', 'K70R', 'L74I', 'M184V', 'T215F', 'K219Q']",1,[]
184325,"D67N, K70R, M184V, T215F, K219Q",1.1,"['D67N', 'K70R', 'M184V', 'T215F', 'K219Q']",0,[]
184328,"D67N, K70R, K219Q",4.8,"['D67N', 'K70R', 'K219Q']",1,[]
184329,"D67N, K70R, K219Q",2.0,"['D67N', 'K70R', 'K219Q']",1,[]
184322,"M41L, D67N, T69D, V75T, L210W, T215Y",7.0,"['M41L', 'D67N', 'T69D', 'V75T', 'L210W', 'T215Y']",1,[]
96320,"M41ML, D67N, M184MIV, T215F, K219Q",1.1,"['M41ML', 'D67N', 'M184MIV', 'T215F', 'K219Q']",0,[]
122671,"M41ML, L74LI, M184MV, L210LW, T215SY",1.2,"['M41ML', 'L74LI', 'M184MV', 'L210LW', 'T215SY']",0,[]
135157,"L74LI, M184V",0.7,"['L74LI', 'M184V']",0,[]
95241,"D67G, K70R, T215I, K219Q",2.0,"['D67G', 'K70R', 'T215I', 'K219Q']",1,[]
68581,"M41L, D67N, L74V, M184V, L210W, T215Y, K219Q",2.2,"['M41L', 'D67N', 'L74V', 'M184V', 'L210W', 'T215Y', 'K219Q']",1,[]
184271,"M41L, D67N, T69D, M184V, L210W, T215F",2.5,"['M41L', 'D67N', 'T69D', 'M184V', 'L210W', 'T215F']",1,[]
70969,"M41L, D67N, L74LI, M184V, L210W, T215Y, K219N",3.7,"['M41L', 'D67N', 'L74LI', 'M184V', 'L210W', 'T215Y', 'K219N']",1,[]
95064,"M41L, M184V, L210W, T215Y",3.1,"['M41L', 'M184V', 'L210W', 'T215Y']",1,[]
95836,"M41L, E44A, D67N, V75M, F77L, M184V, L210W, T215Y, K219Q",2.0,"['M41L', 'E44A', 'D67N', 'V75M', 'F77L', 'M184V', 'L210W', 'T215Y', 'K219Q']",1,[]
88725,M184MV,0.8,['M184MV'],0,[]
125012,,1.0,[],0,[]
84914,"M41L, E44D, T69D, L210W, T215Y, K219R",5.7,"['M41L', 'E44D', 'T69D', 'L210W', 'T215Y', 'K219R']",1,[]
50903,"M41L, E44ED, D67N, L74LI, M184MV, L210W, T215Y, K219KN",3.7,"['M41L', 'E44ED', 'D67N', 'L74LI', 'M184MV', 'L210W', 'T215Y', 'K219KN']",1,[]
88793,,0.9,[],0,[]
92511,M184V,0.9,['M184V'],0,[]
127370,,1.1,[],0,[]
127344,,0.8,[],0,[]
166050,"T69D, M184V",0.6,"['T69D', 'M184V']",0,[]
59233,"M41L, D67N, L74I, V75T, M184V, L210W, T215Y",3.4,"['M41L', 'D67N', 'L74I', 'V75T', 'M184V', 'L210W', 'T215Y']",1,[]
177176,,0.6,[],0,[]
88779,"M184MIV, T215TI",0.9,"['M184MIV', 'T215TI']",0,[]
86056,"D67G, S68G, K70R, M184V, L210W, T215F, K219W",12.0,"['D67G', 'S68G', 'K70R', 'M184V', 'L210W', 'T215F', 'K219W']",1,[]
125028,"K70R, M184V",1.0,"['K70R', 'M184V']",0,[]
70951,"E40F, M41L, D67N, L74LI, L210W, T215Y, K219N",7.3,"['E40F', 'M41L', 'D67N', 'L74LI', 'L210W', 'T215Y', 'K219N']",1,[]
151302,"M184V, T215Y",2.0,"['M184V', 'T215Y']",1,[]
87354,"M41L, E44D, A62V, D67N, V75I, L210W, K219N",4.0,"['M41L', 'E44D', 'A62V', 'D67N', 'V75I', 'L210W', 'K219N']",1,[]
96356,"M41L, E44D, L74IV, M184V, L210W, T215Y, K219R",2.8,"['M41L', 'E44D', 'L74IV', 'M184V', 'L210W', 'T215Y', 'K219R']",1,[]
71557,"M41L, E44D, D67DN, L74LV, M184V, L210LW, T215Y, K219KN",1.9,"['M41L', 'E44D', 'D67DN', 'L74LV', 'M184V', 'L210LW', 'T215Y', 'K219KN']",1,[]
69023,"K65R, M184MV",1.0,"['K65R', 'M184MV']",0,[]
122799,,0.9,[],0,[]
124523,"D67N, K70R, K219E",2.0,"['D67N', 'K70R', 'K219E']",1,[]
88803,M184V,0.9,['M184V'],0,[]
92373,"M41L, E44D, D67N, T69D, M184V, L210W, T215Y, K219R",4.3,"['M41L', 'E44D', 'D67N', 'T69D', 'M184V', 'L210W', 'T215Y', 'K219R']",1,[]
177180,"A62V, K65R, M184V",1.0,"['A62V', 'K65R', 'M184V']",0,[]
95812,"K70KR, M184V",0.8,"['K70KR', 'M184V']",0,[]
184310,,1.0,[],0,[]
88743,,1.2,[],0,[]
184267,,1.7,[],1,[]
96408,"M41L, D67N, K70R, M184V, T215F, K219Q",1.2,"['M41L', 'D67N', 'K70R', 'M184V', 'T215F', 'K219Q']",0,[]
95844,"D67N, K70R, T215F, K219Q",2.2,"['D67N', 'K70R', 'T215F', 'K219Q']",1,[]
122651,"M41L, S68G, L210W, T215F",1.8,"['M41L', 'S68G', 'L210W', 'T215F']",1,[]
88749,,0.8,[],0,[]
122782,"M41L, M184V, T215Y",1.5,"['M41L', 'M184V', 'T215Y']",0,[]
95822,M184V,1.3,['M184V'],0,[]
96442,,0.9,[],0,[]
185096,,0.8,[],0,[]
195307,"A62AV, M184V",0.6,"['A62AV', 'M184V']",0,[]
185948,"L74V, M184V",0.8,"['L74V', 'M184V']",0,[]
185950,"D67N, K70R, M184V, K219Q",0.9,"['D67N', 'K70R', 'M184V', 'K219Q']",0,[]
184254,M184MV,0.4,['M184MV'],0,[]
151290,"K65R, M184V, T215S, K219KN",1.1,"['K65R', 'M184V', 'T215S', 'K219KN']",0,[]
184262,"M41L, T69D, M184V, L210W, T215Y",2.6,"['M41L', 'T69D', 'M184V', 'L210W', 'T215Y']",1,[]
96332,,0.8,[],0,[]
87344,"M41ML, D67N, T69D, T215D",1.5,"['M41ML', 'D67N', 'T69D', 'T215D']",0,[]
184244,"L74V, T215C",0.7,"['L74V', 'T215C']",0,[]
59627,"M41L, D67DN, M184V, L210W, T215Y, K219N",2.6,"['M41L', 'D67DN', 'M184V', 'L210W', 'T215Y', 'K219N']",1,[]
184257,"M41L, D67N, K70R, T215Y, K219E",2.1,"['M41L', 'D67N', 'K70R', 'T215Y', 'K219E']",1,[]
63816,"M41L, E44ED, D67N, M184IV, L210W, T215Y",4.6,"['M41L', 'E44ED', 'D67N', 'M184IV', 'L210W', 'T215Y']",1,[]
166060,"D67N, K70R, V75T, M184V, K219Q",4.9,"['D67N', 'K70R', 'V75T', 'M184V', 'K219Q']",1,[]
88787,,1.3,[],0,[]
96434,,1.3,[],0,[]
124527,,0.9,[],0,[]
195241,,1.2,[],0,[]
94390,"M41L, D67N, K70R, M184V, T215Y, K219E",1.9,"['M41L', 'D67N', 'K70R', 'M184V', 'T215Y', 'K219E']",1,[]
125000,"M41L, L74LV, M184V, T215Y",1.0,"['M41L', 'L74LV', 'M184V', 'T215Y']",0,[]
96368,"M41L, D67N, L74I, M184V, L210W, T215Y, K219Q",2.6,"['M41L', 'D67N', 'L74I', 'M184V', 'L210W', 'T215Y', 'K219Q']",1,[]
94396,"M41L, E44D, D67N, L74IV, M184V, L210W, T215Y, K219N",3.5,"['M41L', 'E44D', 'D67N', 'L74IV', 'M184V', 'L210W', 'T215Y', 'K219N']",1,[]
94382,"M41L, E44D, D67N, L74LV, M184V, L210W, T215Y, K219KR",1.5,"['M41L', 'E44D', 'D67N', 'L74LV', 'M184V', 'L210W', 'T215Y', 'K219KR']",0,[]
184273,M184V,0.7,['M184V'],0,[]
134365,"D67N, S68G, T215L, K219Q",1.6,"['D67N', 'S68G', 'T215L', 'K219Q']",0,[]
185056,,0.9,[],0,[]
122767,"M41L, D67N, V75M, M184V, L210W, T215Y, K219E",1.8,"['M41L', 'D67N', 'V75M', 'M184V', 'L210W', 'T215Y', 'K219E']",1,[]
175999,"M41L, D67N, K70R, M184V, T215F, K219E",2.5,"['M41L', 'D67N', 'K70R', 'M184V', 'T215F', 'K219E']",1,[]
127276,,1.1,[],0,[]
127252,,0.9,[],0,[]
86054,"M41L, D67N, L74I, M184V, T215F, K219W",4.4,"['M41L', 'D67N', 'L74I', 'M184V', 'T215F', 'K219W']",1,[]
166070,"T69D, V75A, M184V",1.6,"['T69D', 'V75A', 'M184V']",0,[]
71497,"M41L, K70KR, M184V, L210W, T215Y, K219E",2.9,"['M41L', 'K70KR', 'M184V', 'L210W', 'T215Y', 'K219E']",1,[]
122669,"E44D, A62V, M184V, L210W, T215Y",1.6,"['E44D', 'A62V', 'M184V', 'L210W', 'T215Y']",0,[]
96354,"M41L, D67N, K70KR, M184V, T215F, K219Q",2.2,"['M41L', 'D67N', 'K70KR', 'M184V', 'T215F', 'K219Q']",1,[]
127368,,0.8,[],0,[]
195299,S68G,1.1,['S68G'],0,[]
125018,,0.6,[],0,[]
71475,"M41L, E44ED, D67N, L74LV, L210W, T215Y, K219KR",7.7,"['M41L', 'E44ED', 'D67N', 'L74LV', 'L210W', 'T215Y', 'K219KR']",1,[]
71567,"A62V, K70N, V75I, F77L, Y115F, F116Y, Q151M",19.0,"['A62V', 'K70N', 'V75I', 'F77L', 'Y115F', 'F116Y', 'Q151M']",1,[]
122675,"M41L, L210W, T215Y",1.7,"['M41L', 'L210W', 'T215Y']",1,[]
95816,,0.8,[],0,[]
184281,"M41L, D67NS, T69D, K70R, M184V, T215F, K219Q",2.9,"['M41L', 'D67NS', 'T69D', 'K70R', 'M184V', 'T215F', 'K219Q']",1,[]
184277,"M41L, D67N, K70N, M184V, T215Y",1.9,"['M41L', 'D67N', 'K70N', 'M184V', 'T215Y']",1,[]
195283,M184V,0.9,['M184V'],0,[]
96438,"M41L, E44D, D67N, M184V, L210W, T215Y, K219E",1.3,"['M41L', 'E44D', 'D67N', 'M184V', 'L210W', 'T215Y', 'K219E']",0,[]
195273,,0.8,[],0,[]
96229,"A62V, V75I",1.2,"['A62V', 'V75I']",0,[]
195261,,1.1,[],0,[]
127312,,0.6,[],0,[]
102354,"M41L, D67N, T69D, K70R, L74I, M184V, T215F, K219W",11.0,"['M41L', 'D67N', 'T69D', 'K70R', 'L74I', 'M184V', 'T215F', 'K219W']",1,[]
55092,"D67N, K70R, M184MV, T215TI, K219Q",1.7,"['D67N', 'K70R', 'M184MV', 'T215TI', 'K219Q']",1,[]
185066,"D67N, K70R, K219Q",0.9,"['D67N', 'K70R', 'K219Q']",0,[]
166086,,1.4,[],0,[]
51129,"M41L, L74V, T215Y",1.8,"['M41L', 'L74V', 'T215Y']",1,[]
96342,"M41L, L74V, M184V, L210W, T215Y, K219N",1.3,"['M41L', 'L74V', 'M184V', 'L210W', 'T215Y', 'K219N']",0,[]
184248,"M41L, A62V, K65R, V75I, Y115F, F116Y, Q151M, L210W, T215E",200.0,"['M41L', 'A62V', 'K65R', 'V75I', 'Y115F', 'F116Y', 'Q151M', 'L210W', 'T215E']",1,[]
175995,,0.7,[],0,[]
162659,"D67G, K70E, M184V",0.6,"['D67G', 'K70E', 'M184V']",0,[]
177172,"M41L, M184V, T215Y",2.1,"['M41L', 'M184V', 'T215Y']",1,[]
122647,"M41L, S68SG, L74V, M184V, T215Y",1.1,"['M41L', 'S68SG', 'L74V', 'M184V', 'T215Y']",0,[]
95060,"M41L, D67N, M184V, L210W, T215Y, K219E",1.4,"['M41L', 'D67N', 'M184V', 'L210W', 'T215Y', 'K219E']",0,[]
71509,"M41L, D67N, L74LI, M184V, L210W, T215Y",2.2,"['M41L', 'D67N', 'L74LI', 'M184V', 'L210W', 'T215Y']",1,[]
124519,,0.9,[],0,[]
71521,"M41L, T69S_SS, V75M, M184V, L210W, T215FY",12.0,"['M41L', 'T69S_SS', 'V75M', 'M184V', 'L210W', 'T215FY']",1,[]
195239,"M184V, T215Y",0.7,"['M184V', 'T215Y']",0,[]
86038,"M41L, M184V, L210W, T215Y",2.6,"['M41L', 'M184V', 'L210W', 'T215Y']",1,[]
88731,,1.0,[],0,[]
68595,"M41L, D67G, S68G, K70R, L74I, M184V, T215F, K219E",2.5,"['M41L', 'D67G', 'S68G', 'K70R', 'L74I', 'M184V', 'T215F', 'K219E']",1,[]
96384,"M41L, D67N, L74LI, M184V, L210LW, T215FY, K219Q",15.0,"['M41L', 'D67N', 'L74LI', 'M184V', 'L210LW', 'T215FY', 'K219Q']",1,[]
127298,"M41L, M184V, T215Y",1.3,"['M41L', 'M184V', 'T215Y']",0,[]
84910,"D67N, T69D, K70R, F116Y, Q151M, M184V, T215V, K219Q",5.5,"['D67N', 'T69D', 'K70R', 'F116Y', 'Q151M', 'M184V', 'T215V', 'K219Q']",1,[]
95068,"D67N, T69D, M184V, T215L, K219Q",0.7,"['D67N', 'T69D', 'M184V', 'T215L', 'K219Q']",0,[]
63984,"M41L, D67G, K70R, M184V, L210W, T215Y, K219E",3.1,"['M41L', 'D67G', 'K70R', 'M184V', 'L210W', 'T215Y', 'K219E']",1,[]
195235,,0.6,[],0,[]
96374,"M41L, E44A, D67NS, V75M, F77L, M184V, L210W, T215Y, K219Q",3.6,"['M41L', 'E44A', 'D67NS', 'V75M', 'F77L', 'M184V', 'L210W', 'T215Y', 'K219Q']",1,[]
96392,"M41L, E44D, L74I, M184V, L210W, T215Y, K219R",3.2,"['M41L', 'E44D', 'L74I', 'M184V', 'L210W', 'T215Y', 'K219R']",1,[]
122801,,0.9,[],0,[]
84230,D67N,1.1,['D67N'],0,[]
95056,"M41L, E44A, D67N, L210W, T215Y",5.8,"['M41L', 'E44A', 'D67N', 'L210W', 'T215Y']",1,[]
84124,"M41L, D67N, T69D, M184V, L210W, T215Y",2.1,"['M41L', 'D67N', 'T69D', 'M184V', 'L210W', 'T215Y']",1,[]
92367,"M41L, D67N, T69D, K70R, M184V, T215F, K219Q",1.4,"['M41L', 'D67N', 'T69D', 'K70R', 'M184V', 'T215F', 'K219Q']",0,[]
71493,T215F,1.3,['T215F'],0,[]
63798,"M41L, D67N, K70R, L74LI, T215F, K219Q",4.3,"['M41L', 'D67N', 'K70R', 'L74LI', 'T215F', 'K219Q']",1,[]
127332,,0.9,[],0,[]
96398,"M41L, S68SG, L74V, M184V, L210W, T215Y",2.0,"['M41L', 'S68SG', 'L74V', 'M184V', 'L210W', 'T215Y']",1,[]
71487,"M41L, D67N, L74V, L210W, T215FY",3.0,"['M41L', 'D67N', 'L74V', 'L210W', 'T215FY']",1,[]
71535,"M41L, D67N, L74LV, L210W, T215Y, K219R",4.6,"['M41L', 'D67N', 'L74LV', 'L210W', 'T215Y', 'K219R']",1,[]
95072,"K65R, S68N, M184V",1.0,"['K65R', 'S68N', 'M184V']",0,[]
95832,,1.1,[],0,[]
84186,"M41L, L74LV, M184V, L210W, T215Y",2.6,"['M41L', 'L74LV', 'M184V', 'L210W', 'T215Y']",1,[]
88707,,0.8,[],0,[]
94372,"M41L, D67N, K70R, M184V, T215IF, K219E",2.4,"['M41L', 'D67N', 'K70R', 'M184V', 'T215IF', 'K219E']",1,[]
195259,,1.1,[],0,[]
71469,"M41L, D67N, K70R, M184V, T215F, K219Q",2.8,"['M41L', 'D67N', 'K70R', 'M184V', 'T215F', 'K219Q']",1,[]
127224,"D67N, T69D, K70R, L74V, T215IF, K219Q",1.5,"['D67N', 'T69D', 'K70R', 'L74V', 'T215IF', 'K219Q']",0,[]
127234,E44D,1.0,['E44D'],0,[]
87348,,1.3,[],0,[]
195257,,0.9,[],0,[]
195297,,0.8,[],0,[]
88755,,0.8,[],0,[]
184285,"M41L, V75M, F77L, M184V, L210W, T215Y",1.5,"['M41L', 'V75M', 'F77L', 'M184V', 'L210W', 'T215Y']",0,[]
122663,"A62V, K65R, S68G, K70R, V75I, F77L, Y115F, F116Y, Q151M, M184V, T215TI",8.7,"['A62V', 'K65R', 'S68G', 'K70R', 'V75I', 'F77L', 'Y115F', 'F116Y', 'Q151M', 'M184V', 'T215TI']",1,[]
127336,,0.9,[],0,[]
151308,"M41ML, K65R, K70T, Y115F",1.6,"['M41ML', 'K65R', 'K70T', 'Y115F']",0,[]
127286,"M41L, D67DN, M184V, L210W, T215Y, K219N",2.0,"['M41L', 'D67DN', 'M184V', 'L210W', 'T215Y', 'K219N']",1,[]
42580,"M41L, M184V, L210LW, T215Y",1.4,"['M41L', 'M184V', 'L210LW', 'T215Y']",0,[]
71549,"M41ML, D67N, S68SG, L210W, T215C, K219E",1.3,"['M41ML', 'D67N', 'S68SG', 'L210W', 'T215C', 'K219E']",0,[]
96235,"M41L, D67DN, L210W, T215F",2.1,"['M41L', 'D67DN', 'L210W', 'T215F']",1,[]
70955,"M41L, D67N, S68G, M184V, T215S, K219E",0.7,"['M41L', 'D67N', 'S68G', 'M184V', 'T215S', 'K219E']",0,[]
184315,"K70E, M184V",0.8,"['K70E', 'M184V']",0,[]
185082,"D67N, K70R, M184V, T215V, K219E",1.0,"['D67N', 'K70R', 'M184V', 'T215V', 'K219E']",0,[]
96563,K65R,1.1,['K65R'],0,[]
184263,"M41L, D67N, K70R, M184V, L210W, T215F, K219E",2.1,"['M41L', 'D67N', 'K70R', 'M184V', 'L210W', 'T215F', 'K219E']",1,[]
127240,,0.5,[],0,[]
125024,"S68G, T215TA",0.8,"['S68G', 'T215TA']",0,[]
86040,"M41L, E44D, D67N, K70KE, M184V, T215Y, K219KR",1.8,"['M41L', 'E44D', 'D67N', 'K70KE', 'M184V', 'T215Y', 'K219KR']",1,[]
94376,"M41ML, D67N, K70R, T215F, K219Q",2.2,"['M41ML', 'D67N', 'K70R', 'T215F', 'K219Q']",1,[]
166102,"M41L, D67N, T69D, K70R, M184V, T215FC, K219Q",2.9,"['M41L', 'D67N', 'T69D', 'K70R', 'M184V', 'T215FC', 'K219Q']",1,[]
166080,,1.0,[],0,[]
127322,,0.7,[],0,[]
195265,,1.0,[],0,[]
134393,M184V,0.9,['M184V'],0,[]
95806,"M41ML, D67DG, S68G, L74LV, L210LW, K219KN",1.5,"['M41ML', 'D67DG', 'S68G', 'L74LV', 'L210LW', 'K219KN']",0,[]
127242,"M41L, S68G, K70KN, L74I, L210LW, T215Y",2.2,"['M41L', 'S68G', 'K70KN', 'L74I', 'L210LW', 'T215Y']",1,[]
96422,"M41ML, M184V, L210W, T215Y",1.0,"['M41ML', 'M184V', 'L210W', 'T215Y']",0,[]
102360,"D67N, M184V, K219Q",0.9,"['D67N', 'M184V', 'K219Q']",0,[]
127356,,1.3,[],0,[]
87356,"M41L, E44ED, D67N, L74I, M184V, L210W, T215Y, K219R",2.7,"['M41L', 'E44ED', 'D67N', 'L74I', 'M184V', 'L210W', 'T215Y', 'K219R']",1,[]
96418,"D67N, K70R, M184V, K219Q",1.6,"['D67N', 'K70R', 'M184V', 'K219Q']",0,[]
70965,"M41L, D67N, K70R, L74IV, M184V, T215F, K219Q",2.0,"['M41L', 'D67N', 'K70R', 'L74IV', 'M184V', 'T215F', 'K219Q']",1,[]
63934,M184V,0.8,['M184V'],0,[]
185952,,1.1,[],0,[]
127378,,1.0,[],0,[]
79456,"M41L, L74I, M184V, L210W, T215F, K219W",11.0,"['M41L', 'L74I', 'M184V', 'L210W', 'T215F', 'K219W']",1,[]
151286,,1.5,[],0,[]
195269,,1.9,[],1,[]
177188,,0.9,[],0,[]
122657,"M41L, M184V, L210W, T215Y",1.6,"['M41L', 'M184V', 'L210W', 'T215Y']",0,[]
92369,"M41L, D67N, K70R, M184V, T215F, K219Q",1.7,"['M41L', 'D67N', 'K70R', 'M184V', 'T215F', 'K219Q']",1,[]
184287,M184MV,1.0,['M184MV'],0,[]
96350,"M41L, E44A, D67N, T69D, M184V, L210W, T215Y, K219N",2.6,"['M41L', 'E44A', 'D67N', 'T69D', 'M184V', 'L210W', 'T215Y', 'K219N']",1,[]
71551,"M41L, M184V, T215Y",1.7,"['M41L', 'M184V', 'T215Y']",1,[]
96237,M184V,0.7,['M184V'],0,[]
127264,T69D,0.9,['T69D'],0,[]
59247,"M41L, L74I, M184V, L210W, T215Y",1.8,"['M41L', 'L74I', 'M184V', 'L210W', 'T215Y']",1,[]
124996,,1.0,[],0,[]
127232,"D67N, T69D, K70R, M184V, T215Y, K219Q",2.2,"['D67N', 'T69D', 'K70R', 'M184V', 'T215Y', 'K219Q']",1,[]
166048,,1.1,[],0,[]
185094,"D67DN, K70KR, K219KE",1.4,"['D67DN', 'K70KR', 'K219KE']",0,[]
71531,"M41L, E44D, D67N, M184V, L210W, T215Y, K219Q",4.5,"['M41L', 'E44D', 'D67N', 'M184V', 'L210W', 'T215Y', 'K219Q']",1,[]
185942,,0.8,[],0,[]
195287,,1.1,[],0,[]
122677,"M41L, E44D, D67DN, M184V, L210W, T215Y",2.4,"['M41L', 'E44D', 'D67DN', 'M184V', 'L210W', 'T215Y']",1,[]
127306,,1.1,[],0,[]
127272,,0.8,[],0,[]
185060,,1.0,[],0,[]
71513,"M41L, D67N, K70R, L210W, T215Y, K219E",4.3,"['M41L', 'D67N', 'K70R', 'L210W', 'T215Y', 'K219E']",1,[]
96410,"D67N, K70KR, M184V, T215F, K219Q",1.2,"['D67N', 'K70KR', 'M184V', 'T215F', 'K219Q']",0,[]
102368,"M41L, E44D, T69D, M184V, L210W, T215Y, K219R",3.5,"['M41L', 'E44D', 'T69D', 'M184V', 'L210W', 'T215Y', 'K219R']",1,[]
195293,M184V,1.0,['M184V'],0,[]
70957,"M41L, E44D, S68G, L74V, L210W, T215Y, K219N",3.0,"['M41L', 'E44D', 'S68G', 'L74V', 'L210W', 'T215Y', 'K219N']",1,[]
195285,,1.0,[],0,[]
127290,"D67N, K70G, M184MV, K219Q",1.0,"['D67N', 'K70G', 'M184MV', 'K219Q']",0,[]
57650,"M41L, E44D, D67G, T69D, M184V, L210W, T215Y, K219R",4.7,"['M41L', 'E44D', 'D67G', 'T69D', 'M184V', 'L210W', 'T215Y', 'K219R']",1,[]
102358,"M41L, E44D, D67N, L210W, T215Y, K219N",2.9,"['M41L', 'E44D', 'D67N', 'L210W', 'T215Y', 'K219N']",1,[]
127268,,0.8,[],0,[]
166038,"D67N, T215L, K219Q",1.0,"['D67N', 'T215L', 'K219Q']",0,[]
69081,"A62AV, K65R, M184V",1.0,"['A62AV', 'K65R', 'M184V']",0,[]
86044,"M41L, D67N, L210W, T215Y",3.2,"['M41L', 'D67N', 'L210W', 'T215Y']",1,[]
88713,,1.1,[],0,[]
95818,,1.1,[],0,[]
166096,,1.1,[],0,[]
88759,"L74LV, Y115YF, M184V",0.5,"['L74LV', 'Y115YF', 'M184V']",0,[]
122768,"M41L, D67N, M184V, L210W, T215Y",2.8,"['M41L', 'D67N', 'M184V', 'L210W', 'T215Y']",1,[]
84316,"M41ML, D67N, M184V, L210W, T215Y, K219KE",1.5,"['M41ML', 'D67N', 'M184V', 'L210W', 'T215Y', 'K219KE']",0,[]
185074,"K70R, M184MV",0.8,"['K70R', 'M184MV']",0,[]
122772,"M41L, K70R, M184V, K219Q",1.1,"['M41L', 'K70R', 'M184V', 'K219Q']",0,[]
64070,"K65R, S68N",1.4,"['K65R', 'S68N']",0,[]
127362,,1.1,[],0,[]
166040,"K70KT, M184MV, T215Y",1.7,"['K70KT', 'M184MV', 'T215Y']",1,[]
127352,"K70R, K219Q",1.6,"['K70R', 'K219Q']",0,[]
96376,"M41L, E44D, D67N, L74I, L210W, T215Y, K219R",9.6,"['M41L', 'E44D', 'D67N', 'L74I', 'L210W', 'T215Y', 'K219R']",1,[]
127260,M184V,0.9,['M184V'],0,[]
70975,"M41L, E44A, D67N, L74I, M184V, L210W, T215Y, K219Q",6.0,"['M41L', 'E44A', 'D67N', 'L74I', 'M184V', 'L210W', 'T215Y', 'K219Q']",1,[]
94398,"M41L, S68G, L74LV, M184V, L210W, T215Y",1.7,"['M41L', 'S68G', 'L74LV', 'M184V', 'L210W', 'T215Y']",1,[]
127314,"M41L, E44D, T69D, L210LW, T215Y",1.9,"['M41L', 'E44D', 'T69D', 'L210LW', 'T215Y']",1,[]
84188,"A62V, K70N, T215Y",2.0,"['A62V', 'K70N', 'T215Y']",1,[]
127340,,0.6,[],0,[]
88735,"A62V, V75I, M184V",1.0,"['A62V', 'V75I', 'M184V']",0,[]
122667,"M184V, K219R",0.6,"['M184V', 'K219R']",0,[]
195253,,1.0,[],0,[]
138343,"D67N, K70R, M184V, K219Q",1.5,"['D67N', 'K70R', 'M184V', 'K219Q']",0,[]
151296,,0.7,[],0,[]
166120,,1.2,[],0,[]
184261,M184I,0.9,['M184I'],0,[]
96396,"K65KR, M184MV",1.1,"['K65KR', 'M184MV']",0,[]
96314,"M41L, E44D, D67N, K70R, L74I, M184V, L210W, T215Y, K219Q",6.5,"['M41L', 'E44D', 'D67N', 'K70R', 'L74I', 'M184V', 'L210W', 'T215Y', 'K219Q']",1,[]
96380,"M41L, E44D, D67NS, S68SN, K70RG, M184V, T215F, K219Q",1.8,"['M41L', 'E44D', 'D67NS', 'S68SN', 'K70RG', 'M184V', 'T215F', 'K219Q']",1,[]
88769,,0.8,[],0,[]
95095,"M41L, D67N, T69DN, K70R, T215F, K219Q",4.3,"['M41L', 'D67N', 'T69DN', 'K70R', 'T215F', 'K219Q']",1,[]
94386,"D67N, S68G, K70R, T215Y, K219E",2.3,"['D67N', 'S68G', 'K70R', 'T215Y', 'K219E']",1,[]
126201,"M41L, E44A, T69D, L210W, T215Y, K219R",6.3,"['M41L', 'E44A', 'T69D', 'L210W', 'T215Y', 'K219R']",1,[]
127326,"K65KR, D67DN, K70KR, M184V, K219KE",1.0,"['K65KR', 'D67DN', 'K70KR', 'M184V', 'K219KE']",0,[]
184256,"D67N, K70R, K219Q",1.6,"['D67N', 'K70R', 'K219Q']",0,[]
195311,,0.9,[],0,[]
127248,"S68G, L210LW, T215D",0.7,"['S68G', 'L210LW', 'T215D']",0,[]
88775,"M41L, E44A, D67N, K70R, M184V, L210W, T215Y, K219ED",4.4,"['M41L', 'E44A', 'D67N', 'K70R', 'M184V', 'L210W', 'T215Y', 'K219ED']",1,[]
71517,"M41L, M184V, L210W, T215Y",2.0,"['M41L', 'M184V', 'L210W', 'T215Y']",1,[]
127374,,0.8,[],0,[]
127302,"M41L, T69D, L210W, T215YC",1.9,"['M41L', 'T69D', 'L210W', 'T215YC']",1,[]
96338,"D67N, K70R, M184V, K219Q",2.8,"['D67N', 'K70R', 'M184V', 'K219Q']",1,[]
88783,"M41L, M184V, T215Y",1.5,"['M41L', 'M184V', 'T215Y']",0,[]
134419,"K70G, M184V",0.8,"['K70G', 'M184V']",0,[]
184317,"D67G, K70E",0.9,"['D67G', 'K70E']",0,[]
125008,"M41L, S68G, M184V, T215Y",1.6,"['M41L', 'S68G', 'M184V', 'T215Y']",0,[]
195301,,0.9,[],0,[]
94394,"M41L, D67N, L210W, T215Y",3.8,"['M41L', 'D67N', 'L210W', 'T215Y']",1,[]
70961,"M41L, E44A, D67G, S68G, L74LI, M184V, L210W, T215Y, K219N",4.1,"['M41L', 'E44A', 'D67G', 'S68G', 'L74LI', 'M184V', 'L210W', 'T215Y', 'K219N']",1,[]
176001,"D67N, K219Q",1.3,"['D67N', 'K219Q']",0,[]
166092,"D67N, K70R, M184V, K219E",1.2,"['D67N', 'K70R', 'M184V', 'K219E']",0,[]
122797,,0.9,[],0,[]
95070,"M41L, M184V, L210W, T215Y",2.0,"['M41L', 'M184V', 'L210W', 'T215Y']",1,[]
166106,"M41L, M184MV, L210W, T215Y",1.9,"['M41L', 'M184MV', 'L210W', 'T215Y']",1,[]
95828,"D67N, K70R, M184V, T215Y, K219E",1.7,"['D67N', 'K70R', 'M184V', 'T215Y', 'K219E']",1,[]
96414,"D67N, T215Y",1.9,"['D67N', 'T215Y']",1,[]
68661,"M41L, E44D, D67N, L74V, M184V, L210W, T215Y",7.2,"['M41L', 'E44D', 'D67N', 'L74V', 'M184V', 'L210W', 'T215Y']",1,[]
152718,,0.9,[],0,[]
88739,,1.1,[],0,[]
102364,"M41L, M184V, L210W, T215Y",2.6,"['M41L', 'M184V', 'L210W', 'T215Y']",1,[]
84198,"A62V, D67EK, T69S_SS, M184V, T215Y",4.2,"['A62V', 'D67EK', 'T69S_SS', 'M184V', 'T215Y']",1,[]
184240,,0.8,[],0,[]
125020,"M41ML, L74LI",1.0,"['M41ML', 'L74LI']",0,[]
88729,,1.0,[],0,[]
185086,"D67DN, K70RG, M184V, K219Q",1.2,"['D67DN', 'K70RG', 'M184V', 'K219Q']",0,[]
166118,S68SN,1.2,['S68SN'],0,[]
71539,"M41L, L210W, T215Y",7.7,"['M41L', 'L210W', 'T215Y']",1,[]
185946,S68G,0.7,['S68G'],0,[]
88765,,0.8,[],0,[]
57664,"M41L, A62V, D67N, T69D, V75I, F116Y, Q151M, L210W, T215Y",7.9,"['M41L', 'A62V', 'D67N', 'T69D', 'V75I', 'F116Y', 'Q151M', 'L210W', 'T215Y']",1,[]
177184,"M41L, E44D, D67N, T69D",0.4,"['M41L', 'E44D', 'D67N', 'T69D']",0,[]
96432,"D67DN, K70KR, M184MV, K219KQ",1.1,"['D67DN', 'K70KR', 'M184MV', 'K219KQ']",0,[]
166088,,0.9,[],0,[]
96426,"M41L, M184V, L210W, T215Y",1.4,"['M41L', 'M184V', 'L210W', 'T215Y']",0,[]
134919,"D67N, K70R, L74I, M184V, T215F, K219Q",2.9,"['D67N', 'K70R', 'L74I', 'M184V', 'T215F', 'K219Q']",1,[]
88797,,1.0,[],0,[]
38521,"D67N, K70R, Q151M, K219Q",2.7,"['D67N', 'K70R', 'Q151M', 'K219Q']",1,[]
127294,,0.7,[],0,[]
96364,"M41L, L74V, M184V",0.9,"['M41L', 'L74V', 'M184V']",0,[]
127256,,0.8,[],0,[]
127328,S68G,0.8,['S68G'],0,[]
151282,"M41L, A62AV, V75I, M184V, L210W, T215Y",3.4,"['M41L', 'A62AV', 'V75I', 'M184V', 'L210W', 'T215Y']",1,[]
127246,M184V,0.5,['M184V'],0,[]
96243,"M41ML, D67G, S68G, K70R, M184V, T215F, K219E",1.3,"['M41ML', 'D67G', 'S68G', 'K70R', 'M184V', 'T215F', 'K219E']",0,[]
71525,"D67N, K70R, T215V, K219Q",1.8,"['D67N', 'K70R', 'T215V', 'K219Q']",1,[]
88747,"M41L, D67N, K70R, L74I, T215F, K219Q",2.7,"['M41L', 'D67N', 'K70R', 'L74I', 'T215F', 'K219Q']",1,[]
61104,"K70G, M184V",0.8,"['K70G', 'M184V']",0,[]
96446,"M41L, E44D, D67N, K70R, L74I, M184V, L210W, T215Y, K219Q",4.0,"['M41L', 'E44D', 'D67N', 'K70R', 'L74I', 'M184V', 'L210W', 'T215Y', 'K219Q']",1,[]
96362,"M41L, M184MV, T215Y",1.8,"['M41L', 'M184MV', 'T215Y']",1,[]
88761,S68SN,0.9,['S68SN'],0,[]
166066,"A62V, V75T",1.1,"['A62V', 'V75T']",0,[]
96402,"M184V, T215F",1.4,"['M184V', 'T215F']",0,[]
138349,"K70R, M184V, K219Q",0.9,"['K70R', 'M184V', 'K219Q']",0,[]
184314,,0.9,[],0,[]
124513,"M41L, E44D, D67N, T69D, V75M, F77L, L210W, T215Y, K219R",6.9,"['M41L', 'E44D', 'D67N', 'T69D', 'V75M', 'F77L', 'L210W', 'T215Y', 'K219R']",1,[]
184252,"M41L, D67N, T69D, M184V, L210W, T215Y, K219KR",1.7,"['M41L', 'D67N', 'T69D', 'M184V', 'L210W', 'T215Y', 'K219KR']",1,[]
92379,"M41L, E44A, D67N, T69D, M184V, L210W, T215Y, K219N",4.1,"['M41L', 'E44A', 'D67N', 'T69D', 'M184V', 'L210W', 'T215Y', 'K219N']",1,[]
95842,"M41L, D67N, K70R, M184V, T215TI, K219E",1.2,"['M41L', 'D67N', 'K70R', 'M184V', 'T215TI', 'K219E']",0,[]
122655,"M41L, S68SG, L210W, T215D",0.9,"['M41L', 'S68SG', 'L210W', 'T215D']",0,[]
185070,V75I,1.0,['V75I'],0,[]
125006,,0.9,[],0,[]
88719,,1.0,[],0,[]
127278,S68SG,1.0,['S68SG'],0,[]
79444,"M41L, E44D, D67G, L210W, T215Y, K219R",6.5,"['M41L', 'E44D', 'D67G', 'L210W', 'T215Y', 'K219R']",1,[]
162647,K65R,1.7,['K65R'],1,[]
122649,"D67N, F116FY, Q151M, M184V, K219Q",2.8,"['D67N', 'F116FY', 'Q151M', 'M184V', 'K219Q']",1,[]
96318,"M41L, T215E",0.9,"['M41L', 'T215E']",0,[]
96326,"K70KE, M184V",0.8,"['K70KE', 'M184V']",0,[]
79310,"M41L, E44A, D67N, L74I, L210W, T215Y, K219N",3.5,"['M41L', 'E44A', 'D67N', 'L74I', 'L210W', 'T215Y', 'K219N']",1,[]
123388,"M41L, D67DN, M184V, L210W, T215Y, K219KN",1.7,"['M41L', 'D67DN', 'M184V', 'L210W', 'T215Y', 'K219KN']",1,[]
151300,,0.7,[],0,[]
122786,"D67N, T69D, K70R, L74V, M184V, K219Q",3.6,"['D67N', 'T69D', 'K70R', 'L74V', 'M184V', 'K219Q']",1,[]
184246,"M41L, M184MV, L210W, T215Y",1.9,"['M41L', 'M184MV', 'L210W', 'T215Y']",1,[]
184238,"K70S, T215Y",1.3,"['K70S', 'T215Y']",0,[]
195249,"T69D, M184MV",0.9,"['T69D', 'M184MV']",0,[]
96346,"M41L, E44D, D67N, V75I, M184I, L210W, T215Y, K219R",10.0,"['M41L', 'E44D', 'D67N', 'V75I', 'M184I', 'L210W', 'T215Y', 'K219R']",1,[]
195315,,1.1,[],0,[]
185078,M184MV,0.7,['M184MV'],0,[]
166044,"M41L, L74V, L210LW, T215Y",3.5,"['M41L', 'L74V', 'L210LW', 'T215Y']",1,[]
195245,,0.9,[],0,[]
57702,"M41L, D67N, K70GRS, M184V, T215F, K219Q",1.7,"['M41L', 'D67N', 'K70GRS', 'M184V', 'T215F', 'K219Q']",1,[]
151292,,0.8,[],0,[]
166072,,0.8,[],0,[]
195305,,1.0,[],0,[]
166074,"M41L, D67N, K70R, M184MV, L210W, T215F, K219E",1.6,"['M41L', 'D67N', 'K70R', 'M184MV', 'L210W', 'T215F', 'K219E']",0,[]
195295,M184V,0.7,['M184V'],0,[]
71537,"D67N, K70R, L74V, M184V, T215F, K219Q",2.5,"['D67N', 'K70R', 'L74V', 'M184V', 'T215F', 'K219Q']",1,[]
95824,,1.0,[],0,[]
88801,,1.3,[],0,[]
195275,,0.7,[],0,[]
166084,,1.2,[],0,[]
96404,"M41L, D67N, M184V, L210W, T215Y",1.8,"['M41L', 'D67N', 'M184V', 'L210W', 'T215Y']",1,[]
195247,S68G,1.0,['S68G'],0,[]
184260,"D67N, T69D, K70R, L74V, T215F, K219Q",1.7,"['D67N', 'T69D', 'K70R', 'L74V', 'T215F', 'K219Q']",1,[]
71501,"M41L, E44D, D67N, L74I, M184V, L210W, T215Y, K219N",4.1,"['M41L', 'E44D', 'D67N', 'L74I', 'M184V', 'L210W', 'T215Y', 'K219N']",1,[]
79854,"M41L, E44D, L74LI, M184V, L210W, T215Y",2.7,"['M41L', 'E44D', 'L74LI', 'M184V', 'L210W', 'T215Y']",1,[]
166062,M41L,0.9,['M41L'],0,[]
96406,"M41L, D67N, K70R, M184V, T215F, K219Q",2.3,"['M41L', 'D67N', 'K70R', 'M184V', 'T215F', 'K219Q']",1,[]
122780,"M41L, D67N, K70R, M184V, L210W, T215Y, K219E",1.6,"['M41L', 'D67N', 'K70R', 'M184V', 'L210W', 'T215Y', 'K219E']",0,[]
68559,"M41L, E44D, D67G, T69D, M184V, L210LW, T215Y, K219R",3.7,"['M41L', 'E44D', 'D67G', 'T69D', 'M184V', 'L210LW', 'T215Y', 'K219R']",1,[]
162699,M184V,0.6,['M184V'],0,[]
68617,"M41L, E44D, D67N, T69D, L74V, L210W, T215Y, K219N",3.3,"['M41L', 'E44D', 'D67N', 'T69D', 'L74V', 'L210W', 'T215Y', 'K219N']",1,[]
127380,"M41L, E44ED, S68G, M184V, T215Y",1.0,"['M41L', 'E44ED', 'S68G', 'M184V', 'T215Y']",0,[]
88789,"L74LV, M184V",0.7,"['L74LV', 'M184V']",0,[]
71485,"D67N, K70R, L74I, Y115F, M184V, K219Q",1.0,"['D67N', 'K70R', 'L74I', 'Y115F', 'M184V', 'K219Q']",0,[]
79324,"M41L, D67N, K70R, M184V, L210W, T215Y, K219E",2.2,"['M41L', 'D67N', 'K70R', 'M184V', 'L210W', 'T215Y', 'K219E']",1,[]
127338,"M41L, M184MV, L210LW, T215SY",1.5,"['M41L', 'M184MV', 'L210LW', 'T215SY']",0,[]
68609,"M41L, D67N, V75M, M184V, L210W, T215Y, K219KE",3.3,"['M41L', 'D67N', 'V75M', 'M184V', 'L210W', 'T215Y', 'K219KE']",1,[]
170378,"M41L, A62V, D67E, T69A_SX, L74V, M184MV, L210W, T215Y",9.4,"['M41L', 'A62V', 'D67E', 'T69A_SX', 'L74V', 'M184MV', 'L210W', 'T215Y']",1,[]
184259,"M41L, D67N, T69D, K70R, V75M, T215F, K219Q",3.3,"['M41L', 'D67N', 'T69D', 'K70R', 'V75M', 'T215F', 'K219Q']",1,[]
68569,"E40FL, M41L, D67N, L74I, M184V, L210W, T215Y",3.7,"['E40FL', 'M41L', 'D67N', 'L74I', 'M184V', 'L210W', 'T215Y']",1,[]
96334,,1.1,[],0,[]
185058,M184V,0.7,['M184V'],0,[]
184313,"D67N, K70G, M184V, K219Q",0.6,"['D67N', 'K70G', 'M184V', 'K219Q']",0,[]
122803,,0.9,[],0,[]
87346,"D67N, T69D, K70R, M184I, K219Q",1.8,"['D67N', 'T69D', 'K70R', 'M184I', 'K219Q']",1,[]
195243,"D67G, K70E",1.0,"['D67G', 'K70E']",0,[]
55164,"M41ML, M184V",0.7,"['M41ML', 'M184V']",0,[]
125026,"M41L, S68SG, M184V, L210W, T215Y",2.7,"['M41L', 'S68SG', 'M184V', 'L210W', 'T215Y']",1,[]
96390,"M41L, A62V, V75T, M184V",1.2,"['M41L', 'A62V', 'V75T', 'M184V']",0,[]
71495,,1.1,[],0,[]
95814,"M41L, D67N, K70KE, V75M, M184V, L210W, T215Y",2.8,"['M41L', 'D67N', 'K70KE', 'V75M', 'M184V', 'L210W', 'T215Y']",1,[]
96366,"D67N, K70R, M184V, T215Y, K219E",1.4,"['D67N', 'K70R', 'M184V', 'T215Y', 'K219E']",0,[]
96436,"D67G, T69ND, K70R, L74LI, M184V, T215F, K219Q",1.9,"['D67G', 'T69ND', 'K70R', 'L74LI', 'M184V', 'T215F', 'K219Q']",1,[]
94380,"K65R, K70KT, L74V, M184V, K219KR",1.2,"['K65R', 'K70KT', 'L74V', 'M184V', 'K219KR']",0,[]
86042,"M41L, E44D, D67N, T69D, L74I, L210WR, T215Y",9.4,"['M41L', 'E44D', 'D67N', 'T69D', 'L74I', 'L210WR', 'T215Y']",1,[]
94392,"S68G, K70G, M184V, T215TA",0.5,"['S68G', 'K70G', 'M184V', 'T215TA']",0,[]
127376,,0.9,[],0,[]
63848,"M41L, E44ED, D67N, T69D, M184MV, L210W, T215Y",2.5,"['M41L', 'E44ED', 'D67N', 'T69D', 'M184MV', 'L210W', 'T215Y']",1,[]
166114,"D67N, T69D, K70R, T215F, K219W",6.8,"['D67N', 'T69D', 'K70R', 'T215F', 'K219W']",1,[]
88737,K219KE,0.9,['K219KE'],0,[]
88727,"D67N, K70R, M184MV, L210W, T215Y, K219KE",1.6,"['D67N', 'K70R', 'M184MV', 'L210W', 'T215Y', 'K219KE']",0,[]
88753,E44D,0.9,['E44D'],0,[]
92375,"E40F, M41L, D67N, K70QE, L210W, T215Y, K219R",7.5,"['E40F', 'M41L', 'D67N', 'K70QE', 'L210W', 'T215Y', 'K219R']",1,[]
127310,,0.7,[],0,[]
95066,"M41L, D67N, L74I, M184V, L210W, T215Y, K219N",5.4,"['M41L', 'D67N', 'L74I', 'M184V', 'L210W', 'T215Y', 'K219N']",1,[]
96344,"D67E, T69S_SS, T215Y",11.0,"['D67E', 'T69S_SS', 'T215Y']",1,[]
126227,K65R,1.1,['K65R'],0,[]
88791,M184MV,1.1,['M184MV'],0,[]
70971,"M41L, E44D, D67N, T69D, L210W, T215Y, K219R",6.3,"['M41L', 'E44D', 'D67N', 'T69D', 'L210W', 'T215Y', 'K219R']",1,[]
71523,"M41L, D67N, S68G, T215S, K219E",1.0,"['M41L', 'D67N', 'S68G', 'T215S', 'K219E']",0,[]
96388,"M41L, D67DN, L210W, T215Y",3.5,"['M41L', 'D67DN', 'L210W', 'T215Y']",1,[]
175997,,1.0,[],0,[]
96322,"M41L, E44D, S68G, M184V, L210W, T215Y, K219E",1.3,"['M41L', 'E44D', 'S68G', 'M184V', 'L210W', 'T215Y', 'K219E']",0,[]
162713,"K65R, S68G, M184V",0.8,"['K65R', 'S68G', 'M184V']",0,[]
127228,"L74LI, M184V",0.7,"['L74LI', 'M184V']",0,[]
70967,"M41L, E44D, A62V, D67G, T69D, M184MI, L210W, T215Y, K219R",7.3,"['M41L', 'E44D', 'A62V', 'D67G', 'T69D', 'M184MI', 'L210W', 'T215Y', 'K219R']",1,[]
125010,"M41L, M184V, L210W, T215Y",2.6,"['M41L', 'M184V', 'L210W', 'T215Y']",1,[]
87352,"M41L, D67N, K70R, V75I, M184V, T215Y, K219E",1.7,"['M41L', 'D67N', 'K70R', 'V75I', 'M184V', 'T215Y', 'K219E']",1,[]
123364,"M41L, E44D, D67N, M184V, L210W, T215Y, K219DN",3.7,"['M41L', 'E44D', 'D67N', 'M184V', 'L210W', 'T215Y', 'K219DN']",1,[]
124525,,0.9,[],0,[]
127238,,0.8,[],0,[]
166078,"M41L, D67N, K70R, L210W, T215F, K219E",3.5,"['M41L', 'D67N', 'K70R', 'L210W', 'T215F', 'K219E']",1,[]
55114,"M41L, D67N, K70KR, L74V, M184V, T215Y, K219Q",1.7,"['M41L', 'D67N', 'K70KR', 'L74V', 'M184V', 'T215Y', 'K219Q']",1,[]
185944,,1.0,[],0,[]
57704,"D67N, T69T_T, K70R, K219Q",4.5,"['D67N', 'T69T_T', 'K70R', 'K219Q']",1,[]
96428,"M41L, E44D, D67N, T69D, M184V, L210W, T215Y",4.2,"['M41L', 'E44D', 'D67N', 'T69D', 'M184V', 'L210W', 'T215Y']",1,[]
151304,,1.3,[],0,[]
166052,"M41L, S68G, M184V, T215D",0.7,"['M41L', 'S68G', 'M184V', 'T215D']",0,[]
127284,M184V,0.7,['M184V'],0,[]
96386,"M41ML, E44D, D67N, T69D, M184V, L210W, T215Y, K219R",4.1,"['M41ML', 'E44D', 'D67N', 'T69D', 'M184V', 'L210W', 'T215Y', 'K219R']",1,[]
175989,,1.1,[],0,[]
127346,,1.0,[],0,[]
162236,"K65KR, L74LV",0.6,"['K65KR', 'L74LV']",0,[]
127274,,0.9,[],0,[]
71559,,0.9,[],0,[]
96444,"M41L, D67N, K70R, M184V, L210W, T215F, K219Q",1.9,"['M41L', 'D67N', 'K70R', 'M184V', 'L210W', 'T215F', 'K219Q']",1,[]
88799,,0.9,[],0,[]
183807,"D67N, K219Q",0.9,"['D67N', 'K219Q']",0,[]
68753,"M41L, D67N, T69D, K70R, M184V, T215F, K219Q",2.3,"['M41L', 'D67N', 'T69D', 'K70R', 'M184V', 'T215F', 'K219Q']",1,[]
195291,,1.7,[],1,[]
95058,"M41L, D67N, K70R, L74LI, M184V, L210LW, T215Y, K219E",1.8,"['M41L', 'D67N', 'K70R', 'L74LI', 'M184V', 'L210LW', 'T215Y', 'K219E']",1,[]
84322,"D67N, K70R, K219Q",1.1,"['D67N', 'K70R', 'K219Q']",0,[]
127348,"A62V, K65R, M184V",0.8,"['A62V', 'K65R', 'M184V']",0,[]
184269,"A62AV, K65KR, K70KT, M184MV",1.3,"['A62AV', 'K65KR', 'K70KT', 'M184MV']",0,[]
71483,"M41L, D67H, S68G, K70G, M184V, T215F",2.1,"['M41L', 'D67H', 'S68G', 'K70G', 'M184V', 'T215F']",1,[]
84366,"A62V, V75I, F77L, Y115F, F116Y, Q151M, M184V",7.2,"['A62V', 'V75I', 'F77L', 'Y115F', 'F116Y', 'Q151M', 'M184V']",1,[]
71527,"M41L, D67N, T69D, K70R, L74V, M184V, T215F, K219Q",2.6,"['M41L', 'D67N', 'T69D', 'K70R', 'L74V', 'M184V', 'T215F', 'K219Q']",1,[]
151306,M184V,0.8,['M184V'],0,[]
92365,"M184V, T215Y",1.0,"['M184V', 'T215Y']",0,[]
86046,"M41L, D67G, S68G, L74V, M184V, L210W, T215Y, K219ND",3.7,"['M41L', 'D67G', 'S68G', 'L74V', 'M184V', 'L210W', 'T215Y', 'K219ND']",1,[]
127334,M41MIL,0.8,['M41MIL'],0,[]
185068,,1.1,[],0,[]
88771,,1.0,[],0,[]
95830,"A62V, K65R, M184V",1.2,"['A62V', 'K65R', 'M184V']",0,[]
127226,"D67N, T69D, K70R, M184V, T215F, K219Q",1.8,"['D67N', 'T69D', 'K70R', 'M184V', 'T215F', 'K219Q']",1,[]
185938,,1.0,[],0,[]
71507,"M41L, D67N, K70R, L74LV, T215F, K219Q",3.5,"['M41L', 'D67N', 'K70R', 'L74LV', 'T215F', 'K219Q']",1,[]
42039,"M41L, D67N, L74LI, L210W, T215Y",4.8,"['M41L', 'D67N', 'L74LI', 'L210W', 'T215Y']",1,[]
195309,,1.2,[],0,[]
185090,"M41L, E44D, D67N, L74I, M184V, L210W, T215Y, K219KN",3.1,"['M41L', 'E44D', 'D67N', 'L74I', 'M184V', 'L210W', 'T215Y', 'K219KN']",1,[]
88709,,1.0,[],0,[]
124998,,0.7,[],0,[]
166068,"A62V, V75T",1.4,"['A62V', 'V75T']",0,[]
58200,"K65R, M184I",0.9,"['K65R', 'M184I']",0,[]
127320,"M184V, K219KQ",0.6,"['M184V', 'K219KQ']",0,[]
96370,"A62V, M184V, L210W, T215Y",2.1,"['A62V', 'M184V', 'L210W', 'T215Y']",1,[]
166054,"M41L, L74V, M184V, L210W, T215Y, K219KN",1.5,"['M41L', 'L74V', 'M184V', 'L210W', 'T215Y', 'K219KN']",0,[]
127236,K219KQ,0.7,['K219KQ'],0,[]
61288,K70R,0.9,['K70R'],0,[]
166082,,0.8,[],0,[]
95834,"M41L, L74LV, M184V, L210W, T215HYD",0.8,"['M41L', 'L74LV', 'M184V', 'L210W', 'T215HYD']",0,[]
127250,M184V,0.8,['M184V'],0,[]
184283,"M41ML, D67N, K70R, T215Y, K219E",2.2,"['M41ML', 'D67N', 'K70R', 'T215Y', 'K219E']",1,[]
88741,,0.9,[],0,[]
71569,"M41L, M184V, T215F, K219Q",1.1,"['M41L', 'M184V', 'T215F', 'K219Q']",0,[]
152275,K65R,1.1,['K65R'],0,[]
96330,"S68G, K70Q, M184V, L210W, T215Y",1.5,"['S68G', 'K70Q', 'M184V', 'L210W', 'T215Y']",0,[]
127262,,0.9,[],0,[]
59295,"M41L, E44D, D67N, T69D, L74V, M184V, L210W, T215Y",1.9,"['M41L', 'E44D', 'D67N', 'T69D', 'L74V', 'M184V', 'L210W', 'T215Y']",1,[]
50042,"M41L, M184V, L210LW, T215Y",2.0,"['M41L', 'M184V', 'L210LW', 'T215Y']",1,[]
125002,,1.1,[],0,[]
127384,,0.9,[],0,[]
184275,"D67N, T69D, K70R, M184V, T215TI, K219Q",1.0,"['D67N', 'T69D', 'K70R', 'M184V', 'T215TI', 'K219Q']",0,[]
184311,,1.0,[],0,[]
68809,"M41L, E44D, D67N, T69D, V75M, F77FL, M184V, L210W, T215Y, K219Q",3.6,"['M41L', 'E44D', 'D67N', 'T69D', 'V75M', 'F77FL', 'M184V', 'L210W', 'T215Y', 'K219Q']",1,[]
185080,,1.0,[],0,[]
88773,,0.9,[],0,[]
86052,"M184V, T215D",0.7,"['M184V', 'T215D']",0,[]
122673,"K70KR, K219KQ",1.2,"['K70KR', 'K219KQ']",0,[]
50058,"M41L, D67N, M184V, T215Y",1.7,"['M41L', 'D67N', 'M184V', 'T215Y']",1,[]
88478,,1.1,[],0,[]
184250,"M184V, K219KE",0.8,"['M184V', 'K219KE']",0,[]
88721,T215TA,1.0,['T215TA'],0,[]
125014,S68G,1.1,['S68G'],0,[]
96328,"M41L, E44A, S68G, L74LI, M184V, L210W, T215Y",2.5,"['M41L', 'E44A', 'S68G', 'L74LI', 'M184V', 'L210W', 'T215Y']",1,[]
127280,"K65R, Y115F",1.2,"['K65R', 'Y115F']",0,[]
195271,M184V,0.6,['M184V'],0,[]
184255,"M41L, D67N, T69D, K70KR, L74V, M184V, T215Y",2.0,"['M41L', 'D67N', 'T69D', 'K70KR', 'L74V', 'M184V', 'T215Y']",1,[]
102356,"M41L, E44ED, D67N, L210W, T215Y, K219N",3.4,"['M41L', 'E44ED', 'D67N', 'L210W', 'T215Y', 'K219N']",1,[]
95062,"M41L, D67N, K70R, L74I, V75T, M184MV, T215F, K219E",2.0,"['M41L', 'D67N', 'K70R', 'L74I', 'V75T', 'M184MV', 'T215F', 'K219E']",1,[]
88723,M184MV,0.9,['M184MV'],0,[]
166110,M184MV,0.9,['M184MV'],0,[]
71491,"D67N, L74V, T215F, K219Q",2.0,"['D67N', 'L74V', 'T215F', 'K219Q']",1,[]
124517,"M41L, L74V, M184V, L210W, T215Y",2.7,"['M41L', 'L74V', 'M184V', 'L210W', 'T215Y']",1,[]
96340,"M41L, E44D, D67N, L74LV, L210W, T215Y, K219R",5.3,"['M41L', 'E44D', 'D67N', 'L74LV', 'L210W', 'T215Y', 'K219R']",1,[]
87350,"S68G, F116Y, Q151M",9.1,"['S68G', 'F116Y', 'Q151M']",1,[]
88795,,0.9,[],0,[]
185064,,0.7,[],0,[]
175993,,0.9,[],0,[]
127366,M184MIV,1.0,['M184MIV'],0,[]
96358,"M41L, E44ED, D67G, S68G, L74V, M184V, T215Y, K219N",1.4,"['M41L', 'E44ED', 'D67G', 'S68G', 'L74V', 'M184V', 'T215Y', 'K219N']",0,[]
96372,"M41L, S68SG, L210W, T215D",0.8,"['M41L', 'S68SG', 'L210W', 'T215D']",0,[]
88777,,1.2,[],0,[]
122776,"K70E, M184V",0.7,"['K70E', 'M184V']",0,[]
122645,"K70Q, M184V",0.6,"['K70Q', 'M184V']",0,[]
195237,"M41L, S68G, L74LI, M184V, L210W, T215Y, K219KN",1.7,"['M41L', 'S68G', 'L74LI', 'M184V', 'L210W', 'T215Y', 'K219KN']",1,[]
127342,"M184V, L210W, T215Y",1.2,"['M184V', 'L210W', 'T215Y']",0,[]
184316,"D67G, K70E, Y115F, M184V",0.8,"['D67G', 'K70E', 'Y115F', 'M184V']",0,[]
195281,,0.6,[],0,[]
127318,,0.8,[],0,[]
88224,"M41L, L210W, T215Y, K219E",2.4,"['M41L', 'L210W', 'T215Y', 'K219E']",1,[]
96394,"K65R, S68G, M184V",1.4,"['K65R', 'S68G', 'M184V']",0,[]
79362,"E40F, M41L, D67N, L74V, L210W, T215Y",5.6,"['E40F', 'M41L', 'D67N', 'L74V', 'L210W', 'T215Y']",1,[]
92371,"D67N, M184V, L210W, T215Y, K219R",2.0,"['D67N', 'M184V', 'L210W', 'T215Y', 'K219R']",1,[]
127270,,0.8,[],0,[]
185052,,1.0,[],0,[]
96440,"M41L, E44D, S68G, M184V, L210W, T215Y",1.6,"['M41L', 'E44D', 'S68G', 'M184V', 'L210W', 'T215Y']",0,[]
127372,"M184V, T215FS",0.8,"['M184V', 'T215FS']",0,[]
175991,,0.9,[],0,[]
71563,"D67N, K70R, L74I, M184V, T215F, K219Q",1.7,"['D67N', 'K70R', 'L74I', 'M184V', 'T215F', 'K219Q']",1,[]
122643,"D67DH, K70RG, M184MV, K219KE",1.8,"['D67DH', 'K70RG', 'M184MV', 'K219KE']",1,[]
122790,"M41L, E44ED, L74V, V75VA, L210W, T215Y",1.9,"['M41L', 'E44ED', 'L74V', 'V75VA', 'L210W', 'T215Y']",1,[]
151298,"K70E, Y115YF, M184V",0.5,"['K70E', 'Y115YF', 'M184V']",0,[]
88711,"M41ML, A62AV, D67DG, S68SG, L74LV, M184V, L210W, T215Y, K219KQ",1.3,"['M41ML', 'A62AV', 'D67DG', 'S68SG', 'L74LV', 'M184V', 'L210W', 'T215Y', 'K219KQ']",0,[]
96382,"D67G, K70R, L74I, M184V, K219Q",2.8,"['D67G', 'K70R', 'L74I', 'M184V', 'K219Q']",1,[]
127230,"K65R, S68SN, M184V",1.5,"['K65R', 'S68SN', 'M184V']",0,[]
71515,,1.1,[],0,[]
127364,"D67DN, M184MV",0.6,"['D67DN', 'M184MV']",0,[]
166064,"A62V, V75I",1.2,"['A62V', 'V75I']",0,[]
127308,,0.8,[],0,[]
122774,"M41L, K70R, M184V, T215Y, K219E",2.3,"['M41L', 'K70R', 'M184V', 'T215Y', 'K219E']",1,[]
184265,"D67G, S68G, K70R, T215I, K219E",1.7,"['D67G', 'S68G', 'K70R', 'T215I', 'K219E']",1,[]
94374,"M41L, E44ED, T69D, L210W, T215Y, K219R",3.5,"['M41L', 'E44ED', 'T69D', 'L210W', 'T215Y', 'K219R']",1,[]
127330,"M41L, V75M, M184V, T215Y",1.1,"['M41L', 'V75M', 'M184V', 'T215Y']",0,[]
166042,"E40F, M41L, D67N, L74V, M184V, L210W, T215F, K219E",8.2,"['E40F', 'M41L', 'D67N', 'L74V', 'M184V', 'L210W', 'T215F', 'K219E']",1,[]
185072,"K70KT, M184V",0.8,"['K70KT', 'M184V']",0,[]
64054,"M41L, E44ED, S68SG, M184V, L210W, T215Y",2.3,"['M41L', 'E44ED', 'S68SG', 'M184V', 'L210W', 'T215Y']",1,[]
166116,,1.1,[],0,[]
138347,"M41L, D67N, M184V, L210W, T215Y",1.8,"['M41L', 'D67N', 'M184V', 'L210W', 'T215Y']",1,[]
122788,"M41L, D67N, T69D, K70R, M184V, T215F, K219Q",2.1,"['M41L', 'D67N', 'T69D', 'K70R', 'M184V', 'T215F', 'K219Q']",1,[]
166100,"K65R, M184I",0.6,"['K65R', 'M184I']",0,[]
96316,"M41L, A62V, M184V, T215Y",2.1,"['M41L', 'A62V', 'M184V', 'T215Y']",1,[]
177178,"M41L, E44A, M184V, T215Y",2.7,"['M41L', 'E44A', 'M184V', 'T215Y']",1,[]
96324,,0.8,[],0,[]
96378,"M41L, E44D, D67N, K70R, M184V, T215F, K219Q",2.3,"['M41L', 'E44D', 'D67N', 'K70R', 'M184V', 'T215F', 'K219Q']",1,[]
95838,"M41L, D67N, M184V, L210W, T215Y",3.7,"['M41L', 'D67N', 'M184V', 'L210W', 'T215Y']",1,[]
71545,"M41L, E44A, D67N, T69D, V75M, F77FL, M184V, L210W, T215Y, K219KN",5.0,"['M41L', 'E44A', 'D67N', 'T69D', 'V75M', 'F77FL', 'M184V', 'L210W', 'T215Y', 'K219KN']",1,[]
166094,,1.1,[],0,[]
184279,"M41L, L74V, M184V, T215Y",1.3,"['M41L', 'L74V', 'M184V', 'T215Y']",0,[]
127282,M184MV,0.7,['M184MV'],0,[]
127316,"M41ML, A62AV, D67DG, S68G, K70KR, M184MV, K219KQ",0.8,"['M41ML', 'A62AV', 'D67DG', 'S68G', 'K70KR', 'M184MV', 'K219KQ']",0,[]
88781,,0.6,[],0,[]
70953,,1.0,[],0,[]
195255,,0.9,[],0,[]
127324,,0.8,[],0,[]
184236,"M41L, M184V, T215Y",1.3,"['M41L', 'M184V', 'T215Y']",0,[]
166104,"L74V, T215C",0.9,"['L74V', 'T215C']",0,[]
122661,"M41L, E44D, S68G, M184V, L210W, T215Y",2.4,"['M41L', 'E44D', 'S68G', 'M184V', 'L210W', 'T215Y']",1,[]
70963,"M41L, E44ED, V75VM, L210W, T215Y",3.5,"['M41L', 'E44ED', 'V75VM', 'L210W', 'T215Y']",1,[]
127288,,0.9,[],0,[]
122778,"M41L, E44D, T69D, L74V, M184V, L210W, T215Y, K219R",3.2,"['M41L', 'E44D', 'T69D', 'L74V', 'M184V', 'L210W', 'T215Y', 'K219R']",1,[]
63802,"M41L, E44A, D67N, T69D, M184V, L210W, T215Y, K219KE",2.5,"['M41L', 'E44A', 'D67N', 'T69D', 'M184V', 'L210W', 'T215Y', 'K219KE']",1,[]
125016,,0.7,[],0,[]
88767,M184V,0.9,['M184V'],0,[]
162455,"K65R, M184I",0.9,"['K65R', 'M184I']",0,[]
184289,"A62V, S68G, K70N, V75I, F77L, Y115F, F116Y, Q151M, M184V, T215Y",200.0,"['A62V', 'S68G', 'K70N', 'V75I', 'F77L', 'Y115F', 'F116Y', 'Q151M', 'M184V', 'T215Y']",1,[]
55062,"M41L, D67DN, K70KR, M184V, T215F, K219KE",1.9,"['M41L', 'D67DN', 'K70KR', 'M184V', 'T215F', 'K219KE']",1,[]
95808,"M41L, D67N, L74I, F77FL, M184V, L210W, T215Y, K219Q",3.1,"['M41L', 'D67N', 'L74I', 'F77FL', 'M184V', 'L210W', 'T215Y', 'K219Q']",1,[]
185054,,0.8,[],0,[]
127358,"M41L, D67DN, M184V, T215Y, K219KE",0.7,"['M41L', 'D67DN', 'M184V', 'T215Y', 'K219KE']",0,[]
151284,"M41L, D67DN, M184MV, L210LW, T215YD",1.2,"['M41L', 'D67DN', 'M184MV', 'L210LW', 'T215YD']",0,[]
35008,M184I,1.0,['M184I'],0,[]
184242,"M41L, D67N, T69D, K70R, M184V, T215FC, K219Q",2.9,"['M41L', 'D67N', 'T69D', 'K70R', 'M184V', 'T215FC', 'K219Q']",1,[]
138351,"M41L, M184V, L210W, T215Y",2.5,"['M41L', 'M184V', 'L210W', 'T215Y']",1,[]
69041,,0.9,[],0,[]
68805,"M41L, K65R, L210W, T215S",1.3,"['M41L', 'K65R', 'L210W', 'T215S']",0,[]
71489,"M41L, D67N, L74V, M184V, L210W, T215Y, K219N",3.3,"['M41L', 'D67N', 'L74V', 'M184V', 'L210W', 'T215Y', 'K219N']",1,[]
127304,"M41L, S68SG, L74LI, M184V, L210LW, T215Y",1.4,"['M41L', 'S68SG', 'L74LI', 'M184V', 'L210LW', 'T215Y']",0,[]
127350,"L74I, M184V",0.6,"['L74I', 'M184V']",0,[]
96412,"D67N, K70R, M184V, K219Q",2.6,"['D67N', 'K70R', 'M184V', 'K219Q']",1,[]
195263,"K70R, L210LW",0.9,"['K70R', 'L210LW']",0,[]
96231,"S68SG, K70KN, T215F, K219Q",2.0,"['S68SG', 'K70KN', 'T215F', 'K219Q']",1,[]
124515,"K70KE, M184V",0.6,"['K70KE', 'M184V']",0,[]
95820,,1.1,[],0,[]
96241,V75M,0.6,['V75M'],0,[]
102352,"M41L, D67N, T69D, K70R, L74I, M184V, T215F, K219W",11.0,"['M41L', 'D67N', 'T69D', 'K70R', 'L74I', 'M184V', 'T215F', 'K219W']",1,[]
96239,"M41L, E44A, D67N, T69D, M184MIV, L210W, T215Y, K219KR",4.6,"['M41L', 'E44A', 'D67N', 'T69D', 'M184MIV', 'L210W', 'T215Y', 'K219KR']",1,[]
185092,"S68N, K70G, M184V",0.9,"['S68N', 'K70G', 'M184V']",0,[]
64316,"L74V, Y115F, M184V",0.8,"['L74V', 'Y115F', 'M184V']",0,[]
195267,,1.0,[],0,[]
71529,"K65R, S68G, K70T, V75I, F77L, Y115YF, F116Y, Q151M",24.0,"['K65R', 'S68G', 'K70T', 'V75I', 'F77L', 'Y115YF', 'F116Y', 'Q151M']",1,[]
177186,,0.7,[],0,[]
152836,,0.9,[],0,[]
71533,"M41L, D67N, K70R, T215F, K219Q",3.4,"['M41L', 'D67N', 'K70R', 'T215F', 'K219Q']",1,[]
184312,"K70E, M184V",0.9,"['K70E', 'M184V']",0,[]
102362,"M41L, S68G, L74V, M184V, L210W, T215Y, K219KN",2.1,"['M41L', 'S68G', 'L74V', 'M184V', 'L210W', 'T215Y', 'K219KN']",1,[]
70959,"M41L, M184V, L210W, T215Y",2.3,"['M41L', 'M184V', 'L210W', 'T215Y']",1,[]
96420,"M41ML, M184V, L210W, T215Y",1.6,"['M41ML', 'M184V', 'L210W', 'T215Y']",0,[]
127292,"K70N, M184MIV",0.8,"['K70N', 'M184MIV']",0,[]
92381,"M41L, E44D, D67N, L210W, T215Y, K219R",8.2,"['M41L', 'E44D', 'D67N', 'L210W', 'T215Y', 'K219R']",1,[]
79292,"Y115F, M184V",0.8,"['Y115F', 'M184V']",0,[]
185088,"L74I, M184V, T215Y",1.0,"['L74I', 'M184V', 'T215Y']",0,[]
70973,"M41L, E44D, D67N, T69D, M184V, L210W, T215Y",3.8,"['M41L', 'E44D', 'D67N', 'T69D', 'M184V', 'L210W', 'T215Y']",1,[]
95840,"M41L, E44D, L210W, T215Y",2.1,"['M41L', 'E44D', 'L210W', 'T215Y']",1,[]
87342,"M41L, A62AV, S68SG, V75VI, F116FY, Q151QL, M184MV, T215F",1.8,"['M41L', 'A62AV', 'S68SG', 'V75VI', 'F116FY', 'Q151QL', 'M184MV', 'T215F']",1,[]
123504,K65R,0.9,['K65R'],0,[]
96400,"M41L, L74LV, M184V, L210W, T215Y, K219N",1.9,"['M41L', 'L74LV', 'M184V', 'L210W', 'T215Y', 'K219N']",1,[]
63838,"M41L, E44ED, D67N, T69D, K70KR, M184V, T215Y, K219Q",3.3,"['M41L', 'E44ED', 'D67N', 'T69D', 'K70KR', 'M184V', 'T215Y', 'K219Q']",1,[]
127360,"M41L, M184V, T215Y",1.7,"['M41L', 'M184V', 'T215Y']",1,[]
95213,"M41L, L210W, T215Y",1.8,"['M41L', 'L210W', 'T215Y']",1,[]
122770,"M41L, E44D, A62V, M184V, L210W, T215Y",1.8,"['M41L', 'E44D', 'A62V', 'M184V', 'L210W', 'T215Y']",1,[]
92377,"D67N, K70R, L74I, Y115F, M184V, K219Q",1.1,"['D67N', 'K70R', 'L74I', 'Y115F', 'M184V', 'K219Q']",0,[]
184264,"M41L, D67N, L74V, L210W, T215Y",1.5,"['M41L', 'D67N', 'L74V', 'L210W', 'T215Y']",0,[]
124511,,1.1,[],0,[]
166112,"M41L, D67N, M184V, L210W, T215Y",1.7,"['M41L', 'D67N', 'M184V', 'L210W', 'T215Y']",1,[]
71505,"M41L, E44D, D67N, T69D, M184V, L210W, T215Y, K219N",5.9,"['M41L', 'E44D', 'D67N', 'T69D', 'M184V', 'L210W', 'T215Y', 'K219N']",1,[]
88757,"A62AV, D67DG, S68G, K70KR, M184MV, K219KQ",0.9,"['A62AV', 'D67DG', 'S68G', 'K70KR', 'M184MV', 'K219KQ']",0,[]
125004,,1.3,[],0,[]
88715,,0.9,[],0,[]
177174,"M41L, D67N, T215N, K219E",1.4,"['M41L', 'D67N', 'T215N', 'K219E']",0,[]
124529,"M41ML, D67G, T69ND, K70R, L74I, M184V, T215F, K219Q",3.5,"['M41ML', 'D67G', 'T69ND', 'K70R', 'L74I', 'M184V', 'T215F', 'K219Q']",1,[]
95846,"K65R, M184V",1.3,"['K65R', 'M184V']",0,[]
94378,"K65R, D67N, T69D",1.6,"['K65R', 'D67N', 'T69D']",0,[]
185076,"L210W, T215C",1.0,"['L210W', 'T215C']",0,[]
24381,"M41L, A62AV, T69S_ST, M184V, T215Y",3.0,"['M41L', 'A62AV', 'T69S_ST', 'M184V', 'T215Y']",1,[]
166098,M184V,0.8,['M184V'],0,[]
88717,,1.0,[],0,[]
166046,"K65R, S68G, K70T, M184V",1.1,"['K65R', 'S68G', 'K70T', 'M184V']",0,[]
122784,"M41L, D67N, K70R, M184V, T215F, K219E",2.6,"['M41L', 'D67N', 'K70R', 'M184V', 'T215F', 'K219E']",1,[]
195251,,0.8,[],0,[]
84180,"M41L, D67N, M184V, L210W, T215Y",2.8,"['M41L', 'D67N', 'M184V', 'L210W', 'T215Y']",1,[]
195313,,0.7,[],0,[]
122665,"M41L, D67DN, L210W, T215Y",2.7,"['M41L', 'D67DN', 'L210W', 'T215Y']",1,[]
175987,"L74V, M184V, K219N",0.7,"['L74V', 'M184V', 'K219N']",0,[]
94384,"M41L, E44ED, D67G, S68G, L74V, M184V, L210W, T215Y, K219NS",4.2,"['M41L', 'E44ED', 'D67G', 'S68G', 'L74V', 'M184V', 'L210W', 'T215Y', 'K219NS']",1,[]
71561,"M41L, D67N, K70R, M184V, T215Y, K219E",2.1,"['M41L', 'D67N', 'K70R', 'M184V', 'T215Y', 'K219E']",1,[]
127354,"M184V, T215TI",0.9,"['M184V', 'T215TI']",0,[]
95810,,1.0,[],0,[]
94388,"M41L, E44D, D67N, L74V, M184V, L210W, T215Y, K219N",4.5,"['M41L', 'E44D', 'D67N', 'L74V', 'M184V', 'L210W', 'T215Y', 'K219N']",1,[]
127382,,0.9,[],0,[]
195279,,0.9,[],0,[]
127244,"M41L, S68G, M184V, L210W, T215SY",1.3,"['M41L', 'S68G', 'M184V', 'L210W', 'T215SY']",0,[]
96336,,1.1,[],0,[]
151294,"M41L, E44D, D67N, K70R, L74LI, M184V, T215Y, K219E",1.8,"['M41L', 'E44D', 'D67N', 'K70R', 'L74LI', 'M184V', 'T215Y', 'K219E']",1,[]
60842,"M41ML, D67N, T69D, K70R, M184V, T215F, K219Q",1.9,"['M41ML', 'D67N', 'T69D', 'K70R', 'M184V', 'T215F', 'K219Q']",1,[]
96416,"M41L, L74V, M184V, L210W, T215Y",1.4,"['M41L', 'L74V', 'M184V', 'L210W', 'T215Y']",0,[]
195303,,0.9,[],0,[]
95804,"M41L, E44A, D67N, L74V, M184V, L210W, T215Y, K219N",4.9,"['M41L', 'E44A', 'D67N', 'L74V', 'M184V', 'L210W', 'T215Y', 'K219N']",1,[]
95826,,0.7,[],0,[]
102366,"M41L, E44D, D67N, T69D, M184V, L210W, T215Y, K219R",4.4,"['M41L', 'E44D', 'D67N', 'T69D', 'M184V', 'L210W', 'T215Y', 'K219R']",1,[]
184258,M184V,0.6,['M184V'],0,[]
122659,"D67N, K70R, M184V, K219Q",1.1,"['D67N', 'K70R', 'M184V', 'K219Q']",0,[]
88785,,1.0,[],0,[]
127258,,0.8,[],0,[]
59559,,0.8,[],0,[]
195277,M184V,0.7,['M184V'],0,[]
71541,"M41L, D67N, K70KR, L74LIV, M184V, L210W, T215Y, K219Q",2.7,"['M41L', 'D67N', 'K70KR', 'L74LIV', 'M184V', 'L210W', 'T215Y', 'K219Q']",1,[]
166090,,1.1,[],0,[]
127300,,1.0,[],0,[]
71519,"E44D, M184V, T215Y",2.1,"['E44D', 'M184V', 'T215Y']",1,[]
71553,"M41L, E44A, D67N, L210W, T215Y, K219R",6.5,"['M41L', 'E44A', 'D67N', 'L210W', 'T215Y', 'K219R']",1,[]
88733,,1.0,[],0,[]
88763,,1.2,[],0,[]
125022,"M41L, E44A, L74V, M184V, L210W, T215Y",3.6,"['M41L', 'E44A', 'L74V', 'M184V', 'L210W', 'T215Y']",1,[]
195289,,1.1,[],0,[]
185084,,0.6,[],0,[]
177182,"S68G, M184V, T215F",1.0,"['S68G', 'M184V', 'T215F']",0,[]
122653,"L74LI, T215Y",1.4,"['L74LI', 'T215Y']",0,[]
127266,"K70N, M184MV",1.2,"['K70N', 'M184MV']",0,[]
86048,"D67N, T69D, K70R, L74V, T215Y, K219Q",2.8,"['D67N', 'T69D', 'K70R', 'L74V', 'T215Y', 'K219Q']",1,[]
96430,"M41L, S68G, L74V, M184V, L210W, T215Y",1.9,"['M41L', 'S68G', 'L74V', 'M184V', 'L210W', 'T215Y']",1,[]
151288,"M41L, M184V, L210W, T215Y, K219KE",1.8,"['M41L', 'M184V', 'L210W', 'T215Y', 'K219KE']",1,[]
86050,"M41L, E44D, D67N, T69D, L210W, T215Y, K219KR",3.6,"['M41L', 'E44D', 'D67N', 'T69D', 'L210W', 'T215Y', 'K219KR']",1,[]
127296,,1.1,[],0,[]
96448,"D67G, T69ND, K70R, L74LI, M184V, T215F, K219Q",2.5,"['D67G', 'T69ND', 'K70R', 'L74LI', 'M184V', 'T215F', 'K219Q']",1,[]
96360,"D67G, T69D, K70RG, M184MV",1.0,"['D67G', 'T69D', 'K70RG', 'M184MV']",0,[]
71555,"D67N, T69D, K70R, M184V, T215F, K219Q",2.0,"['D67N', 'T69D', 'K70R', 'M184V', 'T215F', 'K219Q']",1,[]
69141,"M41L, E44A, D67N, L74I, V75VIM, M184V, L210W, T215Y, K219E",3.6,"['M41L', 'E44A', 'D67N', 'L74I', 'V75VIM', 'M184V', 'L210W', 'T215Y', 'K219E']",1,[]
48242,"D67N, K70R, T215F, K219Q",2.4,"['D67N', 'K70R', 'T215F', 'K219Q']",1,[]
127254,,1.0,[],0,[]
185940,,0.7,[],0,[]
71471,"M41L, E44D, D67DN, V75M, M184V, L210W, T215Y",3.3,"['M41L', 'E44D', 'D67DN', 'V75M', 'M184V', 'L210W', 'T215Y']",1,[]
92509,"M41L, L210W, T215Y",2.4,"['M41L', 'L210W', 'T215Y']",1,[]
170964,,0.7,[],0,[]
96424,"M41L, E44D, D67N, L74LV, M184V, L210W, T215Y",1.7,"['M41L', 'E44D', 'D67N', 'L74LV', 'M184V', 'L210W', 'T215Y']",1,[]
185062,,0.9,[],0,[]
38901,,1.1,[],0,[]
35194,"D67N, T69D, K70R, T215F, K219Q",2.5,"['D67N', 'T69D', 'K70R', 'T215F', 'K219Q']",1,[]
236591,,1.3,[],0,[]
14729,"S68G, L74V, V75T, Y115F, Q151M",6.8,"['S68G', 'L74V', 'V75T', 'Y115F', 'Q151M']",1,[]
40737,S68G,0.8,['S68G'],0,[]
14143,"M41L, M184V, T215Y",1.5,"['M41L', 'M184V', 'T215Y']",0,[]
38017,"M41L, E44ED, D67DN, S68SG, M184V, L210W, T215Y",3.1,"['M41L', 'E44ED', 'D67DN', 'S68SG', 'M184V', 'L210W', 'T215Y']",1,[]
19923,"D67N, T215V, K219Q",1.2,"['D67N', 'T215V', 'K219Q']",0,[]
236571,,0.9,[],0,[]
24800,"M41L, E44D, D67N, M184V, L210W, T215Y, K219Q",2.3,"['M41L', 'E44D', 'D67N', 'M184V', 'L210W', 'T215Y', 'K219Q']",1,[]
17451,"E40F, M41L, D67N, L74I, L210W, T215Y, K219N",8.2,"['E40F', 'M41L', 'D67N', 'L74I', 'L210W', 'T215Y', 'K219N']",1,[]
12270,"M41L, D67N, L210W, T215Y",2.4,"['M41L', 'D67N', 'L210W', 'T215Y']",1,[]
214357,"M41L, L74I, M184V, L210W, T215Y",2.8,"['M41L', 'L74I', 'M184V', 'L210W', 'T215Y']",1,[]
35156,"D67N, K70R, L74V, T215TI, K219Q",2.2,"['D67N', 'K70R', 'L74V', 'T215TI', 'K219Q']",1,[]
27641,M184V,0.8,['M184V'],0,[]
3787,"D67N, K70R",1.0,"['D67N', 'K70R']",0,[]
59209,"D67N, K70R, T215F, K219E",1.3,"['D67N', 'K70R', 'T215F', 'K219E']",0,[]
4582,"V75T, M184V",1.2,"['V75T', 'M184V']",0,[]
38077,"A62V, K65R, S68G, V75I, F77L, F116Y, Q151M",26.0,"['A62V', 'K65R', 'S68G', 'V75I', 'F77L', 'F116Y', 'Q151M']",1,[]
214365,,0.7,[],0,[]
214353,"M184V, T215Y",0.7,"['M184V', 'T215Y']",0,[]
68911,,0.6,[],0,[]
34448,,1.0,[],0,[]
37816,"D67N, T69D, K70R, M184V, T215V, K219Q",1.1,"['D67N', 'T69D', 'K70R', 'M184V', 'T215V', 'K219Q']",0,[]
34464,"M41L, D67N, L210W, T215Y, K219R",3.9,"['M41L', 'D67N', 'L210W', 'T215Y', 'K219R']",1,[]
237811,"M41L, T215D",0.6,"['M41L', 'T215D']",0,[]
19999,M184V,0.6,['M184V'],0,[]
12464,"M41L, D67N, T215Y",2.0,"['M41L', 'D67N', 'T215Y']",1,[]
9044,T215D,0.4,['T215D'],0,[]
37855,"M41L, D67G, S68G, K70R, M184V, T215F, K219Q",5.4,"['M41L', 'D67G', 'S68G', 'K70R', 'M184V', 'T215F', 'K219Q']",1,[]
41241,"M41L, L74I, M184V, L210W, T215Y",2.3,"['M41L', 'L74I', 'M184V', 'L210W', 'T215Y']",1,[]
42025,"E40F, M41L, S68G, L74I, V75A, M184V, L210W, T215Y, K219N",3.4,"['E40F', 'M41L', 'S68G', 'L74I', 'V75A', 'M184V', 'L210W', 'T215Y', 'K219N']",1,[]
214371,"T69D, M184MV",0.9,"['T69D', 'M184MV']",0,[]
13062,"M41L, E44ED, D67N, T69D, V75M, F77L, M184V, L210W, T215Y",2.9,"['M41L', 'E44ED', 'D67N', 'T69D', 'V75M', 'F77L', 'M184V', 'L210W', 'T215Y']",1,[]
237141,,1.0,[],0,[]
41187,"M41L, M184V, T215Y",1.5,"['M41L', 'M184V', 'T215Y']",0,[]
34319,"M41L, E44A, T69D, L74I, L210W, T215Y, K219R",4.3,"['M41L', 'E44A', 'T69D', 'L74I', 'L210W', 'T215Y', 'K219R']",1,[]
214341,"M41L, D67N, T69D, L74LV, V75VIM, M184V, T215Y",1.3,"['M41L', 'D67N', 'T69D', 'L74LV', 'V75VIM', 'M184V', 'T215Y']",0,[]
237831,"M41L, E44D, D67N, M184V, L210W, T215Y",3.6,"['M41L', 'E44D', 'D67N', 'M184V', 'L210W', 'T215Y']",1,[]
237815,"M41L, E44AD, D67N, L74I, M184V, L210W, T215Y, K219N",2.7,"['M41L', 'E44AD', 'D67N', 'L74I', 'M184V', 'L210W', 'T215Y', 'K219N']",1,[]
236563,M184V,0.5,['M184V'],0,[]
237139,"M41L, E44D, D67N, K70R, M184V, T215V, K219E",1.1,"['M41L', 'E44D', 'D67N', 'K70R', 'M184V', 'T215V', 'K219E']",0,[]
14494,,1.0,[],0,[]
236595,,0.9,[],0,[]
38405,,1.0,[],0,[]
214361,"L74LI, M184V",0.7,"['L74LI', 'M184V']",0,[]
27639,M184V,0.7,['M184V'],0,[]
237827,"D67N, K70R, L74I, M184V, K219Q",2.0,"['D67N', 'K70R', 'L74I', 'M184V', 'K219Q']",1,[]
38037,"M41L, D67N, K70R, M184V, L210W, T215Y, K219E",1.9,"['M41L', 'D67N', 'K70R', 'M184V', 'L210W', 'T215Y', 'K219E']",1,[]
12925,"K65R, D67N, S68N, K70G, K219R",1.9,"['K65R', 'D67N', 'S68N', 'K70G', 'K219R']",1,[]
27645,,1.0,[],0,[]
38439,"D67N, T69D, K70R, M184V, T215F, K219Q",1.7,"['D67N', 'T69D', 'K70R', 'M184V', 'T215F', 'K219Q']",1,[]
214335,"M41L, D67DN, M184V, L210W, T215Y",2.3,"['M41L', 'D67DN', 'M184V', 'L210W', 'T215Y']",1,[]
41283,"D67N, K70R, K219Q",1.1,"['D67N', 'K70R', 'K219Q']",0,[]
21195,"M41L, L74V, M184V, T215Y",0.9,"['M41L', 'L74V', 'M184V', 'T215Y']",0,[]
237809,,1.0,[],0,[]
37826,,1.2,[],0,[]
11742,"M41L, M184V, T215Y",1.6,"['M41L', 'M184V', 'T215Y']",0,[]
236585,"D67DN, K70KR, M184V, K219KE",1.0,"['D67DN', 'K70KR', 'M184V', 'K219KE']",0,[]
7756,"F77L, F116Y, Q151M",9.5,"['F77L', 'F116Y', 'Q151M']",1,[]
236597,"D67N, K70R, M184V, K219Q",1.6,"['D67N', 'K70R', 'M184V', 'K219Q']",0,[]
13061,"M41L, T215Y",1.8,"['M41L', 'T215Y']",1,[]
24746,"D67N, K70R, M184MV, T215F, K219Q",1.2,"['D67N', 'K70R', 'M184MV', 'T215F', 'K219Q']",0,[]
10617,"M41L, E44D, M184V, L210W, T215Y",2.5,"['M41L', 'E44D', 'M184V', 'L210W', 'T215Y']",1,[]
34564,"M41L, K70R, M184V",1.0,"['M41L', 'K70R', 'M184V']",0,[]
237823,M184MV,1.0,['M184MV'],0,[]
236567,"M41L, A62V, M184V, T215Y",2.6,"['M41L', 'A62V', 'M184V', 'T215Y']",1,[]
9168,"M41L, E44D, D67N, T69D, K70KR, L210W, T215Y",3.3,"['M41L', 'E44D', 'D67N', 'T69D', 'K70KR', 'L210W', 'T215Y']",1,[]
21176,"D67G, S68G, K70KR, L74V, K219N",1.3,"['D67G', 'S68G', 'K70KR', 'L74V', 'K219N']",0,[]
24252,"D67N, K70R, M184V",1.5,"['D67N', 'K70R', 'M184V']",0,[]
237143,,0.9,[],0,[]
23563,"Y115F, M184V",0.8,"['Y115F', 'M184V']",0,[]
214329,"K65KR, S68SG, M184V, K219KR",0.6,"['K65KR', 'S68SG', 'M184V', 'K219KR']",0,[]
34577,"M41L, E44D, D67N, M184V, L210W, T215Y",3.2,"['M41L', 'E44D', 'D67N', 'M184V', 'L210W', 'T215Y']",1,[]
237817,"M41L, D67N, K70R, M184V, T215F, K219Q",2.0,"['M41L', 'D67N', 'K70R', 'M184V', 'T215F', 'K219Q']",1,[]
13491,"M41L, D67N, K70R, T215F",2.4,"['M41L', 'D67N', 'K70R', 'T215F']",1,[]
214347,"Y115F, M184V, T215F, K219E",0.9,"['Y115F', 'M184V', 'T215F', 'K219E']",0,[]
24639,"M41L, E44D, V75M, L210W, T215Y, K219N",4.3,"['M41L', 'E44D', 'V75M', 'L210W', 'T215Y', 'K219N']",1,[]
11001,"M41L, D67N, L210W, T215Y",2.4,"['M41L', 'D67N', 'L210W', 'T215Y']",1,[]
237833,,0.8,[],0,[]
14753,"M41L, E44EA, D67N, L74V, L210W, T215Y, K219N",3.2,"['M41L', 'E44EA', 'D67N', 'L74V', 'L210W', 'T215Y', 'K219N']",1,[]
7758,"M41L, A62V, D67N, L74I, M184V, L210W, T215F, K219Q",2.7,"['M41L', 'A62V', 'D67N', 'L74I', 'M184V', 'L210W', 'T215F', 'K219Q']",1,[]
38359,"M41L, A62V, S68G, T69A_VG, L210W, T215Y",20.0,"['M41L', 'A62V', 'S68G', 'T69A_VG', 'L210W', 'T215Y']",1,[]
38271,"M41L, D67N, T69D, K70R, M184V, T215F, K219Q",2.0,"['M41L', 'D67N', 'T69D', 'K70R', 'M184V', 'T215F', 'K219Q']",1,[]
214379,"M41L, D67N, K70R, L74I, V75T, T215F, K219Q",3.9,"['M41L', 'D67N', 'K70R', 'L74I', 'V75T', 'T215F', 'K219Q']",1,[]
24272,"L74LV, Y115F, M184V",0.9,"['L74LV', 'Y115F', 'M184V']",0,[]
12496,"M41L, D67N, L74V, M184V, L210W, T215Y",2.0,"['M41L', 'D67N', 'L74V', 'M184V', 'L210W', 'T215Y']",1,[]
40819,"A62V, S68G, K70N, V75I, F77L, Y115F, F116Y, Q151M, M184V",8.6,"['A62V', 'S68G', 'K70N', 'V75I', 'F77L', 'Y115F', 'F116Y', 'Q151M', 'M184V']",1,[]
23585,"M41L, L74V, T215Y",1.6,"['M41L', 'L74V', 'T215Y']",0,[]
20223,"M41L, A62V, S68G, V75T, M184V, T215Y",1.9,"['M41L', 'A62V', 'S68G', 'V75T', 'M184V', 'T215Y']",1,[]
40736,,1.1,[],0,[]
24345,"M41L, D67G, S68G, T69D, K70R, M184V, T215F",1.9,"['M41L', 'D67G', 'S68G', 'T69D', 'K70R', 'M184V', 'T215F']",1,[]
214331,K70R,1.0,['K70R'],0,[]
24786,"M41L, E44D, D67N, T69D, L74I, L210W, T215Y",5.6,"['M41L', 'E44D', 'D67N', 'T69D', 'L74I', 'L210W', 'T215Y']",1,[]
214369,M184V,0.5,['M184V'],0,[]
12835,"K70R, M184V",0.7,"['K70R', 'M184V']",0,[]
33149,M184V,0.8,['M184V'],0,[]
236581,"D67N, K70R, M184V, K219Q",1.6,"['D67N', 'K70R', 'M184V', 'K219Q']",0,[]
24066,"D67N, M184V, K219Q",0.5,"['D67N', 'M184V', 'K219Q']",0,[]
236575,"M41L, D67N, T69D, M184V, L210W, T215Y",3.8,"['M41L', 'D67N', 'T69D', 'M184V', 'L210W', 'T215Y']",1,[]
214381,"S68G, T69SGE, T215Y",200.0,"['S68G', 'T69SGE', 'T215Y']",1,[]
236599,,1.0,[],0,[]
34500,M184V,1.0,['M184V'],0,[]
9896,"D67N, T215F, K219Q",1.5,"['D67N', 'T215F', 'K219Q']",0,[]
214359,,0.9,[],0,[]
214343,,1.0,[],0,[]
237829,"D67DN, K70KR, M184I, K219E",0.6,"['D67DN', 'K70KR', 'M184I', 'K219E']",0,[]
38503,S68G,0.7,['S68G'],0,[]
3798,"D67N, K70R, T215I, K219E",1.2,"['D67N', 'K70R', 'T215I', 'K219E']",0,[]
34677,,0.9,[],0,[]
14139,"M41L, D67N, F116Y, Q151M, T215F, K219Q",8.9,"['M41L', 'D67N', 'F116Y', 'Q151M', 'T215F', 'K219Q']",1,[]
192066,,0.7,[],0,[]
4919,"M41L, D67N, L210W, T215Y",2.4,"['M41L', 'D67N', 'L210W', 'T215Y']",1,[]
37989,K65R,1.6,['K65R'],0,[]
34751,M184V,0.6,['M184V'],0,[]
9078,M184V,0.8,['M184V'],0,[]
34623,"S68G, M184V, L210LW, T215Y",1.6,"['S68G', 'M184V', 'L210LW', 'T215Y']",0,[]
19952,"A62V, D67E, T69S_SS, T215Y",9.1,"['A62V', 'D67E', 'T69S_SS', 'T215Y']",1,[]
236569,,0.9,[],0,[]
14681,"M41L, L210W, T215Y",1.9,"['M41L', 'L210W', 'T215Y']",1,[]
214383,"A62V, D67E, T69S_SS, L210W, T215Y",15.0,"['A62V', 'D67E', 'T69S_SS', 'L210W', 'T215Y']",1,[]
10948,L74V,0.9,['L74V'],0,[]
42021,"M41L, M184V, L210W, T215Y",2.0,"['M41L', 'M184V', 'L210W', 'T215Y']",1,[]
11970,"D67N, T69D, K70R, M184V, T215F, K219Q",1.9,"['D67N', 'T69D', 'K70R', 'M184V', 'T215F', 'K219Q']",1,[]
23687,"M41L, D67N, M184V, T215F, K219Q",1.8,"['M41L', 'D67N', 'M184V', 'T215F', 'K219Q']",1,[]
11722,,0.8,[],0,[]
14471,,1.1,[],0,[]
37772,"M41L, D67N, T69D, K70R, M184V, L210W, T215Y, K219Q",2.7,"['M41L', 'D67N', 'T69D', 'K70R', 'M184V', 'L210W', 'T215Y', 'K219Q']",1,[]
11204,"M41L, E44D, D67DN, T69D, M184V, L210W, T215Y, K219R",3.9,"['M41L', 'E44D', 'D67DN', 'T69D', 'M184V', 'L210W', 'T215Y', 'K219R']",1,[]
214355,,0.8,[],0,[]
214337,,0.9,[],0,[]
13682,"M41L, L74V, M184V, T215Y",1.6,"['M41L', 'L74V', 'M184V', 'T215Y']",0,[]
9355,"M41L, E44D, D67N, T69D, L210W, T215Y",4.4,"['M41L', 'E44D', 'D67N', 'T69D', 'L210W', 'T215Y']",1,[]
237825,,0.8,[],0,[]
214363,M184MV,0.9,['M184MV'],0,[]
214373,M184V,0.8,['M184V'],0,[]
34844,"M41ML, T69DN, K70KR, M184V, T215F",2.5,"['M41ML', 'T69DN', 'K70KR', 'M184V', 'T215F']",1,[]
34877,"M41L, T69S_SA, L210W, T215Y",8.6,"['M41L', 'T69S_SA', 'L210W', 'T215Y']",1,[]
9268,,0.8,[],0,[]
10555,"M41L, D67N, T69D, K70R, M184V, T215F",1.5,"['M41L', 'D67N', 'T69D', 'K70R', 'M184V', 'T215F']",0,[]
9128,"M41L, E44A, D67N, L210W, T215Y, K219N",4.2,"['M41L', 'E44A', 'D67N', 'L210W', 'T215Y', 'K219N']",1,[]
8046,"E40F, M41L, D67N, V75M, M184V, L210W, T215Y, K219Q",7.2,"['E40F', 'M41L', 'D67N', 'V75M', 'M184V', 'L210W', 'T215Y', 'K219Q']",1,[]
4256,"M41L, E44D, V75M, M184V, L210W, T215Y",2.0,"['M41L', 'E44D', 'V75M', 'M184V', 'L210W', 'T215Y']",1,[]
236573,"M41L, L210W, T215Y",3.2,"['M41L', 'L210W', 'T215Y']",1,[]
23844,"M41L, K65R, D67N, S68G, V75I, F77L, Y115F, F116Y, Q151M, M184I, K219Q",26.0,"['M41L', 'K65R', 'D67N', 'S68G', 'V75I', 'F77L', 'Y115F', 'F116Y', 'Q151M', 'M184I', 'K219Q']",1,[]
41193,,0.9,[],0,[]
38175,,1.1,[],0,[]
38213,K65R,2.1,['K65R'],1,[]
24256,"D67G, K70R, M184V, K219E",0.8,"['D67G', 'K70R', 'M184V', 'K219E']",0,[]
5025,"M41L, D67N, T69D, K70R, L74V, M184V, T215F, K219Q",1.4,"['M41L', 'D67N', 'T69D', 'K70R', 'L74V', 'M184V', 'T215F', 'K219Q']",0,[]
214387,,1.1,[],0,[]
35206,"D67N, K70R, M184V",0.9,"['D67N', 'K70R', 'M184V']",0,[]
236593,"M41L, E44D, D67N, L74I, M184V, L210W, T215Y, K219R",6.3,"['M41L', 'E44D', 'D67N', 'L74I', 'M184V', 'L210W', 'T215Y', 'K219R']",1,[]
16876,"M41L, L74V, L210W, T215Y",2.4,"['M41L', 'L74V', 'L210W', 'T215Y']",1,[]
35226,"M41L, E44EA, D67N, L74V, M184V, L210W, T215Y, K219N",2.9,"['M41L', 'E44EA', 'D67N', 'L74V', 'M184V', 'L210W', 'T215Y', 'K219N']",1,[]
38099,"M41L, M184V, L210W, T215Y",2.4,"['M41L', 'M184V', 'L210W', 'T215Y']",1,[]
23876,"D67N, K70R, M184V, K219Q",2.4,"['D67N', 'K70R', 'M184V', 'K219Q']",1,[]
23708,"K70KR, M184V, T215F",1.4,"['K70KR', 'M184V', 'T215F']",0,[]
24457,"M41L, D67DN, M184V, L210W, T215Y",2.4,"['M41L', 'D67DN', 'M184V', 'L210W', 'T215Y']",1,[]
35230,"M41L, D67N, T215CY",1.7,"['M41L', 'D67N', 'T215CY']",1,[]
38069,"D67N, M184V, K219Q",0.6,"['D67N', 'M184V', 'K219Q']",0,[]
34963,"D67N, M184V, K219Q",0.7,"['D67N', 'M184V', 'K219Q']",0,[]
214351,"M41L, E44A, D67N, V75M, M184V, L210W, T215Y, K219E",4.3,"['M41L', 'E44A', 'D67N', 'V75M', 'M184V', 'L210W', 'T215Y', 'K219E']",1,[]
27643,M184V,0.7,['M184V'],0,[]
214333,"M41L, D67N, K70R, L74I, V75T, T215F, K219Q",3.4,"['M41L', 'D67N', 'K70R', 'L74I', 'V75T', 'T215F', 'K219Q']",1,[]
214375,"M41L, E44D, L74LI, M184V, L210W, T215Y",2.5,"['M41L', 'E44D', 'L74LI', 'M184V', 'L210W', 'T215Y']",1,[]
34971,"D67N, K70R, M184V, K219Q",1.3,"['D67N', 'K70R', 'M184V', 'K219Q']",0,[]
12349,"M184V, K219KR",0.7,"['M184V', 'K219KR']",0,[]
13058,"M41L, D67N, K70R, V75VM, T215F, K219Q",2.0,"['M41L', 'D67N', 'K70R', 'V75VM', 'T215F', 'K219Q']",1,[]
23922,"M41L, M184V, L210W, T215Y",1.5,"['M41L', 'M184V', 'L210W', 'T215Y']",0,[]
9418,"D67N, K70R, K219Q",2.0,"['D67N', 'K70R', 'K219Q']",1,[]
9379,"M41L, D67N, T215Y",1.8,"['M41L', 'D67N', 'T215Y']",1,[]
20144,"M41L, M184V, L210LW, T215Y",2.0,"['M41L', 'M184V', 'L210LW', 'T215Y']",1,[]
237813,,0.8,[],0,[]
3861,"M41L, D67N, L74V, L210W, T215Y",2.1,"['M41L', 'D67N', 'L74V', 'L210W', 'T215Y']",1,[]
11659,"M41L, D67DN, M184V, L210W, T215Y",2.3,"['M41L', 'D67DN', 'M184V', 'L210W', 'T215Y']",1,[]
57862,"A62AV, S68SG, K70KN, V75T",2.3,"['A62AV', 'S68SG', 'K70KN', 'V75T']",1,[]
10496,,1.0,[],0,[]
236561,M184MV,1.0,['M184MV'],0,[]
38209,"D67N, K70R, M184V, K219E",1.2,"['D67N', 'K70R', 'M184V', 'K219E']",0,[]
17397,"M41L, E44A, D67N, L74V, L210W, T215Y, K219N",2.0,"['M41L', 'E44A', 'D67N', 'L74V', 'L210W', 'T215Y', 'K219N']",1,[]
9099,,0.8,[],0,[]
237819,T69D,0.9,['T69D'],0,[]
214385,"M41L, E44D, D67N, M184V, L210W, T215Y",5.1,"['M41L', 'E44D', 'D67N', 'M184V', 'L210W', 'T215Y']",1,[]
34497,M184IV,0.6,['M184IV'],0,[]
17425,M184V,0.8,['M184V'],0,[]
37875,"M41L, E44D, D67DN, M184V, L210W, T215Y",3.3,"['M41L', 'E44D', 'D67DN', 'M184V', 'L210W', 'T215Y']",1,[]
11723,"M41L, D67N, T69D, L210W, T215Y",2.7,"['M41L', 'D67N', 'T69D', 'L210W', 'T215Y']",1,[]
10630,"M41L, D67N, K70R, L74V, T215F, K219Q",2.9,"['M41L', 'D67N', 'K70R', 'L74V', 'T215F', 'K219Q']",1,[]
35193,"M41L, A62AV, V75I, M184V, T215Y",1.5,"['M41L', 'A62AV', 'V75I', 'M184V', 'T215Y']",0,[]
34922,,0.7,[],0,[]
37949,"M41L, D67N, K70R, T215F, K219Q",3.1,"['M41L', 'D67N', 'K70R', 'T215F', 'K219Q']",1,[]
34501,,1.2,[],0,[]
9173,,1.0,[],0,[]
38265,M184I,0.7,['M184I'],0,[]
214377,"M41L, T215D",0.7,"['M41L', 'T215D']",0,[]
237145,K219E,0.8,['K219E'],0,[]
11587,"M41L, E44D, D67N, T69D, M184V, L210W, T215Y",3.3,"['M41L', 'E44D', 'D67N', 'T69D', 'M184V', 'L210W', 'T215Y']",1,[]
10532,,0.8,[],0,[]
34849,"D67G, S68G, K70R, K219Q",1.7,"['D67G', 'S68G', 'K70R', 'K219Q']",1,[]
236587,,1.0,[],0,[]
23667,K70R,1.2,['K70R'],0,[]
38123,"D67N, K70R, L74IV, T215I, K219E",1.5,"['D67N', 'K70R', 'L74IV', 'T215I', 'K219E']",0,[]
236559,T215D,1.0,['T215D'],0,[]
17408,"M41L, S68G, L210W, T215Y",1.9,"['M41L', 'S68G', 'L210W', 'T215Y']",1,[]
23192,"M41L, D67N, M184V, L210W, T215Y",1.5,"['M41L', 'D67N', 'M184V', 'L210W', 'T215Y']",0,[]
23543,"M41L, D67N, V75M, L210W, T215Y",6.1,"['M41L', 'D67N', 'V75M', 'L210W', 'T215Y']",1,[]
58186,"D67G, M184V",0.8,"['D67G', 'M184V']",0,[]
14788,"D67N, K70R",0.8,"['D67N', 'K70R']",0,[]
37914,"M41L, E44D, V75M, M184V, L210W, T215Y, K219N",3.3,"['M41L', 'E44D', 'V75M', 'M184V', 'L210W', 'T215Y', 'K219N']",1,[]
237821,,1.0,[],0,[]
40821,"M41L, L210W, T215Y",2.0,"['M41L', 'L210W', 'T215Y']",1,[]
214367,"M184I, T215D",0.8,"['M184I', 'T215D']",0,[]
236565,M184V,0.6,['M184V'],0,[]
14784,M184V,0.7,['M184V'],0,[]
15990,K70R,1.2,['K70R'],0,[]
236601,,1.0,[],0,[]
39039,M184V,0.8,['M184V'],0,[]
236589,,0.9,[],0,[]
38147,T215Y,0.9,['T215Y'],0,[]
34456,,0.9,[],0,[]
214349,"E44ED, D67N, T69D",0.7,"['E44ED', 'D67N', 'T69D']",0,[]
37881,"M41L, E44D, D67N, K70R, V75VA, L210W, T215Y, K219E",4.3,"['M41L', 'E44D', 'D67N', 'K70R', 'V75VA', 'L210W', 'T215Y', 'K219E']",1,[]
37687,"M41L, M184V, L210W, T215Y",1.8,"['M41L', 'M184V', 'L210W', 'T215Y']",1,[]
14704,,0.9,[],0,[]
12831,M184V,0.7,['M184V'],0,[]
10564,"D67N, T69D, K70R, M184V, T215F, K219Q",1.2,"['D67N', 'T69D', 'K70R', 'M184V', 'T215F', 'K219Q']",0,[]
38623,,0.7,[],0,[]
33151,,1.0,[],0,[]
12326,M184V,0.8,['M184V'],0,[]
214339,,0.9,[],0,[]
23806,"M41L, E44D, D67N, L210W, T215Y, K219R",5.2,"['M41L', 'E44D', 'D67N', 'L210W', 'T215Y', 'K219R']",1,[]
11979,M184V,0.6,['M184V'],0,[]
68561,"D67G, T69DN, K70R, M184V, K219Q",1.2,"['D67G', 'T69DN', 'K70R', 'M184V', 'K219Q']",0,[]
236583,,1.0,[],0,[]
236579,,0.7,[],0,[]
15932,"D67N, K70R, M184V, T215Y, K219Q",1.7,"['D67N', 'K70R', 'M184V', 'T215Y', 'K219Q']",1,[]
10989,M184V,0.9,['M184V'],0,[]
13679,"M41L, E44ED, D67N, L74I, M184V, L210W, T215Y",2.4,"['M41L', 'E44ED', 'D67N', 'L74I', 'M184V', 'L210W', 'T215Y']",1,[]
24615,,0.8,[],0,[]
236577,M184V,0.6,['M184V'],0,[]
34910,,0.9,[],0,[]
214345,,0.8,[],0,[]
237865,M184V,0.5,['M184V'],0,[]
237855,,0.8,[],0,[]
237895,"Y115YF, M184I, K219KE",0.7,"['Y115YF', 'M184I', 'K219KE']",0,[]
237899,S68G,0.9,['S68G'],0,[]
237869,,1.1,[],0,[]
237859,,0.9,[],0,[]
237875,"K70KE, M184I",0.8,"['K70KE', 'M184I']",0,[]
237901,,0.8,[],0,[]
237843,,0.9,[],0,[]
237891,M184V,0.6,['M184V'],0,[]
237885,,0.9,[],0,[]
237851,S68G,1.2,['S68G'],0,[]
237889,,0.9,[],0,[]
237837,M184V,0.6,['M184V'],0,[]
237871,"A62AV, K65KN, M184MIV",0.6,"['A62AV', 'K65KN', 'M184MIV']",0,[]
237847,,0.8,[],0,[]
237839,,0.8,[],0,[]
237879,"L74V, M184V",0.6,"['L74V', 'M184V']",0,[]
237893,,1.2,[],0,[]
237887,M184I,0.9,['M184I'],0,[]
237853,"K65KR, S68SG, M184MIV",0.9,"['K65KR', 'S68SG', 'M184MIV']",0,[]
237863,,0.7,[],0,[]
237841,"D67G, M184I, K219E",0.7,"['D67G', 'M184I', 'K219E']",0,[]
237903,M184V,0.7,['M184V'],0,[]
237867,M184V,0.5,['M184V'],0,[]
237897,S68G,0.8,['S68G'],0,[]
237873,,0.9,[],0,[]
237857,"K65R, T69T_X, K219KE",1.2,"['K65R', 'T69T_X', 'K219KE']",0,[]
237881,,1.1,[],0,[]
237883,M184I,0.8,['M184I'],0,[]
237845,M184I,0.6,['M184I'],0,[]
237835,,1.0,[],0,[]
237861,M184I,0.8,['M184I'],0,[]
237849,M184I,0.7,['M184I'],0,[]
237877,,0.9,[],0,[]
248973,,1.0,[],0,[]
248970,M184I,1.6,['M184I'],0,[]
248971,M184I,1.4,['M184I'],0,[]
248969,,1.4,[],0,[]
248972,,1.4,[],0,[]
592190,"M41L, S68SG, M184V, L210W, T215Y",1.9,"['M41L', 'S68SG', 'M184V', 'L210W', 'T215Y']",1,[]
592218,M184V,0.8,['M184V'],0,[]
591678,,1.1,[],0,[]
591822,,1.0,[],0,[]
591480,"M41L, L210W, T215Y",4.9,"['M41L', 'L210W', 'T215Y']",1,[]
592096,"M41L, D67N, S68G, K70R, M184V, T215Y, K219E",1.8,"['M41L', 'D67N', 'S68G', 'K70R', 'M184V', 'T215Y', 'K219E']",1,[]
591504,L210LW,1.1,['L210LW'],0,[]
591436,"D67G, S68G, K70R, V75I, Y115YF, F116Y, Q151M, M184V, T215V, K219E",13.0,"['D67G', 'S68G', 'K70R', 'V75I', 'Y115YF', 'F116Y', 'Q151M', 'M184V', 'T215V', 'K219E']",1,[]
592010,,1.0,[],0,[]
591712,"M41L, E44D, D67N, T69D, M184V, L210W, T215Y, K219KN",2.4,"['M41L', 'E44D', 'D67N', 'T69D', 'M184V', 'L210W', 'T215Y', 'K219KN']",1,[]
591368,"M41L, L74V, M184V, T215F",1.3,"['M41L', 'L74V', 'M184V', 'T215F']",0,[]
591748,"M41L, S68G, M184V, T215Y",1.5,"['M41L', 'S68G', 'M184V', 'T215Y']",0,[]
591884,"D67N, K70R, M184V, T215I, K219E",1.6,"['D67N', 'K70R', 'M184V', 'T215I', 'K219E']",0,[]
591702,"D67N, K70R, M184MI, K219E",2.2,"['D67N', 'K70R', 'M184MI', 'K219E']",1,[]
592354,,1.0,[],0,[]
592312,"M41L, D67N, T69D, L74I, M184V, L210W, T215Y",1.6,"['M41L', 'D67N', 'T69D', 'L74I', 'M184V', 'L210W', 'T215Y']",0,[]
592056,"V75M, F77L, M184V, T215Y",1.3,"['V75M', 'F77L', 'M184V', 'T215Y']",0,[]
592092,"D67N, T69D, K70KR, M184V, T215FIL, K219Q",1.1,"['D67N', 'T69D', 'K70KR', 'M184V', 'T215FIL', 'K219Q']",0,[]
592118,"D67N, T69D, T215C, K219Q",1.2,"['D67N', 'T69D', 'T215C', 'K219Q']",0,[]
591730,"M41L, D67DN, T69D, L210W, T215CY",1.3,"['M41L', 'D67DN', 'T69D', 'L210W', 'T215CY']",0,[]
592430,,0.7,[],0,[]
591922,"M41L, E44D, D67N, L74LV, L210W, T215Y, K219R",2.4,"['M41L', 'E44D', 'D67N', 'L74LV', 'L210W', 'T215Y', 'K219R']",1,[]
592348,"M41L, E44D, D67N, M184V, L210W, T215Y",1.4,"['M41L', 'E44D', 'D67N', 'M184V', 'L210W', 'T215Y']",0,[]
591966,"M41L, D67N, M184V, L210W, T215Y, K219N",3.7,"['M41L', 'D67N', 'M184V', 'L210W', 'T215Y', 'K219N']",1,[]
591964,"M41L, D67DN, L74V, M184V, T215Y",2.2,"['M41L', 'D67DN', 'L74V', 'M184V', 'T215Y']",1,[]
591554,S68G,0.8,['S68G'],0,[]
592402,,1.3,[],0,[]
592390,"M41L, E44D, D67E, S68G, V75M, M184V, L210W, T215Y",3.8,"['M41L', 'E44D', 'D67E', 'S68G', 'V75M', 'M184V', 'L210W', 'T215Y']",1,[]
591380,"M41L, D67N, T69D, K70R, M184V, T215F, K219Q",1.4,"['M41L', 'D67N', 'T69D', 'K70R', 'M184V', 'T215F', 'K219Q']",0,[]
592002,"M41L, E44A, D67N, V75M, F77L, M184V, L210W, T215Y, K219KR",5.7,"['M41L', 'E44A', 'D67N', 'V75M', 'F77L', 'M184V', 'L210W', 'T215Y', 'K219KR']",1,[]
591416,"M41L, E44D, T69D, M184V, L210W, T215Y, K219R",2.4,"['M41L', 'E44D', 'T69D', 'M184V', 'L210W', 'T215Y', 'K219R']",1,[]
591378,D67DN,1.0,['D67DN'],0,[]
592250,"M41L, E44D, D67N, T69D, L74V, M184V, L210W, T215Y, K219R",7.0,"['M41L', 'E44D', 'D67N', 'T69D', 'L74V', 'M184V', 'L210W', 'T215Y', 'K219R']",1,[]
591772,,1.0,[],0,[]
591688,"M41L, A62AV, D67DN, V75I, L210W, T215Y",1.5,"['M41L', 'A62AV', 'D67DN', 'V75I', 'L210W', 'T215Y']",0,[]
592252,"D67N, K70R, L74V, V75A, K219Q",6.0,"['D67N', 'K70R', 'L74V', 'V75A', 'K219Q']",1,[]
592388,"D67N, K70R, M184V, K219Q",1.6,"['D67N', 'K70R', 'M184V', 'K219Q']",0,[]
592392,,0.6,[],0,[]
591660,"D67N, T69D, K70R, M184V, L210W, T215F, K219Q",1.8,"['D67N', 'T69D', 'K70R', 'M184V', 'L210W', 'T215F', 'K219Q']",1,[]
592186,"M41L, D67N, M184V, L210W, T215Y, K219E",1.4,"['M41L', 'D67N', 'M184V', 'L210W', 'T215Y', 'K219E']",0,[]
592308,"M41L, D67G, S68G, K70R, M184V, T215F, K219E",2.0,"['M41L', 'D67G', 'S68G', 'K70R', 'M184V', 'T215F', 'K219E']",1,[]
592280,,1.0,[],0,[]
591934,,1.0,[],0,[]
591356,"M41L, D67N, V75M, M184V, L210W, T215Y, K219E",1.7,"['M41L', 'D67N', 'V75M', 'M184V', 'L210W', 'T215Y', 'K219E']",1,[]
591456,"E40F, M41L, D67N, L74V, M184V, L210W, T215Y, K219N",14.0,"['E40F', 'M41L', 'D67N', 'L74V', 'M184V', 'L210W', 'T215Y', 'K219N']",1,[]
591650,T215Y,1.6,['T215Y'],0,[]
592160,M184V,0.8,['M184V'],0,[]
592074,,1.1,[],0,[]
592246,,1.2,[],0,[]
591878,"M41L, D67N, K70R, M184V, T215F, K219Q",1.3,"['M41L', 'D67N', 'K70R', 'M184V', 'T215F', 'K219Q']",0,[]
591780,"M41L, E44D, D67N, M184V, L210W, T215Y, K219N",5.5,"['M41L', 'E44D', 'D67N', 'M184V', 'L210W', 'T215Y', 'K219N']",1,[]
592374,"M41L, M184MV, L210LW, T215Y",2.0,"['M41L', 'M184MV', 'L210LW', 'T215Y']",1,[]
592412,"M41L, M184V, L210W, T215Y",1.6,"['M41L', 'M184V', 'L210W', 'T215Y']",0,[]
591638,,1.0,[],0,[]
591610,"M41ML, E44A, D67N, V75M, F77L, L210W, T215D",1.2,"['M41ML', 'E44A', 'D67N', 'V75M', 'F77L', 'L210W', 'T215D']",0,[]
591586,,0.8,[],0,[]
591628,,0.9,[],0,[]
591412,,1.2,[],0,[]
592224,,1.6,[],0,[]
591758,,0.8,[],0,[]
591566,,0.8,[],0,[]
591446,"M41L, E44D, D67N, L210W, T215Y, K219KR",3.8,"['M41L', 'E44D', 'D67N', 'L210W', 'T215Y', 'K219KR']",1,[]
592048,,0.8,[],0,[]
591756,"M41L, D67N, T69D, K70R, L74LI, M184V, T215F, K219Q",1.8,"['M41L', 'D67N', 'T69D', 'K70R', 'L74LI', 'M184V', 'T215F', 'K219Q']",1,[]
591466,"E40F, M41L, A62V, T69D, L74I, M184V, L210W, T215Y, K219R",4.3,"['E40F', 'M41L', 'A62V', 'T69D', 'L74I', 'M184V', 'L210W', 'T215Y', 'K219R']",1,[]
591492,,0.9,[],0,[]
592164,,0.7,[],0,[]
591574,"M41ML, K70KR, T215Y",7.4,"['M41ML', 'K70KR', 'T215Y']",1,[]
592194,"D67N, T69D, K70R, M184V, T215F, K219Q",1.7,"['D67N', 'T69D', 'K70R', 'M184V', 'T215F', 'K219Q']",1,[]
592040,"D67N, T69D, K70R, M184V",2.5,"['D67N', 'T69D', 'K70R', 'M184V']",1,[]
592018,,0.7,[],0,[]
591624,"M41L, M184V, T215Y",1.8,"['M41L', 'M184V', 'T215Y']",1,[]
591360,,2.0,[],1,[]
592140,"D67N, K70R, M184V, T215F, K219Q",2.7,"['D67N', 'K70R', 'M184V', 'T215F', 'K219Q']",1,[]
591744,,0.8,[],0,[]
591608,"M41L, E44A, D67N, V75M, F77L, L210W",0.9,"['M41L', 'E44A', 'D67N', 'V75M', 'F77L', 'L210W']",0,[]
591742,"D67N, K70R, M184V, T215Y, K219E",1.3,"['D67N', 'K70R', 'M184V', 'T215Y', 'K219E']",0,[]
592006,"K70N, M184V, T215Y",0.7,"['K70N', 'M184V', 'T215Y']",0,[]
591370,T215D,0.8,['T215D'],0,[]
591632,"D67NS, K70R, M184V, L210LW, K219E",1.2,"['D67NS', 'K70R', 'M184V', 'L210LW', 'K219E']",0,[]
592284,"D67N, T69DN, K70R, M184V, T215F, K219Q",1.0,"['D67N', 'T69DN', 'K70R', 'M184V', 'T215F', 'K219Q']",0,[]
592344,A62AV,0.8,['A62AV'],0,[]
592380,"M41L, D67N, T69D, M184V, L210W, T215CY",0.7,"['M41L', 'D67N', 'T69D', 'M184V', 'L210W', 'T215CY']",0,[]
591828,"M41L, D67N, M184V, L210W, T215Y, K219E",1.7,"['M41L', 'D67N', 'M184V', 'L210W', 'T215Y', 'K219E']",1,[]
591536,"M41L, D67G, S68G, K70R, M184AV, T215Y, K219E",2.1,"['M41L', 'D67G', 'S68G', 'K70R', 'M184AV', 'T215Y', 'K219E']",1,[]
592336,"M41L, D67N, T69D, K70R, T215F, K219Q",2.2,"['M41L', 'D67N', 'T69D', 'K70R', 'T215F', 'K219Q']",1,[]
591786,"M41L, D67N, K70R, M184V, T215Y, K219Q",1.8,"['M41L', 'D67N', 'K70R', 'M184V', 'T215Y', 'K219Q']",1,[]
591594,D67DN,1.0,['D67DN'],0,[]
591734,"S68SG, L74V, Y115F, M184V, T215Y",0.8,"['S68SG', 'L74V', 'Y115F', 'M184V', 'T215Y']",0,[]
591674,"D67N, K70KE, M184V, L210W, T215Y",1.6,"['D67N', 'K70KE', 'M184V', 'L210W', 'T215Y']",0,[]
591538,"M41L, E44EA, L74LI, M184V, L210W, T215Y",1.8,"['M41L', 'E44EA', 'L74LI', 'M184V', 'L210W', 'T215Y']",1,[]
591432,"D67N, K70R, M184V, K219Q",1.6,"['D67N', 'K70R', 'M184V', 'K219Q']",0,[]
592278,,0.6,[],0,[]
591970,"D67N, V75VA, M184V",0.8,"['D67N', 'V75VA', 'M184V']",0,[]
591846,,0.8,[],0,[]
592316,,1.1,[],0,[]
592156,"M41L, L74V, M184V, L210W, T215Y",1.3,"['M41L', 'L74V', 'M184V', 'L210W', 'T215Y']",0,[]
591500,"M41L, M184V, T215F",1.2,"['M41L', 'M184V', 'T215F']",0,[]
591706,"D67N, M184V, L210W, T215Y",1.3,"['D67N', 'M184V', 'L210W', 'T215Y']",0,[]
591510,"M41L, D67N, T69D, K70R, V75M, M184V, L210W, T215F, K219Q",2.5,"['M41L', 'D67N', 'T69D', 'K70R', 'V75M', 'M184V', 'L210W', 'T215F', 'K219Q']",1,[]
591578,M41ML,0.8,['M41ML'],0,[]
592132,"M41L, E44ED, S68G, M184V, L210W, T215Y",1.8,"['M41L', 'E44ED', 'S68G', 'M184V', 'L210W', 'T215Y']",1,[]
591440,,1.3,[],0,[]
591986,"M41L, D67DN, K70KR, M184V, T215Y",2.0,"['M41L', 'D67DN', 'K70KR', 'M184V', 'T215Y']",1,[]
591992,"M41L, D67N, M184V, L210W, T215Y",3.5,"['M41L', 'D67N', 'M184V', 'L210W', 'T215Y']",1,[]
592176,,0.8,[],0,[]
592080,"M41L, L74V, M184V, T215Y",1.2,"['M41L', 'L74V', 'M184V', 'T215Y']",0,[]
591462,,1.1,[],0,[]
591400,"M41L, E44D, D67N, K70R, V75M, F77L, M184V, L210W, T215Y, K219E",2.1,"['M41L', 'E44D', 'D67N', 'K70R', 'V75M', 'F77L', 'M184V', 'L210W', 'T215Y', 'K219E']",1,[]
592170,"M41L, D67N, T69D, K70R, T215F, K219Q",2.5,"['M41L', 'D67N', 'T69D', 'K70R', 'T215F', 'K219Q']",1,[]
592404,,1.1,[],0,[]
592396,"S68G, M184V, L210W, T215Y",1.4,"['S68G', 'M184V', 'L210W', 'T215Y']",0,[]
591856,,0.8,[],0,[]
592444,"A62V, S68G, K70S, V75I, F77L, Y115F, F116Y, Q151M, M184V, T215D",9.8,"['A62V', 'S68G', 'K70S', 'V75I', 'F77L', 'Y115F', 'F116Y', 'Q151M', 'M184V', 'T215D']",1,[]
592364,"M41L, E44A, D67N, M184V, L210W, T215Y",7.8,"['M41L', 'E44A', 'D67N', 'M184V', 'L210W', 'T215Y']",1,[]
591684,"M41L, D67N, M184V, L210LW, T215Y",2.1,"['M41L', 'D67N', 'M184V', 'L210LW', 'T215Y']",1,[]
591522,"L74LV, Y115YF, M184MV",0.7,"['L74LV', 'Y115YF', 'M184MV']",0,[]
591886,"S68SG, L74LI, M184V",0.6,"['S68SG', 'L74LI', 'M184V']",0,[]
592228,"M41L, E44D, D67N, M184V, L210W, T215Y, K219N",4.3,"['M41L', 'E44D', 'D67N', 'M184V', 'L210W', 'T215Y', 'K219N']",1,[]
592034,,1.1,[],0,[]
591978,"A62V, M184V, T215Y",1.2,"['A62V', 'M184V', 'T215Y']",0,[]
591614,"D67DN, L210LW, K219KN",1.2,"['D67DN', 'L210LW', 'K219KN']",0,[]
592124,"M41L, E44A, D67N, L74I, M184V, L210W, T215Y, K219N",3.6,"['M41L', 'E44A', 'D67N', 'L74I', 'M184V', 'L210W', 'T215Y', 'K219N']",1,[]
591838,K70KR,2.0,['K70KR'],1,[]
591402,"M41L, E44D, D67N, K70R, V75M, F77L, M184V, L210W, T215Y, K219E",1.5,"['M41L', 'E44D', 'D67N', 'K70R', 'V75M', 'F77L', 'M184V', 'L210W', 'T215Y', 'K219E']",0,[]
591662,"M41L, M184MV, L210W, T215Y, K219R",2.8,"['M41L', 'M184MV', 'L210W', 'T215Y', 'K219R']",1,[]
591374,T215D,0.7,['T215D'],0,[]
591642,M41L,1.1,['M41L'],0,[]
591640,"M41L, T215Y",2.1,"['M41L', 'T215Y']",1,[]
591634,"M41L, E44A, A62V, D67DG, S68SGR, K70KT, L74LV, M184V, L210W, T215Y, K219KN",2.7,"['M41L', 'E44A', 'A62V', 'D67DG', 'S68SGR', 'K70KT', 'L74LV', 'M184V', 'L210W', 'T215Y', 'K219KN']",1,[]
591752,"M41L, D67N, L74V, M184V, L210W, T215Y, K219KN",3.2,"['M41L', 'D67N', 'L74V', 'M184V', 'L210W', 'T215Y', 'K219KN']",1,[]
591880,"M41L, D67N, K70R, M184V, T215F, K219Q",1.3,"['M41L', 'D67N', 'K70R', 'M184V', 'T215F', 'K219Q']",0,[]
592060,"M41L, D67N, T69D, K70R, L210W, T215FS, K219Q",1.2,"['M41L', 'D67N', 'T69D', 'K70R', 'L210W', 'T215FS', 'K219Q']",0,[]
591582,"E40F, M41L, D67N, K70Q, L210W, T215Y, K219R",7.3,"['E40F', 'M41L', 'D67N', 'K70Q', 'L210W', 'T215Y', 'K219R']",1,[]
592376,"M41L, E44ED, V75VIM, L210W",1.1,"['M41L', 'E44ED', 'V75VIM', 'L210W']",0,[]
592290,"M41ML, T215Y",1.9,"['M41ML', 'T215Y']",1,[]
591474,"M41L, M184V, L210W, T215Y",1.9,"['M41L', 'M184V', 'L210W', 'T215Y']",1,[]
591868,"M41L, E44D, D67N, L74V, L210W, T215Y, K219NS",6.8,"['M41L', 'E44D', 'D67N', 'L74V', 'L210W', 'T215Y', 'K219NS']",1,[]
592398,,0.8,[],0,[]
591892,,1.2,[],0,[]
591982,,0.6,[],0,[]
591450,,1.0,[],0,[]
591904,"M41L, E44D, D67N, M184V, L210W, T215Y, K219DN",2.4,"['M41L', 'E44D', 'D67N', 'M184V', 'L210W', 'T215Y', 'K219DN']",1,[]
592110,"M41L, E44A, L74I, M184V, L210W, T215Y, K219R",3.4,"['M41L', 'E44A', 'L74I', 'M184V', 'L210W', 'T215Y', 'K219R']",1,[]
591598,"M41L, D67N, K70R, L74I, M184V, L210W, T215Y, K219E",3.4,"['M41L', 'D67N', 'K70R', 'L74I', 'M184V', 'L210W', 'T215Y', 'K219E']",1,[]
592044,"M41L, L74V, L210W, T215Y",2.1,"['M41L', 'L74V', 'L210W', 'T215Y']",1,[]
591768,"M41L, T69ADV, L74LI, M184V, L210W, T215Y, K219R",4.0,"['M41L', 'T69ADV', 'L74LI', 'M184V', 'L210W', 'T215Y', 'K219R']",1,[]
591420,"S68G, L210W, T215Y",1.5,"['S68G', 'L210W', 'T215Y']",0,[]
591488,"M41L, D67N, T69D, M184V, L210W, T215F, K219R",3.9,"['M41L', 'D67N', 'T69D', 'M184V', 'L210W', 'T215F', 'K219R']",1,[]
592442,"M41ML, L74LV",0.7,"['M41ML', 'L74LV']",0,[]
592050,,1.0,[],0,[]
591524,"L74LV, Y115YF, M184MV",0.7,"['L74LV', 'Y115YF', 'M184MV']",0,[]
592138,"M41L, E44A, D67G, S68G, M184V, L210W, T215Y",3.0,"['M41L', 'E44A', 'D67G', 'S68G', 'M184V', 'L210W', 'T215Y']",1,[]
592146,T215F,1.2,['T215F'],0,[]
592064,"M41L, E44ED, D67N, T69D, M184V, L210W, T215Y",2.0,"['M41L', 'E44ED', 'D67N', 'T69D', 'M184V', 'L210W', 'T215Y']",1,[]
591394,"K70KE, M184V",0.5,"['K70KE', 'M184V']",0,[]
591612,"M41ML, E44ED, D67DN, L210LW, K219KN",1.0,"['M41ML', 'E44ED', 'D67DN', 'L210LW', 'K219KN']",0,[]
592382,"M41L, D67DN, M184V, L210W, T215Y, K219KN",1.7,"['M41L', 'D67DN', 'M184V', 'L210W', 'T215Y', 'K219KN']",1,[]
591726,"M41L, E44D, S68G, M184V, L210W, T215Y",3.0,"['M41L', 'E44D', 'S68G', 'M184V', 'L210W', 'T215Y']",1,[]
592258,"T69D, K70R",1.4,"['T69D', 'K70R']",0,[]
591464,"D67N, K70R, M184V, K219Q",1.4,"['D67N', 'K70R', 'M184V', 'K219Q']",0,[]
591490,,1.4,[],0,[]
591672,"D67G, T69D, K70R, M184V, K219Q",1.3,"['D67G', 'T69D', 'K70R', 'M184V', 'K219Q']",0,[]
591818,"M41L, E44D, M184V, T215F",1.4,"['M41L', 'E44D', 'M184V', 'T215F']",0,[]
591974,"M41L, E44D, D67N, L74V, M184V, L210W, T215Y, K219R",3.0,"['M41L', 'E44D', 'D67N', 'L74V', 'M184V', 'L210W', 'T215Y', 'K219R']",1,[]
591908,"M41L, D67DG, S68SG, M184MV, L210LW, T215Y, K219E",2.1,"['M41L', 'D67DG', 'S68SG', 'M184MV', 'L210LW', 'T215Y', 'K219E']",1,[]
591666,"D67N, T69D, L74V, K219Q",0.8,"['D67N', 'T69D', 'L74V', 'K219Q']",0,[]
591428,,1.1,[],0,[]
592154,"M41L, D67N, V75M, F77L, T215F",2.7,"['M41L', 'D67N', 'V75M', 'F77L', 'T215F']",1,[]
591514,M184MV,0.9,['M184MV'],0,[]
591604,"M41L, E44D, D67N, T69D, L210W",1.3,"['M41L', 'E44D', 'D67N', 'T69D', 'L210W']",0,[]
592360,"M41ML, T215C",0.9,"['M41ML', 'T215C']",0,[]
592084,"D67N, K70R, L74I, M184V, T215F, K219E",1.3,"['D67N', 'K70R', 'L74I', 'M184V', 'T215F', 'K219E']",0,[]
591866,"M41L, E44D, D67N, L74V, L210W, T215Y, K219N",5.6,"['M41L', 'E44D', 'D67N', 'L74V', 'L210W', 'T215Y', 'K219N']",1,[]
592204,"M41MIL, M184MV, T215L",1.0,"['M41MIL', 'M184MV', 'T215L']",0,[]
591948,"M41L, D67N, K70KR, T215F, K219E",2.1,"['M41L', 'D67N', 'K70KR', 'T215F', 'K219E']",1,[]
591622,"M41L, M184V, T215Y",1.2,"['M41L', 'M184V', 'T215Y']",0,[]
592260,"D67N, K70R, M184V, K219Q",1.1,"['D67N', 'K70R', 'M184V', 'K219Q']",0,[]
591996,,1.0,[],0,[]
591762,,0.8,[],0,[]
592334,"M41ML, D67DN, L74LV, M184MV, L210LW, K219KN",1.0,"['M41ML', 'D67DN', 'L74LV', 'M184MV', 'L210LW', 'K219KN']",0,[]
592012,"M41L, D67G, S68G, M184V, T215Y, K219E",1.3,"['M41L', 'D67G', 'S68G', 'M184V', 'T215Y', 'K219E']",0,[]
591720,,1.6,[],0,[]
591390,"M41L, A62V, D67N, T69D, K70R, V75I, L210W, T215F, K219Q",5.4,"['M41L', 'A62V', 'D67N', 'T69D', 'K70R', 'V75I', 'L210W', 'T215F', 'K219Q']",1,[]
591842,,0.8,[],0,[]
591914,"M41L, L74I, M184V, L210W, T215Y",2.1,"['M41L', 'L74I', 'M184V', 'L210W', 'T215Y']",1,[]
592300,"M41L, E44D, D67N, T69D, V75M, M184V, L210W, T215Y",6.3,"['M41L', 'E44D', 'D67N', 'T69D', 'V75M', 'M184V', 'L210W', 'T215Y']",1,[]
591534,"D67DN, M184V, T215TI",1.2,"['D67DN', 'M184V', 'T215TI']",0,[]
592052,"M41L, S68G, L74I, M184V, L210W, T215Y",1.0,"['M41L', 'S68G', 'L74I', 'M184V', 'L210W', 'T215Y']",0,[]
591956,"A62AV, K65R, M184V, L210W",1.3,"['A62AV', 'K65R', 'M184V', 'L210W']",0,[]
591776,,1.2,[],0,[]
592326,"D67DN, K70R, K219EQ",1.6,"['D67DN', 'K70R', 'K219EQ']",0,[]
591848,,0.6,[],0,[]
592238,"D67N, K70R, V75I, K219E",1.7,"['D67N', 'K70R', 'V75I', 'K219E']",1,[]
592036,"M41L, S68G, L74V, M184V, L210W, T215Y",1.8,"['M41L', 'S68G', 'L74V', 'M184V', 'L210W', 'T215Y']",1,[]
591646,"M41L, E44D, D67H, S68N, T69DN, K70KR, M184V, T215F, K219Q",1.7,"['M41L', 'E44D', 'D67H', 'S68N', 'T69DN', 'K70KR', 'M184V', 'T215F', 'K219Q']",1,[]
591546,"M41L, D67G, T69DE, K70T, L74V, M184V, L210W, T215Y",3.5,"['M41L', 'D67G', 'T69DE', 'K70T', 'L74V', 'M184V', 'L210W', 'T215Y']",1,[]
592128,"M41L, D67N, T69D, K70R, L74I, V75M, M184V, T215F, K219Q",2.8,"['M41L', 'D67N', 'T69D', 'K70R', 'L74I', 'V75M', 'M184V', 'T215F', 'K219Q']",1,[]
591916,"M41L, V75I, L210W, T215Y",2.6,"['M41L', 'V75I', 'L210W', 'T215Y']",1,[]
592198,"M41L, E44D, D67N, K70KR, L74IV, M184V, T215Y, K219Q",2.6,"['M41L', 'E44D', 'D67N', 'K70KR', 'L74IV', 'M184V', 'T215Y', 'K219Q']",1,[]
591478,"M41L, E44A, D67N, V75M, L210W, T215FY, K219N",3.3,"['M41L', 'E44A', 'D67N', 'V75M', 'L210W', 'T215FY', 'K219N']",1,[]
592292,,1.2,[],0,[]
591802,"D67N, K70KR, M184MV, K219Q",1.7,"['D67N', 'K70KR', 'M184MV', 'K219Q']",1,[]
591470,"S68G, L74V, V75S, K219KN",1.0,"['S68G', 'L74V', 'V75S', 'K219KN']",0,[]
592234,"M41L, S68G, K70KN, L74I, V75T, M184V, L210W, T215Y",1.3,"['M41L', 'S68G', 'K70KN', 'L74I', 'V75T', 'M184V', 'L210W', 'T215Y']",0,[]
591406,"M41L, L74LV, M184V, T215Y",1.1,"['M41L', 'L74LV', 'M184V', 'T215Y']",0,[]
591716,"L74V, Y115F, M184V",1.0,"['L74V', 'Y115F', 'M184V']",0,[]
592324,"K70R, K219KQ",0.9,"['K70R', 'K219KQ']",0,[]
591616,"M41L, D67N, L74LI, L210W, T215Y, K219R",2.1,"['M41L', 'D67N', 'L74LI', 'L210W', 'T215Y', 'K219R']",1,[]
591364,"L210W, T215Y",2.1,"['L210W', 'T215Y']",1,[]
591778,,1.0,[],0,[]
591424,K219KR,1.1,['K219KR'],0,[]
592134,M184V,0.7,['M184V'],0,[]
591498,"M41L, D67N, V75I, L210W, T215Y, K219KR",3.3,"['M41L', 'D67N', 'V75I', 'L210W', 'T215Y', 'K219KR']",1,[]
592106,"M41ML, D67N, K70R, M184V, K219Q",1.0,"['M41ML', 'D67N', 'K70R', 'M184V', 'K219Q']",0,[]
592108,"M41L, E44D, D67N, L74V, M184V, L210W, T215Y",4.1,"['M41L', 'E44D', 'D67N', 'L74V', 'M184V', 'L210W', 'T215Y']",1,[]
591454,,0.9,[],0,[]
591398,S68G,0.8,['S68G'],0,[]
591936,"M41L, E44A, D67N, K70R, V75M, M184V, T215Y, K219E",3.5,"['M41L', 'E44A', 'D67N', 'K70R', 'V75M', 'M184V', 'T215Y', 'K219E']",1,[]
591820,,0.7,[],0,[]
591530,"D67N, K70R, M184MV, K219E",1.2,"['D67N', 'K70R', 'M184MV', 'K219E']",0,[]
592150,"M41L, K70R, L74I, Y115F, M184V, T215F, K219Q",1.7,"['M41L', 'K70R', 'L74I', 'Y115F', 'M184V', 'T215F', 'K219Q']",1,[]
592264,"M41L, E44D, D67N, M184V, L210L*W, T215Y",1.9,"['M41L', 'E44D', 'D67N', 'M184V', 'L210L*W', 'T215Y']",1,[]
592436,"M41L, D67N, T69D, L74V, M184V, T215F, K219Q",3.0,"['M41L', 'D67N', 'T69D', 'L74V', 'M184V', 'T215F', 'K219Q']",1,[]
591926,D67DN,1.1,['D67DN'],0,[]
592240,"M41L, T215Y",5.3,"['M41L', 'T215Y']",1,[]
591656,"D67G, S68G, K70R, T215I, K219E",1.3,"['D67G', 'S68G', 'K70R', 'T215I', 'K219E']",0,[]
591872,"D67N, K70R, K219Q",1.2,"['D67N', 'K70R', 'K219Q']",0,[]
591832,M184V,0.7,['M184V'],0,[]
591952,M184MIV,0.8,['M184MIV'],0,[]
592408,,0.8,[],0,[]
591388,"M41L, D67N, K70R, V75T, L210W, T215Y, K219E",4.3,"['M41L', 'D67N', 'K70R', 'V75T', 'L210W', 'T215Y', 'K219E']",1,[]
592068,,1.3,[],0,[]
591806,"M41L, E44A, A62V, T215FY",14.0,"['M41L', 'E44A', 'A62V', 'T215FY']",1,[]
592208,"M41L, E44D, D67N, T69D, M184V, L210W, T215Y",2.3,"['M41L', 'E44D', 'D67N', 'T69D', 'M184V', 'L210W', 'T215Y']",1,[]
592254,"E44D, D67N, T69D, M184V, L210W, T215Y",2.6,"['E44D', 'D67N', 'T69D', 'M184V', 'L210W', 'T215Y']",1,[]
592330,A62V,0.8,['A62V'],0,[]
592078,"M41L, L74V, M184V, L210W, T215Y",1.7,"['M41L', 'L74V', 'M184V', 'L210W', 'T215Y']",1,[]
592072,,0.9,[],0,[]
591542,"M41L, E44D, D67N, L74V, M184V, L210W, T215Y, K219R",2.5,"['M41L', 'E44D', 'D67N', 'L74V', 'M184V', 'L210W', 'T215Y', 'K219R']",1,[]
591552,S68G,0.8,['S68G'],0,[]
592122,"M41L, D67N, L74V, M184V, T215F, K219Q",1.4,"['M41L', 'D67N', 'L74V', 'M184V', 'T215F', 'K219Q']",0,[]
591796,,1.4,[],0,[]
591506,,0.8,[],0,[]
591560,"A62V, L74I",0.9,"['A62V', 'L74I']",0,[]
592420,"M41L, E44D, D67N, T69D, M184V, L210W, T215Y",3.2,"['M41L', 'E44D', 'D67N', 'T69D', 'M184V', 'L210W', 'T215Y']",1,[]
591812,"M41L, E44A, D67N, V75M, F77L, M184V, L210W, T215Y, K219N",4.2,"['M41L', 'E44A', 'D67N', 'V75M', 'F77L', 'M184V', 'L210W', 'T215Y', 'K219N']",1,[]
592410,,1.0,[],0,[]
591686,T215TS,0.8,['T215TS'],0,[]
592242,"M41L, S68G, L74LV, M184V, L210W, T215F",1.1,"['M41L', 'S68G', 'L74LV', 'M184V', 'L210W', 'T215F']",0,[]
592416,,1.0,[],0,[]
591600,"D67N, K70R, L74I, M184V, T215F, K219Q",2.8,"['D67N', 'K70R', 'L74I', 'M184V', 'T215F', 'K219Q']",1,[]
592182,"D67N, T69D, K70R, L74I, M184V, K219Q",0.8,"['D67N', 'T69D', 'K70R', 'L74I', 'M184V', 'K219Q']",0,[]
592274,"M41L, E44D, S68G, K70S, L74LI, M184V, L210W, T215Y",1.0,"['M41L', 'E44D', 'S68G', 'K70S', 'L74LI', 'M184V', 'L210W', 'T215Y']",0,[]
591852,,0.8,[],0,[]
592304,"M41L, L74IV, M184MV, T215Y",1.6,"['M41L', 'L74IV', 'M184MV', 'T215Y']",0,[]
592296,"M41L, E44D, D67N, T69D, V75M, M184V, L210W, T215Y",3.0,"['M41L', 'E44D', 'D67N', 'T69D', 'V75M', 'M184V', 'L210W', 'T215Y']",1,[]
591460,"K65R, S68G, V75I, F77L, F116Y, Q151M",38.0,"['K65R', 'S68G', 'V75I', 'F77L', 'F116Y', 'Q151M']",1,[]
592426,"M41L, E44A, D67N, M184V, L210W, T215Y, K219DN",2.3,"['M41L', 'E44A', 'D67N', 'M184V', 'L210W', 'T215Y', 'K219DN']",1,[]
591508,"M41L, D67N, T69D, K70R, V75M, M184V, L210W, T215F, K219Q",2.8,"['M41L', 'D67N', 'T69D', 'K70R', 'V75M', 'M184V', 'L210W', 'T215F', 'K219Q']",1,[]
591484,"M41L, D67E, S68G, V75M, M184V, L210W, T215C",8.5,"['M41L', 'D67E', 'S68G', 'V75M', 'M184V', 'L210W', 'T215C']",1,[]
592102,,1.0,[],0,[]
591698,,1.0,[],0,[]
591694,"M41L, D67DG, M184MIV, T215Y",1.5,"['M41L', 'D67DG', 'M184MIV', 'T215Y']",0,[]
591738,"S68G, T69D",1.1,"['S68G', 'T69D']",0,[]
591442,"M41L, E44D, M184V, L210W, T215Y",2.5,"['M41L', 'E44D', 'M184V', 'L210W', 'T215Y']",1,[]
591764,,1.0,[],0,[]
592022,"K65R, S68G",1.5,"['K65R', 'S68G']",0,[]
592212,,0.7,[],0,[]
591418,"M41ML, S68G, M184MV, L210W, T215Y",1.6,"['M41ML', 'S68G', 'M184MV', 'L210W', 'T215Y']",0,[]
592386,"M41L, E44D, S68G, M184V, L210W, T215Y",2.9,"['M41L', 'E44D', 'S68G', 'M184V', 'L210W', 'T215Y']",1,[]
592028,"M41L, A62V, V75I",1.7,"['M41L', 'A62V', 'V75I']",1,[]
592320,M184V,0.7,['M184V'],0,[]
592358,"M41L, D67N, T69D, V75M, T215S, K219Q",1.3,"['M41L', 'D67N', 'T69D', 'V75M', 'T215S', 'K219Q']",0,[]
591358,T215TS,0.8,['T215TS'],0,[]
592270,"M41L, K70R, L74I, M184V, T215F, K219Q",1.5,"['M41L', 'K70R', 'L74I', 'M184V', 'T215F', 'K219Q']",0,[]
592282,"D67N, K70R, M184V, L210LW, K219Q",1.3,"['D67N', 'K70R', 'M184V', 'L210LW', 'K219Q']",0,[]
592162,M184V,0.8,['M184V'],0,[]
592302,"M41L, L74I, M184V, T215Y",1.6,"['M41L', 'L74I', 'M184V', 'T215Y']",0,[]
591888,"L74I, M184V",0.6,"['L74I', 'M184V']",0,[]
591592,"L74V, Y115F, M184V",0.6,"['L74V', 'Y115F', 'M184V']",0,[]
591728,"D67N, K70R, M184V, T215Y, K219E",1.2,"['D67N', 'K70R', 'M184V', 'T215Y', 'K219E']",0,[]
591458,"M41L, E44EAD, D67N, T69D, V75M, F77L, M184V, L210W, T215Y",3.4,"['M41L', 'E44EAD', 'D67N', 'T69D', 'V75M', 'F77L', 'M184V', 'L210W', 'T215Y']",1,[]
592032,,0.9,[],0,[]
591792,"S68G, V75I, F77L, F116Y, Q151M",17.0,"['S68G', 'V75I', 'F77L', 'F116Y', 'Q151M']",1,[]
592172,"M41L, K65KR, S68G, K70RS, V75I, F116Y, Q151M, T215C",7.5,"['M41L', 'K65KR', 'S68G', 'K70RS', 'V75I', 'F116Y', 'Q151M', 'T215C']",1,[]
592424,"A62AV, D67G, K70R, M184V, K219Q",2.5,"['A62AV', 'D67G', 'K70R', 'M184V', 'K219Q']",1,[]
591448,,0.6,[],0,[]
592220,"S68SN, M184MV",0.6,"['S68SN', 'M184MV']",0,[]
592088,"M41L, M184V, L210W, T215Y",2.0,"['M41L', 'M184V', 'L210W', 'T215Y']",1,[]
592244,"M41L, S68G, L210W, T215S",0.7,"['M41L', 'S68G', 'L210W', 'T215S']",0,[]
591754,"M41L, T69G, K70R, M184V, T215Y, K219E",2.4,"['M41L', 'T69G', 'K70R', 'M184V', 'T215Y', 'K219E']",1,[]
591636,,1.0,[],0,[]
591572,,0.7,[],0,[]
591496,"M41L, D67DN, M184V, L210W, T215Y",3.1,"['M41L', 'D67DN', 'M184V', 'L210W', 'T215Y']",1,[]
591810,"M41L, E44A, D67N, T69D, L74V, M184V, L210W, T215Y",3.1,"['M41L', 'E44A', 'D67N', 'T69D', 'L74V', 'M184V', 'L210W', 'T215Y']",1,[]
591564,,0.8,[],0,[]
591864,"D67N, K70E, M184V",0.8,"['D67N', 'K70E', 'M184V']",0,[]
591626,,2.1,[],1,[]
591494,"M41L, D67N, K70R, M184V, T215Y, K219E",1.6,"['M41L', 'D67N', 'K70R', 'M184V', 'T215Y', 'K219E']",0,[]
591932,"M184MIV, T215FS",1.4,"['M184MIV', 'T215FS']",0,[]
591924,K65R,1.7,['K65R'],1,[]
591826,"D67N, T69D, K219N",1.0,"['D67N', 'T69D', 'K219N']",0,[]
592158,"M41L, E44D, D67N, V75I, L210W, T215Y, K219R",4.3,"['M41L', 'E44D', 'D67N', 'V75I', 'L210W', 'T215Y', 'K219R']",1,[]
591502,"L210LW, T215AD",0.9,"['L210LW', 'T215AD']",0,[]
592196,"M41L, T69DN, K70R, V75M, M184V, L210W, T215C",2.1,"['M41L', 'T69DN', 'K70R', 'V75M', 'M184V', 'L210W', 'T215C']",1,[]
592352,,1.1,[],0,[]
591910,"D67HN, K70R, L74LI, M184V, T215Y, K219E",1.4,"['D67HN', 'K70R', 'L74LI', 'M184V', 'T215Y', 'K219E']",0,[]
591732,"M41L, D67DN, L210W, T215D",1.3,"['M41L', 'D67DN', 'L210W', 'T215D']",0,[]
591800,M41MIL,1.0,['M41MIL'],0,[]
591606,"A62AV, K65R, S68G, M184V",0.8,"['A62AV', 'K65R', 'S68G', 'M184V']",0,[]
592378,"M41L, L210W, T215C",1.3,"['M41L', 'L210W', 'T215C']",0,[]
592104,"M41L, D67NT, L210W, T215F, K219KR",3.6,"['M41L', 'D67NT', 'L210W', 'T215F', 'K219KR']",1,[]
592432,,1.0,[],0,[]
592268,"D67DN, K219KR",1.4,"['D67DN', 'K219KR']",0,[]
591746,,1.0,[],0,[]
591376,"M41L, D67N, K70R, T215F, K219Q",3.1,"['M41L', 'D67N', 'K70R', 'T215F', 'K219Q']",1,[]
592126,"M41ML, S68SG, K70KR, M184V",0.9,"['M41ML', 'S68SG', 'K70KR', 'M184V']",0,[]
591556,"D67N, K70G, M184V, T215F, K219Q",1.0,"['D67N', 'K70G', 'M184V', 'T215F', 'K219Q']",0,[]
591434,"D67G, S68G, K70R, V75I, F116Y, Q151M, M184V, T215V, K219E",6.6,"['D67G', 'S68G', 'K70R', 'V75I', 'F116Y', 'Q151M', 'M184V', 'T215V', 'K219E']",1,[]
591962,,0.8,[],0,[]
591682,"M41ML, L74LI, M184MIV, L210LW",1.0,"['M41ML', 'L74LI', 'M184MIV', 'L210LW']",0,[]
592346,"M41L, D67N, K70R, T215F, K219Q",3.8,"['M41L', 'D67N', 'K70R', 'T215F', 'K219Q']",1,[]
591840,,1.4,[],0,[]
592174,,1.1,[],0,[]
591700,"D67N, K70R, T215F, K219Q",1.9,"['D67N', 'K70R', 'T215F', 'K219Q']",1,[]
592400,,0.9,[],0,[]
591870,,1.1,[],0,[]
592130,"M41L, D67N, T69D, K70R, L74I, V75M, M184V, T215F, K219Q",2.5,"['M41L', 'D67N', 'T69D', 'K70R', 'L74I', 'V75M', 'M184V', 'T215F', 'K219Q']",1,[]
592216,,1.1,[],0,[]
592310,"M41L, D67G, S68G, K70R, M184V, T215F, K219E",2.4,"['M41L', 'D67G', 'S68G', 'K70R', 'M184V', 'T215F', 'K219E']",1,[]
592166,"M41L, D67N, T69D, M184V, L210W, T215Y",2.2,"['M41L', 'D67N', 'T69D', 'M184V', 'L210W', 'T215Y']",1,[]
591588,"D67N, K70R, M184V, T215I, K219E",1.1,"['D67N', 'K70R', 'M184V', 'T215I', 'K219E']",0,[]
591896,"M41L, D67N, M184V, T215Y",2.1,"['M41L', 'D67N', 'M184V', 'T215Y']",1,[]
592434,,1.0,[],0,[]
592004,"M41L, E44A, D67N, V75M, F77L, M184V, L210W, T215Y, K219KR",5.6,"['M41L', 'E44A', 'D67N', 'V75M', 'F77L', 'M184V', 'L210W', 'T215Y', 'K219KR']",1,[]
591968,"D67N, M184V",0.7,"['D67N', 'M184V']",0,[]
591710,"D67N, K70R, K219Q",2.9,"['D67N', 'K70R', 'K219Q']",1,[]
592248,M41ML,1.1,['M41ML'],0,[]
592372,"M41L, M184V, L210W, T215Y",3.2,"['M41L', 'M184V', 'L210W', 'T215Y']",1,[]
591930,"M41L, T215Y",2.5,"['M41L', 'T215Y']",1,[]
591548,"M41L, D67N, T215Y, K219KR",2.0,"['M41L', 'D67N', 'T215Y', 'K219KR']",1,[]
592294,,0.9,[],0,[]
592418,,1.0,[],0,[]
591990,"D67N, K70KR, L74V, M184V, K219E",0.9,"['D67N', 'K70KR', 'L74V', 'M184V', 'K219E']",0,[]
592394,,0.6,[],0,[]
591692,,0.8,[],0,[]
591652,"M41L, M184V, T215C",0.8,"['M41L', 'M184V', 'T215C']",0,[]
591654,"M41L, M184MV, T215C",0.9,"['M41L', 'M184MV', 'T215C']",0,[]
591414,,0.9,[],0,[]
591942,"M41L, E44D, D67N, T69D, L210W",1.0,"['M41L', 'E44D', 'D67N', 'T69D', 'L210W']",0,[]
592222,,1.0,[],0,[]
591976,"M41L, E44EA, T69G, K70R, L74I, V75A, M184V, T215F, K219E",4.2,"['M41L', 'E44EA', 'T69G', 'K70R', 'L74I', 'V75A', 'M184V', 'T215F', 'K219E']",1,[]
591404,"M41L, E44D, D67N, M184V, L210W, T215Y, K219N",5.1,"['M41L', 'E44D', 'D67N', 'M184V', 'L210W', 'T215Y', 'K219N']",1,[]
591988,"K65R, M184MV",1.1,"['K65R', 'M184MV']",0,[]
591860,"M41ML, L74LV",1.4,"['M41ML', 'L74LV']",0,[]
592236,"D67N, K70R, V75IT, M184V, K219E",1.6,"['D67N', 'K70R', 'V75IT', 'M184V', 'K219E']",0,[]
592090,"K65R, S68G, M184V",1.1,"['K65R', 'S68G', 'M184V']",0,[]
592020,"A62AV, K65KR, S68G",1.5,"['A62AV', 'K65KR', 'S68G']",0,[]
591472,"M41L, E44D, D67N, L210W, T215Y, K219N",8.0,"['M41L', 'E44D', 'D67N', 'L210W', 'T215Y', 'K219N']",1,[]
591858,"M41L, L210W, T215Y",6.6,"['M41L', 'L210W', 'T215Y']",1,[]
591836,,0.9,[],0,[]
591890,,1.2,[],0,[]
591882,"M41L, D67N, K70R, Q151M, T215V, K219E",4.2,"['M41L', 'D67N', 'K70R', 'Q151M', 'T215V', 'K219E']",1,[]
592082,"M41L, E44DG, A62V, D67N, T69D, V75I, L210W, T215F, K219QR",3.1,"['M41L', 'E44DG', 'A62V', 'D67N', 'T69D', 'V75I', 'L210W', 'T215F', 'K219QR']",1,[]
592298,"M41L, E44D, D67N, T69D, V75M, M184V, L210W, T215Y",3.9,"['M41L', 'E44D', 'D67N', 'T69D', 'V75M', 'M184V', 'L210W', 'T215Y']",1,[]
592200,"M41L, D67DN, L74I, M184V, L210W, T215Y",2.6,"['M41L', 'D67DN', 'L74I', 'M184V', 'L210W', 'T215Y']",1,[]
591520,"M41L, S68SG, L74V, M184V, L210W, T215Y",1.7,"['M41L', 'S68SG', 'L74V', 'M184V', 'L210W', 'T215Y']",1,[]
591584,M184MV,0.9,['M184MV'],0,[]
592016,,0.8,[],0,[]
591740,"D67N, K70R, M184V, T215Y, K219E",2.0,"['D67N', 'K70R', 'M184V', 'T215Y', 'K219E']",1,[]
591384,"M41L, M184V, L210W, T215Y, K219R",2.6,"['M41L', 'M184V', 'L210W', 'T215Y', 'K219R']",1,[]
591486,"D67N, K70R, L74I, M184V, T215F, K219Q",2.5,"['D67N', 'K70R', 'L74I', 'M184V', 'T215F', 'K219Q']",1,[]
592178,"M41L, E44A, D67N, L74V, M184V, L210W, T215Y",3.5,"['M41L', 'E44A', 'D67N', 'L74V', 'M184V', 'L210W', 'T215Y']",1,[]
592276,,0.9,[],0,[]
591468,S68SG,0.8,['S68SG'],0,[]
591736,"S68G, T69D",1.1,"['S68G', 'T69D']",0,[]
592342,,0.6,[],0,[]
591392,"M41L, A62V, D67N, T69D, K70R, V75I, L210W, T215F, K219Q",5.1,"['M41L', 'A62V', 'D67N', 'T69D', 'K70R', 'V75I', 'L210W', 'T215F', 'K219Q']",1,[]
591362,"M41L, E44ED, M184V, L210W, T215Y",2.5,"['M41L', 'E44ED', 'M184V', 'L210W', 'T215Y']",1,[]
592362,"D67N, T69D, K70R, M184V, K219Q",1.3,"['D67N', 'T69D', 'K70R', 'M184V', 'K219Q']",0,[]
592286,"M184MV, L210LW, T215Y",1.1,"['M184MV', 'L210LW', 'T215Y']",0,[]
591830,"M41L, D67N, K70R, M184V, L210W, T215Y, K219E",2.1,"['M41L', 'D67N', 'K70R', 'M184V', 'L210W', 'T215Y', 'K219E']",1,[]
591596,D67DN,1.6,['D67DN'],0,[]
592338,"M41L, D67N, M184V, T215Y",1.6,"['M41L', 'D67N', 'M184V', 'T215Y']",0,[]
592114,K219N,1.0,['K219N'],0,[]
591784,D67DN,1.4,['D67DN'],0,[]
591912,"M41L, E44D, D67N, M184V, L210W, T215Y",4.6,"['M41L', 'E44D', 'D67N', 'M184V', 'L210W', 'T215Y']",1,[]
592008,,0.9,[],0,[]
592314,M184V,0.7,['M184V'],0,[]
591782,"M41L, D67N, T69D, L74I, M184V, L210W, T215Y, K219R",2.6,"['M41L', 'D67N', 'T69D', 'L74I', 'M184V', 'L210W', 'T215Y', 'K219R']",1,[]
591900,"M41ML, T69G, K70R, M184V, T215F, K219EQ",1.8,"['M41ML', 'T69G', 'K70R', 'M184V', 'T215F', 'K219EQ']",1,[]
592142,"M41L, E44D, L74V, M184MV, L210L*W",1.9,"['M41L', 'E44D', 'L74V', 'M184MV', 'L210L*W']",1,[]
591576,"M41L, M184MV, T215Y",1.1,"['M41L', 'M184MV', 'T215Y']",0,[]
592440,"K65R, S68G, M184V",1.5,"['K65R', 'S68G', 'M184V']",0,[]
591512,"M41L, D67N, M184V, T215Y",1.3,"['M41L', 'D67N', 'M184V', 'T215Y']",0,[]
591704,"D67N, K70E, M184V, T215F, K219Q",1.6,"['D67N', 'K70E', 'M184V', 'T215F', 'K219Q']",0,[]
591724,M184MV,0.8,['M184MV'],0,[]
592306,M184V,0.7,['M184V'],0,[]
592350,"M41L, E44D, D67N, T69D, M184V, L210W, T215Y",3.3,"['M41L', 'E44D', 'D67N', 'T69D', 'M184V', 'L210W', 'T215Y']",1,[]
591430,"M41L, M184V, L210W, T215Y",2.1,"['M41L', 'M184V', 'L210W', 'T215Y']",1,[]
592184,"M41L, T69G, K70R, M184V, T215F, K219E",2.6,"['M41L', 'T69G', 'K70R', 'M184V', 'T215F', 'K219E']",1,[]
591372,T215D,0.9,['T215D'],0,[]
591770,"M41L, S68G, M184V, L210W, T215Y",2.2,"['M41L', 'S68G', 'M184V', 'L210W', 'T215Y']",1,[]
591620,T215Y,1.5,['T215Y'],0,[]
592014,S68G,0.8,['S68G'],0,[]
592226,"D67N, K70R, L74LI, M184V, T215I, K219Q",3.1,"['D67N', 'K70R', 'L74LI', 'M184V', 'T215I', 'K219Q']",1,[]
591602,"D67N, K70KR, M184V, T215Y, K219E",1.3,"['D67N', 'K70KR', 'M184V', 'T215Y', 'K219E']",0,[]
591994,,0.8,[],0,[]
591946,"M41ML, D67N, V75VIM, M184V, T215Y",1.0,"['M41ML', 'D67N', 'V75VIM', 'M184V', 'T215Y']",0,[]
592332,"M41L, D67N, L74V, M184V, L210W, T215Y, K219DN",2.7,"['M41L', 'D67N', 'L74V', 'M184V', 'L210W', 'T215Y', 'K219DN']",1,[]
591850,,0.8,[],0,[]
591570,"D67N, K70R, L74I, M184V, T215F, K219E",2.3,"['D67N', 'K70R', 'L74I', 'M184V', 'T215F', 'K219E']",1,[]
591580,"K70Q, M184V",0.9,"['K70Q', 'M184V']",0,[]
591558,"A62V, L74I",0.7,"['A62V', 'L74I']",0,[]
592288,"M41ML, T215Y",1.4,"['M41ML', 'T215Y']",0,[]
591958,"M41L, D67N, T69D, K70R, L74I, V75T, M184V, T215F, K219Q",3.7,"['M41L', 'D67N', 'T69D', 'K70R', 'L74I', 'V75T', 'M184V', 'T215F', 'K219Q']",1,[]
592262,"M184MV, K219KQ",1.0,"['M184MV', 'K219KQ']",0,[]
591426,M184MV,0.9,['M184MV'],0,[]
591760,,1.5,[],0,[]
592086,"M41L, M184V, L210W, T215Y",1.8,"['M41L', 'M184V', 'L210W', 'T215Y']",1,[]
592070,"M41L, D67N, T69D, M184V, L210W, T215Y, K219R",2.7,"['M41L', 'D67N', 'T69D', 'M184V', 'L210W', 'T215Y', 'K219R']",1,[]
591410,,0.9,[],0,[]
592272,"M41L, D67E, T69G, T215Y",200.0,"['M41L', 'D67E', 'T69G', 'T215Y']",1,[]
591918,"M41L, V75I, L210W, T215Y",1.9,"['M41L', 'V75I', 'L210W', 'T215Y']",1,[]
592202,"M41L, E44ED, D67G, S68G, K70KT, L74LV, M184V, L210W, T215Y, K219KN",5.7,"['M41L', 'E44ED', 'D67G', 'S68G', 'K70KT', 'L74LV', 'M184V', 'L210W', 'T215Y', 'K219KN']",1,[]
592414,"D67N, K70R, T215F, K219Q",1.5,"['D67N', 'K70R', 'T215F', 'K219Q']",0,[]
592024,S68G,1.0,['S68G'],0,[]
592100,,0.8,[],0,[]
592116,"M184V, T215F",1.4,"['M184V', 'T215F']",0,[]
592038,"M41L, E44ED, D67N, L74LI, M184V, L210W, T215Y",2.7,"['M41L', 'E44ED', 'D67N', 'L74LI', 'M184V', 'L210W', 'T215Y']",1,[]
591696,"M41L, E44A, D67N, T69D, M184V, L210W, T215Y",3.6,"['M41L', 'E44A', 'D67N', 'T69D', 'M184V', 'L210W', 'T215Y']",1,[]
591722,"M41L, M184V, L210W, T215Y, K219E",1.0,"['M41L', 'M184V', 'L210W', 'T215Y', 'K219E']",0,[]
591476,"M41L, D67N, M184V, L210LW, T215Y",1.1,"['M41L', 'D67N', 'M184V', 'L210LW', 'T215Y']",0,[]
591644,"M41L, S68G, L74V, M184V, T215Y",1.6,"['M41L', 'S68G', 'L74V', 'M184V', 'T215Y']",0,[]
591690,"M41L, S68SG, M184V, L210W, T215Y",1.4,"['M41L', 'S68SG', 'M184V', 'L210W', 'T215Y']",0,[]
592328,"M41L, M184V, L210W, T215Y",1.6,"['M41L', 'M184V', 'L210W', 'T215Y']",0,[]
591568,"D67NT, T69DN, K70R, M184V, T215F, K219E",2.2,"['D67NT', 'T69DN', 'K70R', 'M184V', 'T215F', 'K219E']",1,[]
591544,"M41L, E44D, D67N, L210W, K219E",1.0,"['M41L', 'E44D', 'D67N', 'L210W', 'K219E']",0,[]
591844,"M41L, L74LI, M184V, T215Y",1.6,"['M41L', 'L74LI', 'M184V', 'T215Y']",0,[]
591774,,0.7,[],0,[]
591386,"M41L, D67N, K70KR, V75T, L210W, T215Y, K219E",2.9,"['M41L', 'D67N', 'K70KR', 'V75T', 'L210W', 'T215Y', 'K219E']",1,[]
592232,S68SG,1.5,['S68SG'],0,[]
591366,"M41L, L210W, T215S",0.8,"['M41L', 'L210W', 'T215S']",0,[]
592030,,2.0,[],1,[]
591516,M184MV,1.0,['M184MV'],0,[]
592144,"M41L, E44D, L74V, L210LW",1.4,"['M41L', 'E44D', 'L74V', 'L210LW']",0,[]
592318,M184V,0.8,['M184V'],0,[]
591526,,1.1,[],0,[]
591618,"M41L, T69D, M184V, L210W, T215Y, K219KR",2.1,"['M41L', 'T69D', 'M184V', 'L210W', 'T215Y', 'K219KR']",1,[]
591920,,1.1,[],0,[]
591894,"M41L, D67N, L74V, V75T, Y115F, M184V, K219KQ",1.1,"['M41L', 'D67N', 'L74V', 'V75T', 'Y115F', 'M184V', 'K219KQ']",0,[]
591518,,0.8,[],0,[]
591396,S68G,1.0,['S68G'],0,[]
591834,,0.8,[],0,[]
591664,M41ML,0.9,['M41ML'],0,[]
591630,"M41L, D67DN, V75VA, M184V, L210W, T215Y",1.9,"['M41L', 'D67DN', 'V75VA', 'M184V', 'L210W', 'T215Y']",1,[]
591794,"M41L, E44A, V75M, M184V, L210W, T215Y, K219N",3.8,"['M41L', 'E44A', 'V75M', 'M184V', 'L210W', 'T215Y', 'K219N']",1,[]
591766,"D67DN, M184V, T215L, K219Q",0.8,"['D67DN', 'M184V', 'T215L', 'K219Q']",0,[]
591902,"M41L, T215Y",1.7,"['M41L', 'T215Y']",1,[]
591680,"M41L, L74LI, M184V, L210LW, T215Y",1.7,"['M41L', 'L74LI', 'M184V', 'L210LW', 'T215Y']",1,[]
591408,K70KR,0.9,['K70KR'],0,[]
591482,"M41L, D67E, S68G, V75M, M184V, L210W, T215C",7.3,"['M41L', 'D67E', 'S68G', 'V75M', 'M184V', 'L210W', 'T215C']",1,[]
592000,"M41L, D67N, K70KR, T215F, K219Q",2.8,"['M41L', 'D67N', 'K70KR', 'T215F', 'K219Q']",1,[]
591676,,1.1,[],0,[]
592368,"K70E, M184V",0.8,"['K70E', 'M184V']",0,[]
591816,,0.9,[],0,[]
591906,"M41L, M184V, T215Y",1.0,"['M41L', 'M184V', 'T215Y']",0,[]
591814,,0.8,[],0,[]
592098,"D67N, K70R, L74LI, Y115YF, M184MV, K219HQ",1.0,"['D67N', 'K70R', 'L74LI', 'Y115YF', 'M184MV', 'K219HQ']",0,[]
591984,,1.1,[],0,[]
591750,M184V,1.1,['M184V'],0,[]
592406,"M41L, M184V, L210W, T215Y, K219KN",1.5,"['M41L', 'M184V', 'L210W', 'T215Y', 'K219KN']",0,[]
592152,,1.0,[],0,[]
591788,"M41L, E44D, A62AV, D67N, K70R, V75I, M184V, L210W, T215F, K219EQ",2.0,"['M41L', 'E44D', 'A62AV', 'D67N', 'K70R', 'V75I', 'M184V', 'L210W', 'T215F', 'K219EQ']",1,[]
591998,"M41L, E44D, D67N, T69D, L210W, T215CSY, K219KR",2.0,"['M41L', 'E44D', 'D67N', 'T69D', 'L210W', 'T215CSY', 'K219KR']",1,[]
592180,"K70R, M184V, T215F, K219E",1.6,"['K70R', 'M184V', 'T215F', 'K219E']",0,[]
592214,,1.0,[],0,[]
592206,"M41MIL, T215L",0.6,"['M41MIL', 'T215L']",0,[]
592112,K219N,1.0,['K219N'],0,[]
591862,"M41L, L74LV",1.4,"['M41L', 'L74LV']",0,[]
591876,K219KQ,1.0,['K219KQ'],0,[]
591540,"M41L, E44D, D67GS, T69DE, L210W, T215Y, K219R",4.8,"['M41L', 'E44D', 'D67GS', 'T69DE', 'L210W', 'T215Y', 'K219R']",1,[]
591708,"D67N, K70R, T215F, K219Q",2.7,"['D67N', 'K70R', 'T215F', 'K219Q']",1,[]
591940,"M41L, E44ED, T69D, V75M, M184V, L210W, T215Y, K219R",2.1,"['M41L', 'E44ED', 'T69D', 'V75M', 'M184V', 'L210W', 'T215Y', 'K219R']",1,[]
592076,"M41L, S68G, M184V, T215Y",1.4,"['M41L', 'S68G', 'M184V', 'T215Y']",0,[]
591562,"M41L, D67N, M184V, L210W, T215Y, K219KN",3.6,"['M41L', 'D67N', 'M184V', 'L210W', 'T215Y', 'K219KN']",1,[]
591954,"D67G, K70R, L74V, Y115F, M184V, K219Q",1.4,"['D67G', 'K70R', 'L74V', 'Y115F', 'M184V', 'K219Q']",0,[]
592384,"D67H, K70R, L74I, M184V, T215I, K219E",1.0,"['D67H', 'K70R', 'L74I', 'M184V', 'T215I', 'K219E']",0,[]
591444,"M41L, D67N, T215Y",3.3,"['M41L', 'D67N', 'T215Y']",1,[]
592428,,0.8,[],0,[]
592192,"D67G, S68G, K70R, V75M, M184V, K219Q",1.9,"['D67G', 'S68G', 'K70R', 'V75M', 'M184V', 'K219Q']",1,[]
591854,,0.8,[],0,[]
592054,"M41L, E44ED, D67N, T69D, K70R, M184V, T215FY, K219Q",1.4,"['M41L', 'E44ED', 'D67N', 'T69D', 'K70R', 'M184V', 'T215FY', 'K219Q']",0,[]
591960,"M41L, D67N, S68G, L74V, M184V, L210W, T215Y, K219N",3.1,"['M41L', 'D67N', 'S68G', 'L74V', 'M184V', 'L210W', 'T215Y', 'K219N']",1,[]
591648,"M41ML, M184V, T215Y",0.8,"['M41ML', 'M184V', 'T215Y']",0,[]
592210,"L74V, Y115F, M184V, T215Y",0.7,"['L74V', 'Y115F', 'M184V', 'T215Y']",0,[]
591528,,0.7,[],0,[]
592046,"M41L, L74V, L210W, T215Y",3.1,"['M41L', 'L74V', 'L210W', 'T215Y']",1,[]
592266,"D67N, K70KN, T215Y, K219KR",1.6,"['D67N', 'K70KN', 'T215Y', 'K219KR']",0,[]
591550,"K70KR, M184V",1.0,"['K70KR', 'M184V']",0,[]
592026,"M41L, D67N, M184V, L210W, T215Y",1.6,"['M41L', 'D67N', 'M184V', 'L210W', 'T215Y']",0,[]
592230,"M184V, K219E",1.4,"['M184V', 'K219E']",0,[]
591898,"M184V, T215E",0.5,"['M184V', 'T215E']",0,[]
591798,"M41L, L74I, L210W, T215Y",3.2,"['M41L', 'L74I', 'L210W', 'T215Y']",1,[]
592322,"M41L, S68G, L74I, M184V, L210W, T215Y, K219N",1.7,"['M41L', 'S68G', 'L74I', 'M184V', 'L210W', 'T215Y', 'K219N']",1,[]
592136,"M41L, E44EA, D67G, S68G, L74LI, M184V, L210W, T215Y",6.0,"['M41L', 'E44EA', 'D67G', 'S68G', 'L74LI', 'M184V', 'L210W', 'T215Y']",1,[]
591804,"M41L, L74I, M184V, T215Y",1.1,"['M41L', 'L74I', 'M184V', 'T215Y']",0,[]
592438,"M41L, D67N, T69D, L74V, M184V, T215F, K219Q",1.7,"['M41L', 'D67N', 'T69D', 'L74V', 'M184V', 'T215F', 'K219Q']",1,[]
591590,,1.1,[],0,[]
592370,"M41L, M184V, L210W, T215Y",1.9,"['M41L', 'M184V', 'L210W', 'T215Y']",1,[]
592042,"M41L, E44D, D67N, K70R, M184V, L210W, T215Y, K219E",3.3,"['M41L', 'E44D', 'D67N', 'K70R', 'M184V', 'L210W', 'T215Y', 'K219E']",1,[]
592356,"M41L, D67N, T69D, V75M, T215S, K219Q",1.2,"['M41L', 'D67N', 'T69D', 'V75M', 'T215S', 'K219Q']",0,[]
591668,"D67N, K70R, M184V, L210W, T215E, K219Q",3.7,"['D67N', 'K70R', 'M184V', 'L210W', 'T215E', 'K219Q']",1,[]
592066,,1.2,[],0,[]
592094,"M41L, M184V, T215Y",1.1,"['M41L', 'M184V', 'T215Y']",0,[]
591938,"M41L, L74V, M184V, L210W, T215Y",2.0,"['M41L', 'L74V', 'M184V', 'L210W', 'T215Y']",1,[]
591452,"M41L, D67N, K70KR, L74LV, M184V, T215F, K219Q",2.4,"['M41L', 'D67N', 'K70KR', 'L74LV', 'M184V', 'T215F', 'K219Q']",1,[]
592120,"D67N, T69D, T215C, K219Q",1.1,"['D67N', 'T69D', 'T215C', 'K219Q']",0,[]
592058,"V75M, F77L, M184V, T215Y",1.7,"['V75M', 'F77L', 'M184V', 'T215Y']",1,[]
591790,"S68G, V75I, F77L, F116Y, Q151M",12.0,"['S68G', 'V75I', 'F77L', 'F116Y', 'Q151M']",1,[]
592148,T215F,1.1,['T215F'],0,[]
592168,"A62V, D67N, K70R, V75I, F77L, Y115F, F116Y, Q151M, M184V, T215I, K219E",11.0,"['A62V', 'D67N', 'K70R', 'V75I', 'F77L', 'Y115F', 'F116Y', 'Q151M', 'M184V', 'T215I', 'K219E']",1,[]
591718,"L74LV, Y115YF, M184MV",0.9,"['L74LV', 'Y115YF', 'M184MV']",0,[]
591950,"M41L, E44D, A62V, L74LV, M184V, L210W, T215Y",2.4,"['M41L', 'E44D', 'A62V', 'L74LV', 'M184V', 'L210W', 'T215Y']",1,[]
591422,,1.1,[],0,[]
591980,,0.8,[],0,[]
591944,"M41L, E44D, D67N, T69D, L210W, T215D",1.1,"['M41L', 'E44D', 'D67N', 'T69D', 'L210W', 'T215D']",0,[]
591438,,1.0,[],0,[]
592188,"A62V, S68G, K70T, V75I, F116Y, Q151M, M184V",10.0,"['A62V', 'S68G', 'K70T', 'V75I', 'F116Y', 'Q151M', 'M184V']",1,[]
592340,,1.0,[],0,[]
591714,,1.0,[],0,[]
591928,"M41L, E44D, T69D, M184V, L210W, T215Y, K219R",2.1,"['M41L', 'E44D', 'T69D', 'M184V', 'L210W', 'T215Y', 'K219R']",1,[]
591874,"M41L, E44D, D67N, M184V, L210W, T215Y, K219N",5.0,"['M41L', 'E44D', 'D67N', 'M184V', 'L210W', 'T215Y', 'K219N']",1,[]
592422,"M41L, D67N, F77L, M184V, L210W, T215Y, K219N",1.8,"['M41L', 'D67N', 'F77L', 'M184V', 'L210W', 'T215Y', 'K219N']",1,[]
591972,M184V,0.6,['M184V'],0,[]
591382,"M41L, D67N, T69D, K70R, M184V, T215F, K219Q",2.2,"['M41L', 'D67N', 'T69D', 'K70R', 'M184V', 'T215F', 'K219Q']",1,[]
591670,,1.4,[],0,[]
591808,"M41L, D67N, S68SG, K70KR, M184V, L210W, T215Y, K219E",1.6,"['M41L', 'D67N', 'S68SG', 'K70KR', 'M184V', 'L210W', 'T215Y', 'K219E']",0,[]
591658,"D67G, S68G, K70R, T215I, K219E",2.2,"['D67G', 'S68G', 'K70R', 'T215I', 'K219E']",1,[]
591532,"M41L, D67N, T69D, V75I, M184V, L210W, T215Y",3.8,"['M41L', 'D67N', 'T69D', 'V75I', 'M184V', 'L210W', 'T215Y']",1,[]
592256,"T69D, K70R",1.5,"['T69D', 'K70R']",0,[]
743974,M184V,0.8,['M184V'],0,[]
692618,,0.9,[],0,[]
692622,,1.4,[],0,[]
692619,,0.6,[],0,[]
743968,M184V,0.7,['M184V'],0,[]
743969,M184V,0.6,['M184V'],0,[]
692621,,1.0,[],0,[]
743971,,0.7,[],0,[]
692616,,1.3,[],0,[]
743973,"K65R, M184V",0.5,"['K65R', 'M184V']",0,[]
743972,M184V,0.8,['M184V'],0,[]
743970,K65R,1.4,['K65R'],0,[]
692620,,1.0,[],0,[]
692617,,0.9,[],0,[]
63812,"M41L, E44D, D67N, T69D, L74V, M184V, L210W, T215Y, K219KN",2.6,"['M41L', 'E44D', 'D67N', 'T69D', 'L74V', 'M184V', 'L210W', 'T215Y', 'K219KN']",1,[]
48168,,1.0,[],0,[]
38097,"M41L, L74V, L210W, T215Y",1.1,"['M41L', 'L74V', 'L210W', 'T215Y']",0,[]
41335,"M41ML, D67N, K70R, M184V, L210LW, T215F, K219EG",2.0,"['M41ML', 'D67N', 'K70R', 'M184V', 'L210LW', 'T215F', 'K219EG']",1,[]
37679,"D67N, M184V, T215C, K219E",0.6,"['D67N', 'M184V', 'T215C', 'K219E']",0,[]
35054,"K70R, T215TA",2.4,"['K70R', 'T215TA']",1,[]
41303,"M41L, D67N, K70R, V75VIM, L210W, T215Y, K219E",4.0,"['M41L', 'D67N', 'K70R', 'V75VIM', 'L210W', 'T215Y', 'K219E']",1,[]
42612,"M41L, E44D, D67N, K70R, L74V, L210W, T215Y, K219Q",8.4,"['M41L', 'E44D', 'D67N', 'K70R', 'L74V', 'L210W', 'T215Y', 'K219Q']",1,[]
42626,"M41L, V75M, F77L, M184V, T215FY",1.0,"['M41L', 'V75M', 'F77L', 'M184V', 'T215FY']",0,[]
37865,"M41L, E44A, T69D, L74V, M184V, L210W, T215Y, K219R",5.4,"['M41L', 'E44A', 'T69D', 'L74V', 'M184V', 'L210W', 'T215Y', 'K219R']",1,[]
42734,"M41L, E44A, T69D, M184MV, L210W, T215Y, K219R",6.4,"['M41L', 'E44A', 'T69D', 'M184MV', 'L210W', 'T215Y', 'K219R']",1,[]
63964,"M41L, E44A, D67N, T69D, V75M, M184V, L210W, T215F",8.2,"['M41L', 'E44A', 'D67N', 'T69D', 'V75M', 'M184V', 'L210W', 'T215F']",1,[]
48124,"M41L, E44D, D67N, T69AD, M184MV, L210W, T215Y, K219KR",4.3,"['M41L', 'E44D', 'D67N', 'T69AD', 'M184MV', 'L210W', 'T215Y', 'K219KR']",1,[]
